Loading cache...done.
Loaded 0 entries from dependency cache.
Parsing recipes...WARNING: /home/andrew/meta-openembedded/meta-oe/recipes-support/nss/nss_3.98.bb: Variable key PREFERRED_VERSION_go-cross-${TUNE_PKGARCH} (${GOVERSION}) replaces original key PREFERRED_VERSION_go-cross-x86_64 (1.22%).
WARNING: /home/andrew/meta-openembedded/meta-python/recipes-devtools/python/python3-asgiref_3.8.1.bb: Variable key PREFERRED_VERSION_go-cross-${TUNE_PKGARCH} (${GOVERSION}) replaces original key PREFERRED_VERSION_go-cross-x86_64 (1.22%).
WARNING: /home/andrew/poky/meta/recipes-gnome/librsvg/librsvg_2.57.1.bb: Variable key PREFERRED_VERSION_go-cross-${TUNE_PKGARCH} (${GOVERSION}) replaces original key PREFERRED_VERSION_go-cross-x86_64 (1.22%).
WARNING: /home/andrew/poky/meta/recipes-devtools/python/python3-rpds-py_0.18.0.bb: Variable key PREFERRED_VERSION_go-cross-${TUNE_PKGARCH} (${GOVERSION}) replaces original key PREFERRED_VERSION_go-cross-x86_64 (1.22%).
WARNING: /home/andrew/meta-openembedded/meta-python/recipes-devtools/python/python3-uritemplate_4.1.1.bb: Variable key PREFERRED_VERSION_go-cross-${TUNE_PKGARCH} (${GOVERSION}) replaces original key PREFERRED_VERSION_go-cross-x86_64 (1.22%).
WARNING: /home/andrew/poky/meta/recipes-multimedia/webp/libwebp_1.3.2.bb: Variable key PREFERRED_VERSION_go-cross-${TUNE_PKGARCH} (${GOVERSION}) replaces original key PREFERRED_VERSION_go-cross-x86_64 (1.22%).
WARNING: /home/andrew/poky/meta/recipes-graphics/fontconfig/fontconfig_2.15.0.bb: Variable key PREFERRED_VERSION_go-cross-${TUNE_PKGARCH} (${GOVERSION}) replaces original key PREFERRED_VERSION_go-cross-x86_64 (1.22%).
WARNING: /home/andrew/poky/meta/recipes-gnome/gtk-doc/gtk-doc_1.33.2.bb: Variable key PREFERRED_VERSION_go-cross-${TUNE_PKGARCH} (${GOVERSION}) replaces original key PREFERRED_VERSION_go-cross-x86_64 (1.22%).
WARNING: /home/andrew/poky/meta/recipes-connectivity/openssl/openssl_3.5.5.bb: Variable key PREFERRED_VERSION_go-cross-${TUNE_PKGARCH} (${GOVERSION}) replaces original key PREFERRED_VERSION_go-cross-x86_64 (1.22%).
WARNING: /home/andrew/poky/meta/recipes-multimedia/libpng/libpng_1.6.42.bb: Variable key PREFERRED_VERSION_go-cross-${TUNE_PKGARCH} (${GOVERSION}) replaces original key PREFERRED_VERSION_go-cross-x86_64 (1.22%).
WARNING: /home/andrew/poky/meta/recipes-devtools/python/python3-unittest-automake-output_0.2.bb: Variable key PREFERRED_VERSION_go-cross-${TUNE_PKGARCH} (${GOVERSION}) replaces original key PREFERRED_VERSION_go-cross-x86_64 (1.22%).
WARNING: /home/andrew/poky/meta/recipes-graphics/xorg-lib/libxcursor_1.2.2.bb: Variable key PREFERRED_VERSION_go-cross-${TUNE_PKGARCH} (${GOVERSION}) replaces original key PREFERRED_VERSION_go-cross-x86_64 (1.22%).
WARNING: /home/andrew/poky/meta/recipes-core/meta/nativesdk-sdk-provides-dummy.bb: Variable key PREFERRED_VERSION_go-cross-${TUNE_PKGARCH} (${GOVERSION}) replaces original key PREFERRED_VERSION_go-cross-x86_64 (1.22%).
WARNING: /home/andrew/poky/meta/recipes-devtools/python/python3-pyrsistent_0.20.0.bb: Variable key PREFERRED_VERSION_go-cross-${TUNE_PKGARCH} (${GOVERSION}) replaces original key PREFERRED_VERSION_go-cross-x86_64 (1.22%).
WARNING: /home/andrew/poky/meta/recipes-extended/libtirpc/libtirpc_1.3.4.bb: Variable key PREFERRED_VERSION_go-cross-${TUNE_PKGARCH} (${GOVERSION}) replaces original key PREFERRED_VERSION_go-cross-x86_64 (1.22%).
WARNING: /home/andrew/poky/meta/recipes-devtools/fdisk/gptfdisk_1.0.9.bb: Variable key PREFERRED_VERSION_go-cross-${TUNE_PKGARCH} (${GOVERSION}) replaces original key PREFERRED_VERSION_go-cross-x86_64 (1.22%).
WARNING: /home/andrew/poky/meta/recipes-graphics/xorg-lib/libxtst_1.2.4.bb: Variable key PREFERRED_VERSION_go-cross-${TUNE_PKGARCH} (${GOVERSION}) replaces original key PREFERRED_VERSION_go-cross-x86_64 (1.22%).
WARNING: /home/andrew/poky/meta/recipes-devtools/python/python3-docutils_0.20.1.bb: Variable key PREFERRED_VERSION_go-cross-${TUNE_PKGARCH} (${GOVERSION}) replaces original key PREFERRED_VERSION_go-cross-x86_64 (1.22%).
WARNING: /home/andrew/poky/meta/recipes-devtools/python/python3-wheel_0.42.0.bb: Variable key PREFERRED_VERSION_go-cross-${TUNE_PKGARCH} (${GOVERSION}) replaces original key PREFERRED_VERSION_go-cross-x86_64 (1.22%).
WARNING: /home/andrew/poky/meta/recipes-devtools/python/python3-pip_24.0.bb: Variable key PREFERRED_VERSION_go-cross-${TUNE_PKGARCH} (${GOVERSION}) replaces original key PREFERRED_VERSION_go-cross-x86_64 (1.22%).
WARNING: /home/andrew/meta-openembedded/meta-python/recipes-devtools/python/python3-sqlparse_0.4.4.bb: Variable key PREFERRED_VERSION_go-cross-${TUNE_PKGARCH} (${GOVERSION}) replaces original key PREFERRED_VERSION_go-cross-x86_64 (1.22%).
WARNING: /home/andrew/poky/meta/recipes-graphics/jpeg/libjpeg-turbo_3.0.1.bb: Variable key PREFERRED_VERSION_go-cross-${TUNE_PKGARCH} (${GOVERSION}) replaces original key PREFERRED_VERSION_go-cross-x86_64 (1.22%).
WARNING: /home/andrew/meta-openembedded/meta-oe/recipes-support/gengetopt/gengetopt_2.23.bb: Variable key PREFERRED_VERSION_go-cross-${TUNE_PKGARCH} (${GOVERSION}) replaces original key PREFERRED_VERSION_go-cross-x86_64 (1.22%).
WARNING: /home/andrew/poky/meta/recipes-extended/parted/parted_3.6.bb: Variable key PREFERRED_VERSION_go-cross-${TUNE_PKGARCH} (${GOVERSION}) replaces original key PREFERRED_VERSION_go-cross-x86_64 (1.22%).
WARNING: /home/andrew/poky/meta/recipes-graphics/xorg-lib/libpthread-stubs_0.5.bb: Variable key PREFERRED_VERSION_go-cross-${TUNE_PKGARCH} (${GOVERSION}) replaces original key PREFERRED_VERSION_go-cross-x86_64 (1.22%).
WARNING: /home/andrew/poky/meta/recipes-devtools/python/python3-jsonpointer_2.4.bb: Variable key PREFERRED_VERSION_go-cross-${TUNE_PKGARCH} (${GOVERSION}) replaces original key PREFERRED_VERSION_go-cross-x86_64 (1.22%).
WARNING: /home/andrew/poky/meta/recipes-devtools/python/python3-beartype_0.17.2.bb: Variable key PREFERRED_VERSION_go-cross-${TUNE_PKGARCH} (${GOVERSION}) replaces original key PREFERRED_VERSION_go-cross-x86_64 (1.22%).
WARNING: /home/andrew/meta-openembedded/meta-python/recipes-devtools/python/python3-dbus-next_0.2.3.bb: Variable key PREFERRED_VERSION_go-cross-${TUNE_PKGARCH} (${GOVERSION}) replaces original key PREFERRED_VERSION_go-cross-x86_64 (1.22%).
WARNING: /home/andrew/poky/meta/recipes-devtools/rust/cargo_1.75.0.bb: Variable key PREFERRED_VERSION_go-cross-${TUNE_PKGARCH} (${GOVERSION}) replaces original key PREFERRED_VERSION_go-cross-x86_64 (1.22%).
WARNING: /home/andrew/poky/meta/recipes-support/gmp/gmp_6.3.0.bb: Variable key PREFERRED_VERSION_go-cross-${TUNE_PKGARCH} (${GOVERSION}) replaces original key PREFERRED_VERSION_go-cross-x86_64 (1.22%).
WARNING: /home/andrew/meta-openembedded/meta-python/recipes-devtools/python/python3-gcovr_7.2.bb: Variable key PREFERRED_VERSION_go-cross-${TUNE_PKGARCH} (${GOVERSION}) replaces original key PREFERRED_VERSION_go-cross-x86_64 (1.22%).
WARNING: /home/andrew/poky/meta/recipes-support/lz4/lz4_1.9.4.bb: Variable key PREFERRED_VERSION_go-cross-${TUNE_PKGARCH} (${GOVERSION}) replaces original key PREFERRED_VERSION_go-cross-x86_64 (1.22%).
WARNING: /home/andrew/meta-openembedded/meta-python/recipes-devtools/python/python3-iso3166_2.1.1.bb: Variable key PREFERRED_VERSION_go-cross-${TUNE_PKGARCH} (${GOVERSION}) replaces original key PREFERRED_VERSION_go-cross-x86_64 (1.22%).
WARNING: /home/andrew/meta-openembedded/meta-python/recipes-devtools/python/python3-fields_5.0.0.bb: Variable key PREFERRED_VERSION_go-cross-${TUNE_PKGARCH} (${GOVERSION}) replaces original key PREFERRED_VERSION_go-cross-x86_64 (1.22%).
WARNING: /home/andrew/meta-openembedded/meta-python/recipes-devtools/python/python3-distro_1.9.0.bb: Variable key PREFERRED_VERSION_go-cross-${TUNE_PKGARCH} (${GOVERSION}) replaces original key PREFERRED_VERSION_go-cross-x86_64 (1.22%).
WARNING: /home/andrew/poky/meta/recipes-devtools/python/python3-subunit_1.4.4.bb: Variable key PREFERRED_VERSION_go-cross-${TUNE_PKGARCH} (${GOVERSION}) replaces original key PREFERRED_VERSION_go-cross-x86_64 (1.22%).
WARNING: /home/andrew/poky/meta/recipes-graphics/libepoxy/libepoxy_1.5.10.bb: Variable key PREFERRED_VERSION_go-cross-${TUNE_PKGARCH} (${GOVERSION}) replaces original key PREFERRED_VERSION_go-cross-x86_64 (1.22%).
WARNING: /home/andrew/meta-openembedded/meta-python/recipes-devtools/python/python3-alembic_1.13.1.bb: Variable key PREFERRED_VERSION_go-cross-${TUNE_PKGARCH} (${GOVERSION}) replaces original key PREFERRED_VERSION_go-cross-x86_64 (1.22%).
WARNING: /home/andrew/poky/meta/recipes-devtools/ninja/ninja_1.11.1.bb: Variable key PREFERRED_VERSION_go-cross-${TUNE_PKGARCH} (${GOVERSION}) replaces original key PREFERRED_VERSION_go-cross-x86_64 (1.22%).
WARNING: /home/andrew/meta-openembedded/meta-networking/recipes-support/spice/spice_git.bb: Variable key PREFERRED_VERSION_go-cross-${TUNE_PKGARCH} (${GOVERSION}) replaces original key PREFERRED_VERSION_go-cross-x86_64 (1.22%).
WARNING: /home/andrew/meta-openembedded/meta-python/recipes-devtools/python/python3-prettytable_3.10.0.bb: Variable key PREFERRED_VERSION_go-cross-${TUNE_PKGARCH} (${GOVERSION}) replaces original key PREFERRED_VERSION_go-cross-x86_64 (1.22%).
WARNING: /home/andrew/meta-openembedded/meta-python/recipes-devtools/python/python3-sqlalchemy_2.0.29.bb: Variable key PREFERRED_VERSION_go-cross-${TUNE_PKGARCH} (${GOVERSION}) replaces original key PREFERRED_VERSION_go-cross-x86_64 (1.22%).
WARNING: /home/andrew/meta-openembedded/meta-python/recipes-devtools/python/python3-tomlkit_0.12.3.bb: Variable key PREFERRED_VERSION_go-cross-${TUNE_PKGARCH} (${GOVERSION}) replaces original key PREFERRED_VERSION_go-cross-x86_64 (1.22%).
WARNING: /home/andrew/poky/meta/recipes-devtools/python/python3-license-expression_30.2.0.bb: Variable key PREFERRED_VERSION_go-cross-${TUNE_PKGARCH} (${GOVERSION}) replaces original key PREFERRED_VERSION_go-cross-x86_64 (1.22%).
WARNING: /home/andrew/poky/meta/recipes-graphics/mesa/mesa-gl_24.0.7.bb: Variable key PREFERRED_VERSION_go-cross-${TUNE_PKGARCH} (${GOVERSION}) replaces original key PREFERRED_VERSION_go-cross-x86_64 (1.22%).
WARNING: /home/andrew/meta-openembedded/meta-python/recipes-devtools/python/python3-intelhex_2.3.0.bb: Variable key PREFERRED_VERSION_go-cross-${TUNE_PKGARCH} (${GOVERSION}) replaces original key PREFERRED_VERSION_go-cross-x86_64 (1.22%).
WARNING: /home/andrew/poky/meta/recipes-devtools/m4/m4_1.4.19.bb: Variable key PREFERRED_VERSION_go-cross-${TUNE_PKGARCH} (${GOVERSION}) replaces original key PREFERRED_VERSION_go-cross-x86_64 (1.22%).
WARNING: /home/andrew/poky/meta/recipes-extended/cracklib/cracklib_2.9.11.bb: Variable key PREFERRED_VERSION_go-cross-${TUNE_PKGARCH} (${GOVERSION}) replaces original key PREFERRED_VERSION_go-cross-x86_64 (1.22%).
WARNING: /home/andrew/poky/meta/recipes-devtools/python/python3-snowballstemmer_2.2.0.bb: Variable key PREFERRED_VERSION_go-cross-${TUNE_PKGARCH} (${GOVERSION}) replaces original key PREFERRED_VERSION_go-cross-x86_64 (1.22%).
WARNING: /home/andrew/meta-openembedded/meta-oe/recipes-multimedia/libopus/libopus_1.5.2.bb: Variable key PREFERRED_VERSION_go-cross-${TUNE_PKGARCH} (${GOVERSION}) replaces original key PREFERRED_VERSION_go-cross-x86_64 (1.22%).
WARNING: /home/andrew/poky/meta/recipes-graphics/xorg-lib/libxft_2.3.8.bb: Variable key PREFERRED_VERSION_go-cross-${TUNE_PKGARCH} (${GOVERSION}) replaces original key PREFERRED_VERSION_go-cross-x86_64 (1.22%).
WARNING: /home/andrew/meta-openembedded/meta-oe/recipes-core/opencl/opencl-headers_2023.12.14.bb: Variable key PREFERRED_VERSION_go-cross-${TUNE_PKGARCH} (${GOVERSION}) replaces original key PREFERRED_VERSION_go-cross-x86_64 (1.22%).
WARNING: /home/andrew/poky/meta/recipes-graphics/graphene/graphene_1.10.8.bb: Variable key PREFERRED_VERSION_go-cross-${TUNE_PKGARCH} (${GOVERSION}) replaces original key PREFERRED_VERSION_go-cross-x86_64 (1.22%).
WARNING: /home/andrew/poky/meta/recipes-graphics/xorg-lib/libxinerama_1.1.5.bb: Variable key PREFERRED_VERSION_go-cross-${TUNE_PKGARCH} (${GOVERSION}) replaces original key PREFERRED_VERSION_go-cross-x86_64 (1.22%).
WARNING: /home/andrew/poky/meta/recipes-kernel/dtc/python3-dtschema-wrapper_2021.10.bb: Variable key PREFERRED_VERSION_go-cross-${TUNE_PKGARCH} (${GOVERSION}) replaces original key PREFERRED_VERSION_go-cross-x86_64 (1.22%).
WARNING: /home/andrew/poky/meta/recipes-devtools/tcltk/tcl_8.6.13.bb: Variable key PREFERRED_VERSION_go-cross-${TUNE_PKGARCH} (${GOVERSION}) replaces original key PREFERRED_VERSION_go-cross-x86_64 (1.22%).
WARNING: /home/andrew/poky/meta/recipes-support/itstool/itstool_2.0.7.bb: Variable key PREFERRED_VERSION_go-cross-${TUNE_PKGARCH} (${GOVERSION}) replaces original key PREFERRED_VERSION_go-cross-x86_64 (1.22%).
WARNING: /home/andrew/poky/meta/recipes-devtools/rpm/rpm_4.19.1.1.bb: Variable key PREFERRED_VERSION_go-cross-${TUNE_PKGARCH} (${GOVERSION}) replaces original key PREFERRED_VERSION_go-cross-x86_64 (1.22%).
WARNING: /home/andrew/poky/meta/recipes-devtools/rust/rust_1.75.0.bb: Variable key PREFERRED_VERSION_go-cross-${TUNE_PKGARCH} (${GOVERSION}) replaces original key PREFERRED_VERSION_go-cross-x86_64 (1.22%).
WARNING: /home/andrew/meta-openembedded/meta-python/recipes-devtools/python/python3-parallax_1.0.6.bb: Variable key PREFERRED_VERSION_go-cross-${TUNE_PKGARCH} (${GOVERSION}) replaces original key PREFERRED_VERSION_go-cross-x86_64 (1.22%).
WARNING: /home/andrew/meta-openembedded/meta-python/recipes-devtools/python/python3-contextlib2_21.6.0.bb: Variable key PREFERRED_VERSION_go-cross-${TUNE_PKGARCH} (${GOVERSION}) replaces original key PREFERRED_VERSION_go-cross-x86_64 (1.22%).
WARNING: /home/andrew/poky/meta/recipes-support/libassuan/libassuan_2.5.6.bb: Variable key PREFERRED_VERSION_go-cross-${TUNE_PKGARCH} (${GOVERSION}) replaces original key PREFERRED_VERSION_go-cross-x86_64 (1.22%).
WARNING: /home/andrew/meta-openembedded/meta-oe/recipes-support/bdwgc/bdwgc_8.2.6.bb: Variable key PREFERRED_VERSION_go-cross-${TUNE_PKGARCH} (${GOVERSION}) replaces original key PREFERRED_VERSION_go-cross-x86_64 (1.22%).
WARNING: /home/andrew/poky/meta/recipes-extended/xz/xz_5.4.7.bb: Variable key PREFERRED_VERSION_go-cross-${TUNE_PKGARCH} (${GOVERSION}) replaces original key PREFERRED_VERSION_go-cross-x86_64 (1.22%).
WARNING: /home/andrew/meta-openembedded/meta-python/recipes-devtools/python/python3-pybind11_2.11.1.bb: Variable key PREFERRED_VERSION_go-cross-${TUNE_PKGARCH} (${GOVERSION}) replaces original key PREFERRED_VERSION_go-cross-x86_64 (1.22%).
WARNING: /home/andrew/meta-openembedded/meta-python/recipes-devtools/python/python3-bitstring_4.1.4.bb: Variable key PREFERRED_VERSION_go-cross-${TUNE_PKGARCH} (${GOVERSION}) replaces original key PREFERRED_VERSION_go-cross-x86_64 (1.22%).
WARNING: /home/andrew/meta-openembedded/meta-oe/recipes-support/libftdi/libftdi_1.5.bb: Variable key PREFERRED_VERSION_go-cross-${TUNE_PKGARCH} (${GOVERSION}) replaces original key PREFERRED_VERSION_go-cross-x86_64 (1.22%).
WARNING: /home/andrew/meta-openembedded/meta-python/recipes-devtools/python/python3-xlrd_2.0.1.bb: Variable key PREFERRED_VERSION_go-cross-${TUNE_PKGARCH} (${GOVERSION}) replaces original key PREFERRED_VERSION_go-cross-x86_64 (1.22%).
WARNING: /home/andrew/meta-openembedded/meta-python/recipes-devtools/python/python3-pdm-backend_2.1.8.bb: Variable key PREFERRED_VERSION_go-cross-${TUNE_PKGARCH} (${GOVERSION}) replaces original key PREFERRED_VERSION_go-cross-x86_64 (1.22%).
WARNING: /home/andrew/meta-openembedded/meta-oe/recipes-devtools/tclap/tclap_1.4.0.bb: Variable key PREFERRED_VERSION_go-cross-${TUNE_PKGARCH} (${GOVERSION}) replaces original key PREFERRED_VERSION_go-cross-x86_64 (1.22%).
WARNING: /home/andrew/poky/meta/recipes-devtools/gcc/libgcc_13.4.bb: Variable key PREFERRED_VERSION_go-cross-${TUNE_PKGARCH} (${GOVERSION}) replaces original key PREFERRED_VERSION_go-cross-x86_64 (1.22%).
WARNING: /home/andrew/meta-openembedded/meta-python/recipes-devtools/python/python3-argh_0.31.2.bb: Variable key PREFERRED_VERSION_go-cross-${TUNE_PKGARCH} (${GOVERSION}) replaces original key PREFERRED_VERSION_go-cross-x86_64 (1.22%).
WARNING: /home/andrew/meta-openembedded/meta-oe/recipes-crypto/libsodium/libsodium_1.0.19.bb: Variable key PREFERRED_VERSION_go-cross-${TUNE_PKGARCH} (${GOVERSION}) replaces original key PREFERRED_VERSION_go-cross-x86_64 (1.22%).
WARNING: /home/andrew/poky/meta/recipes-devtools/python/python3-jinja2_3.1.6.bb: Variable key PREFERRED_VERSION_go-cross-${TUNE_PKGARCH} (${GOVERSION}) replaces original key PREFERRED_VERSION_go-cross-x86_64 (1.22%).
WARNING: /home/andrew/meta-openembedded/meta-python/recipes-devtools/python/python3-charset-normalizer_3.3.2.bb: Variable key PREFERRED_VERSION_go-cross-${TUNE_PKGARCH} (${GOVERSION}) replaces original key PREFERRED_VERSION_go-cross-x86_64 (1.22%).
WARNING: /home/andrew/poky/meta/recipes-extended/perl/libxml-namespacesupport-perl_1.12.bb: Variable key PREFERRED_VERSION_go-cross-${TUNE_PKGARCH} (${GOVERSION}) replaces original key PREFERRED_VERSION_go-cross-x86_64 (1.22%).
WARNING: /home/andrew/poky/meta/recipes-support/libssh2/libssh2_1.11.1.bb: Variable key PREFERRED_VERSION_go-cross-${TUNE_PKGARCH} (${GOVERSION}) replaces original key PREFERRED_VERSION_go-cross-x86_64 (1.22%).
WARNING: /home/andrew/poky/meta/recipes-devtools/python/python3-meson-python_0.15.0.bb: Variable key PREFERRED_VERSION_go-cross-${TUNE_PKGARCH} (${GOVERSION}) replaces original key PREFERRED_VERSION_go-cross-x86_64 (1.22%).
WARNING: /home/andrew/poky/meta/recipes-support/dos2unix/dos2unix_7.5.2.bb: Variable key PREFERRED_VERSION_go-cross-${TUNE_PKGARCH} (${GOVERSION}) replaces original key PREFERRED_VERSION_go-cross-x86_64 (1.22%).
WARNING: /home/andrew/meta-openembedded/meta-python/recipes-devtools/python/python3-py-cpuinfo_9.0.0.bb: Variable key PREFERRED_VERSION_go-cross-${TUNE_PKGARCH} (${GOVERSION}) replaces original key PREFERRED_VERSION_go-cross-x86_64 (1.22%).
WARNING: /home/andrew/poky/meta/recipes-devtools/python/python3-six_1.16.0.bb: Variable key PREFERRED_VERSION_go-cross-${TUNE_PKGARCH} (${GOVERSION}) replaces original key PREFERRED_VERSION_go-cross-x86_64 (1.22%).
WARNING: /home/andrew/poky/meta/recipes-support/p11-kit/p11-kit_0.25.3.bb: Variable key PREFERRED_VERSION_go-cross-${TUNE_PKGARCH} (${GOVERSION}) replaces original key PREFERRED_VERSION_go-cross-x86_64 (1.22%).
WARNING: /home/andrew/poky/meta/recipes-devtools/python/python3-iniconfig_2.0.0.bb: Variable key PREFERRED_VERSION_go-cross-${TUNE_PKGARCH} (${GOVERSION}) replaces original key PREFERRED_VERSION_go-cross-x86_64 (1.22%).
WARNING: /home/andrew/poky/meta/recipes-devtools/perl/libtest-fatal-perl_0.017.bb: Variable key PREFERRED_VERSION_go-cross-${TUNE_PKGARCH} (${GOVERSION}) replaces original key PREFERRED_VERSION_go-cross-x86_64 (1.22%).
WARNING: /home/andrew/poky/meta/recipes-extended/diffutils/diffutils_3.10.bb: Variable key PREFERRED_VERSION_go-cross-${TUNE_PKGARCH} (${GOVERSION}) replaces original key PREFERRED_VERSION_go-cross-x86_64 (1.22%).
WARNING: /home/andrew/meta-openembedded/meta-python/recipes-devtools/python/python3-aiosignal_1.3.1.bb: Variable key PREFERRED_VERSION_go-cross-${TUNE_PKGARCH} (${GOVERSION}) replaces original key PREFERRED_VERSION_go-cross-x86_64 (1.22%).
WARNING: /home/andrew/poky/meta/recipes-devtools/python/python3-pluggy_1.4.0.bb: Variable key PREFERRED_VERSION_go-cross-${TUNE_PKGARCH} (${GOVERSION}) replaces original key PREFERRED_VERSION_go-cross-x86_64 (1.22%).
WARNING: /home/andrew/meta-openembedded/meta-python/recipes-devtools/python/python3-jstyleson_0.0.2.bb: Variable key PREFERRED_VERSION_go-cross-${TUNE_PKGARCH} (${GOVERSION}) replaces original key PREFERRED_VERSION_go-cross-x86_64 (1.22%).
WARNING: /home/andrew/poky/meta/recipes-devtools/debugedit/debugedit_5.0.bb: Variable key PREFERRED_VERSION_go-cross-${TUNE_PKGARCH} (${GOVERSION}) replaces original key PREFERRED_VERSION_go-cross-x86_64 (1.22%).
WARNING: /home/andrew/meta-openembedded/meta-python/recipes-devtools/python/python3-sympy_1.12.bb: Variable key PREFERRED_VERSION_go-cross-${TUNE_PKGARCH} (${GOVERSION}) replaces original key PREFERRED_VERSION_go-cross-x86_64 (1.22%).
WARNING: /home/andrew/meta-openembedded/meta-oe/recipes-test/cxxtest/cxxtest_4.4.bb: Variable key PREFERRED_VERSION_go-cross-${TUNE_PKGARCH} (${GOVERSION}) replaces original key PREFERRED_VERSION_go-cross-x86_64 (1.22%).
WARNING: /home/andrew/poky/meta/recipes-devtools/pkgconfig/pkgconfig_git.bb: Variable key PREFERRED_VERSION_go-cross-${TUNE_PKGARCH} (${GOVERSION}) replaces original key PREFERRED_VERSION_go-cross-x86_64 (1.22%).
WARNING: /home/andrew/meta-openembedded/meta-python/recipes-devtools/python/python3-aspectlib_2.0.0.bb: Variable key PREFERRED_VERSION_go-cross-${TUNE_PKGARCH} (${GOVERSION}) replaces original key PREFERRED_VERSION_go-cross-x86_64 (1.22%).
WARNING: /home/andrew/poky/meta/recipes-devtools/python/python3-pyyaml_6.0.1.bb: Variable key PREFERRED_VERSION_go-cross-${TUNE_PKGARCH} (${GOVERSION}) replaces original key PREFERRED_VERSION_go-cross-x86_64 (1.22%).
WARNING: /home/andrew/meta-openembedded/meta-python/recipes-devtools/python/python3-decorator_5.1.1.bb: Variable key PREFERRED_VERSION_go-cross-${TUNE_PKGARCH} (${GOVERSION}) replaces original key PREFERRED_VERSION_go-cross-x86_64 (1.22%).
WARNING: /home/andrew/poky/meta/recipes-connectivity/slirp/libslirp_git.bb: Variable key PREFERRED_VERSION_go-cross-${TUNE_PKGARCH} (${GOVERSION}) replaces original key PREFERRED_VERSION_go-cross-x86_64 (1.22%).
WARNING: /home/andrew/poky/meta/recipes-devtools/python/python3-pathspec_0.12.1.bb: Variable key PREFERRED_VERSION_go-cross-${TUNE_PKGARCH} (${GOVERSION}) replaces original key PREFERRED_VERSION_go-cross-x86_64 (1.22%).
WARNING: /home/andrew/poky/meta/recipes-devtools/apt/apt_2.6.1.bb: Variable key PREFERRED_VERSION_go-cross-${TUNE_PKGARCH} (${GOVERSION}) replaces original key PREFERRED_VERSION_go-cross-x86_64 (1.22%).
WARNING: /home/andrew/meta-openembedded/meta-oe/recipes-crypto/cryptsetup/cryptsetup_2.7.5.bb: Variable key PREFERRED_VERSION_go-cross-${TUNE_PKGARCH} (${GOVERSION}) replaces original key PREFERRED_VERSION_go-cross-x86_64 (1.22%).
WARNING: /home/andrew/meta-openembedded/meta-oe/recipes-navigation/proj/proj_9.3.1.bb: Variable key PREFERRED_VERSION_go-cross-${TUNE_PKGARCH} (${GOVERSION}) replaces original key PREFERRED_VERSION_go-cross-x86_64 (1.22%).
WARNING: /home/andrew/poky/meta/recipes-support/re2c/re2c_3.1.bb: Variable key PREFERRED_VERSION_go-cross-${TUNE_PKGARCH} (${GOVERSION}) replaces original key PREFERRED_VERSION_go-cross-x86_64 (1.22%).
WARNING: /home/andrew/meta-openembedded/meta-python/recipes-devtools/python/python3-regex_2024.4.16.bb: Variable key PREFERRED_VERSION_go-cross-${TUNE_PKGARCH} (${GOVERSION}) replaces original key PREFERRED_VERSION_go-cross-x86_64 (1.22%).
WARNING: /home/andrew/poky/meta/recipes-devtools/python/python3-calver_2022.6.26.bb: Variable key PREFERRED_VERSION_go-cross-${TUNE_PKGARCH} (${GOVERSION}) replaces original key PREFERRED_VERSION_go-cross-x86_64 (1.22%).
WARNING: /home/andrew/poky/meta/recipes-support/icu/icu_74-2.bb: Variable key PREFERRED_VERSION_go-cross-${TUNE_PKGARCH} (${GOVERSION}) replaces original key PREFERRED_VERSION_go-cross-x86_64 (1.22%).
WARNING: /home/andrew/poky/meta/recipes-kernel/lttng/babeltrace2_2.0.6.bb: Variable key PREFERRED_VERSION_go-cross-${TUNE_PKGARCH} (${GOVERSION}) replaces original key PREFERRED_VERSION_go-cross-x86_64 (1.22%).
WARNING: /home/andrew/meta-openembedded/meta-python/recipes-devtools/python/python3-argcomplete_3.3.0.bb: Variable key PREFERRED_VERSION_go-cross-${TUNE_PKGARCH} (${GOVERSION}) replaces original key PREFERRED_VERSION_go-cross-x86_64 (1.22%).
WARNING: /home/andrew/meta-openembedded/meta-python/recipes-devtools/python/python3-inflection_0.5.1.bb: Variable key PREFERRED_VERSION_go-cross-${TUNE_PKGARCH} (${GOVERSION}) replaces original key PREFERRED_VERSION_go-cross-x86_64 (1.22%).
WARNING: /home/andrew/poky/meta/recipes-extended/pigz/pigz_2.8.bb: Variable key PREFERRED_VERSION_go-cross-${TUNE_PKGARCH} (${GOVERSION}) replaces original key PREFERRED_VERSION_go-cross-x86_64 (1.22%).
WARNING: /home/andrew/poky/meta/recipes-extended/gzip/gzip_1.13.bb: Variable key PREFERRED_VERSION_go-cross-${TUNE_PKGARCH} (${GOVERSION}) replaces original key PREFERRED_VERSION_go-cross-x86_64 (1.22%).
WARNING: /home/andrew/poky/meta/recipes-devtools/python/python3-pyproject-hooks_1.0.0.bb: Variable key PREFERRED_VERSION_go-cross-${TUNE_PKGARCH} (${GOVERSION}) replaces original key PREFERRED_VERSION_go-cross-x86_64 (1.22%).
WARNING: /home/andrew/meta-openembedded/meta-python/recipes-devtools/python/python3-lz4_4.3.3.bb: Variable key PREFERRED_VERSION_go-cross-${TUNE_PKGARCH} (${GOVERSION}) replaces original key PREFERRED_VERSION_go-cross-x86_64 (1.22%).
WARNING: /home/andrew/meta-openembedded/meta-oe/recipes-multimedia/cdrkit/cdrkit_1.1.11.bb: Variable key PREFERRED_VERSION_go-cross-${TUNE_PKGARCH} (${GOVERSION}) replaces original key PREFERRED_VERSION_go-cross-x86_64 (1.22%).
WARNING: /home/andrew/poky/meta/recipes-devtools/python/python3-yamllint_1.35.1.bb: Variable key PREFERRED_VERSION_go-cross-${TUNE_PKGARCH} (${GOVERSION}) replaces original key PREFERRED_VERSION_go-cross-x86_64 (1.22%).
WARNING: /home/andrew/meta-openembedded/meta-oe/recipes-extended/figlet/figlet_git.bb: Variable key PREFERRED_VERSION_go-cross-${TUNE_PKGARCH} (${GOVERSION}) replaces original key PREFERRED_VERSION_go-cross-x86_64 (1.22%).
WARNING: /home/andrew/poky/meta/recipes-devtools/python/python3-pytest-subtests_0.11.0.bb: Variable key PREFERRED_VERSION_go-cross-${TUNE_PKGARCH} (${GOVERSION}) replaces original key PREFERRED_VERSION_go-cross-x86_64 (1.22%).
WARNING: /home/andrew/meta-openembedded/meta-python/recipes-devtools/python/python3-aiohappyeyeballs_2.3.2.bb: Variable key PREFERRED_VERSION_go-cross-${TUNE_PKGARCH} (${GOVERSION}) replaces original key PREFERRED_VERSION_go-cross-x86_64 (1.22%).
WARNING: /home/andrew/poky/meta/recipes-devtools/python/python3-mako_1.3.2.bb: Variable key PREFERRED_VERSION_go-cross-${TUNE_PKGARCH} (${GOVERSION}) replaces original key PREFERRED_VERSION_go-cross-x86_64 (1.22%).
WARNING: /home/andrew/poky/meta/recipes-core/libxcrypt/libxcrypt_4.4.36.bb: Variable key PREFERRED_VERSION_go-cross-${TUNE_PKGARCH} (${GOVERSION}) replaces original key PREFERRED_VERSION_go-cross-x86_64 (1.22%).
WARNING: /home/andrew/meta-openembedded/meta-python/recipes-devtools/python/python3-ansicolors_1.1.8.bb: Variable key PREFERRED_VERSION_go-cross-${TUNE_PKGARCH} (${GOVERSION}) replaces original key PREFERRED_VERSION_go-cross-x86_64 (1.22%).
WARNING: /home/andrew/poky/meta/recipes-support/popt/popt_1.19.bb: Variable key PREFERRED_VERSION_go-cross-${TUNE_PKGARCH} (${GOVERSION}) replaces original key PREFERRED_VERSION_go-cross-x86_64 (1.22%).
WARNING: /home/andrew/poky/meta/recipes-extended/bc/bc_1.07.1.bb: Variable key PREFERRED_VERSION_go-cross-${TUNE_PKGARCH} (${GOVERSION}) replaces original key PREFERRED_VERSION_go-cross-x86_64 (1.22%).
WARNING: /home/andrew/poky/meta/recipes-devtools/python/python3-cffi_1.16.0.bb: Variable key PREFERRED_VERSION_go-cross-${TUNE_PKGARCH} (${GOVERSION}) replaces original key PREFERRED_VERSION_go-cross-x86_64 (1.22%).
WARNING: /home/andrew/poky/meta/recipes-devtools/python/python3-packaging_23.2.bb: Variable key PREFERRED_VERSION_go-cross-${TUNE_PKGARCH} (${GOVERSION}) replaces original key PREFERRED_VERSION_go-cross-x86_64 (1.22%).
WARNING: /home/andrew/poky/meta/recipes-extended/pam/libpam_1.5.3.bb: Variable key PREFERRED_VERSION_go-cross-${TUNE_PKGARCH} (${GOVERSION}) replaces original key PREFERRED_VERSION_go-cross-x86_64 (1.22%).
WARNING: /home/andrew/meta-openembedded/meta-python/recipes-devtools/python/python3-watchdog_4.0.0.bb: Variable key PREFERRED_VERSION_go-cross-${TUNE_PKGARCH} (${GOVERSION}) replaces original key PREFERRED_VERSION_go-cross-x86_64 (1.22%).
WARNING: /home/andrew/meta-openembedded/meta-python/recipes-devtools/python/python3-simplejson_3.19.2.bb: Variable key PREFERRED_VERSION_go-cross-${TUNE_PKGARCH} (${GOVERSION}) replaces original key PREFERRED_VERSION_go-cross-x86_64 (1.22%).
WARNING: /home/andrew/poky/meta/recipes-support/gpgme/gpgme_1.23.2.bb: Variable key PREFERRED_VERSION_go-cross-${TUNE_PKGARCH} (${GOVERSION}) replaces original key PREFERRED_VERSION_go-cross-x86_64 (1.22%).
WARNING: /home/andrew/poky/meta/recipes-graphics/xorg-lib/libpciaccess_0.18.bb: Variable key PREFERRED_VERSION_go-cross-${TUNE_PKGARCH} (${GOVERSION}) replaces original key PREFERRED_VERSION_go-cross-x86_64 (1.22%).
WARNING: /home/andrew/poky/meta/recipes-graphics/xorg-lib/libxfixes_6.0.1.bb: Variable key PREFERRED_VERSION_go-cross-${TUNE_PKGARCH} (${GOVERSION}) replaces original key PREFERRED_VERSION_go-cross-x86_64 (1.22%).
WARNING: /home/andrew/meta-openembedded/meta-python/recipes-devtools/python/python3-filelock_3.13.4.bb: Variable key PREFERRED_VERSION_go-cross-${TUNE_PKGARCH} (${GOVERSION}) replaces original key PREFERRED_VERSION_go-cross-x86_64 (1.22%).
WARNING: /home/andrew/meta-openembedded/meta-oe/recipes-crypto/monocypher/monocypher_4.0.2.bb: Variable key PREFERRED_VERSION_go-cross-${TUNE_PKGARCH} (${GOVERSION}) replaces original key PREFERRED_VERSION_go-cross-x86_64 (1.22%).
WARNING: /home/andrew/poky/meta/recipes-devtools/help2man/help2man_1.49.3.bb: Variable key PREFERRED_VERSION_go-cross-${TUNE_PKGARCH} (${GOVERSION}) replaces original key PREFERRED_VERSION_go-cross-x86_64 (1.22%).
WARNING: /home/andrew/poky/meta/recipes-extended/gperf/gperf_3.1.bb: Variable key PREFERRED_VERSION_go-cross-${TUNE_PKGARCH} (${GOVERSION}) replaces original key PREFERRED_VERSION_go-cross-x86_64 (1.22%).
WARNING: /home/andrew/meta-openembedded/meta-networking/recipes-connectivity/mbedtls/mbedtls_2.28.10.bb: Variable key PREFERRED_VERSION_go-cross-${TUNE_PKGARCH} (${GOVERSION}) replaces original key PREFERRED_VERSION_go-cross-x86_64 (1.22%).
WARNING: /home/andrew/poky/meta/recipes-core/coreutils/coreutils_9.4.bb: Variable key PREFERRED_VERSION_go-cross-${TUNE_PKGARCH} (${GOVERSION}) replaces original key PREFERRED_VERSION_go-cross-x86_64 (1.22%).
WARNING: /home/andrew/meta-openembedded/meta-oe/recipes-kernel/agent-proxy/agent-proxy_1.97.bb: Variable key PREFERRED_VERSION_go-cross-${TUNE_PKGARCH} (${GOVERSION}) replaces original key PREFERRED_VERSION_go-cross-x86_64 (1.22%).
WARNING: /home/andrew/meta-openembedded/meta-oe/recipes-devtools/lemon/lemon_3.44.2.bb: Variable key PREFERRED_VERSION_go-cross-${TUNE_PKGARCH} (${GOVERSION}) replaces original key PREFERRED_VERSION_go-cross-x86_64 (1.22%).
WARNING: /home/andrew/meta-openembedded/meta-python/recipes-devtools/python/python3-html2text_2020.1.16.bb: Variable key PREFERRED_VERSION_go-cross-${TUNE_PKGARCH} (${GOVERSION}) replaces original key PREFERRED_VERSION_go-cross-x86_64 (1.22%).
WARNING: /home/andrew/poky/meta/recipes-devtools/python/python3-sphinxcontrib-jsmath_1.0.1.bb: Variable key PREFERRED_VERSION_go-cross-${TUNE_PKGARCH} (${GOVERSION}) replaces original key PREFERRED_VERSION_go-cross-x86_64 (1.22%).
WARNING: /home/andrew/meta-openembedded/meta-python/recipes-devtools/python/python3-ninja_1.11.1.1.bb: Variable key PREFERRED_VERSION_go-cross-${TUNE_PKGARCH} (${GOVERSION}) replaces original key PREFERRED_VERSION_go-cross-x86_64 (1.22%).
WARNING: /home/andrew/meta-openembedded/meta-python/recipes-devtools/python/python3-elementpath_4.4.0.bb: Variable key PREFERRED_VERSION_go-cross-${TUNE_PKGARCH} (${GOVERSION}) replaces original key PREFERRED_VERSION_go-cross-x86_64 (1.22%).
WARNING: /home/andrew/meta-openembedded/meta-python/recipes-devtools/python/python3-configargparse_1.7.bb: Variable key PREFERRED_VERSION_go-cross-${TUNE_PKGARCH} (${GOVERSION}) replaces original key PREFERRED_VERSION_go-cross-x86_64 (1.22%).
WARNING: /home/andrew/meta-openembedded/meta-python/recipes-devtools/python/python3-cachetools_5.3.3.bb: Variable key PREFERRED_VERSION_go-cross-${TUNE_PKGARCH} (${GOVERSION}) replaces original key PREFERRED_VERSION_go-cross-x86_64 (1.22%).
WARNING: /home/andrew/poky/meta/recipes-gnome/gdk-pixbuf/gdk-pixbuf_2.42.12.bb: Variable key PREFERRED_VERSION_go-cross-${TUNE_PKGARCH} (${GOVERSION}) replaces original key PREFERRED_VERSION_go-cross-x86_64 (1.22%).
WARNING: /home/andrew/poky/meta/recipes-extended/wget/wget_1.21.4.bb: Variable key PREFERRED_VERSION_go-cross-${TUNE_PKGARCH} (${GOVERSION}) replaces original key PREFERRED_VERSION_go-cross-x86_64 (1.22%).
WARNING: /home/andrew/meta-rauc/recipes-core/rauc/rauc-conf.bb: Recipe inherits features_check but doesn't use it
WARNING: /home/andrew/meta-openembedded/meta-python/recipes-devtools/python/python3-aiodns_3.2.0.bb: Variable key PREFERRED_VERSION_go-cross-${TUNE_PKGARCH} (${GOVERSION}) replaces original key PREFERRED_VERSION_go-cross-x86_64 (1.22%).
WARNING: /home/andrew/meta-openembedded/meta-oe/recipes-graphics/tslib/tslib_1.22.bb: Variable key PREFERRED_VERSION_go-cross-${TUNE_PKGARCH} (${GOVERSION}) replaces original key PREFERRED_VERSION_go-cross-x86_64 (1.22%).
WARNING: /home/andrew/meta-openembedded/meta-oe/recipes-support/boost-sml/boost-sml_1.1.11.bb: Variable key PREFERRED_VERSION_go-cross-${TUNE_PKGARCH} (${GOVERSION}) replaces original key PREFERRED_VERSION_go-cross-x86_64 (1.22%).
WARNING: /home/andrew/poky/meta/recipes-graphics/freetype/freetype_2.13.2.bb: Variable key PREFERRED_VERSION_go-cross-${TUNE_PKGARCH} (${GOVERSION}) replaces original key PREFERRED_VERSION_go-cross-x86_64 (1.22%).
WARNING: /home/andrew/meta-openembedded/meta-python/recipes-devtools/python/python3-dynamic-dispatch_1.0.3.bb: Variable key PREFERRED_VERSION_go-cross-${TUNE_PKGARCH} (${GOVERSION}) replaces original key PREFERRED_VERSION_go-cross-x86_64 (1.22%).
WARNING: /home/andrew/poky/meta/recipes-core/update-rc.d/update-rc.d_0.8.bb: Variable key PREFERRED_VERSION_go-cross-${TUNE_PKGARCH} (${GOVERSION}) replaces original key PREFERRED_VERSION_go-cross-x86_64 (1.22%).
WARNING: /home/andrew/poky/meta/recipes-extended/which/which_2.21.bb: Variable key PREFERRED_VERSION_go-cross-${TUNE_PKGARCH} (${GOVERSION}) replaces original key PREFERRED_VERSION_go-cross-x86_64 (1.22%).
WARNING: /home/andrew/poky/meta/recipes-devtools/python/python3-sortedcontainers_2.4.0.bb: Variable key PREFERRED_VERSION_go-cross-${TUNE_PKGARCH} (${GOVERSION}) replaces original key PREFERRED_VERSION_go-cross-x86_64 (1.22%).
WARNING: /home/andrew/meta-openembedded/meta-python/recipes-devtools/python/python3-pycares_4.4.0.bb: Variable key PREFERRED_VERSION_go-cross-${TUNE_PKGARCH} (${GOVERSION}) replaces original key PREFERRED_VERSION_go-cross-x86_64 (1.22%).
WARNING: /home/andrew/poky/meta/recipes-devtools/intltool/intltool_0.51.0.bb: Variable key PREFERRED_VERSION_go-cross-${TUNE_PKGARCH} (${GOVERSION}) replaces original key PREFERRED_VERSION_go-cross-x86_64 (1.22%).
WARNING: /home/andrew/poky/meta/recipes-support/atk/at-spi2-core_2.50.1.bb: Variable key PREFERRED_VERSION_go-cross-${TUNE_PKGARCH} (${GOVERSION}) replaces original key PREFERRED_VERSION_go-cross-x86_64 (1.22%).
WARNING: /home/andrew/meta-openembedded/meta-python/recipes-devtools/python/python3-pynacl_1.5.0.bb: Variable key PREFERRED_VERSION_go-cross-${TUNE_PKGARCH} (${GOVERSION}) replaces original key PREFERRED_VERSION_go-cross-x86_64 (1.22%).
WARNING: /home/andrew/poky/meta/recipes-devtools/python/python3-hypothesis_6.98.15.bb: Variable key PREFERRED_VERSION_go-cross-${TUNE_PKGARCH} (${GOVERSION}) replaces original key PREFERRED_VERSION_go-cross-x86_64 (1.22%).
WARNING: /home/andrew/poky/meta/recipes-core/libxcrypt/libxcrypt-compat_4.4.36.bb: Variable key PREFERRED_VERSION_go-cross-${TUNE_PKGARCH} (${GOVERSION}) replaces original key PREFERRED_VERSION_go-cross-x86_64 (1.22%).
WARNING: /home/andrew/meta-openembedded/meta-python/recipes-devtools/python/python3-rarfile_4.2.bb: Variable key PREFERRED_VERSION_go-cross-${TUNE_PKGARCH} (${GOVERSION}) replaces original key PREFERRED_VERSION_go-cross-x86_64 (1.22%).
WARNING: /home/andrew/meta-openembedded/meta-networking/recipes-support/ncp/ncp_1.2.4.bb: Variable key PREFERRED_VERSION_go-cross-${TUNE_PKGARCH} (${GOVERSION}) replaces original key PREFERRED_VERSION_go-cross-x86_64 (1.22%).
WARNING: /home/andrew/meta-openembedded/meta-networking/recipes-support/ncp/libowfat_0.32.bb: Variable key PREFERRED_VERSION_go-cross-${TUNE_PKGARCH} (${GOVERSION}) replaces original key PREFERRED_VERSION_go-cross-x86_64 (1.22%).
WARNING: /home/andrew/poky/meta/recipes-devtools/elfutils/elfutils_0.191.bb: Variable key PREFERRED_VERSION_go-cross-${TUNE_PKGARCH} (${GOVERSION}) replaces original key PREFERRED_VERSION_go-cross-x86_64 (1.22%).
WARNING: /home/andrew/meta-openembedded/meta-python/recipes-devtools/python/python3-pyperclip_1.8.2.bb: Variable key PREFERRED_VERSION_go-cross-${TUNE_PKGARCH} (${GOVERSION}) replaces original key PREFERRED_VERSION_go-cross-x86_64 (1.22%).
WARNING: /home/andrew/poky/meta/recipes-graphics/xorg-app/xrandr_1.5.2.bb: Variable key PREFERRED_VERSION_go-cross-${TUNE_PKGARCH} (${GOVERSION}) replaces original key PREFERRED_VERSION_go-cross-x86_64 (1.22%).
WARNING: /home/andrew/meta-openembedded/meta-oe/recipes-devtools/debootstrap/debootstrap_1.0.132.bb: Variable key PREFERRED_VERSION_go-cross-${TUNE_PKGARCH} (${GOVERSION}) replaces original key PREFERRED_VERSION_go-cross-x86_64 (1.22%).
WARNING: /home/andrew/poky/meta/recipes-support/libunistring/libunistring_1.2.bb: Variable key PREFERRED_VERSION_go-cross-${TUNE_PKGARCH} (${GOVERSION}) replaces original key PREFERRED_VERSION_go-cross-x86_64 (1.22%).
WARNING: /home/andrew/poky/meta/recipes-devtools/pseudo/pseudo_git.bb: Variable key PREFERRED_VERSION_go-cross-${TUNE_PKGARCH} (${GOVERSION}) replaces original key PREFERRED_VERSION_go-cross-x86_64 (1.22%).
WARNING: /home/andrew/poky/meta/recipes-extended/unzip/unzip_6.0.bb: Variable key PREFERRED_VERSION_go-cross-${TUNE_PKGARCH} (${GOVERSION}) replaces original key PREFERRED_VERSION_go-cross-x86_64 (1.22%).
WARNING: /home/andrew/poky/meta/recipes-graphics/glslang/glslang_1.3.275.0.bb: Variable key PREFERRED_VERSION_go-cross-${TUNE_PKGARCH} (${GOVERSION}) replaces original key PREFERRED_VERSION_go-cross-x86_64 (1.22%).
WARNING: /home/andrew/poky/meta/recipes-extended/newt/libnewt_0.52.24.bb: Variable key PREFERRED_VERSION_go-cross-${TUNE_PKGARCH} (${GOVERSION}) replaces original key PREFERRED_VERSION_go-cross-x86_64 (1.22%).
WARNING: /home/andrew/poky/meta/recipes-bsp/u-boot/u-boot-tools_2024.01.bb: Variable key PREFERRED_VERSION_go-cross-${TUNE_PKGARCH} (${GOVERSION}) replaces original key PREFERRED_VERSION_go-cross-x86_64 (1.22%).
WARNING: /home/andrew/poky/meta/recipes-devtools/python/python3-gitdb_4.0.11.bb: Variable key PREFERRED_VERSION_go-cross-${TUNE_PKGARCH} (${GOVERSION}) replaces original key PREFERRED_VERSION_go-cross-x86_64 (1.22%).
WARNING: /home/andrew/meta-openembedded/meta-oe/recipes-support/tbb/tbb_2021.12.0.bb: Variable key PREFERRED_VERSION_go-cross-${TUNE_PKGARCH} (${GOVERSION}) replaces original key PREFERRED_VERSION_go-cross-x86_64 (1.22%).
WARNING: /home/andrew/meta-openembedded/meta-oe/recipes-devtools/flatbuffers/python3-flatbuffers.bb: Variable key PREFERRED_VERSION_go-cross-${TUNE_PKGARCH} (${GOVERSION}) replaces original key PREFERRED_VERSION_go-cross-x86_64 (1.22%).
WARNING: /home/andrew/poky/meta/recipes-devtools/python/python3-click_8.1.7.bb: Variable key PREFERRED_VERSION_go-cross-${TUNE_PKGARCH} (${GOVERSION}) replaces original key PREFERRED_VERSION_go-cross-x86_64 (1.22%).
WARNING: /home/andrew/meta-openembedded/meta-oe/recipes-support/libusb/libusb-compat_0.1.8.bb: Variable key PREFERRED_VERSION_go-cross-${TUNE_PKGARCH} (${GOVERSION}) replaces original key PREFERRED_VERSION_go-cross-x86_64 (1.22%).
WARNING: /home/andrew/meta-openembedded/meta-python/recipes-devtools/python/python3-ecdsa_0.19.0.bb: Variable key PREFERRED_VERSION_go-cross-${TUNE_PKGARCH} (${GOVERSION}) replaces original key PREFERRED_VERSION_go-cross-x86_64 (1.22%).
WARNING: /home/andrew/meta-openembedded/meta-python/recipes-devtools/python/python3-coverage_7.4.1.bb: Variable key PREFERRED_VERSION_go-cross-${TUNE_PKGARCH} (${GOVERSION}) replaces original key PREFERRED_VERSION_go-cross-x86_64 (1.22%).
WARNING: /home/andrew/meta-openembedded/meta-python/recipes-devtools/python/python3-humanfriendly_10.0.bb: Variable key PREFERRED_VERSION_go-cross-${TUNE_PKGARCH} (${GOVERSION}) replaces original key PREFERRED_VERSION_go-cross-x86_64 (1.22%).
WARNING: /home/andrew/poky/meta/recipes-core/dbus/dbus_1.14.10.bb: Variable key PREFERRED_VERSION_go-cross-${TUNE_PKGARCH} (${GOVERSION}) replaces original key PREFERRED_VERSION_go-cross-x86_64 (1.22%).
WARNING: /home/andrew/poky/meta/recipes-devtools/python/python3-markdown_3.5.2.bb: Variable key PREFERRED_VERSION_go-cross-${TUNE_PKGARCH} (${GOVERSION}) replaces original key PREFERRED_VERSION_go-cross-x86_64 (1.22%).
WARNING: /home/andrew/meta-openembedded/meta-oe/recipes-support/c-periphery/c-periphery_2.4.2.bb: Variable key PREFERRED_VERSION_go-cross-${TUNE_PKGARCH} (${GOVERSION}) replaces original key PREFERRED_VERSION_go-cross-x86_64 (1.22%).
WARNING: /home/andrew/poky/meta/recipes-devtools/desktop-file-utils/desktop-file-utils_0.27.bb: Variable key PREFERRED_VERSION_go-cross-${TUNE_PKGARCH} (${GOVERSION}) replaces original key PREFERRED_VERSION_go-cross-x86_64 (1.22%).
WARNING: /home/andrew/poky/meta/recipes-devtools/jquery/jquery_3.7.1.bb: Variable key PREFERRED_VERSION_go-cross-${TUNE_PKGARCH} (${GOVERSION}) replaces original key PREFERRED_VERSION_go-cross-x86_64 (1.22%).
WARNING: /home/andrew/poky/meta/recipes-support/libcap/libcap_2.69.bb: Variable key PREFERRED_VERSION_go-cross-${TUNE_PKGARCH} (${GOVERSION}) replaces original key PREFERRED_VERSION_go-cross-x86_64 (1.22%).
WARNING: /home/andrew/poky/meta/recipes-extended/slang/slang_2.3.3.bb: Variable key PREFERRED_VERSION_go-cross-${TUNE_PKGARCH} (${GOVERSION}) replaces original key PREFERRED_VERSION_go-cross-x86_64 (1.22%).
WARNING: /home/andrew/poky/meta/recipes-core/glibc/glibc-testsuite_2.39.bb: Variable key PREFERRED_VERSION_go-cross-${TUNE_PKGARCH} (${GOVERSION}) replaces original key PREFERRED_VERSION_go-cross-x86_64 (1.22%).
WARNING: /home/andrew/meta-openembedded/meta-python/recipes-devtools/python/python3-jsonrpcclient_4.0.3.bb: Variable key PREFERRED_VERSION_go-cross-${TUNE_PKGARCH} (${GOVERSION}) replaces original key PREFERRED_VERSION_go-cross-x86_64 (1.22%).
WARNING: /home/andrew/meta-openembedded/meta-python/recipes-devtools/python/python3-mpmath_1.3.0.bb: Variable key PREFERRED_VERSION_go-cross-${TUNE_PKGARCH} (${GOVERSION}) replaces original key PREFERRED_VERSION_go-cross-x86_64 (1.22%).
WARNING: /home/andrew/poky/meta/recipes-devtools/python/python3-babel_2.14.0.bb: Variable key PREFERRED_VERSION_go-cross-${TUNE_PKGARCH} (${GOVERSION}) replaces original key PREFERRED_VERSION_go-cross-x86_64 (1.22%).
WARNING: /home/andrew/poky/meta/recipes-support/gnupg/gnupg_2.4.8.bb: Variable key PREFERRED_VERSION_go-cross-${TUNE_PKGARCH} (${GOVERSION}) replaces original key PREFERRED_VERSION_go-cross-x86_64 (1.22%).
WARNING: /home/andrew/poky/meta/recipes-devtools/python/python3_3.12.12.bb: Variable key PREFERRED_VERSION_go-cross-${TUNE_PKGARCH} (${GOVERSION}) replaces original key PREFERRED_VERSION_go-cross-x86_64 (1.22%).
WARNING: /home/andrew/poky/meta/recipes-extended/libnss-nis/libnss-nis.bb: Variable key PREFERRED_VERSION_go-cross-${TUNE_PKGARCH} (${GOVERSION}) replaces original key PREFERRED_VERSION_go-cross-x86_64 (1.22%).
WARNING: /home/andrew/poky/meta/recipes-devtools/python/python3-maturin_1.4.0.bb: Variable key PREFERRED_VERSION_go-cross-${TUNE_PKGARCH} (${GOVERSION}) replaces original key PREFERRED_VERSION_go-cross-x86_64 (1.22%).
WARNING: /home/andrew/meta-openembedded/meta-python/recipes-devtools/python/python3-ipaddress_1.0.23.bb: Variable key PREFERRED_VERSION_go-cross-${TUNE_PKGARCH} (${GOVERSION}) replaces original key PREFERRED_VERSION_go-cross-x86_64 (1.22%).
WARNING: /home/andrew/poky/meta/recipes-devtools/squashfs-tools/squashfs-tools_git.bb: Variable key PREFERRED_VERSION_go-cross-${TUNE_PKGARCH} (${GOVERSION}) replaces original key PREFERRED_VERSION_go-cross-x86_64 (1.22%).
WARNING: /home/andrew/poky/meta/recipes-devtools/opkg/opkg_0.6.3.bb: Variable key PREFERRED_VERSION_go-cross-${TUNE_PKGARCH} (${GOVERSION}) replaces original key PREFERRED_VERSION_go-cross-x86_64 (1.22%).
WARNING: /home/andrew/meta-openembedded/meta-oe/recipes-support/libssh/libssh_0.10.6.bb: Variable key PREFERRED_VERSION_go-cross-${TUNE_PKGARCH} (${GOVERSION}) replaces original key PREFERRED_VERSION_go-cross-x86_64 (1.22%).
WARNING: /home/andrew/meta-openembedded/meta-python/recipes-devtools/python/python3-pycurl_7.45.2.bb: Variable key PREFERRED_VERSION_go-cross-${TUNE_PKGARCH} (${GOVERSION}) replaces original key PREFERRED_VERSION_go-cross-x86_64 (1.22%).
WARNING: /home/andrew/poky/meta/recipes-devtools/ccache/ccache_4.9.1.bb: Variable key PREFERRED_VERSION_go-cross-${TUNE_PKGARCH} (${GOVERSION}) replaces original key PREFERRED_VERSION_go-cross-x86_64 (1.22%).
WARNING: /home/andrew/poky/meta/recipes-support/serf/serf_1.3.10.bb: Variable key PREFERRED_VERSION_go-cross-${TUNE_PKGARCH} (${GOVERSION}) replaces original key PREFERRED_VERSION_go-cross-x86_64 (1.22%).
WARNING: /home/andrew/meta-openembedded/meta-oe/recipes-test/googletest/googletest_1.14.0.bb: Variable key PREFERRED_VERSION_go-cross-${TUNE_PKGARCH} (${GOVERSION}) replaces original key PREFERRED_VERSION_go-cross-x86_64 (1.22%).
WARNING: /home/andrew/poky/meta/recipes-devtools/python/python3-pretend_1.0.9.bb: Variable key PREFERRED_VERSION_go-cross-${TUNE_PKGARCH} (${GOVERSION}) replaces original key PREFERRED_VERSION_go-cross-x86_64 (1.22%).
WARNING: /home/andrew/meta-openembedded/meta-oe/recipes-shells/tcsh/tcsh_6.24.12.bb: Variable key PREFERRED_VERSION_go-cross-${TUNE_PKGARCH} (${GOVERSION}) replaces original key PREFERRED_VERSION_go-cross-x86_64 (1.22%).
WARNING: /home/andrew/meta-openembedded/meta-oe/recipes-core/opencl/opencl-clhpp_git.bb: Variable key PREFERRED_VERSION_go-cross-${TUNE_PKGARCH} (${GOVERSION}) replaces original key PREFERRED_VERSION_go-cross-x86_64 (1.22%).
WARNING: /home/andrew/poky/meta/recipes-devtools/python/python3-idna_3.7.bb: Variable key PREFERRED_VERSION_go-cross-${TUNE_PKGARCH} (${GOVERSION}) replaces original key PREFERRED_VERSION_go-cross-x86_64 (1.22%).
WARNING: /home/andrew/poky/meta/recipes-devtools/python/python3-asn1crypto_1.5.1.bb: Variable key PREFERRED_VERSION_go-cross-${TUNE_PKGARCH} (${GOVERSION}) replaces original key PREFERRED_VERSION_go-cross-x86_64 (1.22%).
WARNING: /home/andrew/poky/meta/recipes-support/libyaml/libyaml_0.2.5.bb: Variable key PREFERRED_VERSION_go-cross-${TUNE_PKGARCH} (${GOVERSION}) replaces original key PREFERRED_VERSION_go-cross-x86_64 (1.22%).
WARNING: /home/andrew/meta-openembedded/meta-python/recipes-devtools/python/python3-pytest-benchmark_4.0.0.bb: Variable key PREFERRED_VERSION_go-cross-${TUNE_PKGARCH} (${GOVERSION}) replaces original key PREFERRED_VERSION_go-cross-x86_64 (1.22%).
WARNING: /home/andrew/meta-openembedded/meta-oe/recipes-graphics/graphviz/graphviz_8.1.0.bb: Variable key PREFERRED_VERSION_go-cross-${TUNE_PKGARCH} (${GOVERSION}) replaces original key PREFERRED_VERSION_go-cross-x86_64 (1.22%).
WARNING: /home/andrew/meta-arm/meta-arm-toolchain/recipes-devtools/external-arm-toolchain/gcc-aarch64-none-elf_13.2.Rel1.bb: Variable key PREFERRED_VERSION_go-cross-${TUNE_PKGARCH} (${GOVERSION}) replaces original key PREFERRED_VERSION_go-cross-x86_64 (1.22%).
WARNING: /home/andrew/meta-openembedded/meta-python/recipes-devtools/python/python3-polyline_2.0.2.bb: Variable key PREFERRED_VERSION_go-cross-${TUNE_PKGARCH} (${GOVERSION}) replaces original key PREFERRED_VERSION_go-cross-x86_64 (1.22%).
WARNING: /home/andrew/poky/meta/recipes-graphics/harfbuzz/harfbuzz_8.3.0.bb: Variable key PREFERRED_VERSION_go-cross-${TUNE_PKGARCH} (${GOVERSION}) replaces original key PREFERRED_VERSION_go-cross-x86_64 (1.22%).
WARNING: /home/andrew/meta-openembedded/meta-python/recipes-devtools/python/python3-pytest-metadata_2.0.2.bb: Variable key PREFERRED_VERSION_go-cross-${TUNE_PKGARCH} (${GOVERSION}) replaces original key PREFERRED_VERSION_go-cross-x86_64 (1.22%).
WARNING: /home/andrew/meta-openembedded/meta-python/recipes-devtools/python/python3-mccabe_0.7.0.bb: Variable key PREFERRED_VERSION_go-cross-${TUNE_PKGARCH} (${GOVERSION}) replaces original key PREFERRED_VERSION_go-cross-x86_64 (1.22%).
WARNING: /home/andrew/poky/meta/recipes-graphics/cairo/cairo_1.18.0.bb: Variable key PREFERRED_VERSION_go-cross-${TUNE_PKGARCH} (${GOVERSION}) replaces original key PREFERRED_VERSION_go-cross-x86_64 (1.22%).
WARNING: /home/andrew/meta-openembedded/meta-oe/recipes-extended/ostree/ostree_2024.5.bb: Variable key PREFERRED_VERSION_go-cross-${TUNE_PKGARCH} (${GOVERSION}) replaces original key PREFERRED_VERSION_go-cross-x86_64 (1.22%).
WARNING: /home/andrew/meta-openembedded/meta-python/recipes-devtools/python/python3-aws-iot-device-sdk-python_1.5.2.bb: Variable key PREFERRED_VERSION_go-cross-${TUNE_PKGARCH} (${GOVERSION}) replaces original key PREFERRED_VERSION_go-cross-x86_64 (1.22%).
WARNING: /home/andrew/poky/meta/recipes-devtools/python/python3-cryptography_42.0.5.bb: Variable key PREFERRED_VERSION_go-cross-${TUNE_PKGARCH} (${GOVERSION}) replaces original key PREFERRED_VERSION_go-cross-x86_64 (1.22%).
WARNING: /home/andrew/poky/meta/recipes-graphics/xorg-lib/libxi_1.8.1.bb: Variable key PREFERRED_VERSION_go-cross-${TUNE_PKGARCH} (${GOVERSION}) replaces original key PREFERRED_VERSION_go-cross-x86_64 (1.22%).
WARNING: /home/andrew/poky/meta/recipes-support/db/db_5.3.28.bb: Variable key PREFERRED_VERSION_go-cross-${TUNE_PKGARCH} (${GOVERSION}) replaces original key PREFERRED_VERSION_go-cross-x86_64 (1.22%).
WARNING: /home/andrew/poky/meta/recipes-devtools/python/python3-flit-core_3.9.0.bb: Variable key PREFERRED_VERSION_go-cross-${TUNE_PKGARCH} (${GOVERSION}) replaces original key PREFERRED_VERSION_go-cross-x86_64 (1.22%).
WARNING: /home/andrew/meta-openembedded/meta-python/recipes-devtools/python/python3-autoflake_2.2.1.bb: Variable key PREFERRED_VERSION_go-cross-${TUNE_PKGARCH} (${GOVERSION}) replaces original key PREFERRED_VERSION_go-cross-x86_64 (1.22%).
WARNING: /home/andrew/poky/meta/recipes-support/libpcre/libpcre2_10.43.bb: Variable key PREFERRED_VERSION_go-cross-${TUNE_PKGARCH} (${GOVERSION}) replaces original key PREFERRED_VERSION_go-cross-x86_64 (1.22%).
WARNING: /home/andrew/poky/meta/recipes-support/libxslt/libxslt_1.1.43.bb: Variable key PREFERRED_VERSION_go-cross-${TUNE_PKGARCH} (${GOVERSION}) replaces original key PREFERRED_VERSION_go-cross-x86_64 (1.22%).
WARNING: /home/andrew/poky/meta/recipes-extended/time/time_1.9.bb: Variable key PREFERRED_VERSION_go-cross-${TUNE_PKGARCH} (${GOVERSION}) replaces original key PREFERRED_VERSION_go-cross-x86_64 (1.22%).
WARNING: /home/andrew/poky/meta/recipes-extended/libsolv/libsolv_0.7.28.bb: Variable key PREFERRED_VERSION_go-cross-${TUNE_PKGARCH} (${GOVERSION}) replaces original key PREFERRED_VERSION_go-cross-x86_64 (1.22%).
WARNING: /home/andrew/meta-openembedded/meta-oe/recipes-support/nspr/nspr_4.35.bb: Variable key PREFERRED_VERSION_go-cross-${TUNE_PKGARCH} (${GOVERSION}) replaces original key PREFERRED_VERSION_go-cross-x86_64 (1.22%).
WARNING: /home/andrew/poky/meta/recipes-devtools/python/python3-booleanpy_4.0.bb: Variable key PREFERRED_VERSION_go-cross-${TUNE_PKGARCH} (${GOVERSION}) replaces original key PREFERRED_VERSION_go-cross-x86_64 (1.22%).
WARNING: /home/andrew/poky/meta/recipes-extended/zstd/zstd_1.5.5.bb: Variable key PREFERRED_VERSION_go-cross-${TUNE_PKGARCH} (${GOVERSION}) replaces original key PREFERRED_VERSION_go-cross-x86_64 (1.22%).
WARNING: /home/andrew/poky/meta/recipes-graphics/xorg-lib/libxau_1.0.11.bb: Variable key PREFERRED_VERSION_go-cross-${TUNE_PKGARCH} (${GOVERSION}) replaces original key PREFERRED_VERSION_go-cross-x86_64 (1.22%).
WARNING: /home/andrew/meta-openembedded/meta-oe/recipes-devtools/microsoft-gsl/microsoft-gsl_4.0.0.bb: Variable key PREFERRED_VERSION_go-cross-${TUNE_PKGARCH} (${GOVERSION}) replaces original key PREFERRED_VERSION_go-cross-x86_64 (1.22%).
WARNING: /home/andrew/poky/meta/recipes-extended/texinfo/texinfo_7.0.3.bb: Variable key PREFERRED_VERSION_go-cross-${TUNE_PKGARCH} (${GOVERSION}) replaces original key PREFERRED_VERSION_go-cross-x86_64 (1.22%).
WARNING: /home/andrew/poky/meta/recipes-devtools/python/python3-numpy_1.26.4.bb: Variable key PREFERRED_VERSION_go-cross-${TUNE_PKGARCH} (${GOVERSION}) replaces original key PREFERRED_VERSION_go-cross-x86_64 (1.22%).
WARNING: /home/andrew/meta-openembedded/meta-oe/recipes-extended/brotli/brotli_1.1.0.bb: Variable key PREFERRED_VERSION_go-cross-${TUNE_PKGARCH} (${GOVERSION}) replaces original key PREFERRED_VERSION_go-cross-x86_64 (1.22%).
WARNING: /home/andrew/meta-openembedded/meta-oe/recipes-devtools/perl/libjson-perl_4.03000.bb: Variable key PREFERRED_VERSION_go-cross-${TUNE_PKGARCH} (${GOVERSION}) replaces original key PREFERRED_VERSION_go-cross-x86_64 (1.22%).
WARNING: /home/andrew/meta-openembedded/meta-oe/recipes-devtools/extract-cert/extract-cert_0.3.bb: Variable key PREFERRED_VERSION_go-cross-${TUNE_PKGARCH} (${GOVERSION}) replaces original key PREFERRED_VERSION_go-cross-x86_64 (1.22%).
WARNING: /home/andrew/meta-openembedded/meta-oe/recipes-support/fftw/fftw_3.3.10.bb: Variable key PREFERRED_VERSION_go-cross-${TUNE_PKGARCH} (${GOVERSION}) replaces original key PREFERRED_VERSION_go-cross-x86_64 (1.22%).
WARNING: /home/andrew/meta-openembedded/meta-python/recipes-devtools/python/python3-versioneer_0.29.bb: Variable key PREFERRED_VERSION_go-cross-${TUNE_PKGARCH} (${GOVERSION}) replaces original key PREFERRED_VERSION_go-cross-x86_64 (1.22%).
WARNING: /home/andrew/meta-openembedded/meta-python/recipes-devtools/python/python3-appdirs_1.4.4.bb: Variable key PREFERRED_VERSION_go-cross-${TUNE_PKGARCH} (${GOVERSION}) replaces original key PREFERRED_VERSION_go-cross-x86_64 (1.22%).
WARNING: /home/andrew/poky/meta/recipes-devtools/python/python3-sphinxcontrib-jquery_4.1.bb: Variable key PREFERRED_VERSION_go-cross-${TUNE_PKGARCH} (${GOVERSION}) replaces original key PREFERRED_VERSION_go-cross-x86_64 (1.22%).
WARNING: /home/andrew/meta-openembedded/meta-oe/recipes-support/lcms/lcms_2.16.bb: Variable key PREFERRED_VERSION_go-cross-${TUNE_PKGARCH} (${GOVERSION}) replaces original key PREFERRED_VERSION_go-cross-x86_64 (1.22%).
WARNING: /home/andrew/poky/meta/recipes-graphics/xorg-lib/libxt_1.3.0.bb: Variable key PREFERRED_VERSION_go-cross-${TUNE_PKGARCH} (${GOVERSION}) replaces original key PREFERRED_VERSION_go-cross-x86_64 (1.22%).
WARNING: /home/andrew/poky/meta/recipes-devtools/diffstat/diffstat_1.66.bb: Variable key PREFERRED_VERSION_go-cross-${TUNE_PKGARCH} (${GOVERSION}) replaces original key PREFERRED_VERSION_go-cross-x86_64 (1.22%).
WARNING: /home/andrew/poky/meta/recipes-devtools/perl/libtry-tiny-perl_0.31.bb: Variable key PREFERRED_VERSION_go-cross-${TUNE_PKGARCH} (${GOVERSION}) replaces original key PREFERRED_VERSION_go-cross-x86_64 (1.22%).
WARNING: /home/andrew/meta-openembedded/meta-python/recipes-devtools/python/python3-geojson_3.1.0.bb: Variable key PREFERRED_VERSION_go-cross-${TUNE_PKGARCH} (${GOVERSION}) replaces original key PREFERRED_VERSION_go-cross-x86_64 (1.22%).
WARNING: /home/andrew/meta-openembedded/meta-python/recipes-devtools/python/python3-qface_2.0.8.bb: Variable key PREFERRED_VERSION_go-cross-${TUNE_PKGARCH} (${GOVERSION}) replaces original key PREFERRED_VERSION_go-cross-x86_64 (1.22%).
WARNING: /home/andrew/meta-openembedded/meta-oe/recipes-devtools/jwt-cpp/jwt-cpp_0.7.0.bb: Variable key PREFERRED_VERSION_go-cross-${TUNE_PKGARCH} (${GOVERSION}) replaces original key PREFERRED_VERSION_go-cross-x86_64 (1.22%).
WARNING: /home/andrew/meta-openembedded/meta-python/recipes-devtools/python/python3-tornado_6.4.2.bb: Variable key PREFERRED_VERSION_go-cross-${TUNE_PKGARCH} (${GOVERSION}) replaces original key PREFERRED_VERSION_go-cross-x86_64 (1.22%).
WARNING: /home/andrew/poky/meta/recipes-core/meta/nativesdk-buildtools-perl-dummy.bb: Variable key PREFERRED_VERSION_go-cross-${TUNE_PKGARCH} (${GOVERSION}) replaces original key PREFERRED_VERSION_go-cross-x86_64 (1.22%).
WARNING: /home/andrew/meta-openembedded/meta-oe/recipes-devtools/mcpp/mcpp_2.7.2.bb: Variable key PREFERRED_VERSION_go-cross-${TUNE_PKGARCH} (${GOVERSION}) replaces original key PREFERRED_VERSION_go-cross-x86_64 (1.22%).
WARNING: /home/andrew/meta-openembedded/meta-oe/recipes-extended/byacc/byacc_20230219.bb: Variable key PREFERRED_VERSION_go-cross-${TUNE_PKGARCH} (${GOVERSION}) replaces original key PREFERRED_VERSION_go-cross-x86_64 (1.22%).
WARNING: /home/andrew/meta-openembedded/meta-python/recipes-devtools/python/python3-uswid_0.4.7.bb: Variable key PREFERRED_VERSION_go-cross-${TUNE_PKGARCH} (${GOVERSION}) replaces original key PREFERRED_VERSION_go-cross-x86_64 (1.22%).
WARNING: /home/andrew/meta-openembedded/meta-oe/dynamic-layers/meta-python/recipes-devtools/nanopb/nanopb-runtime_0.4.8.bb: Variable key PREFERRED_VERSION_go-cross-${TUNE_PKGARCH} (${GOVERSION}) replaces original key PREFERRED_VERSION_go-cross-x86_64 (1.22%).
WARNING: /home/andrew/poky/meta/recipes-kernel/systemtap/systemtap_git.bb: Variable key PREFERRED_VERSION_go-cross-${TUNE_PKGARCH} (${GOVERSION}) replaces original key PREFERRED_VERSION_go-cross-x86_64 (1.22%).
WARNING: /home/andrew/poky/meta/recipes-devtools/python/python3-sphinx_7.2.6.bb: Variable key PREFERRED_VERSION_go-cross-${TUNE_PKGARCH} (${GOVERSION}) replaces original key PREFERRED_VERSION_go-cross-x86_64 (1.22%).
WARNING: /home/andrew/poky/meta/recipes-devtools/python/python3-markupsafe_2.1.5.bb: Variable key PREFERRED_VERSION_go-cross-${TUNE_PKGARCH} (${GOVERSION}) replaces original key PREFERRED_VERSION_go-cross-x86_64 (1.22%).
WARNING: /home/andrew/poky/meta/recipes-support/gnutls/gnutls_3.8.4.bb: Variable key PREFERRED_VERSION_go-cross-${TUNE_PKGARCH} (${GOVERSION}) replaces original key PREFERRED_VERSION_go-cross-x86_64 (1.22%).
WARNING: /home/andrew/poky/meta/recipes-devtools/python/python3-extras_1.0.0.bb: Variable key PREFERRED_VERSION_go-cross-${TUNE_PKGARCH} (${GOVERSION}) replaces original key PREFERRED_VERSION_go-cross-x86_64 (1.22%).
WARNING: /home/andrew/meta-openembedded/meta-python/recipes-devtools/python/python3-cmake_3.28.3.bb: Variable key PREFERRED_VERSION_go-cross-${TUNE_PKGARCH} (${GOVERSION}) replaces original key PREFERRED_VERSION_go-cross-x86_64 (1.22%).
WARNING: /home/andrew/poky/meta/recipes-devtools/python/python3-editables_0.5.bb: Variable key PREFERRED_VERSION_go-cross-${TUNE_PKGARCH} (${GOVERSION}) replaces original key PREFERRED_VERSION_go-cross-x86_64 (1.22%).
WARNING: /home/andrew/poky/meta/recipes-devtools/python/python3-rfc3339-validator_0.1.4.bb: Variable key PREFERRED_VERSION_go-cross-${TUNE_PKGARCH} (${GOVERSION}) replaces original key PREFERRED_VERSION_go-cross-x86_64 (1.22%).
WARNING: /home/andrew/meta-openembedded/meta-python/recipes-devtools/python/python3-aenum_3.1.15.bb: Variable key PREFERRED_VERSION_go-cross-${TUNE_PKGARCH} (${GOVERSION}) replaces original key PREFERRED_VERSION_go-cross-x86_64 (1.22%).
WARNING: /home/andrew/poky/meta/recipes-devtools/unfs3/unfs3_git.bb: Variable key PREFERRED_VERSION_go-cross-${TUNE_PKGARCH} (${GOVERSION}) replaces original key PREFERRED_VERSION_go-cross-x86_64 (1.22%).
WARNING: /home/andrew/poky/meta/recipes-devtools/mtools/mtools_4.0.49.bb: Variable key PREFERRED_VERSION_go-cross-${TUNE_PKGARCH} (${GOVERSION}) replaces original key PREFERRED_VERSION_go-cross-x86_64 (1.22%).
WARNING: /home/andrew/meta-openembedded/meta-python/recipes-devtools/python/python3-docopt_0.6.2.bb: Variable key PREFERRED_VERSION_go-cross-${TUNE_PKGARCH} (${GOVERSION}) replaces original key PREFERRED_VERSION_go-cross-x86_64 (1.22%).
WARNING: /home/andrew/meta-openembedded/meta-python/recipes-devtools/python/python3-scikit-build_0.17.6.bb: Variable key PREFERRED_VERSION_go-cross-${TUNE_PKGARCH} (${GOVERSION}) replaces original key PREFERRED_VERSION_go-cross-x86_64 (1.22%).
WARNING: /home/andrew/meta-openembedded/meta-oe/recipes-devtools/protobuf/protobuf_4.25.8.bb: Variable key PREFERRED_VERSION_go-cross-${TUNE_PKGARCH} (${GOVERSION}) replaces original key PREFERRED_VERSION_go-cross-x86_64 (1.22%).
WARNING: /home/andrew/poky/meta/recipes-support/boost/boost_1.84.0.bb: Variable key PREFERRED_VERSION_go-cross-${TUNE_PKGARCH} (${GOVERSION}) replaces original key PREFERRED_VERSION_go-cross-x86_64 (1.22%).
WARNING: /home/andrew/meta-openembedded/meta-python/recipes-devtools/python/python3-haversine_2.8.1.bb: Variable key PREFERRED_VERSION_go-cross-${TUNE_PKGARCH} (${GOVERSION}) replaces original key PREFERRED_VERSION_go-cross-x86_64 (1.22%).
WARNING: /home/andrew/meta-openembedded/meta-networking/recipes-support/libcpr/libcpr_1.10.5.bb: Variable key PREFERRED_VERSION_go-cross-${TUNE_PKGARCH} (${GOVERSION}) replaces original key PREFERRED_VERSION_go-cross-x86_64 (1.22%).
WARNING: /home/andrew/poky/meta/recipes-devtools/btrfs-tools/btrfs-tools_6.7.1.bb: Variable key PREFERRED_VERSION_go-cross-${TUNE_PKGARCH} (${GOVERSION}) replaces original key PREFERRED_VERSION_go-cross-x86_64 (1.22%).
WARNING: /home/andrew/poky/meta/recipes-support/sqlite/sqlite3_3.45.3.bb: Variable key PREFERRED_VERSION_go-cross-${TUNE_PKGARCH} (${GOVERSION}) replaces original key PREFERRED_VERSION_go-cross-x86_64 (1.22%).
WARNING: /home/andrew/meta-openembedded/meta-python/recipes-devtools/gyp/gyp_git.bb: Variable key PREFERRED_VERSION_go-cross-${TUNE_PKGARCH} (${GOVERSION}) replaces original key PREFERRED_VERSION_go-cross-x86_64 (1.22%).
WARNING: /home/andrew/poky/meta/recipes-devtools/python/python3-spdx-tools_0.8.2.bb: Variable key PREFERRED_VERSION_go-cross-${TUNE_PKGARCH} (${GOVERSION}) replaces original key PREFERRED_VERSION_go-cross-x86_64 (1.22%).
WARNING: /home/andrew/poky/meta/recipes-devtools/python/python3-py_1.11.0.bb: Variable key PREFERRED_VERSION_go-cross-${TUNE_PKGARCH} (${GOVERSION}) replaces original key PREFERRED_VERSION_go-cross-x86_64 (1.22%).
WARNING: /home/andrew/meta-openembedded/meta-python/recipes-devtools/python/python3-brotli_1.1.0.bb: Variable key PREFERRED_VERSION_go-cross-${TUNE_PKGARCH} (${GOVERSION}) replaces original key PREFERRED_VERSION_go-cross-x86_64 (1.22%).
WARNING: /home/andrew/meta-openembedded/meta-python/recipes-devtools/python/python3-pefile_2023.2.7.bb: Variable key PREFERRED_VERSION_go-cross-${TUNE_PKGARCH} (${GOVERSION}) replaces original key PREFERRED_VERSION_go-cross-x86_64 (1.22%).
WARNING: /home/andrew/meta-openembedded/meta-python/recipes-devtools/python/python3-astroid_3.1.0.bb: Variable key PREFERRED_VERSION_go-cross-${TUNE_PKGARCH} (${GOVERSION}) replaces original key PREFERRED_VERSION_go-cross-x86_64 (1.22%).
WARNING: /home/andrew/meta-openembedded/meta-python/recipes-devtools/python/python3-ninja-syntax_1.7.2.bb: Variable key PREFERRED_VERSION_go-cross-${TUNE_PKGARCH} (${GOVERSION}) replaces original key PREFERRED_VERSION_go-cross-x86_64 (1.22%).
WARNING: /home/andrew/poky/meta/recipes-core/glibc/glibc_2.39.bb: Variable key PREFERRED_VERSION_go-cross-${TUNE_PKGARCH} (${GOVERSION}) replaces original key PREFERRED_VERSION_go-cross-x86_64 (1.22%).
WARNING: /home/andrew/poky/meta/recipes-support/lzo/lzo_2.10.bb: Variable key PREFERRED_VERSION_go-cross-${TUNE_PKGARCH} (${GOVERSION}) replaces original key PREFERRED_VERSION_go-cross-x86_64 (1.22%).
WARNING: /home/andrew/poky/meta/recipes-extended/gawk/gawk_5.3.0.bb: Variable key PREFERRED_VERSION_go-cross-${TUNE_PKGARCH} (${GOVERSION}) replaces original key PREFERRED_VERSION_go-cross-x86_64 (1.22%).
WARNING: /home/andrew/poky/meta/recipes-extended/findutils/findutils_4.9.0.bb: Variable key PREFERRED_VERSION_go-cross-${TUNE_PKGARCH} (${GOVERSION}) replaces original key PREFERRED_VERSION_go-cross-x86_64 (1.22%).
WARNING: /home/andrew/poky/meta/recipes-graphics/xorg-lib/libxcomposite_0.4.6.bb: Variable key PREFERRED_VERSION_go-cross-${TUNE_PKGARCH} (${GOVERSION}) replaces original key PREFERRED_VERSION_go-cross-x86_64 (1.22%).
WARNING: /home/andrew/meta-openembedded/meta-oe/recipes-support/zchunk/zchunk_1.4.0.bb: Variable key PREFERRED_VERSION_go-cross-${TUNE_PKGARCH} (${GOVERSION}) replaces original key PREFERRED_VERSION_go-cross-x86_64 (1.22%).
WARNING: /home/andrew/poky/meta/recipes-core/gettext/gettext_0.22.5.bb: Variable key PREFERRED_VERSION_go-cross-${TUNE_PKGARCH} (${GOVERSION}) replaces original key PREFERRED_VERSION_go-cross-x86_64 (1.22%).
WARNING: /home/andrew/meta-openembedded/meta-python/recipes-devtools/python/python3-bitarray_2.9.2.bb: Variable key PREFERRED_VERSION_go-cross-${TUNE_PKGARCH} (${GOVERSION}) replaces original key PREFERRED_VERSION_go-cross-x86_64 (1.22%).
WARNING: /home/andrew/meta-openembedded/meta-oe/recipes-graphics/libdecor/libdecor_0.2.2.bb: Variable key PREFERRED_VERSION_go-cross-${TUNE_PKGARCH} (${GOVERSION}) replaces original key PREFERRED_VERSION_go-cross-x86_64 (1.22%).
WARNING: /home/andrew/poky/meta/recipes-devtools/makedevs/makedevs_1.0.1.bb: Variable key PREFERRED_VERSION_go-cross-${TUNE_PKGARCH} (${GOVERSION}) replaces original key PREFERRED_VERSION_go-cross-x86_64 (1.22%).
WARNING: /home/andrew/poky/meta/recipes-devtools/python/python3-websockets_12.0.bb: Variable key PREFERRED_VERSION_go-cross-${TUNE_PKGARCH} (${GOVERSION}) replaces original key PREFERRED_VERSION_go-cross-x86_64 (1.22%).
WARNING: /home/andrew/meta-openembedded/meta-oe/recipes-devtools/doxygen/doxygen_1.9.3.bb: Variable key PREFERRED_VERSION_go-cross-${TUNE_PKGARCH} (${GOVERSION}) replaces original key PREFERRED_VERSION_go-cross-x86_64 (1.22%).
WARNING: /home/andrew/meta-openembedded/meta-python/recipes-devtools/python/python3-pdm_2.14.0.bb: Variable key PREFERRED_VERSION_go-cross-${TUNE_PKGARCH} (${GOVERSION}) replaces original key PREFERRED_VERSION_go-cross-x86_64 (1.22%).
WARNING: /home/andrew/poky/meta/recipes-devtools/python/python3-cython_3.0.8.bb: Variable key PREFERRED_VERSION_go-cross-${TUNE_PKGARCH} (${GOVERSION}) replaces original key PREFERRED_VERSION_go-cross-x86_64 (1.22%).
WARNING: /home/andrew/meta-openembedded/meta-python/recipes-devtools/python/python3-pyasn1-modules_0.4.0.bb: Variable key PREFERRED_VERSION_go-cross-${TUNE_PKGARCH} (${GOVERSION}) replaces original key PREFERRED_VERSION_go-cross-x86_64 (1.22%).
WARNING: /home/andrew/meta-openembedded/meta-perl/recipes-perl/libtest/libtest-nowarnings-perl_1.04.bb: Variable key PREFERRED_VERSION_go-cross-${TUNE_PKGARCH} (${GOVERSION}) replaces original key PREFERRED_VERSION_go-cross-x86_64 (1.22%).
WARNING: /home/andrew/poky/meta/recipes-devtools/go/go_1.22.12.bb: Variable key PREFERRED_VERSION_go-cross-${TUNE_PKGARCH} (${GOVERSION}) replaces original key PREFERRED_VERSION_go-cross-x86_64 (1.22%).
WARNING: /home/andrew/poky/meta/recipes-devtools/python/python3-certifi_2024.2.2.bb: Variable key PREFERRED_VERSION_go-cross-${TUNE_PKGARCH} (${GOVERSION}) replaces original key PREFERRED_VERSION_go-cross-x86_64 (1.22%).
WARNING: /home/andrew/meta-openembedded/meta-oe/recipes-devtools/nlohmann-json/nlohmann-json_3.11.3.bb: Variable key PREFERRED_VERSION_go-cross-${TUNE_PKGARCH} (${GOVERSION}) replaces original key PREFERRED_VERSION_go-cross-x86_64 (1.22%).
WARNING: /home/andrew/meta-openembedded/meta-oe/recipes-devtools/msgpack/msgpack-cpp_6.1.0.bb: Variable key PREFERRED_VERSION_go-cross-${TUNE_PKGARCH} (${GOVERSION}) replaces original key PREFERRED_VERSION_go-cross-x86_64 (1.22%).
WARNING: /home/andrew/meta-openembedded/meta-python/recipes-devtools/python/python3-pyjks_20.0.0.bb: Variable key PREFERRED_VERSION_go-cross-${TUNE_PKGARCH} (${GOVERSION}) replaces original key PREFERRED_VERSION_go-cross-x86_64 (1.22%).
WARNING: /home/andrew/meta-openembedded/meta-oe/recipes-support/lcov/lcov_1.16.bb: Variable key PREFERRED_VERSION_go-cross-${TUNE_PKGARCH} (${GOVERSION}) replaces original key PREFERRED_VERSION_go-cross-x86_64 (1.22%).
WARNING: /home/andrew/poky/meta/recipes-devtools/ruby/ruby_3.3.10.bb: Variable key PREFERRED_VERSION_go-cross-${TUNE_PKGARCH} (${GOVERSION}) replaces original key PREFERRED_VERSION_go-cross-x86_64 (1.22%).
WARNING: /home/andrew/poky/meta/recipes-extended/bash/bash_5.2.21.bb: Variable key PREFERRED_VERSION_go-cross-${TUNE_PKGARCH} (${GOVERSION}) replaces original key PREFERRED_VERSION_go-cross-x86_64 (1.22%).
WARNING: /home/andrew/meta-openembedded/meta-oe/recipes-connectivity/thrift/thrift_0.20.0.bb: Variable key PREFERRED_VERSION_go-cross-${TUNE_PKGARCH} (${GOVERSION}) replaces original key PREFERRED_VERSION_go-cross-x86_64 (1.22%).
WARNING: /home/andrew/poky/meta/recipes-devtools/python/python3-ruamel-yaml_0.18.6.bb: Variable key PREFERRED_VERSION_go-cross-${TUNE_PKGARCH} (${GOVERSION}) replaces original key PREFERRED_VERSION_go-cross-x86_64 (1.22%).
WARNING: /home/andrew/meta-arm/meta-arm/recipes-devtools/fvp/fvp-n1-edge.bb: Variable key PREFERRED_VERSION_go-cross-${TUNE_PKGARCH} (${GOVERSION}) replaces original key PREFERRED_VERSION_go-cross-x86_64 (1.22%).
WARNING: /home/andrew/poky/meta/recipes-devtools/python/python3-lxml_5.0.2.bb: Variable key PREFERRED_VERSION_go-cross-${TUNE_PKGARCH} (${GOVERSION}) replaces original key PREFERRED_VERSION_go-cross-x86_64 (1.22%).
WARNING: /home/andrew/meta-openembedded/meta-python/recipes-devtools/python/python3-pytoml_0.1.21.bb: Variable key PREFERRED_VERSION_go-cross-${TUNE_PKGARCH} (${GOVERSION}) replaces original key PREFERRED_VERSION_go-cross-x86_64 (1.22%).
WARNING: /home/andrew/poky/meta/recipes-support/libksba/libksba_1.6.6.bb: Variable key PREFERRED_VERSION_go-cross-${TUNE_PKGARCH} (${GOVERSION}) replaces original key PREFERRED_VERSION_go-cross-x86_64 (1.22%).
WARNING: /home/andrew/meta-openembedded/meta-python/recipes-devtools/python/python3-pytest-cache_1.0.bb: Variable key PREFERRED_VERSION_go-cross-${TUNE_PKGARCH} (${GOVERSION}) replaces original key PREFERRED_VERSION_go-cross-x86_64 (1.22%).
WARNING: /home/andrew/meta-openembedded/meta-python/recipes-devtools/python/python3-tqdm_4.66.3.bb: Variable key PREFERRED_VERSION_go-cross-${TUNE_PKGARCH} (${GOVERSION}) replaces original key PREFERRED_VERSION_go-cross-x86_64 (1.22%).
WARNING: /home/andrew/meta-openembedded/meta-networking/recipes-support/spice/spice-protocol_0.14.4.bb: Variable key PREFERRED_VERSION_go-cross-${TUNE_PKGARCH} (${GOVERSION}) replaces original key PREFERRED_VERSION_go-cross-x86_64 (1.22%).
WARNING: /home/andrew/poky/meta/recipes-support/vim/vim_9.1.bb: Variable key PREFERRED_VERSION_go-cross-${TUNE_PKGARCH} (${GOVERSION}) replaces original key PREFERRED_VERSION_go-cross-x86_64 (1.22%).
WARNING: /home/andrew/poky/meta/recipes-devtools/e2fsprogs/e2fsprogs_1.47.0.bb: Variable key PREFERRED_VERSION_go-cross-${TUNE_PKGARCH} (${GOVERSION}) replaces original key PREFERRED_VERSION_go-cross-x86_64 (1.22%).
WARNING: /home/andrew/poky/meta/recipes-devtools/createrepo-c/createrepo-c_1.0.4.bb: Variable key PREFERRED_VERSION_go-cross-${TUNE_PKGARCH} (${GOVERSION}) replaces original key PREFERRED_VERSION_go-cross-x86_64 (1.22%).
WARNING: /home/andrew/meta-arm/meta-arm/recipes-devtools/fvp/fvp-base-a-aem_11.25.15.bb: Variable key PREFERRED_VERSION_go-cross-${TUNE_PKGARCH} (${GOVERSION}) replaces original key PREFERRED_VERSION_go-cross-x86_64 (1.22%).
WARNING: /home/andrew/poky/meta/recipes-devtools/python/python3-dbus_1.3.2.bb: Variable key PREFERRED_VERSION_go-cross-${TUNE_PKGARCH} (${GOVERSION}) replaces original key PREFERRED_VERSION_go-cross-x86_64 (1.22%).
WARNING: /home/andrew/meta-openembedded/meta-oe/recipes-support/re2/re2_2024.03.01.bb: Variable key PREFERRED_VERSION_go-cross-${TUNE_PKGARCH} (${GOVERSION}) replaces original key PREFERRED_VERSION_go-cross-x86_64 (1.22%).
WARNING: /home/andrew/poky/meta/recipes-devtools/python/python3-rfc3986-validator_0.1.1.bb: Variable key PREFERRED_VERSION_go-cross-${TUNE_PKGARCH} (${GOVERSION}) replaces original key PREFERRED_VERSION_go-cross-x86_64 (1.22%).
WARNING: /home/andrew/poky/meta/recipes-support/libpcre/libpcre_8.45.bb: Variable key PREFERRED_VERSION_go-cross-${TUNE_PKGARCH} (${GOVERSION}) replaces original key PREFERRED_VERSION_go-cross-x86_64 (1.22%).
WARNING: /home/andrew/poky/meta/recipes-devtools/chrpath/chrpath_0.16.bb: Variable key PREFERRED_VERSION_go-cross-${TUNE_PKGARCH} (${GOVERSION}) replaces original key PREFERRED_VERSION_go-cross-x86_64 (1.22%).
WARNING: /home/andrew/poky/meta/recipes-graphics/xorg-proto/xcb-proto_1.16.0.bb: Variable key PREFERRED_VERSION_go-cross-${TUNE_PKGARCH} (${GOVERSION}) replaces original key PREFERRED_VERSION_go-cross-x86_64 (1.22%).
WARNING: /home/andrew/meta-openembedded/meta-python/recipes-devtools/python/python3-colorama_0.4.6.bb: Variable key PREFERRED_VERSION_go-cross-${TUNE_PKGARCH} (${GOVERSION}) replaces original key PREFERRED_VERSION_go-cross-x86_64 (1.22%).
WARNING: /home/andrew/poky/meta/recipes-graphics/libva/libva-initial_2.20.0.bb: Variable key PREFERRED_VERSION_go-cross-${TUNE_PKGARCH} (${GOVERSION}) replaces original key PREFERRED_VERSION_go-cross-x86_64 (1.22%).
WARNING: /home/andrew/meta-openembedded/meta-python/recipes-devtools/python/python3-pyserial_3.5.bb: Variable key PREFERRED_VERSION_go-cross-${TUNE_PKGARCH} (${GOVERSION}) replaces original key PREFERRED_VERSION_go-cross-x86_64 (1.22%).
WARNING: /home/andrew/poky/meta/recipes-multimedia/libtiff/tiff_4.6.0.bb: Variable key PREFERRED_VERSION_go-cross-${TUNE_PKGARCH} (${GOVERSION}) replaces original key PREFERRED_VERSION_go-cross-x86_64 (1.22%).
WARNING: /home/andrew/poky/meta/recipes-devtools/subversion/subversion_1.14.3.bb: Variable key PREFERRED_VERSION_go-cross-${TUNE_PKGARCH} (${GOVERSION}) replaces original key PREFERRED_VERSION_go-cross-x86_64 (1.22%).
WARNING: /home/andrew/meta-openembedded/meta-oe/recipes-support/libtinyxml2/libtinyxml2_10.0.0.bb: Variable key PREFERRED_VERSION_go-cross-${TUNE_PKGARCH} (${GOVERSION}) replaces original key PREFERRED_VERSION_go-cross-x86_64 (1.22%).
WARNING: /home/andrew/poky/meta/recipes-devtools/python/python3-ndg-httpsclient_0.5.1.bb: Variable key PREFERRED_VERSION_go-cross-${TUNE_PKGARCH} (${GOVERSION}) replaces original key PREFERRED_VERSION_go-cross-x86_64 (1.22%).
WARNING: /home/andrew/poky/meta/recipes-devtools/swig/swig_4.2.1.bb: Variable key PREFERRED_VERSION_go-cross-${TUNE_PKGARCH} (${GOVERSION}) replaces original key PREFERRED_VERSION_go-cross-x86_64 (1.22%).
WARNING: /home/andrew/meta-openembedded/meta-networking/recipes-connectivity/mbedtls/mbedtls_3.6.5.bb: Variable key PREFERRED_VERSION_go-cross-${TUNE_PKGARCH} (${GOVERSION}) replaces original key PREFERRED_VERSION_go-cross-x86_64 (1.22%).
WARNING: /home/andrew/meta-openembedded/meta-python/recipes-devtools/python/python3-imgtool_2.0.0.bb: Variable key PREFERRED_VERSION_go-cross-${TUNE_PKGARCH} (${GOVERSION}) replaces original key PREFERRED_VERSION_go-cross-x86_64 (1.22%).
WARNING: /home/andrew/poky/meta/recipes-devtools/python/python3-typing-extensions_4.10.0.bb: Variable key PREFERRED_VERSION_go-cross-${TUNE_PKGARCH} (${GOVERSION}) replaces original key PREFERRED_VERSION_go-cross-x86_64 (1.22%).
WARNING: /home/andrew/meta-openembedded/meta-python/recipes-devtools/python/python3-cmd2_2.4.3.bb: Variable key PREFERRED_VERSION_go-cross-${TUNE_PKGARCH} (${GOVERSION}) replaces original key PREFERRED_VERSION_go-cross-x86_64 (1.22%).
WARNING: /home/andrew/meta-arm/meta-arm/recipes-devtools/python/python3-pyhsslms_2.0.0.bb: Variable key PREFERRED_VERSION_go-cross-${TUNE_PKGARCH} (${GOVERSION}) replaces original key PREFERRED_VERSION_go-cross-x86_64 (1.22%).
WARNING: /home/andrew/meta-openembedded/meta-python/recipes-devtools/python/python3-graphviz_0.20.3.bb: Variable key PREFERRED_VERSION_go-cross-${TUNE_PKGARCH} (${GOVERSION}) replaces original key PREFERRED_VERSION_go-cross-x86_64 (1.22%).
WARNING: /home/andrew/meta-openembedded/meta-oe/recipes-devtools/pahole/pahole_1.25.bb: Variable key PREFERRED_VERSION_go-cross-${TUNE_PKGARCH} (${GOVERSION}) replaces original key PREFERRED_VERSION_go-cross-x86_64 (1.22%).
WARNING: /home/andrew/poky/meta/recipes-devtools/unifdef/unifdef_2.12.bb: Variable key PREFERRED_VERSION_go-cross-${TUNE_PKGARCH} (${GOVERSION}) replaces original key PREFERRED_VERSION_go-cross-x86_64 (1.22%).
WARNING: /home/andrew/meta-openembedded/meta-oe/recipes-kernel/libbpf/libbpf_1.4.7.bb: Variable key PREFERRED_VERSION_go-cross-${TUNE_PKGARCH} (${GOVERSION}) replaces original key PREFERRED_VERSION_go-cross-x86_64 (1.22%).
WARNING: /home/andrew/poky/meta/recipes-devtools/python/python3-webcolors_1.13.bb: Variable key PREFERRED_VERSION_go-cross-${TUNE_PKGARCH} (${GOVERSION}) replaces original key PREFERRED_VERSION_go-cross-x86_64 (1.22%).
WARNING: /home/andrew/poky/meta/recipes-devtools/libtool/nativesdk-libtool_2.4.7.bb: Variable key PREFERRED_VERSION_go-cross-${TUNE_PKGARCH} (${GOVERSION}) replaces original key PREFERRED_VERSION_go-cross-x86_64 (1.22%).
WARNING: /home/andrew/meta-openembedded/meta-python/recipes-devtools/python/python3-pyyaml-include_1.3.2.bb: Variable key PREFERRED_VERSION_go-cross-${TUNE_PKGARCH} (${GOVERSION}) replaces original key PREFERRED_VERSION_go-cross-x86_64 (1.22%).
WARNING: /home/andrew/poky/meta/recipes-devtools/python/python3-sphinxcontrib-qthelp_1.0.7.bb: Variable key PREFERRED_VERSION_go-cross-${TUNE_PKGARCH} (${GOVERSION}) replaces original key PREFERRED_VERSION_go-cross-x86_64 (1.22%).
WARNING: /home/andrew/meta-openembedded/meta-python/recipes-devtools/python/python3-libconf_2.0.1.bb: Variable key PREFERRED_VERSION_go-cross-${TUNE_PKGARCH} (${GOVERSION}) replaces original key PREFERRED_VERSION_go-cross-x86_64 (1.22%).
WARNING: /home/andrew/poky/meta/recipes-devtools/perl/libxml-parser-perl_2.47.bb: Variable key PREFERRED_VERSION_go-cross-${TUNE_PKGARCH} (${GOVERSION}) replaces original key PREFERRED_VERSION_go-cross-x86_64 (1.22%).
WARNING: /home/andrew/poky/meta/recipes-gnome/gnome/adwaita-icon-theme_45.0.bb: Variable key PREFERRED_VERSION_go-cross-${TUNE_PKGARCH} (${GOVERSION}) replaces original key PREFERRED_VERSION_go-cross-x86_64 (1.22%).
WARNING: /home/andrew/meta-openembedded/meta-python/recipes-devtools/python/python3-grpcio_1.62.2.bb: Variable key PREFERRED_VERSION_go-cross-${TUNE_PKGARCH} (${GOVERSION}) replaces original key PREFERRED_VERSION_go-cross-x86_64 (1.22%).
WARNING: /home/andrew/meta-openembedded/meta-python/recipes-devtools/python/python3-cppy_1.2.1.bb: Variable key PREFERRED_VERSION_go-cross-${TUNE_PKGARCH} (${GOVERSION}) replaces original key PREFERRED_VERSION_go-cross-x86_64 (1.22%).
WARNING: /home/andrew/meta-openembedded/meta-python/recipes-devtools/python/python3-dill_0.3.8.bb: Variable key PREFERRED_VERSION_go-cross-${TUNE_PKGARCH} (${GOVERSION}) replaces original key PREFERRED_VERSION_go-cross-x86_64 (1.22%).
WARNING: /home/andrew/poky/meta/recipes-devtools/python/python3-chardet_5.2.0.bb: Variable key PREFERRED_VERSION_go-cross-${TUNE_PKGARCH} (${GOVERSION}) replaces original key PREFERRED_VERSION_go-cross-x86_64 (1.22%).
WARNING: /home/andrew/poky/meta/recipes-devtools/expect/expect_5.45.4.bb: Variable key PREFERRED_VERSION_go-cross-${TUNE_PKGARCH} (${GOVERSION}) replaces original key PREFERRED_VERSION_go-cross-x86_64 (1.22%).
WARNING: /home/andrew/meta-openembedded/meta-python/recipes-devtools/python/python3-process-tests_3.0.0.bb: Variable key PREFERRED_VERSION_go-cross-${TUNE_PKGARCH} (${GOVERSION}) replaces original key PREFERRED_VERSION_go-cross-x86_64 (1.22%).
WARNING: /home/andrew/poky/meta/recipes-graphics/xorg-lib/pixman_0.42.2.bb: Variable key PREFERRED_VERSION_go-cross-${TUNE_PKGARCH} (${GOVERSION}) replaces original key PREFERRED_VERSION_go-cross-x86_64 (1.22%).
WARNING: /home/andrew/poky/meta/recipes-core/util-linux/util-linux-libuuid_2.39.3.bb: Variable key PREFERRED_VERSION_go-cross-${TUNE_PKGARCH} (${GOVERSION}) replaces original key PREFERRED_VERSION_go-cross-x86_64 (1.22%).
WARNING: /home/andrew/meta-openembedded/meta-python/recipes-devtools/python/python3-arpeggio_2.0.2.bb: Variable key PREFERRED_VERSION_go-cross-${TUNE_PKGARCH} (${GOVERSION}) replaces original key PREFERRED_VERSION_go-cross-x86_64 (1.22%).
WARNING: /home/andrew/meta-openembedded/meta-python/recipes-devtools/python/python3-kconfiglib_14.1.0.bb: Variable key PREFERRED_VERSION_go-cross-${TUNE_PKGARCH} (${GOVERSION}) replaces original key PREFERRED_VERSION_go-cross-x86_64 (1.22%).
WARNING: /home/andrew/poky/meta/recipes-support/libbsd/libbsd_0.12.1.bb: Variable key PREFERRED_VERSION_go-cross-${TUNE_PKGARCH} (${GOVERSION}) replaces original key PREFERRED_VERSION_go-cross-x86_64 (1.22%).
WARNING: /home/andrew/meta-openembedded/meta-networking/recipes-support/celt051/celt051_git.bb: Variable key PREFERRED_VERSION_go-cross-${TUNE_PKGARCH} (${GOVERSION}) replaces original key PREFERRED_VERSION_go-cross-x86_64 (1.22%).
WARNING: /home/andrew/meta-arm/meta-arm/recipes-devtools/fvp/fvp-sgi575.bb: Variable key PREFERRED_VERSION_go-cross-${TUNE_PKGARCH} (${GOVERSION}) replaces original key PREFERRED_VERSION_go-cross-x86_64 (1.22%).
WARNING: /home/andrew/meta-openembedded/meta-python/recipes-devtools/python/python3-gmqtt_0.6.14.bb: Variable key PREFERRED_VERSION_go-cross-${TUNE_PKGARCH} (${GOVERSION}) replaces original key PREFERRED_VERSION_go-cross-x86_64 (1.22%).
WARNING: /home/andrew/poky/meta/recipes-devtools/gcc/gcc_13.4.bb: Variable key PREFERRED_VERSION_go-cross-${TUNE_PKGARCH} (${GOVERSION}) replaces original key PREFERRED_VERSION_go-cross-x86_64 (1.22%).
WARNING: /home/andrew/meta-openembedded/meta-oe/recipes-devtools/protobuf/protobuf-c_1.5.0.bb: Variable key PREFERRED_VERSION_go-cross-${TUNE_PKGARCH} (${GOVERSION}) replaces original key PREFERRED_VERSION_go-cross-x86_64 (1.22%).
WARNING: /home/andrew/poky/meta/recipes-kernel/linux-libc-headers/linux-libc-headers_6.6.bb: Variable key PREFERRED_VERSION_go-cross-${TUNE_PKGARCH} (${GOVERSION}) replaces original key PREFERRED_VERSION_go-cross-x86_64 (1.22%).
WARNING: /home/andrew/meta-openembedded/meta-oe/recipes-extended/zsync/zsync-curl_git.bb: Variable key PREFERRED_VERSION_go-cross-${TUNE_PKGARCH} (${GOVERSION}) replaces original key PREFERRED_VERSION_go-cross-x86_64 (1.22%).
WARNING: /home/andrew/meta-openembedded/meta-oe/recipes-extended/nana/nana_git.bb: Variable key PREFERRED_VERSION_go-cross-${TUNE_PKGARCH} (${GOVERSION}) replaces original key PREFERRED_VERSION_go-cross-x86_64 (1.22%).
WARNING: /home/andrew/meta-openembedded/meta-oe/recipes-devtools/nlohmann-fifo/nlohmann-fifo_git.bb: Variable key PREFERRED_VERSION_go-cross-${TUNE_PKGARCH} (${GOVERSION}) replaces original key PREFERRED_VERSION_go-cross-x86_64 (1.22%).
WARNING: /home/andrew/meta-openembedded/meta-oe/recipes-support/xdelta/xdelta3_3.1.0.bb: Variable key PREFERRED_VERSION_go-cross-${TUNE_PKGARCH} (${GOVERSION}) replaces original key PREFERRED_VERSION_go-cross-x86_64 (1.22%).
WARNING: /home/andrew/poky/meta/recipes-support/shared-mime-info/shared-mime-info_2.4.bb: Variable key PREFERRED_VERSION_go-cross-${TUNE_PKGARCH} (${GOVERSION}) replaces original key PREFERRED_VERSION_go-cross-x86_64 (1.22%).
WARNING: /home/andrew/poky/meta/recipes-devtools/python/python3-pyparsing_3.1.1.bb: Variable key PREFERRED_VERSION_go-cross-${TUNE_PKGARCH} (${GOVERSION}) replaces original key PREFERRED_VERSION_go-cross-x86_64 (1.22%).
WARNING: /home/andrew/meta-openembedded/meta-python/recipes-devtools/python/python3-janus_1.0.0.bb: Variable key PREFERRED_VERSION_go-cross-${TUNE_PKGARCH} (${GOVERSION}) replaces original key PREFERRED_VERSION_go-cross-x86_64 (1.22%).
WARNING: /home/andrew/meta-arm/meta-arm/recipes-devtools/fvp/fvp-corstone1000.bb: Variable key PREFERRED_VERSION_go-cross-${TUNE_PKGARCH} (${GOVERSION}) replaces original key PREFERRED_VERSION_go-cross-x86_64 (1.22%).
WARNING: /home/andrew/meta-openembedded/meta-python/recipes-devtools/python/python3-shellingham_1.5.4.bb: Variable key PREFERRED_VERSION_go-cross-${TUNE_PKGARCH} (${GOVERSION}) replaces original key PREFERRED_VERSION_go-cross-x86_64 (1.22%).
WARNING: /home/andrew/poky/meta/recipes-graphics/spir/spirv-tools_1.3.275.0.bb: Variable key PREFERRED_VERSION_go-cross-${TUNE_PKGARCH} (${GOVERSION}) replaces original key PREFERRED_VERSION_go-cross-x86_64 (1.22%).
WARNING: /home/andrew/poky/meta/recipes-graphics/ttf-fonts/liberation-fonts_2.1.5.bb: Variable key PREFERRED_VERSION_go-cross-${TUNE_PKGARCH} (${GOVERSION}) replaces original key PREFERRED_VERSION_go-cross-x86_64 (1.22%).
WARNING: /home/andrew/meta-openembedded/meta-python/recipes-devtools/python/python3-virtualenv_20.25.3.bb: Variable key PREFERRED_VERSION_go-cross-${TUNE_PKGARCH} (${GOVERSION}) replaces original key PREFERRED_VERSION_go-cross-x86_64 (1.22%).
WARNING: /home/andrew/poky/meta/recipes-devtools/opkg-utils/opkg-utils_0.6.3.bb: Variable key PREFERRED_VERSION_go-cross-${TUNE_PKGARCH} (${GOVERSION}) replaces original key PREFERRED_VERSION_go-cross-x86_64 (1.22%).
WARNING: /home/andrew/poky/meta/recipes-support/pinentry/pinentry_1.2.1.bb: Variable key PREFERRED_VERSION_go-cross-${TUNE_PKGARCH} (${GOVERSION}) replaces original key PREFERRED_VERSION_go-cross-x86_64 (1.22%).
WARNING: /home/andrew/meta-openembedded/meta-python/recipes-devtools/python/python3-pycodestyle_2.11.1.bb: Variable key PREFERRED_VERSION_go-cross-${TUNE_PKGARCH} (${GOVERSION}) replaces original key PREFERRED_VERSION_go-cross-x86_64 (1.22%).
WARNING: /home/andrew/poky/meta/recipes-support/attr/attr_2.5.1.bb: Variable key PREFERRED_VERSION_go-cross-${TUNE_PKGARCH} (${GOVERSION}) replaces original key PREFERRED_VERSION_go-cross-x86_64 (1.22%).
WARNING: /home/andrew/meta-openembedded/meta-python/recipes-devtools/python-jsonref/python3-jsonref_1.1.0.bb: Variable key PREFERRED_VERSION_go-cross-${TUNE_PKGARCH} (${GOVERSION}) replaces original key PREFERRED_VERSION_go-cross-x86_64 (1.22%).
WARNING: /home/andrew/poky/meta/recipes-devtools/python/python3-dtschema_2024.2.bb: Variable key PREFERRED_VERSION_go-cross-${TUNE_PKGARCH} (${GOVERSION}) replaces original key PREFERRED_VERSION_go-cross-x86_64 (1.22%).
WARNING: /home/andrew/poky/meta/recipes-support/libcap-ng/libcap-ng_0.8.5.bb: Variable key PREFERRED_VERSION_go-cross-${TUNE_PKGARCH} (${GOVERSION}) replaces original key PREFERRED_VERSION_go-cross-x86_64 (1.22%).
WARNING: /home/andrew/poky/meta/recipes-devtools/libdnf/libdnf_0.73.2.bb: Variable key PREFERRED_VERSION_go-cross-${TUNE_PKGARCH} (${GOVERSION}) replaces original key PREFERRED_VERSION_go-cross-x86_64 (1.22%).
WARNING: /home/andrew/poky/meta/recipes-devtools/python/python3-importlib-metadata_7.0.1.bb: Variable key PREFERRED_VERSION_go-cross-${TUNE_PKGARCH} (${GOVERSION}) replaces original key PREFERRED_VERSION_go-cross-x86_64 (1.22%).
WARNING: /home/andrew/meta-openembedded/meta-python/recipes-devtools/python/python3-cchardet_2.1.7.bb: Variable key PREFERRED_VERSION_go-cross-${TUNE_PKGARCH} (${GOVERSION}) replaces original key PREFERRED_VERSION_go-cross-x86_64 (1.22%).
WARNING: /home/andrew/meta-openembedded/meta-python/recipes-devtools/python/python3-xmlschema_3.0.1.bb: Variable key PREFERRED_VERSION_go-cross-${TUNE_PKGARCH} (${GOVERSION}) replaces original key PREFERRED_VERSION_go-cross-x86_64 (1.22%).
WARNING: /home/andrew/meta-openembedded/meta-python/recipes-devtools/python/python3-multidict_6.0.5.bb: Variable key PREFERRED_VERSION_go-cross-${TUNE_PKGARCH} (${GOVERSION}) replaces original key PREFERRED_VERSION_go-cross-x86_64 (1.22%).
WARNING: /home/andrew/meta-rauc/recipes-casync/casync/casync_git.bb: Variable key PREFERRED_VERSION_go-cross-${TUNE_PKGARCH} (${GOVERSION}) replaces original key PREFERRED_VERSION_go-cross-x86_64 (1.22%).
WARNING: /home/andrew/meta-openembedded/meta-oe/recipes-core/sdbus-c++/sdbus-c++-tools_2.0.0.bb: Variable key PREFERRED_VERSION_go-cross-${TUNE_PKGARCH} (${GOVERSION}) replaces original key PREFERRED_VERSION_go-cross-x86_64 (1.22%).
WARNING: /home/andrew/poky/meta/recipes-graphics/xorg-lib/libice_1.1.1.bb: Variable key PREFERRED_VERSION_go-cross-${TUNE_PKGARCH} (${GOVERSION}) replaces original key PREFERRED_VERSION_go-cross-x86_64 (1.22%).
WARNING: /home/andrew/poky/meta/recipes-support/libcap-ng/libcap-ng-python_0.8.5.bb: Variable key PREFERRED_VERSION_go-cross-${TUNE_PKGARCH} (${GOVERSION}) replaces original key PREFERRED_VERSION_go-cross-x86_64 (1.22%).
WARNING: /home/andrew/poky/meta/recipes-graphics/xorg-lib/libxdmcp_1.1.4.bb: Variable key PREFERRED_VERSION_go-cross-${TUNE_PKGARCH} (${GOVERSION}) replaces original key PREFERRED_VERSION_go-cross-x86_64 (1.22%).
WARNING: /home/andrew/poky/meta/recipes-devtools/gcc/gcc-sanitizers_13.4.bb: Variable key PREFERRED_VERSION_go-cross-${TUNE_PKGARCH} (${GOVERSION}) replaces original key PREFERRED_VERSION_go-cross-x86_64 (1.22%).
WARNING: /home/andrew/poky/meta/recipes-devtools/libmodulemd/libmodulemd_git.bb: Variable key PREFERRED_VERSION_go-cross-${TUNE_PKGARCH} (${GOVERSION}) replaces original key PREFERRED_VERSION_go-cross-x86_64 (1.22%).
WARNING: /home/andrew/meta-openembedded/meta-oe/recipes-extended/docopt.cpp/docopt.cpp_git.bb: Variable key PREFERRED_VERSION_go-cross-${TUNE_PKGARCH} (${GOVERSION}) replaces original key PREFERRED_VERSION_go-cross-x86_64 (1.22%).
WARNING: /home/andrew/poky/meta/recipes-devtools/autoconf-archive/autoconf-archive_2023.02.20.bb: Variable key PREFERRED_VERSION_go-cross-${TUNE_PKGARCH} (${GOVERSION}) replaces original key PREFERRED_VERSION_go-cross-x86_64 (1.22%).
WARNING: /home/andrew/meta-openembedded/meta-python/recipes-devtools/python/python3-pykwalify_1.8.0.bb: Variable key PREFERRED_VERSION_go-cross-${TUNE_PKGARCH} (${GOVERSION}) replaces original key PREFERRED_VERSION_go-cross-x86_64 (1.22%).
WARNING: /home/andrew/meta-openembedded/meta-oe/recipes-support/c-ares/c-ares_1.27.0.bb: Variable key PREFERRED_VERSION_go-cross-${TUNE_PKGARCH} (${GOVERSION}) replaces original key PREFERRED_VERSION_go-cross-x86_64 (1.22%).
WARNING: /home/andrew/meta-openembedded/meta-oe/recipes-graphics/libyui/libyui_4.2.3.bb: Variable key PREFERRED_VERSION_go-cross-${TUNE_PKGARCH} (${GOVERSION}) replaces original key PREFERRED_VERSION_go-cross-x86_64 (1.22%).
WARNING: /home/andrew/meta-openembedded/meta-python/recipes-devtools/python/python3-cachecontrol_0.14.0.bb: Variable key PREFERRED_VERSION_go-cross-${TUNE_PKGARCH} (${GOVERSION}) replaces original key PREFERRED_VERSION_go-cross-x86_64 (1.22%).
WARNING: /home/andrew/poky/meta/recipes-support/attr/acl_2.3.2.bb: Variable key PREFERRED_VERSION_go-cross-${TUNE_PKGARCH} (${GOVERSION}) replaces original key PREFERRED_VERSION_go-cross-x86_64 (1.22%).
WARNING: /home/andrew/poky/meta/recipes-devtools/python/python3-hatch-fancy-pypi-readme_24.1.0.bb: Variable key PREFERRED_VERSION_go-cross-${TUNE_PKGARCH} (${GOVERSION}) replaces original key PREFERRED_VERSION_go-cross-x86_64 (1.22%).
WARNING: /home/andrew/poky/meta/recipes-devtools/gcc/gcc-runtime_13.4.bb: Variable key PREFERRED_VERSION_go-cross-${TUNE_PKGARCH} (${GOVERSION}) replaces original key PREFERRED_VERSION_go-cross-x86_64 (1.22%).
WARNING: /home/andrew/poky/meta/recipes-devtools/syslinux/syslinux_6.04-pre2.bb: Variable key PREFERRED_VERSION_go-cross-${TUNE_PKGARCH} (${GOVERSION}) replaces original key PREFERRED_VERSION_go-cross-x86_64 (1.22%).
WARNING: /home/andrew/poky/meta/recipes-support/libsoup/libsoup-2.4_2.74.3.bb: Variable key PREFERRED_VERSION_go-cross-${TUNE_PKGARCH} (${GOVERSION}) replaces original key PREFERRED_VERSION_go-cross-x86_64 (1.22%).
WARNING: /home/andrew/poky/meta/recipes-support/ca-certificates/ca-certificates_20250419.bb: Variable key PREFERRED_VERSION_go-cross-${TUNE_PKGARCH} (${GOVERSION}) replaces original key PREFERRED_VERSION_go-cross-x86_64 (1.22%).
WARNING: /home/andrew/meta-openembedded/meta-oe/recipes-extended/p7zip/p7zip_16.02.bb: Variable key PREFERRED_VERSION_go-cross-${TUNE_PKGARCH} (${GOVERSION}) replaces original key PREFERRED_VERSION_go-cross-x86_64 (1.22%).
WARNING: /home/andrew/poky/meta/recipes-devtools/dpkg/dpkg_1.22.0.bb: Variable key PREFERRED_VERSION_go-cross-${TUNE_PKGARCH} (${GOVERSION}) replaces original key PREFERRED_VERSION_go-cross-x86_64 (1.22%).
WARNING: /home/andrew/meta-openembedded/meta-python/recipes-devtools/python/python3-distlib_0.3.8.bb: Variable key PREFERRED_VERSION_go-cross-${TUNE_PKGARCH} (${GOVERSION}) replaces original key PREFERRED_VERSION_go-cross-x86_64 (1.22%).
WARNING: /home/andrew/meta-openembedded/meta-oe/recipes-security/keyutils/keyutils_1.6.3.bb: Variable key PREFERRED_VERSION_go-cross-${TUNE_PKGARCH} (${GOVERSION}) replaces original key PREFERRED_VERSION_go-cross-x86_64 (1.22%).
WARNING: /home/andrew/poky/meta/recipes-extended/shadow/shadow_4.14.2.bb: Variable key PREFERRED_VERSION_go-cross-${TUNE_PKGARCH} (${GOVERSION}) replaces original key PREFERRED_VERSION_go-cross-x86_64 (1.22%).
WARNING: /home/andrew/poky/meta/recipes-devtools/python/python3-pygments_2.17.2.bb: Variable key PREFERRED_VERSION_go-cross-${TUNE_PKGARCH} (${GOVERSION}) replaces original key PREFERRED_VERSION_go-cross-x86_64 (1.22%).
WARNING: /home/andrew/meta-openembedded/meta-python/recipes-devtools/python/python3-cycler_0.12.1.bb: Variable key PREFERRED_VERSION_go-cross-${TUNE_PKGARCH} (${GOVERSION}) replaces original key PREFERRED_VERSION_go-cross-x86_64 (1.22%).
WARNING: /home/andrew/poky/meta/recipes-devtools/python/python3-jsonschema_4.21.1.bb: Variable key PREFERRED_VERSION_go-cross-${TUNE_PKGARCH} (${GOVERSION}) replaces original key PREFERRED_VERSION_go-cross-x86_64 (1.22%).
WARNING: /home/andrew/meta-openembedded/meta-oe/recipes-bsp/pointercal/pointercal_0.0.bb: Variable key PREFERRED_VERSION_go-cross-${TUNE_PKGARCH} (${GOVERSION}) replaces original key PREFERRED_VERSION_go-cross-x86_64 (1.22%).
WARNING: /home/andrew/meta-openembedded/meta-oe/recipes-devtools/aer-inject/aer-inject_1.0.bb: Variable key PREFERRED_VERSION_go-cross-${TUNE_PKGARCH} (${GOVERSION}) replaces original key PREFERRED_VERSION_go-cross-x86_64 (1.22%).
WARNING: /home/andrew/poky/meta/recipes-graphics/wayland/wayland-protocols_1.33.bb: Variable key PREFERRED_VERSION_go-cross-${TUNE_PKGARCH} (${GOVERSION}) replaces original key PREFERRED_VERSION_go-cross-x86_64 (1.22%).
WARNING: /home/andrew/poky/meta/recipes-devtools/python/python3-hatchling_1.21.1.bb: Variable key PREFERRED_VERSION_go-cross-${TUNE_PKGARCH} (${GOVERSION}) replaces original key PREFERRED_VERSION_go-cross-x86_64 (1.22%).
WARNING: /home/andrew/poky/meta/recipes-multimedia/alsa/alsa-lib_1.2.11.bb: Variable key PREFERRED_VERSION_go-cross-${TUNE_PKGARCH} (${GOVERSION}) replaces original key PREFERRED_VERSION_go-cross-x86_64 (1.22%).
WARNING: /home/andrew/meta-openembedded/meta-python/recipes-devtools/python/python3-tox_4.14.2.bb: Variable key PREFERRED_VERSION_go-cross-${TUNE_PKGARCH} (${GOVERSION}) replaces original key PREFERRED_VERSION_go-cross-x86_64 (1.22%).
WARNING: /home/andrew/poky/meta/recipes-support/lzop/lzop_1.04.bb: Variable key PREFERRED_VERSION_go-cross-${TUNE_PKGARCH} (${GOVERSION}) replaces original key PREFERRED_VERSION_go-cross-x86_64 (1.22%).
WARNING: /home/andrew/meta-openembedded/meta-oe/recipes-devtools/cjson/cjson_1.7.19.bb: Variable key PREFERRED_VERSION_go-cross-${TUNE_PKGARCH} (${GOVERSION}) replaces original key PREFERRED_VERSION_go-cross-x86_64 (1.22%).
WARNING: /home/andrew/poky/meta/recipes-devtools/python/python3-tomli_2.0.1.bb: Variable key PREFERRED_VERSION_go-cross-${TUNE_PKGARCH} (${GOVERSION}) replaces original key PREFERRED_VERSION_go-cross-x86_64 (1.22%).
WARNING: /home/andrew/poky/meta/recipes-devtools/patchelf/patchelf_0.18.0.bb: Variable key PREFERRED_VERSION_go-cross-${TUNE_PKGARCH} (${GOVERSION}) replaces original key PREFERRED_VERSION_go-cross-x86_64 (1.22%).
WARNING: /home/andrew/poky/meta/recipes-extended/libaio/libaio_0.3.113.bb: Variable key PREFERRED_VERSION_go-cross-${TUNE_PKGARCH} (${GOVERSION}) replaces original key PREFERRED_VERSION_go-cross-x86_64 (1.22%).
WARNING: /home/andrew/meta-openembedded/meta-oe/recipes-devtools/tcltk/tk_8.6.10.bb: Variable key PREFERRED_VERSION_go-cross-${TUNE_PKGARCH} (${GOVERSION}) replaces original key PREFERRED_VERSION_go-cross-x86_64 (1.22%).
WARNING: /home/andrew/poky/meta/recipes-core/zlib/zlib_1.3.1.bb: Variable key PREFERRED_VERSION_go-cross-${TUNE_PKGARCH} (${GOVERSION}) replaces original key PREFERRED_VERSION_go-cross-x86_64 (1.22%).
WARNING: /home/andrew/poky/meta/recipes-devtools/lua/lua_5.4.6.bb: Variable key PREFERRED_VERSION_go-cross-${TUNE_PKGARCH} (${GOVERSION}) replaces original key PREFERRED_VERSION_go-cross-x86_64 (1.22%).
WARNING: /home/andrew/meta-openembedded/meta-oe/recipes-kernel/pm-graph/pm-graph_5.5.bb: Variable key PREFERRED_VERSION_go-cross-${TUNE_PKGARCH} (${GOVERSION}) replaces original key PREFERRED_VERSION_go-cross-x86_64 (1.22%).
WARNING: /home/andrew/poky/meta/recipes-kernel/kmod/kmod_31.bb: Variable key PREFERRED_VERSION_go-cross-${TUNE_PKGARCH} (${GOVERSION}) replaces original key PREFERRED_VERSION_go-cross-x86_64 (1.22%).
WARNING: /home/andrew/meta-openembedded/meta-python/recipes-devtools/python/python3-coloredlogs_15.0.1.bb: Variable key PREFERRED_VERSION_go-cross-${TUNE_PKGARCH} (${GOVERSION}) replaces original key PREFERRED_VERSION_go-cross-x86_64 (1.22%).
WARNING: /home/andrew/poky/meta/recipes-support/fribidi/fribidi_1.0.14.bb: Variable key PREFERRED_VERSION_go-cross-${TUNE_PKGARCH} (${GOVERSION}) replaces original key PREFERRED_VERSION_go-cross-x86_64 (1.22%).
WARNING: /home/andrew/poky/meta/recipes-extended/rpcsvc-proto/rpcsvc-proto.bb: Variable key PREFERRED_VERSION_go-cross-${TUNE_PKGARCH} (${GOVERSION}) replaces original key PREFERRED_VERSION_go-cross-x86_64 (1.22%).
WARNING: /home/andrew/poky/meta/recipes-support/libmicrohttpd/libmicrohttpd_1.0.1.bb: Variable key PREFERRED_VERSION_go-cross-${TUNE_PKGARCH} (${GOVERSION}) replaces original key PREFERRED_VERSION_go-cross-x86_64 (1.22%).
WARNING: /home/andrew/poky/meta/recipes-devtools/gcc/libgfortran_13.4.bb: Variable key PREFERRED_VERSION_go-cross-${TUNE_PKGARCH} (${GOVERSION}) replaces original key PREFERRED_VERSION_go-cross-x86_64 (1.22%).
WARNING: /home/andrew/poky/meta/recipes-connectivity/libpcap/libpcap_1.10.4.bb: Variable key PREFERRED_VERSION_go-cross-${TUNE_PKGARCH} (${GOVERSION}) replaces original key PREFERRED_VERSION_go-cross-x86_64 (1.22%).
WARNING: /home/andrew/meta-openembedded/meta-python/recipes-devtools/python/python3-ptyprocess_0.7.0.bb: Variable key PREFERRED_VERSION_go-cross-${TUNE_PKGARCH} (${GOVERSION}) replaces original key PREFERRED_VERSION_go-cross-x86_64 (1.22%).
WARNING: /home/andrew/meta-openembedded/meta-oe/recipes-support/imagemagick/imagemagick_7.1.1.bb: Variable key PREFERRED_VERSION_go-cross-${TUNE_PKGARCH} (${GOVERSION}) replaces original key PREFERRED_VERSION_go-cross-x86_64 (1.22%).
WARNING: /home/andrew/poky/meta/recipes-devtools/python/python3-toml_0.10.2.bb: Variable key PREFERRED_VERSION_go-cross-${TUNE_PKGARCH} (${GOVERSION}) replaces original key PREFERRED_VERSION_go-cross-x86_64 (1.22%).
WARNING: /home/andrew/poky/meta/recipes-support/apr/apr-util_1.6.3.bb: Variable key PREFERRED_VERSION_go-cross-${TUNE_PKGARCH} (${GOVERSION}) replaces original key PREFERRED_VERSION_go-cross-x86_64 (1.22%).
WARNING: /home/andrew/meta-arm/meta-arm/recipes-devtools/fvp/fvp-library.bb: Variable key PREFERRED_VERSION_go-cross-${TUNE_PKGARCH} (${GOVERSION}) replaces original key PREFERRED_VERSION_go-cross-x86_64 (1.22%).
WARNING: /home/andrew/meta-openembedded/meta-oe/recipes-kernel/bpftool/bpftool.bb: Variable key PREFERRED_VERSION_go-cross-${TUNE_PKGARCH} (${GOVERSION}) replaces original key PREFERRED_VERSION_go-cross-x86_64 (1.22%).
WARNING: /home/andrew/meta-openembedded/meta-oe/recipes-devtools/perfetto/libperfetto.bb: Variable key PREFERRED_VERSION_go-cross-${TUNE_PKGARCH} (${GOVERSION}) replaces original key PREFERRED_VERSION_go-cross-x86_64 (1.22%).
WARNING: /home/andrew/poky/meta/recipes-devtools/python/python3-pytest-runner_6.0.1.bb: Variable key PREFERRED_VERSION_go-cross-${TUNE_PKGARCH} (${GOVERSION}) replaces original key PREFERRED_VERSION_go-cross-x86_64 (1.22%).
WARNING: /home/andrew/poky/meta/recipes-support/nghttp2/nghttp2_1.61.0.bb: Variable key PREFERRED_VERSION_go-cross-${TUNE_PKGARCH} (${GOVERSION}) replaces original key PREFERRED_VERSION_go-cross-x86_64 (1.22%).
WARNING: /home/andrew/poky/meta/recipes-connectivity/openssh/openssh_9.6p1.bb: Variable key PREFERRED_VERSION_go-cross-${TUNE_PKGARCH} (${GOVERSION}) replaces original key PREFERRED_VERSION_go-cross-x86_64 (1.22%).
WARNING: /home/andrew/poky/meta/recipes-extended/acpica/acpica_20240322.bb: Variable key PREFERRED_VERSION_go-cross-${TUNE_PKGARCH} (${GOVERSION}) replaces original key PREFERRED_VERSION_go-cross-x86_64 (1.22%).
WARNING: /home/andrew/meta-openembedded/meta-python/recipes-devtools/python/python3-xlsxwriter_3.1.9.bb: Variable key PREFERRED_VERSION_go-cross-${TUNE_PKGARCH} (${GOVERSION}) replaces original key PREFERRED_VERSION_go-cross-x86_64 (1.22%).
WARNING: /home/andrew/poky/meta/recipes-support/curl/curl_8.7.1.bb: Variable key PREFERRED_VERSION_go-cross-${TUNE_PKGARCH} (${GOVERSION}) replaces original key PREFERRED_VERSION_go-cross-x86_64 (1.22%).
WARNING: /home/andrew/poky/meta/recipes-devtools/pkgconf/pkgconf_2.1.1.bb: Variable key PREFERRED_VERSION_go-cross-${TUNE_PKGARCH} (${GOVERSION}) replaces original key PREFERRED_VERSION_go-cross-x86_64 (1.22%).
WARNING: /home/andrew/meta-openembedded/meta-python/recipes-devtools/python/python3-django_4.2.29.bb: Variable key PREFERRED_VERSION_go-cross-${TUNE_PKGARCH} (${GOVERSION}) replaces original key PREFERRED_VERSION_go-cross-x86_64 (1.22%).
WARNING: /home/andrew/poky/meta/recipes-devtools/python/python3-sphinx-rtd-theme_2.0.0.bb: Variable key PREFERRED_VERSION_go-cross-${TUNE_PKGARCH} (${GOVERSION}) replaces original key PREFERRED_VERSION_go-cross-x86_64 (1.22%).
WARNING: /home/andrew/poky/meta/recipes-devtools/dnf/dnf_4.19.0.bb: Variable key PREFERRED_VERSION_go-cross-${TUNE_PKGARCH} (${GOVERSION}) replaces original key PREFERRED_VERSION_go-cross-x86_64 (1.22%).
WARNING: /home/andrew/poky/meta/recipes-devtools/make/make_4.4.1.bb: Variable key PREFERRED_VERSION_go-cross-${TUNE_PKGARCH} (${GOVERSION}) replaces original key PREFERRED_VERSION_go-cross-x86_64 (1.22%).
WARNING: /home/andrew/meta-openembedded/meta-oe/recipes-support/avro/avro-c++_1.11.3.bb: Variable key PREFERRED_VERSION_go-cross-${TUNE_PKGARCH} (${GOVERSION}) replaces original key PREFERRED_VERSION_go-cross-x86_64 (1.22%).
WARNING: /home/andrew/meta-rauc/recipes-core/rauc/nativesdk-rauc_1.15.2.bb: Variable key PREFERRED_VERSION_go-cross-${TUNE_PKGARCH} (${GOVERSION}) replaces original key PREFERRED_VERSION_go-cross-x86_64 (1.22%).
WARNING: /home/andrew/poky/meta/recipes-core/glib-2.0/glib-2.0_2.78.6.bb: Variable key PREFERRED_VERSION_go-cross-${TUNE_PKGARCH} (${GOVERSION}) replaces original key PREFERRED_VERSION_go-cross-x86_64 (1.22%).
WARNING: /home/andrew/poky/meta/recipes-connectivity/socat/socat_1.8.0.0.bb: Variable key PREFERRED_VERSION_go-cross-${TUNE_PKGARCH} (${GOVERSION}) replaces original key PREFERRED_VERSION_go-cross-x86_64 (1.22%).
WARNING: /home/andrew/poky/meta/recipes-extended/sed/sed_4.9.bb: Variable key PREFERRED_VERSION_go-cross-${TUNE_PKGARCH} (${GOVERSION}) replaces original key PREFERRED_VERSION_go-cross-x86_64 (1.22%).
WARNING: /home/andrew/poky/meta/recipes-devtools/python/python3-requests_2.32.4.bb: Variable key PREFERRED_VERSION_go-cross-${TUNE_PKGARCH} (${GOVERSION}) replaces original key PREFERRED_VERSION_go-cross-x86_64 (1.22%).
WARNING: /home/andrew/meta-openembedded/meta-python/recipes-devtools/python/python3-wand_0.6.13.bb: Variable key PREFERRED_VERSION_go-cross-${TUNE_PKGARCH} (${GOVERSION}) replaces original key PREFERRED_VERSION_go-cross-x86_64 (1.22%).
WARNING: /home/andrew/poky/meta/recipes-core/base-files/base-files_3.0.14.bb: Recipe inherits features_check but doesn't use it
WARNING: /home/andrew/poky/meta/recipes-devtools/python/python3-attrs_23.2.0.bb: Variable key PREFERRED_VERSION_go-cross-${TUNE_PKGARCH} (${GOVERSION}) replaces original key PREFERRED_VERSION_go-cross-x86_64 (1.22%).
WARNING: /home/andrew/meta-openembedded/meta-python/recipes-devtools/python/python3-colorlog_6.8.2.bb: Variable key PREFERRED_VERSION_go-cross-${TUNE_PKGARCH} (${GOVERSION}) replaces original key PREFERRED_VERSION_go-cross-x86_64 (1.22%).
WARNING: /home/andrew/meta-openembedded/meta-python/recipes-devtools/python/python3-protobuf_4.25.8.bb: Variable key PREFERRED_VERSION_go-cross-${TUNE_PKGARCH} (${GOVERSION}) replaces original key PREFERRED_VERSION_go-cross-x86_64 (1.22%).
WARNING: /home/andrew/poky/meta/recipes-devtools/python/python3-pathlib2_2.3.7.bb: Variable key PREFERRED_VERSION_go-cross-${TUNE_PKGARCH} (${GOVERSION}) replaces original key PREFERRED_VERSION_go-cross-x86_64 (1.22%).
WARNING: /home/andrew/poky/meta/recipes-graphics/pango/pango_1.52.1.bb: Variable key PREFERRED_VERSION_go-cross-${TUNE_PKGARCH} (${GOVERSION}) replaces original key PREFERRED_VERSION_go-cross-x86_64 (1.22%).
WARNING: /home/andrew/meta-openembedded/meta-python/recipes-devtools/python/python3-frozenlist_1.4.1.bb: Variable key PREFERRED_VERSION_go-cross-${TUNE_PKGARCH} (${GOVERSION}) replaces original key PREFERRED_VERSION_go-cross-x86_64 (1.22%).
WARNING: /home/andrew/meta-openembedded/meta-python/recipes-devtools/python/python3-pytest-asyncio_0.23.6.bb: Variable key PREFERRED_VERSION_go-cross-${TUNE_PKGARCH} (${GOVERSION}) replaces original key PREFERRED_VERSION_go-cross-x86_64 (1.22%).
WARNING: /home/andrew/meta-openembedded/meta-python/recipes-devtools/python/python3-simpleeval_0.9.13.bb: Variable key PREFERRED_VERSION_go-cross-${TUNE_PKGARCH} (${GOVERSION}) replaces original key PREFERRED_VERSION_go-cross-x86_64 (1.22%).
WARNING: /home/andrew/meta-openembedded/meta-oe/recipes-support/asio/asio_1.30.2.bb: Variable key PREFERRED_VERSION_go-cross-${TUNE_PKGARCH} (${GOVERSION}) replaces original key PREFERRED_VERSION_go-cross-x86_64 (1.22%).
WARNING: /home/andrew/meta-openembedded/meta-oe/recipes-devtools/msgpack/msgpack-c_6.0.0.bb: Variable key PREFERRED_VERSION_go-cross-${TUNE_PKGARCH} (${GOVERSION}) replaces original key PREFERRED_VERSION_go-cross-x86_64 (1.22%).
WARNING: /home/andrew/poky/meta/recipes-devtools/python/python3-sphinxcontrib-applehelp_1.0.8.bb: Variable key PREFERRED_VERSION_go-cross-${TUNE_PKGARCH} (${GOVERSION}) replaces original key PREFERRED_VERSION_go-cross-x86_64 (1.22%).
WARNING: /home/andrew/poky/meta/recipes-graphics/xorg-lib/libxcb_1.16.bb: Variable key PREFERRED_VERSION_go-cross-${TUNE_PKGARCH} (${GOVERSION}) replaces original key PREFERRED_VERSION_go-cross-x86_64 (1.22%).
WARNING: /home/andrew/meta-openembedded/meta-python/recipes-devtools/python/python3-javaobj-py3_0.4.4.bb: Variable key PREFERRED_VERSION_go-cross-${TUNE_PKGARCH} (${GOVERSION}) replaces original key PREFERRED_VERSION_go-cross-x86_64 (1.22%).
WARNING: /home/andrew/meta-openembedded/meta-oe/recipes-support/lvm2/lvm2_2.03.22.bb: Variable key PREFERRED_VERSION_go-cross-${TUNE_PKGARCH} (${GOVERSION}) replaces original key PREFERRED_VERSION_go-cross-x86_64 (1.22%).
WARNING: /home/andrew/poky/meta/recipes-devtools/python/python3-setuptools_69.1.1.bb: Variable key PREFERRED_VERSION_go-cross-${TUNE_PKGARCH} (${GOVERSION}) replaces original key PREFERRED_VERSION_go-cross-x86_64 (1.22%).
WARNING: /home/andrew/poky/meta/recipes-extended/perl/libxml-sax-perl_1.02.bb: Variable key PREFERRED_VERSION_go-cross-${TUNE_PKGARCH} (${GOVERSION}) replaces original key PREFERRED_VERSION_go-cross-x86_64 (1.22%).
WARNING: /home/andrew/poky/meta/recipes-extended/bzip2/bzip2_1.0.8.bb: Variable key PREFERRED_VERSION_go-cross-${TUNE_PKGARCH} (${GOVERSION}) replaces original key PREFERRED_VERSION_go-cross-x86_64 (1.22%).
WARNING: /home/andrew/meta-openembedded/meta-python/recipes-devtools/python/python3-file-magic_0.4.1.bb: Variable key PREFERRED_VERSION_go-cross-${TUNE_PKGARCH} (${GOVERSION}) replaces original key PREFERRED_VERSION_go-cross-x86_64 (1.22%).
WARNING: /home/andrew/poky/meta/recipes-graphics/xorg-lib/libx11_1.8.9.bb: Variable key PREFERRED_VERSION_go-cross-${TUNE_PKGARCH} (${GOVERSION}) replaces original key PREFERRED_VERSION_go-cross-x86_64 (1.22%).
WARNING: /home/andrew/poky/meta/recipes-devtools/mtd/mtd-utils_git.bb: Variable key PREFERRED_VERSION_go-cross-${TUNE_PKGARCH} (${GOVERSION}) replaces original key PREFERRED_VERSION_go-cross-x86_64 (1.22%).
WARNING: /home/andrew/poky/meta/recipes-devtools/binutils/binutils_2.42.bb: Variable key PREFERRED_VERSION_go-cross-${TUNE_PKGARCH} (${GOVERSION}) replaces original key PREFERRED_VERSION_go-cross-x86_64 (1.22%).
WARNING: /home/andrew/meta-openembedded/meta-python/recipes-devtools/python/python3-validators_0.28.0.bb: Variable key PREFERRED_VERSION_go-cross-${TUNE_PKGARCH} (${GOVERSION}) replaces original key PREFERRED_VERSION_go-cross-x86_64 (1.22%).
WARNING: /home/andrew/poky/meta/recipes-core/ncurses/ncurses_6.4.bb: Variable key PREFERRED_VERSION_go-cross-${TUNE_PKGARCH} (${GOVERSION}) replaces original key PREFERRED_VERSION_go-cross-x86_64 (1.22%).
WARNING: /home/andrew/poky/meta/recipes-core/packagegroups/nativesdk-packagegroup-sdk-host.bb: Variable key PREFERRED_VERSION_go-cross-${TUNE_PKGARCH} (${GOVERSION}) replaces original key PREFERRED_VERSION_go-cross-x86_64 (1.22%).
WARNING: /home/andrew/meta-openembedded/meta-python/recipes-devtools/python/python3-trafaret-config_2.0.2.bb: Variable key PREFERRED_VERSION_go-cross-${TUNE_PKGARCH} (${GOVERSION}) replaces original key PREFERRED_VERSION_go-cross-x86_64 (1.22%).
WARNING: /home/andrew/poky/meta/recipes-devtools/json-c/json-c_0.17.bb: Variable key PREFERRED_VERSION_go-cross-${TUNE_PKGARCH} (${GOVERSION}) replaces original key PREFERRED_VERSION_go-cross-x86_64 (1.22%).
WARNING: /home/andrew/meta-openembedded/meta-python/recipes-devtools/python/python3-pexpect_4.9.0.bb: Variable key PREFERRED_VERSION_go-cross-${TUNE_PKGARCH} (${GOVERSION}) replaces original key PREFERRED_VERSION_go-cross-x86_64 (1.22%).
WARNING: /home/andrew/meta-openembedded/meta-python/recipes-devtools/python/python3-pyjwt_2.8.0.bb: Variable key PREFERRED_VERSION_go-cross-${TUNE_PKGARCH} (${GOVERSION}) replaces original key PREFERRED_VERSION_go-cross-x86_64 (1.22%).
WARNING: /home/andrew/poky/meta/recipes-support/bash-completion/bash-completion_2.12.0.bb: Variable key PREFERRED_VERSION_go-cross-${TUNE_PKGARCH} (${GOVERSION}) replaces original key PREFERRED_VERSION_go-cross-x86_64 (1.22%).
WARNING: /home/andrew/poky/meta/recipes-extended/net-tools/net-tools_2.10.bb: Variable key PREFERRED_VERSION_go-cross-${TUNE_PKGARCH} (${GOVERSION}) replaces original key PREFERRED_VERSION_go-cross-x86_64 (1.22%).
WARNING: /home/andrew/poky/meta/recipes-devtools/python/python3-pyopenssl_24.0.0.bb: Variable key PREFERRED_VERSION_go-cross-${TUNE_PKGARCH} (${GOVERSION}) replaces original key PREFERRED_VERSION_go-cross-x86_64 (1.22%).
WARNING: /home/andrew/poky/meta/recipes-graphics/xorg-lib/libxdamage_1.1.6.bb: Variable key PREFERRED_VERSION_go-cross-${TUNE_PKGARCH} (${GOVERSION}) replaces original key PREFERRED_VERSION_go-cross-x86_64 (1.22%).
WARNING: /home/andrew/poky/meta/recipes-graphics/drm/libdrm_2.4.120.bb: Variable key PREFERRED_VERSION_go-cross-${TUNE_PKGARCH} (${GOVERSION}) replaces original key PREFERRED_VERSION_go-cross-x86_64 (1.22%).
WARNING: /home/andrew/poky/meta/recipes-devtools/python/python3-sphinxcontrib-htmlhelp_2.0.5.bb: Variable key PREFERRED_VERSION_go-cross-${TUNE_PKGARCH} (${GOVERSION}) replaces original key PREFERRED_VERSION_go-cross-x86_64 (1.22%).
WARNING: /home/andrew/meta-openembedded/meta-oe/recipes-graphics/libyui/libyui-ncurses_4.2.3.bb: Variable key PREFERRED_VERSION_go-cross-${TUNE_PKGARCH} (${GOVERSION}) replaces original key PREFERRED_VERSION_go-cross-x86_64 (1.22%).
WARNING: /home/andrew/poky/meta/recipes-support/libevent/libevent_2.1.12.bb: Variable key PREFERRED_VERSION_go-cross-${TUNE_PKGARCH} (${GOVERSION}) replaces original key PREFERRED_VERSION_go-cross-x86_64 (1.22%).
WARNING: /home/andrew/meta-openembedded/meta-perl/recipes-perl/libtest/libtest-warn-perl_0.37.bb: Variable key PREFERRED_VERSION_go-cross-${TUNE_PKGARCH} (${GOVERSION}) replaces original key PREFERRED_VERSION_go-cross-x86_64 (1.22%).
WARNING: /home/andrew/poky/meta/recipes-graphics/wayland/wayland_1.22.0.bb: Variable key PREFERRED_VERSION_go-cross-${TUNE_PKGARCH} (${GOVERSION}) replaces original key PREFERRED_VERSION_go-cross-x86_64 (1.22%).
WARNING: /home/andrew/meta-openembedded/meta-oe/recipes-devtools/abseil-cpp/abseil-cpp_20240116.3.bb: Variable key PREFERRED_VERSION_go-cross-${TUNE_PKGARCH} (${GOVERSION}) replaces original key PREFERRED_VERSION_go-cross-x86_64 (1.22%).
WARNING: /home/andrew/meta-openembedded/meta-python/recipes-devtools/python/python3-twofish_0.3.0.bb: Variable key PREFERRED_VERSION_go-cross-${TUNE_PKGARCH} (${GOVERSION}) replaces original key PREFERRED_VERSION_go-cross-x86_64 (1.22%).
WARNING: /home/andrew/meta-openembedded/meta-python/recipes-devtools/python/python3-msgpack_1.0.7.bb: Variable key PREFERRED_VERSION_go-cross-${TUNE_PKGARCH} (${GOVERSION}) replaces original key PREFERRED_VERSION_go-cross-x86_64 (1.22%).
WARNING: /home/andrew/meta-openembedded/meta-python/recipes-devtools/python/python3-humanize_4.9.0.bb: Variable key PREFERRED_VERSION_go-cross-${TUNE_PKGARCH} (${GOVERSION}) replaces original key PREFERRED_VERSION_go-cross-x86_64 (1.22%).
WARNING: /home/andrew/poky/meta/recipes-devtools/librepo/librepo_1.17.0.bb: Variable key PREFERRED_VERSION_go-cross-${TUNE_PKGARCH} (${GOVERSION}) replaces original key PREFERRED_VERSION_go-cross-x86_64 (1.22%).
WARNING: /home/andrew/poky/meta/recipes-devtools/erofs-utils/erofs-utils_1.7.1.bb: Variable key PREFERRED_VERSION_go-cross-${TUNE_PKGARCH} (${GOVERSION}) replaces original key PREFERRED_VERSION_go-cross-x86_64 (1.22%).
WARNING: /home/andrew/meta-openembedded/meta-oe/recipes-support/libeigen/libeigen_3.4.0.bb: Variable key PREFERRED_VERSION_go-cross-${TUNE_PKGARCH} (${GOVERSION}) replaces original key PREFERRED_VERSION_go-cross-x86_64 (1.22%).
WARNING: /home/andrew/meta-openembedded/meta-oe/recipes-devtools/valijson/valijson_1.0.2.bb: Variable key PREFERRED_VERSION_go-cross-${TUNE_PKGARCH} (${GOVERSION}) replaces original key PREFERRED_VERSION_go-cross-x86_64 (1.22%).
WARNING: /home/andrew/poky/meta/recipes-devtools/repo/repo_2.42.bb: Variable key PREFERRED_VERSION_go-cross-${TUNE_PKGARCH} (${GOVERSION}) replaces original key PREFERRED_VERSION_go-cross-x86_64 (1.22%).
WARNING: /home/andrew/meta-openembedded/meta-python/recipes-devtools/python/python3-py-ubjson_0.16.1.bb: Variable key PREFERRED_VERSION_go-cross-${TUNE_PKGARCH} (${GOVERSION}) replaces original key PREFERRED_VERSION_go-cross-x86_64 (1.22%).
WARNING: /home/andrew/meta-openembedded/meta-oe/recipes-devtools/squashfs-tools-ng/squashfs-tools-ng_1.2.0.bb: Variable key PREFERRED_VERSION_go-cross-${TUNE_PKGARCH} (${GOVERSION}) replaces original key PREFERRED_VERSION_go-cross-x86_64 (1.22%).
WARNING: /home/andrew/meta-openembedded/meta-python/recipes-devtools/python/python3-setuptools-declarative-requirements_1.3.0.bb: Variable key PREFERRED_VERSION_go-cross-${TUNE_PKGARCH} (${GOVERSION}) replaces original key PREFERRED_VERSION_go-cross-x86_64 (1.22%).
WARNING: /home/andrew/meta-openembedded/meta-python/recipes-devtools/python/python3-cheetah_3.2.6.post1.bb: Variable key PREFERRED_VERSION_go-cross-${TUNE_PKGARCH} (${GOVERSION}) replaces original key PREFERRED_VERSION_go-cross-x86_64 (1.22%).
WARNING: /home/andrew/poky/meta/recipes-devtools/python/python3-jsonschema-specifications_2023.12.1.bb: Variable key PREFERRED_VERSION_go-cross-${TUNE_PKGARCH} (${GOVERSION}) replaces original key PREFERRED_VERSION_go-cross-x86_64 (1.22%).
WARNING: /home/andrew/meta-openembedded/meta-oe/recipes-devtools/sqlite-orm/sqlite-orm_1.5.bb: Variable key PREFERRED_VERSION_go-cross-${TUNE_PKGARCH} (${GOVERSION}) replaces original key PREFERRED_VERSION_go-cross-x86_64 (1.22%).
WARNING: /home/andrew/meta-openembedded/meta-python/recipes-devtools/python/python3-antlr4-runtime_4.13.1.bb: Variable key PREFERRED_VERSION_go-cross-${TUNE_PKGARCH} (${GOVERSION}) replaces original key PREFERRED_VERSION_go-cross-x86_64 (1.22%).
WARNING: /home/andrew/poky/meta/recipes-devtools/automake/automake_1.16.5.bb: Variable key PREFERRED_VERSION_go-cross-${TUNE_PKGARCH} (${GOVERSION}) replaces original key PREFERRED_VERSION_go-cross-x86_64 (1.22%).
WARNING: /home/andrew/meta-openembedded/meta-python/recipes-devtools/python/python3-unoconv_0.9.0.bb: Variable key PREFERRED_VERSION_go-cross-${TUNE_PKGARCH} (${GOVERSION}) replaces original key PREFERRED_VERSION_go-cross-x86_64 (1.22%).
WARNING: /home/andrew/meta-openembedded/meta-python/recipes-devtools/python/python3-progress_1.6.bb: Variable key PREFERRED_VERSION_go-cross-${TUNE_PKGARCH} (${GOVERSION}) replaces original key PREFERRED_VERSION_go-cross-x86_64 (1.22%).
WARNING: /home/andrew/poky/meta/recipes-devtools/python/python3-git_3.1.42.bb: Variable key PREFERRED_VERSION_go-cross-${TUNE_PKGARCH} (${GOVERSION}) replaces original key PREFERRED_VERSION_go-cross-x86_64 (1.22%).
WARNING: /home/andrew/meta-openembedded/meta-python/recipes-devtools/python/python3-crcmod_1.7.bb: Variable key PREFERRED_VERSION_go-cross-${TUNE_PKGARCH} (${GOVERSION}) replaces original key PREFERRED_VERSION_go-cross-x86_64 (1.22%).
WARNING: /home/andrew/poky/meta/recipes-core/libxml/libxml2_2.12.10.bb: Variable key PREFERRED_VERSION_go-cross-${TUNE_PKGARCH} (${GOVERSION}) replaces original key PREFERRED_VERSION_go-cross-x86_64 (1.22%).
WARNING: /home/andrew/poky/meta/recipes-devtools/python/python3-isodate_0.6.1.bb: Variable key PREFERRED_VERSION_go-cross-${TUNE_PKGARCH} (${GOVERSION}) replaces original key PREFERRED_VERSION_go-cross-x86_64 (1.22%).
WARNING: /home/andrew/meta-openembedded/meta-networking/recipes-support/spice/usbredir_0.13.0.bb: Variable key PREFERRED_VERSION_go-cross-${TUNE_PKGARCH} (${GOVERSION}) replaces original key PREFERRED_VERSION_go-cross-x86_64 (1.22%).
WARNING: /home/andrew/meta-openembedded/meta-python/recipes-devtools/python/python3-fastjsonschema_2.18.0.bb: Variable key PREFERRED_VERSION_go-cross-${TUNE_PKGARCH} (${GOVERSION}) replaces original key PREFERRED_VERSION_go-cross-x86_64 (1.22%).
WARNING: /home/andrew/poky/meta/recipes-bsp/grub/grub_2.12.bb: Variable key PREFERRED_VERSION_go-cross-${TUNE_PKGARCH} (${GOVERSION}) replaces original key PREFERRED_VERSION_go-cross-x86_64 (1.22%).
WARNING: /home/andrew/meta-openembedded/meta-python/recipes-devtools/python/python3-pyusb_1.2.1.bb: Variable key PREFERRED_VERSION_go-cross-${TUNE_PKGARCH} (${GOVERSION}) replaces original key PREFERRED_VERSION_go-cross-x86_64 (1.22%).
WARNING: /home/andrew/poky/meta/recipes-devtools/python/python3-pytest_8.0.2.bb: Variable key PREFERRED_VERSION_go-cross-${TUNE_PKGARCH} (${GOVERSION}) replaces original key PREFERRED_VERSION_go-cross-x86_64 (1.22%).
WARNING: /home/andrew/meta-openembedded/meta-oe/recipes-devtools/systemd/nativesdk-systemd-systemctl.bb: Variable key PREFERRED_VERSION_go-cross-${TUNE_PKGARCH} (${GOVERSION}) replaces original key PREFERRED_VERSION_go-cross-x86_64 (1.22%).
WARNING: /home/andrew/meta-openembedded/meta-oe/recipes-kernel/kpatch/kpatch_git.bb: Variable key PREFERRED_VERSION_go-cross-${TUNE_PKGARCH} (${GOVERSION}) replaces original key PREFERRED_VERSION_go-cross-x86_64 (1.22%).
WARNING: /home/andrew/meta-openembedded/meta-python/recipes-devtools/python/python3-pyflakes_3.2.0.bb: Variable key PREFERRED_VERSION_go-cross-${TUNE_PKGARCH} (${GOVERSION}) replaces original key PREFERRED_VERSION_go-cross-x86_64 (1.22%).
WARNING: /home/andrew/poky/meta/recipes-devtools/orc/orc_0.4.40.bb: Variable key PREFERRED_VERSION_go-cross-${TUNE_PKGARCH} (${GOVERSION}) replaces original key PREFERRED_VERSION_go-cross-x86_64 (1.22%).
WARNING: /home/andrew/meta-openembedded/meta-networking/recipes-support/curlpp/curlpp_0.8.1.bb: Variable key PREFERRED_VERSION_go-cross-${TUNE_PKGARCH} (${GOVERSION}) replaces original key PREFERRED_VERSION_go-cross-x86_64 (1.22%).
WARNING: /home/andrew/meta-openembedded/meta-oe/recipes-crypto/fsverity-utils/fsverity-utils_1.5.bb: Variable key PREFERRED_VERSION_go-cross-${TUNE_PKGARCH} (${GOVERSION}) replaces original key PREFERRED_VERSION_go-cross-x86_64 (1.22%).
WARNING: /home/andrew/poky/meta/recipes-support/libsoup/libsoup_3.4.4.bb: Variable key PREFERRED_VERSION_go-cross-${TUNE_PKGARCH} (${GOVERSION}) replaces original key PREFERRED_VERSION_go-cross-x86_64 (1.22%).
WARNING: /home/andrew/poky/meta/recipes-devtools/python/python3-poetry-core_1.9.0.bb: Variable key PREFERRED_VERSION_go-cross-${TUNE_PKGARCH} (${GOVERSION}) replaces original key PREFERRED_VERSION_go-cross-x86_64 (1.22%).
WARNING: /home/andrew/meta-openembedded/meta-python/recipes-devtools/python/python3-pint_0.23.bb: Variable key PREFERRED_VERSION_go-cross-${TUNE_PKGARCH} (${GOVERSION}) replaces original key PREFERRED_VERSION_go-cross-x86_64 (1.22%).
WARNING: /home/andrew/poky/meta/recipes-extended/cpio/cpio_2.15.bb: Variable key PREFERRED_VERSION_go-cross-${TUNE_PKGARCH} (${GOVERSION}) replaces original key PREFERRED_VERSION_go-cross-x86_64 (1.22%).
WARNING: /home/andrew/poky/meta/recipes-devtools/python/python3-pyasn1_0.5.1.bb: Variable key PREFERRED_VERSION_go-cross-${TUNE_PKGARCH} (${GOVERSION}) replaces original key PREFERRED_VERSION_go-cross-x86_64 (1.22%).
WARNING: /home/andrew/poky/meta/recipes-devtools/qemu/qemu_8.2.7.bb: Variable key PREFERRED_VERSION_go-cross-${TUNE_PKGARCH} (${GOVERSION}) replaces original key PREFERRED_VERSION_go-cross-x86_64 (1.22%).
WARNING: /home/andrew/poky/meta/recipes-support/libmpc/libmpc_1.3.1.bb: Variable key PREFERRED_VERSION_go-cross-${TUNE_PKGARCH} (${GOVERSION}) replaces original key PREFERRED_VERSION_go-cross-x86_64 (1.22%).
WARNING: /home/andrew/meta-openembedded/meta-python/recipes-devtools/python/python3-networkx_3.1.bb: Variable key PREFERRED_VERSION_go-cross-${TUNE_PKGARCH} (${GOVERSION}) replaces original key PREFERRED_VERSION_go-cross-x86_64 (1.22%).
WARNING: /home/andrew/poky/meta/recipes-devtools/python/python3-build_1.1.1.bb: Variable key PREFERRED_VERSION_go-cross-${TUNE_PKGARCH} (${GOVERSION}) replaces original key PREFERRED_VERSION_go-cross-x86_64 (1.22%).
WARNING: /home/andrew/meta-openembedded/meta-oe/recipes-devtools/capnproto/capnproto_1.0.2.bb: Variable key PREFERRED_VERSION_go-cross-${TUNE_PKGARCH} (${GOVERSION}) replaces original key PREFERRED_VERSION_go-cross-x86_64 (1.22%).
WARNING: /home/andrew/poky/meta/recipes-devtools/python/python3-rfc3987_1.3.8.bb: Variable key PREFERRED_VERSION_go-cross-${TUNE_PKGARCH} (${GOVERSION}) replaces original key PREFERRED_VERSION_go-cross-x86_64 (1.22%).
WARNING: /home/andrew/poky/meta/recipes-devtools/llvm/llvm_18.1.8.bb: Variable key PREFERRED_VERSION_go-cross-${TUNE_PKGARCH} (${GOVERSION}) replaces original key PREFERRED_VERSION_go-cross-x86_64 (1.22%).
WARNING: /home/andrew/meta-openembedded/meta-python/recipes-devtools/python/python3-apply-defaults_0.1.6.bb: Variable key PREFERRED_VERSION_go-cross-${TUNE_PKGARCH} (${GOVERSION}) replaces original key PREFERRED_VERSION_go-cross-x86_64 (1.22%).
WARNING: /home/andrew/meta-openembedded/meta-python/recipes-devtools/python/python3-jsbeautifier_1.15.1.bb: Variable key PREFERRED_VERSION_go-cross-${TUNE_PKGARCH} (${GOVERSION}) replaces original key PREFERRED_VERSION_go-cross-x86_64 (1.22%).
WARNING: /home/andrew/meta-openembedded/meta-oe/recipes-support/libsmi/libsmi_0.5.0.bb: Variable key PREFERRED_VERSION_go-cross-${TUNE_PKGARCH} (${GOVERSION}) replaces original key PREFERRED_VERSION_go-cross-x86_64 (1.22%).
WARNING: /home/andrew/meta-openembedded/meta-oe/recipes-devtools/pugixml/pugixml_1.14.bb: Variable key PREFERRED_VERSION_go-cross-${TUNE_PKGARCH} (${GOVERSION}) replaces original key PREFERRED_VERSION_go-cross-x86_64 (1.22%).
WARNING: /home/andrew/poky/meta/recipes-devtools/python/python3-pysocks_1.7.1.bb: Variable key PREFERRED_VERSION_go-cross-${TUNE_PKGARCH} (${GOVERSION}) replaces original key PREFERRED_VERSION_go-cross-x86_64 (1.22%).
WARNING: /home/andrew/poky/meta/recipes-devtools/python/python3-setuptools-rust_1.9.0.bb: Variable key PREFERRED_VERSION_go-cross-${TUNE_PKGARCH} (${GOVERSION}) replaces original key PREFERRED_VERSION_go-cross-x86_64 (1.22%).
WARNING: /home/andrew/poky/meta/recipes-graphics/xorg-lib/libxxf86vm_1.1.5.bb: Variable key PREFERRED_VERSION_go-cross-${TUNE_PKGARCH} (${GOVERSION}) replaces original key PREFERRED_VERSION_go-cross-x86_64 (1.22%).
WARNING: /home/andrew/poky/meta/recipes-graphics/xorg-proto/xorgproto_2023.2.bb: Variable key PREFERRED_VERSION_go-cross-${TUNE_PKGARCH} (${GOVERSION}) replaces original key PREFERRED_VERSION_go-cross-x86_64 (1.22%).
WARNING: /home/andrew/poky/meta/recipes-devtools/libcomps/libcomps_0.1.20.bb: Variable key PREFERRED_VERSION_go-cross-${TUNE_PKGARCH} (${GOVERSION}) replaces original key PREFERRED_VERSION_go-cross-x86_64 (1.22%).
WARNING: /home/andrew/poky/meta/recipes-devtools/rsync/rsync_3.2.7.bb: Variable key PREFERRED_VERSION_go-cross-${TUNE_PKGARCH} (${GOVERSION}) replaces original key PREFERRED_VERSION_go-cross-x86_64 (1.22%).
WARNING: /home/andrew/poky/meta/recipes-kernel/dtc/dtc_1.7.0.bb: Variable key PREFERRED_VERSION_go-cross-${TUNE_PKGARCH} (${GOVERSION}) replaces original key PREFERRED_VERSION_go-cross-x86_64 (1.22%).
WARNING: /home/andrew/poky/meta/recipes-support/apr/apr_1.7.5.bb: Variable key PREFERRED_VERSION_go-cross-${TUNE_PKGARCH} (${GOVERSION}) replaces original key PREFERRED_VERSION_go-cross-x86_64 (1.22%).
WARNING: /home/andrew/meta-openembedded/meta-oe/recipes-support/gflags/gflags_2.2.2.bb: Variable key PREFERRED_VERSION_go-cross-${TUNE_PKGARCH} (${GOVERSION}) replaces original key PREFERRED_VERSION_go-cross-x86_64 (1.22%).
WARNING: /home/andrew/poky/meta/recipes-graphics/libsdl2/libsdl2_2.30.1.bb: Variable key PREFERRED_VERSION_go-cross-${TUNE_PKGARCH} (${GOVERSION}) replaces original key PREFERRED_VERSION_go-cross-x86_64 (1.22%).
WARNING: /home/andrew/poky/meta/recipes-devtools/python/python3-referencing_0.33.0.bb: Variable key PREFERRED_VERSION_go-cross-${TUNE_PKGARCH} (${GOVERSION}) replaces original key PREFERRED_VERSION_go-cross-x86_64 (1.22%).
WARNING: /home/andrew/meta-openembedded/meta-python/recipes-devtools/python/python3-pyscaffold_4.5.bb: Variable key PREFERRED_VERSION_go-cross-${TUNE_PKGARCH} (${GOVERSION}) replaces original key PREFERRED_VERSION_go-cross-x86_64 (1.22%).
WARNING: /home/andrew/poky/meta/recipes-graphics/xorg-lib/libsm_1.2.4.bb: Variable key PREFERRED_VERSION_go-cross-${TUNE_PKGARCH} (${GOVERSION}) replaces original key PREFERRED_VERSION_go-cross-x86_64 (1.22%).
WARNING: /home/andrew/poky/meta/recipes-kernel/cryptodev/cryptodev-linux_1.14.bb: Variable key PREFERRED_VERSION_go-cross-${TUNE_PKGARCH} (${GOVERSION}) replaces original key PREFERRED_VERSION_go-cross-x86_64 (1.22%).
WARNING: /home/andrew/poky/meta/recipes-graphics/xorg-lib/libxext_1.3.6.bb: Variable key PREFERRED_VERSION_go-cross-${TUNE_PKGARCH} (${GOVERSION}) replaces original key PREFERRED_VERSION_go-cross-x86_64 (1.22%).
WARNING: /home/andrew/poky/meta/recipes-extended/perl/libxml-sax-base-perl_1.09.bb: Variable key PREFERRED_VERSION_go-cross-${TUNE_PKGARCH} (${GOVERSION}) replaces original key PREFERRED_VERSION_go-cross-x86_64 (1.22%).
WARNING: /home/andrew/meta-openembedded/meta-oe/recipes-devtools/perl/libperlio-gzip-perl_0.20.bb: Variable key PREFERRED_VERSION_go-cross-${TUNE_PKGARCH} (${GOVERSION}) replaces original key PREFERRED_VERSION_go-cross-x86_64 (1.22%).
WARNING: /home/andrew/poky/meta/recipes-extended/lzip/lzip_1.24.bb: Variable key PREFERRED_VERSION_go-cross-${TUNE_PKGARCH} (${GOVERSION}) replaces original key PREFERRED_VERSION_go-cross-x86_64 (1.22%).
WARNING: /home/andrew/poky/meta/recipes-devtools/libedit/libedit_20230828-3.1.bb: Variable key PREFERRED_VERSION_go-cross-${TUNE_PKGARCH} (${GOVERSION}) replaces original key PREFERRED_VERSION_go-cross-x86_64 (1.22%).
WARNING: /home/andrew/poky/meta/recipes-devtools/python/python3-typogrify_2.0.7.bb: Variable key PREFERRED_VERSION_go-cross-${TUNE_PKGARCH} (${GOVERSION}) replaces original key PREFERRED_VERSION_go-cross-x86_64 (1.22%).
WARNING: /home/andrew/meta-openembedded/meta-oe/recipes-devtools/grpc/grpc_1.60.1.bb: Variable key PREFERRED_VERSION_go-cross-${TUNE_PKGARCH} (${GOVERSION}) replaces original key PREFERRED_VERSION_go-cross-x86_64 (1.22%).
WARNING: /home/andrew/meta-openembedded/meta-python/recipes-devtools/python/python3-dbussy_1.3.bb: Variable key PREFERRED_VERSION_go-cross-${TUNE_PKGARCH} (${GOVERSION}) replaces original key PREFERRED_VERSION_go-cross-x86_64 (1.22%).
WARNING: /home/andrew/poky/meta/recipes-graphics/shaderc/shaderc_2023.8.bb: Variable key PREFERRED_VERSION_go-cross-${TUNE_PKGARCH} (${GOVERSION}) replaces original key PREFERRED_VERSION_go-cross-x86_64 (1.22%).
WARNING: /home/andrew/meta-openembedded/meta-python/recipes-devtools/python/python3-pytest-html_4.1.1.bb: Variable key PREFERRED_VERSION_go-cross-${TUNE_PKGARCH} (${GOVERSION}) replaces original key PREFERRED_VERSION_go-cross-x86_64 (1.22%).
WARNING: /home/andrew/meta-openembedded/meta-python/recipes-devtools/python/python3-expandvars_0.12.0.bb: Variable key PREFERRED_VERSION_go-cross-${TUNE_PKGARCH} (${GOVERSION}) replaces original key PREFERRED_VERSION_go-cross-x86_64 (1.22%).
WARNING: /home/andrew/poky/meta/recipes-devtools/python/python3-ply_3.11.bb: Variable key PREFERRED_VERSION_go-cross-${TUNE_PKGARCH} (${GOVERSION}) replaces original key PREFERRED_VERSION_go-cross-x86_64 (1.22%).
WARNING: /home/andrew/meta-openembedded/meta-python/recipes-devtools/python/python3-pylint_3.1.0.bb: Variable key PREFERRED_VERSION_go-cross-${TUNE_PKGARCH} (${GOVERSION}) replaces original key PREFERRED_VERSION_go-cross-x86_64 (1.22%).
WARNING: /home/andrew/meta-openembedded/meta-python/recipes-devtools/python/python3-pathtools3_0.2.1.bb: Variable key PREFERRED_VERSION_go-cross-${TUNE_PKGARCH} (${GOVERSION}) replaces original key PREFERRED_VERSION_go-cross-x86_64 (1.22%).
WARNING: /home/andrew/poky/meta/recipes-extended/tar/tar_1.35.bb: Variable key PREFERRED_VERSION_go-cross-${TUNE_PKGARCH} (${GOVERSION}) replaces original key PREFERRED_VERSION_go-cross-x86_64 (1.22%).
WARNING: /home/andrew/meta-openembedded/meta-python/recipes-devtools/python/python3-beautifulsoup4_4.12.3.bb: Variable key PREFERRED_VERSION_go-cross-${TUNE_PKGARCH} (${GOVERSION}) replaces original key PREFERRED_VERSION_go-cross-x86_64 (1.22%).
WARNING: /home/andrew/meta-openembedded/meta-python/recipes-extended/python3-portalocker/python3-portalocker_2.8.2.bb: Variable key PREFERRED_VERSION_go-cross-${TUNE_PKGARCH} (${GOVERSION}) replaces original key PREFERRED_VERSION_go-cross-x86_64 (1.22%).
WARNING: /home/andrew/meta-openembedded/meta-python/recipes-devtools/python/python3-soupsieve_2.5.bb: Variable key PREFERRED_VERSION_go-cross-${TUNE_PKGARCH} (${GOVERSION}) replaces original key PREFERRED_VERSION_go-cross-x86_64 (1.22%).
WARNING: /home/andrew/meta-openembedded/meta-python/recipes-devtools/python/python3-colorclass_2.2.2.bb: Variable key PREFERRED_VERSION_go-cross-${TUNE_PKGARCH} (${GOVERSION}) replaces original key PREFERRED_VERSION_go-cross-x86_64 (1.22%).
WARNING: /home/andrew/poky/meta/recipes-support/nettle/nettle_3.9.1.bb: Variable key PREFERRED_VERSION_go-cross-${TUNE_PKGARCH} (${GOVERSION}) replaces original key PREFERRED_VERSION_go-cross-x86_64 (1.22%).
WARNING: /home/andrew/poky/meta/recipes-core/readline/readline_8.2.bb: Variable key PREFERRED_VERSION_go-cross-${TUNE_PKGARCH} (${GOVERSION}) replaces original key PREFERRED_VERSION_go-cross-x86_64 (1.22%).
WARNING: /home/andrew/poky/meta/recipes-support/libatomic-ops/libatomic-ops_7.8.2.bb: Variable key PREFERRED_VERSION_go-cross-${TUNE_PKGARCH} (${GOVERSION}) replaces original key PREFERRED_VERSION_go-cross-x86_64 (1.22%).
WARNING: /home/andrew/poky/meta/recipes-devtools/python/python3-smartypants_2.0.0.bb: Variable key PREFERRED_VERSION_go-cross-${TUNE_PKGARCH} (${GOVERSION}) replaces original key PREFERRED_VERSION_go-cross-x86_64 (1.22%).
WARNING: /home/andrew/poky/meta/recipes-support/npth/npth_1.6.bb: Variable key PREFERRED_VERSION_go-cross-${TUNE_PKGARCH} (${GOVERSION}) replaces original key PREFERRED_VERSION_go-cross-x86_64 (1.22%).
WARNING: /home/andrew/poky/meta/recipes-devtools/icecc-toolchain/nativesdk-icecc-toolchain_0.1.bb: Variable key PREFERRED_VERSION_go-cross-${TUNE_PKGARCH} (${GOVERSION}) replaces original key PREFERRED_VERSION_go-cross-x86_64 (1.22%).
WARNING: /home/andrew/poky/meta/recipes-support/libexif/libexif_0.6.24.bb: Variable key PREFERRED_VERSION_go-cross-${TUNE_PKGARCH} (${GOVERSION}) replaces original key PREFERRED_VERSION_go-cross-x86_64 (1.22%).
WARNING: /home/andrew/poky/meta/recipes-graphics/xorg-util/util-macros_1.20.0.bb: Variable key PREFERRED_VERSION_go-cross-${TUNE_PKGARCH} (${GOVERSION}) replaces original key PREFERRED_VERSION_go-cross-x86_64 (1.22%).
WARNING: /home/andrew/poky/meta/recipes-support/mpfr/mpfr_4.2.1.bb: Variable key PREFERRED_VERSION_go-cross-${TUNE_PKGARCH} (${GOVERSION}) replaces original key PREFERRED_VERSION_go-cross-x86_64 (1.22%).
WARNING: /home/andrew/poky/meta/recipes-devtools/python/python3-trove-classifiers_2024.2.23.bb: Variable key PREFERRED_VERSION_go-cross-${TUNE_PKGARCH} (${GOVERSION}) replaces original key PREFERRED_VERSION_go-cross-x86_64 (1.22%).
WARNING: /home/andrew/meta-rauc/recipes-core/rauc/nativesdk-rauc_git.bb: Variable key PREFERRED_VERSION_go-cross-${TUNE_PKGARCH} (${GOVERSION}) replaces original key PREFERRED_VERSION_go-cross-x86_64 (1.22%).
WARNING: /home/andrew/meta-openembedded/meta-python/recipes-devtools/python/python3-django-south_1.0.2.bb: Variable key PREFERRED_VERSION_go-cross-${TUNE_PKGARCH} (${GOVERSION}) replaces original key PREFERRED_VERSION_go-cross-x86_64 (1.22%).
WARNING: /home/andrew/poky/meta/recipes-graphics/spir/spirv-headers_1.3.275.0.bb: Variable key PREFERRED_VERSION_go-cross-${TUNE_PKGARCH} (${GOVERSION}) replaces original key PREFERRED_VERSION_go-cross-x86_64 (1.22%).
WARNING: /home/andrew/meta-openembedded/meta-python/recipes-devtools/python/python3-grpcio-tools_1.62.2.bb: Variable key PREFERRED_VERSION_go-cross-${TUNE_PKGARCH} (${GOVERSION}) replaces original key PREFERRED_VERSION_go-cross-x86_64 (1.22%).
WARNING: /home/andrew/poky/meta/recipes-gnome/hicolor-icon-theme/hicolor-icon-theme_0.17.bb: Variable key PREFERRED_VERSION_go-cross-${TUNE_PKGARCH} (${GOVERSION}) replaces original key PREFERRED_VERSION_go-cross-x86_64 (1.22%).
WARNING: /home/andrew/meta-openembedded/meta-oe/recipes-support/cli11/cli11_2.3.2.bb: Variable key PREFERRED_VERSION_go-cross-${TUNE_PKGARCH} (${GOVERSION}) replaces original key PREFERRED_VERSION_go-cross-x86_64 (1.22%).
WARNING: /home/andrew/meta-openembedded/meta-python/recipes-devtools/python/python3-paho-mqtt_2.0.0.bb: Variable key PREFERRED_VERSION_go-cross-${TUNE_PKGARCH} (${GOVERSION}) replaces original key PREFERRED_VERSION_go-cross-x86_64 (1.22%).
WARNING: /home/andrew/poky/meta/recipes-devtools/bison/bison_3.8.2.bb: Variable key PREFERRED_VERSION_go-cross-${TUNE_PKGARCH} (${GOVERSION}) replaces original key PREFERRED_VERSION_go-cross-x86_64 (1.22%).
WARNING: /home/andrew/poky/meta/recipes-devtools/python/python3-xmltodict_0.13.0.bb: Variable key PREFERRED_VERSION_go-cross-${TUNE_PKGARCH} (${GOVERSION}) replaces original key PREFERRED_VERSION_go-cross-x86_64 (1.22%).
WARNING: /home/andrew/poky/meta/recipes-extended/grep/grep_3.11.bb: Variable key PREFERRED_VERSION_go-cross-${TUNE_PKGARCH} (${GOVERSION}) replaces original key PREFERRED_VERSION_go-cross-x86_64 (1.22%).
WARNING: /home/andrew/poky/meta/recipes-devtools/python/python3-hatch-vcs_0.4.0.bb: Variable key PREFERRED_VERSION_go-cross-${TUNE_PKGARCH} (${GOVERSION}) replaces original key PREFERRED_VERSION_go-cross-x86_64 (1.22%).
WARNING: /home/andrew/meta-openembedded/meta-python/recipes-devtools/python/python3-prompt-toolkit_3.0.43.bb: Variable key PREFERRED_VERSION_go-cross-${TUNE_PKGARCH} (${GOVERSION}) replaces original key PREFERRED_VERSION_go-cross-x86_64 (1.22%).
WARNING: /home/andrew/poky/meta/recipes-devtools/file/file_5.45.bb: Variable key PREFERRED_VERSION_go-cross-${TUNE_PKGARCH} (${GOVERSION}) replaces original key PREFERRED_VERSION_go-cross-x86_64 (1.22%).
WARNING: /home/andrew/meta-openembedded/meta-python/recipes-devtools/python/python3-path_16.14.0.bb: Variable key PREFERRED_VERSION_go-cross-${TUNE_PKGARCH} (${GOVERSION}) replaces original key PREFERRED_VERSION_go-cross-x86_64 (1.22%).
WARNING: /home/andrew/poky/meta/recipes-devtools/python/python3-smmap_6.0.0.bb: Variable key PREFERRED_VERSION_go-cross-${TUNE_PKGARCH} (${GOVERSION}) replaces original key PREFERRED_VERSION_go-cross-x86_64 (1.22%).
WARNING: /home/andrew/meta-openembedded/meta-oe/recipes-support/libcereal/libcereal_1.3.2.bb: Variable key PREFERRED_VERSION_go-cross-${TUNE_PKGARCH} (${GOVERSION}) replaces original key PREFERRED_VERSION_go-cross-x86_64 (1.22%).
WARNING: /home/andrew/poky/meta/recipes-support/libffi/libffi_3.4.6.bb: Variable key PREFERRED_VERSION_go-cross-${TUNE_PKGARCH} (${GOVERSION}) replaces original key PREFERRED_VERSION_go-cross-x86_64 (1.22%).
WARNING: /home/andrew/poky/meta/recipes-graphics/virglrenderer/virglrenderer_1.0.1.bb: Variable key PREFERRED_VERSION_go-cross-${TUNE_PKGARCH} (${GOVERSION}) replaces original key PREFERRED_VERSION_go-cross-x86_64 (1.22%).
WARNING: /home/andrew/poky/meta/recipes-devtools/python/python3-pycryptodomex_3.20.0.bb: Variable key PREFERRED_VERSION_go-cross-${TUNE_PKGARCH} (${GOVERSION}) replaces original key PREFERRED_VERSION_go-cross-x86_64 (1.22%).
WARNING: /home/andrew/poky/meta/recipes-devtools/python/python3-more-itertools_10.2.0.bb: Variable key PREFERRED_VERSION_go-cross-${TUNE_PKGARCH} (${GOVERSION}) replaces original key PREFERRED_VERSION_go-cross-x86_64 (1.22%).
WARNING: /home/andrew/meta-openembedded/meta-oe/recipes-support/mscgen/mscgen_0.20.bb: Variable key PREFERRED_VERSION_go-cross-${TUNE_PKGARCH} (${GOVERSION}) replaces original key PREFERRED_VERSION_go-cross-x86_64 (1.22%).
WARNING: /home/andrew/poky/meta/recipes-kernel/systemtap/systemtap-native_git.bb: Variable key PREFERRED_VERSION_go-cross-${TUNE_PKGARCH} (${GOVERSION}) replaces original key PREFERRED_VERSION_go-cross-x86_64 (1.22%).
WARNING: /home/andrew/poky/meta/recipes-extended/pbzip2/pbzip2_1.1.13.bb: Variable key PREFERRED_VERSION_go-cross-${TUNE_PKGARCH} (${GOVERSION}) replaces original key PREFERRED_VERSION_go-cross-x86_64 (1.22%).
WARNING: /home/andrew/meta-openembedded/meta-oe/recipes-devtools/rapidjson/rapidjson_git.bb: Variable key PREFERRED_VERSION_go-cross-${TUNE_PKGARCH} (${GOVERSION}) replaces original key PREFERRED_VERSION_go-cross-x86_64 (1.22%).
WARNING: /home/andrew/poky/meta/recipes-devtools/python/python3-pycparser_2.21.bb: Variable key PREFERRED_VERSION_go-cross-${TUNE_PKGARCH} (${GOVERSION}) replaces original key PREFERRED_VERSION_go-cross-x86_64 (1.22%).
WARNING: /home/andrew/poky/meta/recipes-devtools/python/python3-pbr_6.0.0.bb: Variable key PREFERRED_VERSION_go-cross-${TUNE_PKGARCH} (${GOVERSION}) replaces original key PREFERRED_VERSION_go-cross-x86_64 (1.22%).
WARNING: /home/andrew/meta-openembedded/meta-oe/recipes-graphics/wayland/waylandpp_1.0.0.bb: Variable key PREFERRED_VERSION_go-cross-${TUNE_PKGARCH} (${GOVERSION}) replaces original key PREFERRED_VERSION_go-cross-x86_64 (1.22%).
WARNING: /home/andrew/meta-openembedded/meta-oe/recipes-support/librsync/librsync_2.3.4.bb: Variable key PREFERRED_VERSION_go-cross-${TUNE_PKGARCH} (${GOVERSION}) replaces original key PREFERRED_VERSION_go-cross-x86_64 (1.22%).
WARNING: /home/andrew/poky/meta/recipes-devtools/gnu-config/gnu-config_git.bb: Variable key PREFERRED_VERSION_go-cross-${TUNE_PKGARCH} (${GOVERSION}) replaces original key PREFERRED_VERSION_go-cross-x86_64 (1.22%).
WARNING: /home/andrew/meta-openembedded/meta-python/recipes-devtools/python/python3-typeguard_4.2.1.bb: Variable key PREFERRED_VERSION_go-cross-${TUNE_PKGARCH} (${GOVERSION}) replaces original key PREFERRED_VERSION_go-cross-x86_64 (1.22%).
WARNING: /home/andrew/poky/meta/recipes-devtools/python/python3-wcwidth_0.2.13.bb: Variable key PREFERRED_VERSION_go-cross-${TUNE_PKGARCH} (${GOVERSION}) replaces original key PREFERRED_VERSION_go-cross-x86_64 (1.22%).
WARNING: /home/andrew/meta-openembedded/meta-oe/recipes-graphics/glm/glm_0.9.9.8.bb: Variable key PREFERRED_VERSION_go-cross-${TUNE_PKGARCH} (${GOVERSION}) replaces original key PREFERRED_VERSION_go-cross-x86_64 (1.22%).
WARNING: /home/andrew/meta-openembedded/meta-python/recipes-devtools/python/python3-kiwisolver_1.4.5.bb: Variable key PREFERRED_VERSION_go-cross-${TUNE_PKGARCH} (${GOVERSION}) replaces original key PREFERRED_VERSION_go-cross-x86_64 (1.22%).
WARNING: /home/andrew/poky/meta/recipes-extended/libarchive/libarchive_3.7.9.bb: Variable key PREFERRED_VERSION_go-cross-${TUNE_PKGARCH} (${GOVERSION}) replaces original key PREFERRED_VERSION_go-cross-x86_64 (1.22%).
WARNING: /home/andrew/poky/meta/recipes-devtools/python/python3-alabaster_0.7.16.bb: Variable key PREFERRED_VERSION_go-cross-${TUNE_PKGARCH} (${GOVERSION}) replaces original key PREFERRED_VERSION_go-cross-x86_64 (1.22%).
WARNING: /home/andrew/poky/meta/recipes-devtools/patch/patch_2.7.6.bb: Variable key PREFERRED_VERSION_go-cross-${TUNE_PKGARCH} (${GOVERSION}) replaces original key PREFERRED_VERSION_go-cross-x86_64 (1.22%).
WARNING: /home/andrew/poky/meta/recipes-devtools/cmake/cmake_3.28.3.bb: Variable key PREFERRED_VERSION_go-cross-${TUNE_PKGARCH} (${GOVERSION}) replaces original key PREFERRED_VERSION_go-cross-x86_64 (1.22%).
WARNING: /home/andrew/poky/meta/recipes-devtools/python/python3-zipp_3.17.0.bb: Variable key PREFERRED_VERSION_go-cross-${TUNE_PKGARCH} (${GOVERSION}) replaces original key PREFERRED_VERSION_go-cross-x86_64 (1.22%).
WARNING: /home/andrew/poky/meta/recipes-devtools/python/python3-testtools_2.7.1.bb: Variable key PREFERRED_VERSION_go-cross-${TUNE_PKGARCH} (${GOVERSION}) replaces original key PREFERRED_VERSION_go-cross-x86_64 (1.22%).
WARNING: /home/andrew/poky/meta/recipes-bsp/u-boot/u-boot_2024.01.bb: Recipe inherits features_check but doesn't use it
WARNING: /home/andrew/poky/meta/recipes-devtools/python/python3-dtc_1.7.0.bb: Variable key PREFERRED_VERSION_go-cross-${TUNE_PKGARCH} (${GOVERSION}) replaces original key PREFERRED_VERSION_go-cross-x86_64 (1.22%).
WARNING: /home/andrew/poky/meta/recipes-devtools/python/python3-semantic-version_2.10.0.bb: Variable key PREFERRED_VERSION_go-cross-${TUNE_PKGARCH} (${GOVERSION}) replaces original key PREFERRED_VERSION_go-cross-x86_64 (1.22%).
WARNING: /home/andrew/meta-openembedded/meta-oe/recipes-support/gd/gd_2.3.3.bb: Variable key PREFERRED_VERSION_go-cross-${TUNE_PKGARCH} (${GOVERSION}) replaces original key PREFERRED_VERSION_go-cross-x86_64 (1.22%).
WARNING: /home/andrew/meta-openembedded/meta-oe/recipes-devtools/flatcc/flatcc_git.bb: Variable key PREFERRED_VERSION_go-cross-${TUNE_PKGARCH} (${GOVERSION}) replaces original key PREFERRED_VERSION_go-cross-x86_64 (1.22%).
WARNING: /home/andrew/poky/meta/recipes-devtools/icecc-create-env/icecc-create-env_0.1.bb: Variable key PREFERRED_VERSION_go-cross-${TUNE_PKGARCH} (${GOVERSION}) replaces original key PREFERRED_VERSION_go-cross-x86_64 (1.22%).
WARNING: /home/andrew/meta-openembedded/meta-python/recipes-devtools/python/python3-webencodings_0.5.1.bb: Variable key PREFERRED_VERSION_go-cross-${TUNE_PKGARCH} (${GOVERSION}) replaces original key PREFERRED_VERSION_go-cross-x86_64 (1.22%).
WARNING: /home/andrew/poky/meta/recipes-gnome/gtk+/gtk+3_3.24.41.bb: Variable key PREFERRED_VERSION_go-cross-${TUNE_PKGARCH} (${GOVERSION}) replaces original key PREFERRED_VERSION_go-cross-x86_64 (1.22%).
WARNING: /home/andrew/poky/meta/recipes-support/xxhash/xxhash_0.8.2.bb: Variable key PREFERRED_VERSION_go-cross-${TUNE_PKGARCH} (${GOVERSION}) replaces original key PREFERRED_VERSION_go-cross-x86_64 (1.22%).
WARNING: /home/andrew/meta-openembedded/meta-python/recipes-devtools/python/python3-html5lib_1.1.bb: Variable key PREFERRED_VERSION_go-cross-${TUNE_PKGARCH} (${GOVERSION}) replaces original key PREFERRED_VERSION_go-cross-x86_64 (1.22%).
WARNING: /home/andrew/meta-openembedded/meta-python/recipes-devtools/python/python3-argexec_1.0.3.bb: Variable key PREFERRED_VERSION_go-cross-${TUNE_PKGARCH} (${GOVERSION}) replaces original key PREFERRED_VERSION_go-cross-x86_64 (1.22%).
WARNING: /home/andrew/poky/meta/recipes-devtools/rust/rust-llvm_1.75.0.bb: Variable key PREFERRED_VERSION_go-cross-${TUNE_PKGARCH} (${GOVERSION}) replaces original key PREFERRED_VERSION_go-cross-x86_64 (1.22%).
WARNING: /home/andrew/poky/meta/recipes-extended/libnsl/libnsl2_git.bb: Variable key PREFERRED_VERSION_go-cross-${TUNE_PKGARCH} (${GOVERSION}) replaces original key PREFERRED_VERSION_go-cross-x86_64 (1.22%).
WARNING: /home/andrew/poky/meta/recipes-devtools/python/python3-uritools_4.0.2.bb: Variable key PREFERRED_VERSION_go-cross-${TUNE_PKGARCH} (${GOVERSION}) replaces original key PREFERRED_VERSION_go-cross-x86_64 (1.22%).
WARNING: /home/andrew/meta-openembedded/meta-python/recipes-devtools/python/python3-stopit_1.1.2.bb: Variable key PREFERRED_VERSION_go-cross-${TUNE_PKGARCH} (${GOVERSION}) replaces original key PREFERRED_VERSION_go-cross-x86_64 (1.22%).
WARNING: /home/andrew/meta-rockchip/dynamic-layers/rk-rauc-demo/recipes-core/systemd/abd-partition.bb: Recipe inherits features_check but doesn't use it
WARNING: /home/andrew/meta-openembedded/meta-oe/recipes-devtools/openocd/openocd_git.bb: Variable key PREFERRED_VERSION_go-cross-${TUNE_PKGARCH} (${GOVERSION}) replaces original key PREFERRED_VERSION_go-cross-x86_64 (1.22%).
WARNING: /home/andrew/poky/meta/recipes-support/gdbm/gdbm_1.23.bb: Variable key PREFERRED_VERSION_go-cross-${TUNE_PKGARCH} (${GOVERSION}) replaces original key PREFERRED_VERSION_go-cross-x86_64 (1.22%).
WARNING: /home/andrew/meta-openembedded/meta-oe/recipes-extended/libidn/libidn_1.41.bb: Variable key PREFERRED_VERSION_go-cross-${TUNE_PKGARCH} (${GOVERSION}) replaces original key PREFERRED_VERSION_go-cross-x86_64 (1.22%).
WARNING: /home/andrew/meta-openembedded/meta-oe/dynamic-layers/meta-python/recipes-devtools/nanopb/nanopb-generator_0.4.8.bb: Variable key PREFERRED_VERSION_go-cross-${TUNE_PKGARCH} (${GOVERSION}) replaces original key PREFERRED_VERSION_go-cross-x86_64 (1.22%).
WARNING: /home/andrew/poky/meta/recipes-graphics/xorg-lib/libxrender_0.9.11.bb: Variable key PREFERRED_VERSION_go-cross-${TUNE_PKGARCH} (${GOVERSION}) replaces original key PREFERRED_VERSION_go-cross-x86_64 (1.22%).
WARNING: /home/andrew/poky/meta/recipes-devtools/meson/meson_1.3.1.bb: Variable key PREFERRED_VERSION_go-cross-${TUNE_PKGARCH} (${GOVERSION}) replaces original key PREFERRED_VERSION_go-cross-x86_64 (1.22%).
WARNING: /home/andrew/meta-openembedded/meta-python/recipes-devtools/python/python3-isort_5.13.2.bb: Variable key PREFERRED_VERSION_go-cross-${TUNE_PKGARCH} (${GOVERSION}) replaces original key PREFERRED_VERSION_go-cross-x86_64 (1.22%).
WARNING: /home/andrew/meta-openembedded/meta-python/recipes-devtools/python/python3-jsmin_3.0.1.bb: Variable key PREFERRED_VERSION_go-cross-${TUNE_PKGARCH} (${GOVERSION}) replaces original key PREFERRED_VERSION_go-cross-x86_64 (1.22%).
WARNING: /home/andrew/poky/meta/recipes-extended/libidn/libidn2_2.3.7.bb: Variable key PREFERRED_VERSION_go-cross-${TUNE_PKGARCH} (${GOVERSION}) replaces original key PREFERRED_VERSION_go-cross-x86_64 (1.22%).
WARNING: /home/andrew/poky/meta/recipes-devtools/python/python3-cryptography-vectors_42.0.5.bb: Variable key PREFERRED_VERSION_go-cross-${TUNE_PKGARCH} (${GOVERSION}) replaces original key PREFERRED_VERSION_go-cross-x86_64 (1.22%).
WARNING: /home/andrew/meta-arm/meta-arm-toolchain/recipes-devtools/external-arm-toolchain/gcc-arm-none-eabi_13.2.Rel1.bb: Variable key PREFERRED_VERSION_go-cross-${TUNE_PKGARCH} (${GOVERSION}) replaces original key PREFERRED_VERSION_go-cross-x86_64 (1.22%).
WARNING: /home/andrew/poky/meta/recipes-devtools/python/python3-atomicwrites_1.4.1.bb: Variable key PREFERRED_VERSION_go-cross-${TUNE_PKGARCH} (${GOVERSION}) replaces original key PREFERRED_VERSION_go-cross-x86_64 (1.22%).
WARNING: /home/andrew/poky/meta/recipes-devtools/python/python3-sphinxcontrib-devhelp_1.0.6.bb: Variable key PREFERRED_VERSION_go-cross-${TUNE_PKGARCH} (${GOVERSION}) replaces original key PREFERRED_VERSION_go-cross-x86_64 (1.22%).
WARNING: /home/andrew/poky/meta/recipes-devtools/git/git_2.44.4.bb: Variable key PREFERRED_VERSION_go-cross-${TUNE_PKGARCH} (${GOVERSION}) replaces original key PREFERRED_VERSION_go-cross-x86_64 (1.22%).
WARNING: /home/andrew/meta-openembedded/meta-python/recipes-devtools/python/python3-u-msgpack-python_2.8.0.bb: Variable key PREFERRED_VERSION_go-cross-${TUNE_PKGARCH} (${GOVERSION}) replaces original key PREFERRED_VERSION_go-cross-x86_64 (1.22%).
WARNING: /home/andrew/meta-openembedded/meta-oe/recipes-devtools/flatbuffers/flatbuffers.bb: Variable key PREFERRED_VERSION_go-cross-${TUNE_PKGARCH} (${GOVERSION}) replaces original key PREFERRED_VERSION_go-cross-x86_64 (1.22%).
WARNING: /home/andrew/poky/meta/recipes-graphics/xorg-lib/libxshmfence_1.3.2.bb: Variable key PREFERRED_VERSION_go-cross-${TUNE_PKGARCH} (${GOVERSION}) replaces original key PREFERRED_VERSION_go-cross-x86_64 (1.22%).
WARNING: /home/andrew/meta-openembedded/meta-networking/recipes-connectivity/wolfssl/wolfssl_5.7.2.bb: Variable key PREFERRED_VERSION_go-cross-${TUNE_PKGARCH} (${GOVERSION}) replaces original key PREFERRED_VERSION_go-cross-x86_64 (1.22%).
WARNING: /home/andrew/meta-openembedded/meta-oe/recipes-connectivity/krb5/krb5_1.21.3.bb: Variable key PREFERRED_VERSION_go-cross-${TUNE_PKGARCH} (${GOVERSION}) replaces original key PREFERRED_VERSION_go-cross-x86_64 (1.22%).
WARNING: /home/andrew/meta-openembedded/meta-python/recipes-devtools/python/python3-trafaret_2.1.1.bb: Variable key PREFERRED_VERSION_go-cross-${TUNE_PKGARCH} (${GOVERSION}) replaces original key PREFERRED_VERSION_go-cross-x86_64 (1.22%).
WARNING: /home/andrew/meta-openembedded/meta-python/recipes-devtools/python/python3-dateutil_2.9.0.bb: Variable key PREFERRED_VERSION_go-cross-${TUNE_PKGARCH} (${GOVERSION}) replaces original key PREFERRED_VERSION_go-cross-x86_64 (1.22%).
WARNING: /home/andrew/meta-openembedded/meta-networking/recipes-support/http-parser/http-parser_2.9.4.bb: Variable key PREFERRED_VERSION_go-cross-${TUNE_PKGARCH} (${GOVERSION}) replaces original key PREFERRED_VERSION_go-cross-x86_64 (1.22%).
WARNING: /home/andrew/meta-openembedded/meta-python/recipes-devtools/python/python3-editor_1.0.4.bb: Variable key PREFERRED_VERSION_go-cross-${TUNE_PKGARCH} (${GOVERSION}) replaces original key PREFERRED_VERSION_go-cross-x86_64 (1.22%).
WARNING: /home/andrew/poky/meta/recipes-devtools/gcc/libgcc-initial_13.4.bb: Variable key PREFERRED_VERSION_go-cross-${TUNE_PKGARCH} (${GOVERSION}) replaces original key PREFERRED_VERSION_go-cross-x86_64 (1.22%).
WARNING: /home/andrew/poky/meta/recipes-support/libcheck/libcheck_0.15.2.bb: Variable key PREFERRED_VERSION_go-cross-${TUNE_PKGARCH} (${GOVERSION}) replaces original key PREFERRED_VERSION_go-cross-x86_64 (1.22%).
WARNING: /home/andrew/poky/meta/recipes-devtools/python/python3-imagesize_1.4.1.bb: Variable key PREFERRED_VERSION_go-cross-${TUNE_PKGARCH} (${GOVERSION}) replaces original key PREFERRED_VERSION_go-cross-x86_64 (1.22%).
WARNING: /home/andrew/poky/meta/recipes-core/expat/expat_2.6.4.bb: Variable key PREFERRED_VERSION_go-cross-${TUNE_PKGARCH} (${GOVERSION}) replaces original key PREFERRED_VERSION_go-cross-x86_64 (1.22%).
WARNING: /home/andrew/poky/meta/recipes-devtools/qemu/nativesdk-qemu-helper_1.0.bb: Variable key PREFERRED_VERSION_go-cross-${TUNE_PKGARCH} (${GOVERSION}) replaces original key PREFERRED_VERSION_go-cross-x86_64 (1.22%).
WARNING: /home/andrew/poky/meta/recipes-core/glibc/glibc-locale_2.39.bb: Variable key PREFERRED_VERSION_go-cross-${TUNE_PKGARCH} (${GOVERSION}) replaces original key PREFERRED_VERSION_go-cross-x86_64 (1.22%).
WARNING: /home/andrew/meta-openembedded/meta-python/recipes-devtools/python/python3-pyproject-api_1.6.1.bb: Variable key PREFERRED_VERSION_go-cross-${TUNE_PKGARCH} (${GOVERSION}) replaces original key PREFERRED_VERSION_go-cross-x86_64 (1.22%).
WARNING: /home/andrew/meta-openembedded/meta-python/recipes-devtools/python/python3-platformdirs_4.2.0.bb: Variable key PREFERRED_VERSION_go-cross-${TUNE_PKGARCH} (${GOVERSION}) replaces original key PREFERRED_VERSION_go-cross-x86_64 (1.22%).
WARNING: /home/andrew/poky/meta/recipes-support/libgpg-error/libgpg-error_1.48.bb: Variable key PREFERRED_VERSION_go-cross-${TUNE_PKGARCH} (${GOVERSION}) replaces original key PREFERRED_VERSION_go-cross-x86_64 (1.22%).
WARNING: /home/andrew/meta-openembedded/meta-oe/recipes-devtools/exprtk/exprtk_git.bb: Variable key PREFERRED_VERSION_go-cross-${TUNE_PKGARCH} (${GOVERSION}) replaces original key PREFERRED_VERSION_go-cross-x86_64 (1.22%).
WARNING: /home/andrew/meta-openembedded/meta-oe/recipes-security/softhsm/softhsm_2.6.1.bb: Variable key PREFERRED_VERSION_go-cross-${TUNE_PKGARCH} (${GOVERSION}) replaces original key PREFERRED_VERSION_go-cross-x86_64 (1.22%).
WARNING: /home/andrew/poky/meta/recipes-devtools/python/python3-pycryptodome_3.20.0.bb: Variable key PREFERRED_VERSION_go-cross-${TUNE_PKGARCH} (${GOVERSION}) replaces original key PREFERRED_VERSION_go-cross-x86_64 (1.22%).
WARNING: /home/andrew/poky/meta/recipes-devtools/flex/flex_2.6.4.bb: Variable key PREFERRED_VERSION_go-cross-${TUNE_PKGARCH} (${GOVERSION}) replaces original key PREFERRED_VERSION_go-cross-x86_64 (1.22%).
WARNING: /home/andrew/poky/meta/recipes-devtools/python/python3-iso8601_2.1.0.bb: Variable key PREFERRED_VERSION_go-cross-${TUNE_PKGARCH} (${GOVERSION}) replaces original key PREFERRED_VERSION_go-cross-x86_64 (1.22%).
WARNING: /home/andrew/meta-openembedded/meta-oe/recipes-graphics/ttf-fonts/ttf-dejavu_2.37.bb: Variable key PREFERRED_VERSION_go-cross-${TUNE_PKGARCH} (${GOVERSION}) replaces original key PREFERRED_VERSION_go-cross-x86_64 (1.22%).
WARNING: /home/andrew/poky/meta/recipes-graphics/mesa/mesa_24.0.7.bb: Variable key PREFERRED_VERSION_go-cross-${TUNE_PKGARCH} (${GOVERSION}) replaces original key PREFERRED_VERSION_go-cross-x86_64 (1.22%).
WARNING: /home/andrew/meta-openembedded/meta-oe/recipes-graphics/libglvnd/libglvnd_1.7.0.bb: Variable key PREFERRED_VERSION_go-cross-${TUNE_PKGARCH} (${GOVERSION}) replaces original key PREFERRED_VERSION_go-cross-x86_64 (1.22%).
WARNING: /home/andrew/meta-openembedded/meta-python/recipes-devtools/python/python3-gmpy2_2.1.5.bb: Variable key PREFERRED_VERSION_go-cross-${TUNE_PKGARCH} (${GOVERSION}) replaces original key PREFERRED_VERSION_go-cross-x86_64 (1.22%).
WARNING: /home/andrew/poky/meta/recipes-graphics/libva/libva_2.20.0.bb: Variable key PREFERRED_VERSION_go-cross-${TUNE_PKGARCH} (${GOVERSION}) replaces original key PREFERRED_VERSION_go-cross-x86_64 (1.22%).
WARNING: /home/andrew/meta-openembedded/meta-oe/recipes-support/liburing/liburing_2.5.bb: Variable key PREFERRED_VERSION_go-cross-${TUNE_PKGARCH} (${GOVERSION}) replaces original key PREFERRED_VERSION_go-cross-x86_64 (1.22%).
WARNING: /home/andrew/meta-openembedded/meta-oe/recipes-graphics/vdpau/libvdpau_1.5.bb: Variable key PREFERRED_VERSION_go-cross-${TUNE_PKGARCH} (${GOVERSION}) replaces original key PREFERRED_VERSION_go-cross-x86_64 (1.22%).
WARNING: /home/andrew/poky/meta/recipes-support/gnutls/libtasn1_4.20.0.bb: Variable key PREFERRED_VERSION_go-cross-${TUNE_PKGARCH} (${GOVERSION}) replaces original key PREFERRED_VERSION_go-cross-x86_64 (1.22%).
WARNING: /home/andrew/poky/meta/recipes-support/libusb/libusb1_1.0.27.bb: Variable key PREFERRED_VERSION_go-cross-${TUNE_PKGARCH} (${GOVERSION}) replaces original key PREFERRED_VERSION_go-cross-x86_64 (1.22%).
WARNING: /home/andrew/meta-openembedded/meta-python/recipes-devtools/python/python3-xmodem_0.4.7.bb: Variable key PREFERRED_VERSION_go-cross-${TUNE_PKGARCH} (${GOVERSION}) replaces original key PREFERRED_VERSION_go-cross-x86_64 (1.22%).
WARNING: /home/andrew/poky/meta/recipes-devtools/perl/libtest-warnings-perl_0.033.bb: Variable key PREFERRED_VERSION_go-cross-${TUNE_PKGARCH} (${GOVERSION}) replaces original key PREFERRED_VERSION_go-cross-x86_64 (1.22%).
WARNING: /home/andrew/meta-openembedded/meta-oe/recipes-support/sharutils/sharutils_4.15.2.bb: Variable key PREFERRED_VERSION_go-cross-${TUNE_PKGARCH} (${GOVERSION}) replaces original key PREFERRED_VERSION_go-cross-x86_64 (1.22%).
WARNING: /home/andrew/poky/meta/recipes-devtools/python/python3-setuptools-scm_8.0.4.bb: Variable key PREFERRED_VERSION_go-cross-${TUNE_PKGARCH} (${GOVERSION}) replaces original key PREFERRED_VERSION_go-cross-x86_64 (1.22%).
WARNING: /home/andrew/poky/meta/recipes-devtools/python/python3-iniparse_0.5.bb: Variable key PREFERRED_VERSION_go-cross-${TUNE_PKGARCH} (${GOVERSION}) replaces original key PREFERRED_VERSION_go-cross-x86_64 (1.22%).
WARNING: /home/andrew/meta-openembedded/meta-python/recipes-devtools/python/python3-pcodedmp_1.2.6.bb: Variable key PREFERRED_VERSION_go-cross-${TUNE_PKGARCH} (${GOVERSION}) replaces original key PREFERRED_VERSION_go-cross-x86_64 (1.22%).
WARNING: /home/andrew/poky/meta/recipes-support/bmaptool/bmaptool_git.bb: Variable key PREFERRED_VERSION_go-cross-${TUNE_PKGARCH} (${GOVERSION}) replaces original key PREFERRED_VERSION_go-cross-x86_64 (1.22%).
WARNING: /home/andrew/meta-openembedded/meta-python/recipes-devtools/python/python3-django_5.0.14.bb: Variable key PREFERRED_VERSION_go-cross-${TUNE_PKGARCH} (${GOVERSION}) replaces original key PREFERRED_VERSION_go-cross-x86_64 (1.22%).
WARNING: /home/andrew/meta-openembedded/meta-oe/recipes-devtools/serialcheck/serialcheck_1.0.0.bb: Variable key PREFERRED_VERSION_go-cross-${TUNE_PKGARCH} (${GOVERSION}) replaces original key PREFERRED_VERSION_go-cross-x86_64 (1.22%).
WARNING: /home/andrew/poky/meta/recipes-extended/lzip/lzlib_1.14.bb: Variable key PREFERRED_VERSION_go-cross-${TUNE_PKGARCH} (${GOVERSION}) replaces original key PREFERRED_VERSION_go-cross-x86_64 (1.22%).
WARNING: /home/andrew/poky/meta/recipes-devtools/python/python3-pyproject-metadata_0.7.1.bb: Variable key PREFERRED_VERSION_go-cross-${TUNE_PKGARCH} (${GOVERSION}) replaces original key PREFERRED_VERSION_go-cross-x86_64 (1.22%).
WARNING: /home/andrew/poky/meta/recipes-gnome/gi-docgen/gi-docgen_2023.3.bb: Variable key PREFERRED_VERSION_go-cross-${TUNE_PKGARCH} (${GOVERSION}) replaces original key PREFERRED_VERSION_go-cross-x86_64 (1.22%).
WARNING: /home/andrew/poky/meta/recipes-support/libgcrypt/libgcrypt_1.10.3.bb: Variable key PREFERRED_VERSION_go-cross-${TUNE_PKGARCH} (${GOVERSION}) replaces original key PREFERRED_VERSION_go-cross-x86_64 (1.22%).
WARNING: /home/andrew/poky/meta/recipes-devtools/go/go-runtime_1.22.12.bb: Variable key PREFERRED_VERSION_go-cross-${TUNE_PKGARCH} (${GOVERSION}) replaces original key PREFERRED_VERSION_go-cross-x86_64 (1.22%).
WARNING: /home/andrew/poky/meta/recipes-graphics/xorg-lib/libxrandr_1.5.4.bb: Variable key PREFERRED_VERSION_go-cross-${TUNE_PKGARCH} (${GOVERSION}) replaces original key PREFERRED_VERSION_go-cross-x86_64 (1.22%).
WARNING: /home/andrew/poky/meta/recipes-support/libpsl/libpsl_0.21.5.bb: Variable key PREFERRED_VERSION_go-cross-${TUNE_PKGARCH} (${GOVERSION}) replaces original key PREFERRED_VERSION_go-cross-x86_64 (1.22%).
WARNING: /home/andrew/meta-openembedded/meta-oe/recipes-core/opencl/ocl-icd_2.3.2.bb: Variable key PREFERRED_VERSION_go-cross-${TUNE_PKGARCH} (${GOVERSION}) replaces original key PREFERRED_VERSION_go-cross-x86_64 (1.22%).
WARNING: /home/andrew/poky/meta/recipes-devtools/python/python3-rdflib_7.0.0.bb: Variable key PREFERRED_VERSION_go-cross-${TUNE_PKGARCH} (${GOVERSION}) replaces original key PREFERRED_VERSION_go-cross-x86_64 (1.22%).
WARNING: /home/andrew/meta-openembedded/meta-python/recipes-devtools/python/python3-cbor2_5.6.4.bb: Variable key PREFERRED_VERSION_go-cross-${TUNE_PKGARCH} (${GOVERSION}) replaces original key PREFERRED_VERSION_go-cross-x86_64 (1.22%).
WARNING: /home/andrew/meta-openembedded/meta-oe/recipes-graphics/dnfdragora/dnfdragora_2.1.6.bb: Variable key PREFERRED_VERSION_go-cross-${TUNE_PKGARCH} (${GOVERSION}) replaces original key PREFERRED_VERSION_go-cross-x86_64 (1.22%).
WARNING: /home/andrew/poky/meta/recipes-kernel/lttng/babeltrace_1.5.11.bb: Variable key PREFERRED_VERSION_go-cross-${TUNE_PKGARCH} (${GOVERSION}) replaces original key PREFERRED_VERSION_go-cross-x86_64 (1.22%).
WARNING: /home/andrew/poky/meta/recipes-devtools/python/python3-pytz_2024.1.bb: Variable key PREFERRED_VERSION_go-cross-${TUNE_PKGARCH} (${GOVERSION}) replaces original key PREFERRED_VERSION_go-cross-x86_64 (1.22%).
WARNING: /home/andrew/meta-openembedded/meta-python/recipes-devtools/python/python3-lockfile_0.12.2.bb: Variable key PREFERRED_VERSION_go-cross-${TUNE_PKGARCH} (${GOVERSION}) replaces original key PREFERRED_VERSION_go-cross-x86_64 (1.22%).
WARNING: /home/andrew/poky/meta/recipes-graphics/xorg-lib/xtrans_1.5.0.bb: Variable key PREFERRED_VERSION_go-cross-${TUNE_PKGARCH} (${GOVERSION}) replaces original key PREFERRED_VERSION_go-cross-x86_64 (1.22%).
WARNING: /home/andrew/poky/meta/recipes-devtools/perl/perl_5.38.4.bb: Variable key PREFERRED_VERSION_go-cross-${TUNE_PKGARCH} (${GOVERSION}) replaces original key PREFERRED_VERSION_go-cross-x86_64 (1.22%).
WARNING: /home/andrew/meta-openembedded/meta-oe/recipes-devtools/json-spirit/json-spirit_4.08.bb: Variable key PREFERRED_VERSION_go-cross-${TUNE_PKGARCH} (${GOVERSION}) replaces original key PREFERRED_VERSION_go-cross-x86_64 (1.22%).
WARNING: /home/andrew/poky/meta/recipes-devtools/autoconf/autoconf_2.72e.bb: Variable key PREFERRED_VERSION_go-cross-${TUNE_PKGARCH} (${GOVERSION}) replaces original key PREFERRED_VERSION_go-cross-x86_64 (1.22%).
WARNING: /home/andrew/poky/meta/recipes-devtools/dosfstools/dosfstools_4.2.bb: Variable key PREFERRED_VERSION_go-cross-${TUNE_PKGARCH} (${GOVERSION}) replaces original key PREFERRED_VERSION_go-cross-x86_64 (1.22%).
WARNING: /home/andrew/poky/meta/recipes-core/util-linux/util-linux_2.39.3.bb: Variable key PREFERRED_VERSION_go-cross-${TUNE_PKGARCH} (${GOVERSION}) replaces original key PREFERRED_VERSION_go-cross-x86_64 (1.22%).
WARNING: /home/andrew/poky/meta/recipes-extended/asciidoc/asciidoc_10.2.0.bb: Variable key PREFERRED_VERSION_go-cross-${TUNE_PKGARCH} (${GOVERSION}) replaces original key PREFERRED_VERSION_go-cross-x86_64 (1.22%).
WARNING: /home/andrew/meta-openembedded/meta-python/recipes-devtools/python/python3-ujson_5.9.0.bb: Variable key PREFERRED_VERSION_go-cross-${TUNE_PKGARCH} (${GOVERSION}) replaces original key PREFERRED_VERSION_go-cross-x86_64 (1.22%).
WARNING: /home/andrew/meta-openembedded/meta-python/recipes-devtools/python/python3-texttable_1.7.0.bb: Variable key PREFERRED_VERSION_go-cross-${TUNE_PKGARCH} (${GOVERSION}) replaces original key PREFERRED_VERSION_go-cross-x86_64 (1.22%).
WARNING: /home/andrew/meta-openembedded/meta-oe/recipes-support/fmt/fmt_10.2.1.bb: Variable key PREFERRED_VERSION_go-cross-${TUNE_PKGARCH} (${GOVERSION}) replaces original key PREFERRED_VERSION_go-cross-x86_64 (1.22%).
WARNING: /home/andrew/meta-openembedded/meta-python/recipes-devtools/python/python3-pytest-cov_5.0.0.bb: Variable key PREFERRED_VERSION_go-cross-${TUNE_PKGARCH} (${GOVERSION}) replaces original key PREFERRED_VERSION_go-cross-x86_64 (1.22%).
WARNING: /home/andrew/poky/meta/recipes-support/libmd/libmd_1.1.0.bb: Variable key PREFERRED_VERSION_go-cross-${TUNE_PKGARCH} (${GOVERSION}) replaces original key PREFERRED_VERSION_go-cross-x86_64 (1.22%).
WARNING: /home/andrew/meta-openembedded/meta-python/recipes-devtools/python/python3-semver_3.0.2.bb: Variable key PREFERRED_VERSION_go-cross-${TUNE_PKGARCH} (${GOVERSION}) replaces original key PREFERRED_VERSION_go-cross-x86_64 (1.22%).
WARNING: /home/andrew/meta-openembedded/meta-oe/recipes-devtools/yasm/yasm_git.bb: Variable key PREFERRED_VERSION_go-cross-${TUNE_PKGARCH} (${GOVERSION}) replaces original key PREFERRED_VERSION_go-cross-x86_64 (1.22%).
WARNING: /home/andrew/poky/meta/recipes-gnome/json-glib/json-glib_1.8.0.bb: Variable key PREFERRED_VERSION_go-cross-${TUNE_PKGARCH} (${GOVERSION}) replaces original key PREFERRED_VERSION_go-cross-x86_64 (1.22%).
WARNING: /home/andrew/meta-openembedded/meta-perl/recipes-perl/libsub/libsub-uplevel-perl_0.2800.bb: Variable key PREFERRED_VERSION_go-cross-${TUNE_PKGARCH} (${GOVERSION}) replaces original key PREFERRED_VERSION_go-cross-x86_64 (1.22%).
WARNING: /home/andrew/meta-openembedded/meta-oe/recipes-graphics/libsdl/libsdl_1.2.15.bb: Variable key PREFERRED_VERSION_go-cross-${TUNE_PKGARCH} (${GOVERSION}) replaces original key PREFERRED_VERSION_go-cross-x86_64 (1.22%).
WARNING: /home/andrew/poky/meta/recipes-devtools/python/python3-urllib3_2.2.2.bb: Variable key PREFERRED_VERSION_go-cross-${TUNE_PKGARCH} (${GOVERSION}) replaces original key PREFERRED_VERSION_go-cross-x86_64 (1.22%).
WARNING: /home/andrew/poky/meta/recipes-devtools/rust/libstd-rs_1.75.0.bb: Variable key PREFERRED_VERSION_go-cross-${TUNE_PKGARCH} (${GOVERSION}) replaces original key PREFERRED_VERSION_go-cross-x86_64 (1.22%).
WARNING: /home/andrew/poky/meta/recipes-devtools/qemu/qemuwrapper-cross_1.0.bb: Variable key PREFERRED_VERSION_go-cross-${TUNE_PKGARCH} (${GOVERSION}) replaces original key PREFERRED_VERSION_go-cross-x86_64 (1.22%).
WARNING: /home/andrew/poky/meta/recipes-support/libnl/libnl_3.9.0.bb: Variable key PREFERRED_VERSION_go-cross-${TUNE_PKGARCH} (${GOVERSION}) replaces original key PREFERRED_VERSION_go-cross-x86_64 (1.22%).
WARNING: /home/andrew/poky/meta/recipes-devtools/python/python3-installer_0.7.0.bb: Variable key PREFERRED_VERSION_go-cross-${TUNE_PKGARCH} (${GOVERSION}) replaces original key PREFERRED_VERSION_go-cross-x86_64 (1.22%).
WARNING: /home/andrew/meta-openembedded/meta-oe/recipes-support/lvm2/libdevmapper_2.03.22.bb: Variable key PREFERRED_VERSION_go-cross-${TUNE_PKGARCH} (${GOVERSION}) replaces original key PREFERRED_VERSION_go-cross-x86_64 (1.22%).
WARNING: /home/andrew/meta-openembedded/meta-oe/recipes-devtools/dnf-plugin-tui/dnf-plugin-tui_1.4.bb: Variable key PREFERRED_VERSION_go-cross-${TUNE_PKGARCH} (${GOVERSION}) replaces original key PREFERRED_VERSION_go-cross-x86_64 (1.22%).
WARNING: /home/andrew/poky/meta/recipes-core/glib-networking/glib-networking_2.78.1.bb: Variable key PREFERRED_VERSION_go-cross-${TUNE_PKGARCH} (${GOVERSION}) replaces original key PREFERRED_VERSION_go-cross-x86_64 (1.22%).
WARNING: /home/andrew/meta-openembedded/meta-python/recipes-devtools/python/python3-execnet_2.1.1.bb: Variable key PREFERRED_VERSION_go-cross-${TUNE_PKGARCH} (${GOVERSION}) replaces original key PREFERRED_VERSION_go-cross-x86_64 (1.22%).
WARNING: /home/andrew/poky/meta/recipes-devtools/python/python3-sphinxcontrib-serializinghtml_1.1.10.bb: Variable key PREFERRED_VERSION_go-cross-${TUNE_PKGARCH} (${GOVERSION}) replaces original key PREFERRED_VERSION_go-cross-x86_64 (1.22%).
done.
Parsing of 2864 .bb files complete (0 cached, 2864 parsed). 4894 targets, 707 skipped, 29 masked, 0 errors.
Removing 105 recipes from the tactiq_rock5a sysroot...done.
NOTE: Resolving any missing task queue dependencies

Build Configuration:
BB_VERSION           = "2.8.1"
BUILD_SYS            = "x86_64-linux"
NATIVELSBSTRING      = "ubuntu-24.04"
TARGET_SYS           = "aarch64-oe-linux"
MACHINE              = "tactiq-rock5a"
DISTRO               = "tactiq"
DISTRO_VERSION       = "2.0.0"
TUNE_FEATURES        = "aarch64 cortexa76-cortexa55"
TARGET_FPU           = ""
meta                 
meta-poky            
meta-yocto-bsp       = "scarthgap:da5493bf86b3e75bbae4c5789fdfaca67b6f6a65"
meta-arm-toolchain   
meta-arm             = "scarthgap:a81c19915b5b9e71ed394032e9a50fd06919e1cd"
meta-oe              
meta-python          
meta-networking      
meta-perl            = "scarthgap:06f846a325fde423bb0a6d49d771d8c1e144d7eb"
meta-rockchip        = "scarthgap:4a0a546cf3aae346e0ba3a9752eaf21728f1cf54"
meta-selinux         = "<unknown>:<unknown>"
tactiq-os            = "main:e24f45192f5093f6ba56d0b4c0862ec010a43efa"
tactiq-os-selinux    = "main:c72fafc692672b249b9f5486d067685c2c65df63"
meta-rauc            = "scarthgap:fa18cf1fb2840ba23df0fe79f38ffca4bf7a4816"

Initialising tasks...Sstate summary: Wanted 1443 Local 1214 Mirrors 0 Missed 229 Current 798 (84% match, 89% complete)
Removing 103 stale sstate objects for arch tactiq_rock5a...done.
NOTE: Executing Tasks
NOTE: Running setscene task 799 of 2241 (/home/andrew/poky/meta/recipes-extended/shadow/shadow-securetty_4.6.bb:do_populate_sysroot_setscene)
NOTE: Running setscene task 804 of 2241 (/home/andrew/poky/meta/recipes-core/systemd/systemd-serialgetty.bb:do_populate_sysroot_setscene)
NOTE: recipe shadow-securetty-4.6-r0: task do_populate_sysroot_setscene: Started
NOTE: recipe systemd-serialgetty-1.0-r0: task do_populate_sysroot_setscene: Started
NOTE: recipe systemd-serialgetty-1.0-r0: task do_populate_sysroot_setscene: Succeeded
NOTE: recipe shadow-securetty-4.6-r0: task do_populate_sysroot_setscene: Succeeded
NOTE: Running setscene task 808 of 2241 (/home/andrew/poky/meta/recipes-bsp/u-boot/libubootenv_0.3.5.bb:do_populate_sysroot_setscene)
NOTE: Running setscene task 811 of 2241 (/home/andrew/poky/meta/recipes-extended/tar/tar_1.35.bb:do_populate_sysroot_setscene)
NOTE: recipe libubootenv-0.3.5-r0: task do_populate_sysroot_setscene: Started
NOTE: recipe tar-1.35-r0: task do_populate_sysroot_setscene: Started
NOTE: recipe libubootenv-0.3.5-r0: task do_populate_sysroot_setscene: Succeeded
NOTE: Running setscene task 812 of 2241 (/home/andrew/tactiq-os/recipes-core/tactiq-agent/tactiq-agent_2.0.0.bb:do_populate_sysroot_setscene)
NOTE: recipe tar-1.35-r0: task do_populate_sysroot_setscene: Succeeded
NOTE: Running setscene task 819 of 2241 (/home/andrew/poky/meta/recipes-connectivity/iproute2/iproute2_6.7.0.bb:do_populate_sysroot_setscene)
NOTE: recipe tactiq-agent-2.0.0-r0: task do_populate_sysroot_setscene: Started
NOTE: recipe iproute2-6.7.0-r0: task do_populate_sysroot_setscene: Started
NOTE: recipe tactiq-agent-2.0.0-r0: task do_populate_sysroot_setscene: Succeeded
NOTE: Running setscene task 820 of 2241 (/home/andrew/meta-selinux/recipes-security/selinux/selinux-python_3.7.bb:do_populate_sysroot_setscene)
NOTE: recipe iproute2-6.7.0-r0: task do_populate_sysroot_setscene: Succeeded
NOTE: Running setscene task 823 of 2241 (/home/andrew/meta-selinux/recipes-security/refpolicy/refpolicy-targeted_git.bb:do_populate_sysroot_setscene)
NOTE: recipe selinux-python-3.7-r0: task do_populate_sysroot_setscene: Started
NOTE: recipe refpolicy-targeted-2.20240226+git-r0: task do_populate_sysroot_setscene: Started
NOTE: recipe selinux-python-3.7-r0: task do_populate_sysroot_setscene: Succeeded
NOTE: Running setscene task 825 of 2241 (/home/andrew/poky/meta/recipes-core/initscripts/init-system-helpers_1.66.bb:do_populate_sysroot_setscene)
NOTE: recipe init-system-helpers-1.66-r0: task do_populate_sysroot_setscene: Started
NOTE: recipe init-system-helpers-1.66-r0: task do_populate_sysroot_setscene: Succeeded
NOTE: Running setscene task 827 of 2241 (/home/andrew/meta-selinux/recipes-security/setools/setools_4.5.1.bb:do_populate_sysroot_setscene)
NOTE: recipe refpolicy-targeted-2.20240226+git-r0: task do_populate_sysroot_setscene: Succeeded
NOTE: Running setscene task 828 of 2241 (/home/andrew/meta-rauc/recipes-core/rauc/rauc_1.15.2.bb:do_populate_sysroot_setscene)
NOTE: recipe setools-4.5.1-r0: task do_populate_sysroot_setscene: Started
NOTE: recipe rauc-1.15.2-r0: task do_populate_sysroot_setscene: Started
NOTE: recipe setools-4.5.1-r0: task do_populate_sysroot_setscene: Succeeded
NOTE: Running setscene task 831 of 2241 (/home/andrew/meta-rauc/recipes-core/rauc/rauc-conf.bb:do_populate_sysroot_setscene)
WARNING: Recipe inherits features_check but doesn't use it
NOTE: recipe rauc-1.15.2-r0: task do_populate_sysroot_setscene: Succeeded
NOTE: Running setscene task 833 of 2241 (/home/andrew/meta-selinux/recipes-security/selinux-scripts/selinux-autorelabel_0.1.bb:do_populate_sysroot_setscene)
NOTE: recipe rauc-conf-1.0-r0: task do_populate_sysroot_setscene: Started
NOTE: recipe selinux-autorelabel-0.1-r0: task do_populate_sysroot_setscene: Started
NOTE: recipe rauc-conf-1.0-r0: task do_populate_sysroot_setscene: Succeeded
NOTE: Running setscene task 835 of 2241 (/home/andrew/poky/meta/recipes-extended/findutils/findutils_4.9.0.bb:do_populate_sysroot_setscene)
NOTE: recipe selinux-autorelabel-0.1-r0: task do_populate_sysroot_setscene: Succeeded
NOTE: Running setscene task 841 of 2241 (/home/andrew/poky/meta/recipes-devtools/binutils/binutils_2.42.bb:do_populate_sysroot_setscene)
NOTE: recipe findutils-4.9.0-r0: task do_populate_sysroot_setscene: Started
NOTE: recipe binutils-2.42-r0: task do_populate_sysroot_setscene: Started
NOTE: recipe findutils-4.9.0-r0: task do_populate_sysroot_setscene: Succeeded
NOTE: Running setscene task 843 of 2241 (/home/andrew/meta-openembedded/meta-python/recipes-devtools/python/python3-decorator_5.1.1.bb:do_populate_sysroot_setscene)
NOTE: recipe python3-decorator-5.1.1-r0: task do_populate_sysroot_setscene: Started
NOTE: recipe python3-decorator-5.1.1-r0: task do_populate_sysroot_setscene: Succeeded
NOTE: recipe binutils-2.42-r0: task do_populate_sysroot_setscene: Succeeded
NOTE: Running setscene task 847 of 2241 (/home/andrew/poky/meta/recipes-devtools/perl/perl_5.38.4.bb:do_populate_sysroot_setscene)
NOTE: Running setscene task 856 of 2241 (/home/andrew/meta-openembedded/meta-python/recipes-devtools/python/python3-distro_1.9.0.bb:do_populate_sysroot_setscene)
NOTE: recipe python3-distro-1.9.0-r0: task do_populate_sysroot_setscene: Started
NOTE: recipe perl-5.38.4-r0: task do_populate_sysroot_setscene: Started
NOTE: recipe python3-distro-1.9.0-r0: task do_populate_sysroot_setscene: Succeeded
NOTE: Running setscene task 859 of 2241 (/home/andrew/poky/meta/recipes-devtools/squashfs-tools/squashfs-tools_git.bb:do_populate_sysroot_setscene)
NOTE: recipe squashfs-tools-4.6.1-r0: task do_populate_sysroot_setscene: Started
NOTE: recipe squashfs-tools-4.6.1-r0: task do_populate_sysroot_setscene: Succeeded
NOTE: Running setscene task 863 of 2241 (/home/andrew/poky/meta/recipes-devtools/e2fsprogs/e2fsprogs_1.47.0.bb:do_populate_sysroot_setscene)
NOTE: recipe e2fsprogs-1.47.0-r0: task do_populate_sysroot_setscene: Started
NOTE: recipe perl-5.38.4-r0: task do_populate_sysroot_setscene: Succeeded
NOTE: Running setscene task 864 of 2241 (/home/andrew/poky/meta/recipes-kernel/linux/linux-yocto_6.6.bb:do_populate_sysroot_setscene)
NOTE: recipe e2fsprogs-1.47.0-r0: task do_populate_sysroot_setscene: Succeeded
NOTE: Running setscene task 870 of 2241 (/home/andrew/meta-openembedded/meta-networking/recipes-support/chrony/chrony_4.5.bb:do_populate_sysroot_setscene)
NOTE: recipe chrony-4.5-r0: task do_populate_sysroot_setscene: Started
NOTE: recipe linux-yocto-6.6.123+git-r0: task do_populate_sysroot_setscene: Started
NOTE: recipe chrony-4.5-r0: task do_populate_sysroot_setscene: Succeeded
NOTE: Running setscene task 875 of 2241 (/home/andrew/poky/meta/recipes-core/coreutils/coreutils_9.4.bb:do_populate_sysroot_setscene)
NOTE: recipe linux-yocto-6.6.123+git-r0: task do_populate_sysroot_setscene: Succeeded
NOTE: Running setscene task 881 of 2241 (/home/andrew/poky/meta/recipes-support/libseccomp/libseccomp_2.5.5.bb:do_package_qa_setscene)
NOTE: recipe coreutils-9.4-r0: task do_populate_sysroot_setscene: Started
NOTE: recipe libseccomp-2.5.5-r0: task do_package_qa_setscene: Started
NOTE: recipe libseccomp-2.5.5-r0: task do_package_qa_setscene: Succeeded
NOTE: recipe coreutils-9.4-r0: task do_populate_sysroot_setscene: Succeeded
NOTE: Running setscene task 882 of 2241 (/home/andrew/poky/meta/recipes-bsp/u-boot/libubootenv_0.3.5.bb:do_deploy_archives_setscene)
NOTE: Running setscene task 883 of 2241 (/home/andrew/poky/meta/recipes-extended/findutils/findutils_4.9.0.bb:do_populate_lic_setscene)
NOTE: recipe libubootenv-0.3.5-r0: task do_deploy_archives_setscene: Started
NOTE: recipe findutils-4.9.0-r0: task do_populate_lic_setscene: Started
NOTE: recipe libubootenv-0.3.5-r0: task do_deploy_archives_setscene: Succeeded
NOTE: recipe findutils-4.9.0-r0: task do_populate_lic_setscene: Succeeded
NOTE: Running setscene task 887 of 2241 (/home/andrew/poky/meta/recipes-core/libxcrypt/libxcrypt_4.4.36.bb:do_package_write_ipk_setscene)
NOTE: Running setscene task 888 of 2241 (/home/andrew/poky/meta/recipes-core/systemd/systemd-serialgetty.bb:do_package_write_ipk_setscene)
NOTE: recipe systemd-serialgetty-1.0-r0: task do_package_write_ipk_setscene: Started
NOTE: recipe libxcrypt-4.4.36-r0: task do_package_write_ipk_setscene: Started
NOTE: recipe systemd-serialgetty-1.0-r0: task do_package_write_ipk_setscene: Succeeded
NOTE: Running setscene task 889 of 2241 (/home/andrew/meta-openembedded/meta-python/recipes-devtools/python/python3-distro_1.9.0.bb:do_populate_lic_setscene)
NOTE: recipe python3-distro-1.9.0-r0: task do_populate_lic_setscene: Started
NOTE: recipe libxcrypt-4.4.36-r0: task do_package_write_ipk_setscene: Succeeded
NOTE: Running setscene task 890 of 2241 (/home/andrew/poky/meta/recipes-devtools/opkg-utils/opkg-utils_0.6.3.bb:do_deploy_archives_setscene)
NOTE: recipe python3-distro-1.9.0-r0: task do_populate_lic_setscene: Succeeded
NOTE: Running setscene task 891 of 2241 (/home/andrew/poky/meta/recipes-core/util-linux/util-linux-libuuid_2.39.3.bb:do_package_write_ipk_setscene)
NOTE: recipe opkg-utils-0.6.3-r0: task do_deploy_archives_setscene: Started
NOTE: recipe util-linux-libuuid-2.39.3-r0: task do_package_write_ipk_setscene: Started
NOTE: recipe opkg-utils-0.6.3-r0: task do_deploy_archives_setscene: Succeeded
NOTE: Running setscene task 892 of 2241 (/home/andrew/meta-selinux/recipes-security/selinux-scripts/selinux-autorelabel_0.1.bb:do_package_qa_setscene)
NOTE: recipe util-linux-libuuid-2.39.3-r0: task do_package_write_ipk_setscene: Succeeded
NOTE: Running setscene task 893 of 2241 (/home/andrew/meta-selinux/recipes-security/selinux/policycoreutils_3.7.bb:do_populate_sysroot_setscene)
NOTE: recipe selinux-autorelabel-0.1-r0: task do_package_qa_setscene: Started
NOTE: recipe selinux-autorelabel-0.1-r0: task do_package_qa_setscene: Succeeded
NOTE: Running setscene task 894 of 2241 (/home/andrew/poky/meta/recipes-core/packagegroups/packagegroup-core-boot.bb:do_populate_lic_setscene)
NOTE: recipe policycoreutils-3.7-r0: task do_populate_sysroot_setscene: Started
NOTE: recipe policycoreutils-3.7-r0: task do_populate_sysroot_setscene: Succeeded
NOTE: recipe packagegroup-core-boot-1.0-r0: task do_populate_lic_setscene: Started
NOTE: Running setscene task 895 of 2241 (/home/andrew/poky/meta/recipes-devtools/file/file_5.45.bb:do_deploy_archives_setscene)
NOTE: recipe packagegroup-core-boot-1.0-r0: task do_populate_lic_setscene: Succeeded
NOTE: Running setscene task 896 of 2241 (/home/andrew/poky/meta/recipes-support/nghttp2/nghttp2_1.61.0.bb:do_package_qa_setscene)
NOTE: recipe file-5.45-r0: task do_deploy_archives_setscene: Started
NOTE: recipe file-5.45-r0: task do_deploy_archives_setscene: Succeeded
NOTE: Running setscene task 897 of 2241 (/home/andrew/poky/meta/recipes-support/lz4/lz4_1.9.4.bb:do_populate_lic_setscene)
NOTE: recipe nghttp2-1.61.0-r0: task do_package_qa_setscene: Started
NOTE: recipe nghttp2-1.61.0-r0: task do_package_qa_setscene: Succeeded
NOTE: Running setscene task 898 of 2241 (/home/andrew/poky/meta/recipes-devtools/python/python3-setuptools_69.1.1.bb:do_package_qa_setscene)
NOTE: recipe lz4-1_1.9.4-r0: task do_populate_lic_setscene: Started
NOTE: recipe python3-setuptools-69.1.1-r0: task do_package_qa_setscene: Started
NOTE: recipe lz4-1_1.9.4-r0: task do_populate_lic_setscene: Succeeded
NOTE: Running setscene task 901 of 2241 (/home/andrew/poky/meta/recipes-support/libunistring/libunistring_1.2.bb:do_deploy_archives_setscene)
NOTE: recipe python3-setuptools-69.1.1-r0: task do_package_qa_setscene: Succeeded
NOTE: Running setscene task 904 of 2241 (/home/andrew/poky/meta/recipes-core/packagegroups/packagegroup-base.bb:do_package_write_ipk_setscene)
NOTE: recipe libunistring-1.2-r0: task do_deploy_archives_setscene: Started
NOTE: recipe packagegroup-base-1.0-r0: task do_package_write_ipk_setscene: Started
NOTE: recipe libunistring-1.2-r0: task do_deploy_archives_setscene: Succeeded
NOTE: Running setscene task 905 of 2241 (/home/andrew/poky/meta/recipes-extended/libnsl/libnsl2_git.bb:do_package_write_ipk_setscene)
NOTE: recipe packagegroup-base-1.0-r0: task do_package_write_ipk_setscene: Succeeded
NOTE: Running setscene task 906 of 2241 (/home/andrew/poky/meta/recipes-support/libgcrypt/libgcrypt_1.10.3.bb:do_package_write_ipk_setscene)
NOTE: recipe libnsl2-2.0.1-r0: task do_package_write_ipk_setscene: Started
NOTE: recipe libgcrypt-1.10.3-r0: task do_package_write_ipk_setscene: Started
NOTE: recipe libnsl2-2.0.1-r0: task do_package_write_ipk_setscene: Succeeded
NOTE: Running setscene task 908 of 2241 (/home/andrew/poky/meta/recipes-extended/tcp-wrappers/tcp-wrappers_7.6.bb:do_package_write_ipk_setscene)
NOTE: recipe libgcrypt-1.10.3-r0: task do_package_write_ipk_setscene: Succeeded
NOTE: Running setscene task 909 of 2241 (/home/andrew/meta-selinux/recipes-security/selinux/policycoreutils_3.7.bb:do_populate_lic_setscene)
NOTE: recipe tcp-wrappers-7.6-r0: task do_package_write_ipk_setscene: Started
NOTE: recipe policycoreutils-3.7-r0: task do_populate_lic_setscene: Started
NOTE: recipe tcp-wrappers-7.6-r0: task do_package_write_ipk_setscene: Succeeded
NOTE: Running setscene task 910 of 2241 (/home/andrew/poky/meta/recipes-core/expat/expat_2.6.4.bb:do_package_write_ipk_setscene)
NOTE: recipe policycoreutils-3.7-r0: task do_populate_lic_setscene: Succeeded
NOTE: Running setscene task 911 of 2241 (/home/andrew/poky/meta/recipes-support/gmp/gmp_6.3.0.bb:do_populate_lic_setscene)
NOTE: recipe expat-2.6.4-r0: task do_package_write_ipk_setscene: Started
NOTE: recipe gmp-6.3.0-r0: task do_populate_lic_setscene: Started
NOTE: recipe expat-2.6.4-r0: task do_package_write_ipk_setscene: Succeeded
NOTE: Running setscene task 913 of 2241 (/home/andrew/poky/meta/recipes-core/systemd/systemd-compat-units.bb:do_populate_lic_setscene)
NOTE: recipe gmp-6.3.0-r0: task do_populate_lic_setscene: Succeeded
NOTE: Running setscene task 915 of 2241 (/home/andrew/poky/meta/recipes-extended/libidn/libidn2_2.3.7.bb:do_package_write_ipk_setscene)
NOTE: recipe systemd-compat-units-1.0-r0: task do_populate_lic_setscene: Started
NOTE: recipe libidn2-2.3.7-r0: task do_package_write_ipk_setscene: Started
NOTE: recipe systemd-compat-units-1.0-r0: task do_populate_lic_setscene: Succeeded
NOTE: Running setscene task 916 of 2241 (/home/andrew/poky/meta/recipes-core/libxml/libxml2_2.12.10.bb:do_populate_lic_setscene)
NOTE: recipe libidn2-2.3.7-r0: task do_package_write_ipk_setscene: Succeeded
NOTE: Running setscene task 917 of 2241 (/home/andrew/meta-selinux/recipes-security/setools/setools_4.5.1.bb:do_populate_lic_setscene)
NOTE: recipe libxml2-2.12.10-r0: task do_populate_lic_setscene: Started
NOTE: recipe setools-4.5.1-r0: task do_populate_lic_setscene: Started
NOTE: recipe libxml2-2.12.10-r0: task do_populate_lic_setscene: Succeeded
NOTE: Running setscene task 920 of 2241 (/home/andrew/poky/meta/recipes-core/initscripts/initscripts_1.0.bb:do_package_write_ipk_setscene)
NOTE: recipe setools-4.5.1-r0: task do_populate_lic_setscene: Succeeded
NOTE: Running setscene task 921 of 2241 (/home/andrew/meta-openembedded/meta-oe/recipes-devtools/jq/jq_1.7.1.bb:do_populate_sysroot_setscene)
NOTE: recipe initscripts-1.0-r0: task do_package_write_ipk_setscene: Started
NOTE: recipe jq-1.7.1-r0: task do_populate_sysroot_setscene: Started
NOTE: recipe initscripts-1.0-r0: task do_package_write_ipk_setscene: Succeeded
NOTE: Running setscene task 923 of 2241 (/home/andrew/poky/meta/recipes-extended/shadow/shadow-securetty_4.6.bb:do_package_qa_setscene)
NOTE: recipe jq-1.7.1-r0: task do_populate_sysroot_setscene: Succeeded
NOTE: recipe shadow-securetty-4.6-r0: task do_package_qa_setscene: Started
NOTE: Running setscene task 925 of 2241 (/home/andrew/poky/meta/recipes-core/base-files/base-files_3.0.14.bb:do_create_runtime_spdx_setscene)
WARNING: Recipe inherits features_check but doesn't use it
NOTE: recipe shadow-securetty-4.6-r0: task do_package_qa_setscene: Succeeded
NOTE: Running setscene task 926 of 2241 (/home/andrew/meta-selinux/recipes-security/selinux/libselinux-python_3.7.bb:do_package_qa_setscene)
NOTE: recipe base-files-3.0.14-r0: task do_create_runtime_spdx_setscene: Started
NOTE: recipe libselinux-python-3.7-r0: task do_package_qa_setscene: Started
NOTE: recipe base-files-3.0.14-r0: task do_create_runtime_spdx_setscene: Succeeded
NOTE: Running setscene task 928 of 2241 (/home/andrew/meta-selinux/recipes-security/selinux/libselinux-python_3.7.bb:do_populate_sysroot_setscene)
NOTE: recipe libselinux-python-3.7-r0: task do_package_qa_setscene: Succeeded
NOTE: Running setscene task 929 of 2241 (/home/andrew/poky/meta/recipes-core/util-linux/util-linux-libuuid_2.39.3.bb:do_populate_lic_setscene)
NOTE: recipe libselinux-python-3.7-r0: task do_populate_sysroot_setscene: Started
NOTE: recipe util-linux-libuuid-2.39.3-r0: task do_populate_lic_setscene: Started
NOTE: recipe libselinux-python-3.7-r0: task do_populate_sysroot_setscene: Succeeded
NOTE: Running setscene task 930 of 2241 (/home/andrew/poky/meta/recipes-core/util-linux/util-linux_2.39.3.bb:do_package_qa_setscene)
NOTE: recipe util-linux-libuuid-2.39.3-r0: task do_populate_lic_setscene: Succeeded
NOTE: Running setscene task 932 of 2241 (/home/andrew/poky/meta/recipes-core/readline/readline_8.2.bb:do_package_qa_setscene)
NOTE: recipe util-linux-2.39.3-r0: task do_package_qa_setscene: Started
NOTE: recipe readline-8.2-r0: task do_package_qa_setscene: Started
NOTE: recipe util-linux-2.39.3-r0: task do_package_qa_setscene: Succeeded
NOTE: Running setscene task 933 of 2241 (/home/andrew/poky/meta/recipes-support/libcap-ng/libcap-ng_0.8.5.bb:do_populate_lic_setscene)
NOTE: recipe readline-8.2-r0: task do_package_qa_setscene: Succeeded
NOTE: Running setscene task 934 of 2241 (/home/andrew/poky/meta/recipes-extended/gawk/gawk_5.3.0.bb:do_populate_sysroot_setscene)
NOTE: recipe libcap-ng-0.8.5-r0: task do_populate_lic_setscene: Started
NOTE: recipe gawk-5.3.0-r0: task do_populate_sysroot_setscene: Started
NOTE: recipe libcap-ng-0.8.5-r0: task do_populate_lic_setscene: Succeeded
NOTE: Running setscene task 935 of 2241 (/home/andrew/poky/meta/recipes-support/lzo/lzo_2.10.bb:do_deploy_archives_setscene)
NOTE: recipe gawk-5.3.0-r0: task do_populate_sysroot_setscene: Succeeded
NOTE: Running setscene task 937 of 2241 (/home/andrew/poky/meta/recipes-support/libffi/libffi_3.4.6.bb:do_package_write_ipk_setscene)
NOTE: recipe lzo-2.10-r0: task do_deploy_archives_setscene: Started
NOTE: recipe libffi-3.4.6-r0: task do_package_write_ipk_setscene: Started
NOTE: recipe lzo-2.10-r0: task do_deploy_archives_setscene: Succeeded
NOTE: Running setscene task 938 of 2241 (/home/andrew/meta-selinux/recipes-security/selinux/libsepol_3.7.bb:do_package_qa_setscene)
NOTE: recipe libffi-3.4.6-r0: task do_package_write_ipk_setscene: Succeeded
NOTE: Running setscene task 940 of 2241 (/home/andrew/poky/meta/recipes-core/glibc/glibc-locale_2.39.bb:do_populate_lic_setscene)
NOTE: recipe libsepol-3.7-r0: task do_package_qa_setscene: Started
NOTE: recipe glibc-locale-2.39+git-r0: task do_populate_lic_setscene: Started
NOTE: recipe libsepol-3.7-r0: task do_package_qa_setscene: Succeeded
NOTE: Running setscene task 941 of 2241 (/home/andrew/poky/meta/recipes-extended/shadow/shadow-sysroot_4.6.bb:do_populate_sysroot_setscene)
NOTE: recipe glibc-locale-2.39+git-r0: task do_populate_lic_setscene: Succeeded
NOTE: Running setscene task 944 of 2241 (/home/andrew/poky/meta/recipes-support/curl/curl_8.7.1.bb:do_populate_lic_setscene)
NOTE: recipe shadow-sysroot-4.6-r0: task do_populate_sysroot_setscene: Started
NOTE: recipe curl-8.7.1-r0: task do_populate_lic_setscene: Started
NOTE: recipe shadow-sysroot-4.6-r0: task do_populate_sysroot_setscene: Succeeded
NOTE: Running setscene task 945 of 2241 (/home/andrew/meta-openembedded/meta-python/recipes-devtools/python/python3-networkx_3.1.bb:do_populate_sysroot_setscene)
NOTE: recipe curl-8.7.1-r0: task do_populate_lic_setscene: Succeeded
NOTE: Running setscene task 946 of 2241 (/home/andrew/poky/meta/recipes-core/systemd/systemd_255.21.bb:do_package_write_ipk_setscene)
NOTE: recipe python3-networkx-3.1-r0: task do_populate_sysroot_setscene: Started
NOTE: recipe systemd-1_255.21-r0: task do_package_write_ipk_setscene: Started
NOTE: recipe python3-networkx-3.1-r0: task do_populate_sysroot_setscene: Succeeded
NOTE: Running setscene task 947 of 2241 (/home/andrew/poky/meta/recipes-support/curl/curl_8.7.1.bb:do_deploy_archives_setscene)
NOTE: recipe curl-8.7.1-r0: task do_deploy_archives_setscene: Started
NOTE: recipe curl-8.7.1-r0: task do_deploy_archives_setscene: Succeeded
NOTE: Running setscene task 948 of 2241 (/home/andrew/poky/meta/recipes-extended/bzip2/bzip2_1.0.8.bb:do_populate_lic_setscene)
NOTE: recipe systemd-1_255.21-r0: task do_package_write_ipk_setscene: Succeeded
NOTE: Running setscene task 950 of 2241 (/home/andrew/poky/meta/recipes-core/packagegroups/packagegroup-base.bb:do_create_runtime_spdx_setscene)
NOTE: recipe bzip2-1.0.8-r0: task do_populate_lic_setscene: Started
NOTE: recipe packagegroup-base-1.0-r0: task do_create_runtime_spdx_setscene: Started
NOTE: recipe bzip2-1.0.8-r0: task do_populate_lic_setscene: Succeeded
NOTE: Running setscene task 951 of 2241 (/home/andrew/poky/meta/recipes-devtools/perl/perl_5.38.4.bb:do_package_write_ipk_setscene)
NOTE: recipe packagegroup-base-1.0-r0: task do_create_runtime_spdx_setscene: Succeeded
NOTE: Running setscene task 953 of 2241 (/home/andrew/poky/meta/recipes-devtools/perl/perl_5.38.4.bb:do_populate_lic_setscene)
NOTE: recipe perl-5.38.4-r0: task do_package_write_ipk_setscene: Started
NOTE: recipe perl-5.38.4-r0: task do_populate_lic_setscene: Started
NOTE: recipe perl-5.38.4-r0: task do_populate_lic_setscene: Succeeded
NOTE: Running setscene task 954 of 2241 (/home/andrew/poky/meta/recipes-connectivity/openssl/openssl_3.5.5.bb:do_populate_lic_setscene)
NOTE: recipe openssl-3.5.5-r0: task do_populate_lic_setscene: Started
NOTE: recipe perl-5.38.4-r0: task do_package_write_ipk_setscene: Succeeded
NOTE: Running setscene task 955 of 2241 (/home/andrew/poky/meta/recipes-core/systemd/systemd-compat-units.bb:do_package_qa_setscene)
NOTE: recipe openssl-3.5.5-r0: task do_populate_lic_setscene: Succeeded
NOTE: Running setscene task 956 of 2241 (/home/andrew/meta-openembedded/meta-python/recipes-devtools/python/python3-ipy_1.01.bb:do_package_qa_setscene)
NOTE: recipe systemd-compat-units-1.0-r0: task do_package_qa_setscene: Started
NOTE: recipe systemd-compat-units-1.0-r0: task do_package_qa_setscene: Succeeded
NOTE: Running setscene task 957 of 2241 (/home/andrew/tactiq-os/recipes-core/tactiq-agent/tactiq-agent_2.0.0.bb:do_package_write_ipk_setscene)
NOTE: recipe python3-ipy-1.01-r0: task do_package_qa_setscene: Started
NOTE: recipe python3-ipy-1.01-r0: task do_package_qa_setscene: Succeeded
NOTE: Running setscene task 958 of 2241 (/home/andrew/meta-selinux/recipes-security/selinux-scripts/selinux-autorelabel_0.1.bb:do_package_write_ipk_setscene)
NOTE: recipe tactiq-agent-2.0.0-r0: task do_package_write_ipk_setscene: Started
NOTE: recipe selinux-autorelabel-0.1-r0: task do_package_write_ipk_setscene: Started
NOTE: recipe tactiq-agent-2.0.0-r0: task do_package_write_ipk_setscene: Succeeded
NOTE: Running setscene task 962 of 2241 (/home/andrew/poky/meta/recipes-support/lz4/lz4_1.9.4.bb:do_package_write_ipk_setscene)
NOTE: recipe selinux-autorelabel-0.1-r0: task do_package_write_ipk_setscene: Succeeded
NOTE: Running setscene task 964 of 2241 (/home/andrew/meta-openembedded/meta-python/recipes-devtools/python/python3-decorator_5.1.1.bb:do_deploy_archives_setscene)
NOTE: recipe lz4-1_1.9.4-r0: task do_package_write_ipk_setscene: Started
NOTE: recipe python3-decorator-5.1.1-r0: task do_deploy_archives_setscene: Started
NOTE: recipe lz4-1_1.9.4-r0: task do_package_write_ipk_setscene: Succeeded
NOTE: Running setscene task 966 of 2241 (/home/andrew/poky/meta/recipes-support/libseccomp/libseccomp_2.5.5.bb:do_deploy_archives_setscene)
NOTE: recipe python3-decorator-5.1.1-r0: task do_deploy_archives_setscene: Succeeded
NOTE: Running setscene task 967 of 2241 (/home/andrew/poky/meta/recipes-core/systemd/systemd-conf_1.0.bb:do_populate_sysroot_setscene)
NOTE: recipe systemd-conf-1_1.0-r0: task do_populate_sysroot_setscene: Started
NOTE: recipe libseccomp-2.5.5-r0: task do_deploy_archives_setscene: Started
NOTE: recipe systemd-conf-1_1.0-r0: task do_populate_sysroot_setscene: Succeeded
NOTE: Running setscene task 969 of 2241 (/home/andrew/poky/meta/recipes-extended/libmnl/libmnl_1.0.5.bb:do_package_write_ipk_setscene)
NOTE: recipe libseccomp-2.5.5-r0: task do_deploy_archives_setscene: Succeeded
NOTE: Running setscene task 970 of 2241 (/home/andrew/poky/meta/recipes-core/systemd/systemd-conf_1.0.bb:do_package_qa_setscene)
NOTE: recipe libmnl-1.0.5-r0: task do_package_write_ipk_setscene: Started
NOTE: recipe systemd-conf-1_1.0-r0: task do_package_qa_setscene: Started
NOTE: recipe systemd-conf-1_1.0-r0: task do_package_qa_setscene: Succeeded
NOTE: Running setscene task 971 of 2241 (/home/andrew/poky/meta/recipes-kernel/kmod/depmodwrapper-cross_1.0.bb:do_create_runtime_spdx_setscene)
NOTE: recipe libmnl-1.0.5-r0: task do_package_write_ipk_setscene: Succeeded
NOTE: Running setscene task 972 of 2241 (/home/andrew/poky/meta/recipes-core/initscripts/initscripts_1.0.bb:do_populate_sysroot_setscene)
NOTE: recipe depmodwrapper-cross-1.0-r0: task do_create_runtime_spdx_setscene: Started
NOTE: recipe initscripts-1.0-r0: task do_populate_sysroot_setscene: Started
NOTE: recipe depmodwrapper-cross-1.0-r0: task do_create_runtime_spdx_setscene: Succeeded
NOTE: Running setscene task 973 of 2241 (/home/andrew/poky/meta/recipes-extended/shadow/shadow-securetty_4.6.bb:do_deploy_archives_setscene)
NOTE: recipe initscripts-1.0-r0: task do_populate_sysroot_setscene: Succeeded
NOTE: Running setscene task 974 of 2241 (/home/andrew/poky/meta/recipes-extended/lzip/lzlib_1.14.bb:do_package_qa_setscene)
NOTE: recipe shadow-securetty-4.6-r0: task do_deploy_archives_setscene: Started
NOTE: recipe lzlib-1.14-r0: task do_package_qa_setscene: Started
NOTE: recipe shadow-securetty-4.6-r0: task do_deploy_archives_setscene: Succeeded
NOTE: Running setscene task 975 of 2241 (/home/andrew/poky/meta/recipes-kernel/linux/linux-yocto_6.6.bb:do_package_qa_setscene)
NOTE: recipe lzlib-1.14-r0: task do_package_qa_setscene: Succeeded
NOTE: Running setscene task 977 of 2241 (/home/andrew/poky/meta/recipes-extended/libarchive/libarchive_3.7.9.bb:do_populate_lic_setscene)
NOTE: recipe libarchive-3.7.9-r0: task do_populate_lic_setscene: Started
NOTE: recipe linux-yocto-6.6.123+git-r0: task do_package_qa_setscene: Started
NOTE: recipe libarchive-3.7.9-r0: task do_populate_lic_setscene: Succeeded
NOTE: Running setscene task 979 of 2241 (/home/andrew/poky/meta/recipes-support/gmp/gmp_6.3.0.bb:do_deploy_archives_setscene)
NOTE: recipe linux-yocto-6.6.123+git-r0: task do_package_qa_setscene: Succeeded
NOTE: Running setscene task 981 of 2241 (/home/andrew/poky/meta/recipes-extended/procps/procps_4.0.4.bb:do_package_write_ipk_setscene)
NOTE: recipe gmp-6.3.0-r0: task do_deploy_archives_setscene: Started
NOTE: recipe procps-4.0.4-r0: task do_package_write_ipk_setscene: Started
NOTE: recipe gmp-6.3.0-r0: task do_deploy_archives_setscene: Succeeded
NOTE: Running setscene task 985 of 2241 (/home/andrew/poky/meta/recipes-core/zlib/zlib_1.3.1.bb:do_package_write_ipk_setscene)
NOTE: recipe procps-4.0.4-r0: task do_package_write_ipk_setscene: Succeeded
NOTE: Running setscene task 986 of 2241 (/home/andrew/poky/meta/recipes-support/gdbm/gdbm_1.23.bb:do_package_qa_setscene)
NOTE: recipe zlib-1.3.1-r0: task do_package_write_ipk_setscene: Started
NOTE: recipe gdbm-1.23-r0: task do_package_qa_setscene: Started
NOTE: recipe zlib-1.3.1-r0: task do_package_write_ipk_setscene: Succeeded
NOTE: Running setscene task 988 of 2241 (/home/andrew/poky/meta/recipes-extended/shadow/shadow-securetty_4.6.bb:do_create_runtime_spdx_setscene)
NOTE: recipe gdbm-1.23-r0: task do_package_qa_setscene: Succeeded
NOTE: Running setscene task 989 of 2241 (/home/andrew/poky/meta/recipes-connectivity/iproute2/iproute2_6.7.0.bb:do_populate_lic_setscene)
NOTE: recipe shadow-securetty-4.6-r0: task do_create_runtime_spdx_setscene: Started
NOTE: recipe iproute2-6.7.0-r0: task do_populate_lic_setscene: Started
NOTE: recipe shadow-securetty-4.6-r0: task do_create_runtime_spdx_setscene: Succeeded
NOTE: Running setscene task 990 of 2241 (/home/andrew/poky/meta/recipes-devtools/libedit/libedit_20230828-3.1.bb:do_package_write_ipk_setscene)
NOTE: recipe iproute2-6.7.0-r0: task do_populate_lic_setscene: Succeeded
NOTE: Running setscene task 991 of 2241 (/home/andrew/tactiq-os/recipes-core/tactiq-agent/tactiq-agent_2.0.0.bb:do_deploy_archives_setscene)
NOTE: recipe libedit-20230828-3.1-r1: task do_package_write_ipk_setscene: Started
NOTE: recipe tactiq-agent-2.0.0-r0: task do_deploy_archives_setscene: Started
NOTE: recipe libedit-20230828-3.1-r1: task do_package_write_ipk_setscene: Succeeded
NOTE: Running setscene task 993 of 2241 (/home/andrew/poky/meta/recipes-extended/grep/grep_3.11.bb:do_package_write_ipk_setscene)
NOTE: recipe tactiq-agent-2.0.0-r0: task do_deploy_archives_setscene: Succeeded
NOTE: Running setscene task 995 of 2241 (/home/andrew/poky/meta/recipes-core/expat/expat_2.6.4.bb:do_package_qa_setscene)
NOTE: recipe grep-3.11-r0: task do_package_write_ipk_setscene: Started
NOTE: recipe expat-2.6.4-r0: task do_package_qa_setscene: Started
NOTE: recipe grep-3.11-r0: task do_package_write_ipk_setscene: Succeeded
NOTE: Running setscene task 1001 of 2241 (/home/andrew/poky/meta/recipes-devtools/squashfs-tools/squashfs-tools_git.bb:do_deploy_archives_setscene)
NOTE: recipe expat-2.6.4-r0: task do_package_qa_setscene: Succeeded
NOTE: Running setscene task 1003 of 2241 (/home/andrew/poky/meta/recipes-extended/libidn/libidn2_2.3.7.bb:do_deploy_archives_setscene)
NOTE: recipe squashfs-tools-4.6.1-r0: task do_deploy_archives_setscene: Started
NOTE: recipe libidn2-2.3.7-r0: task do_deploy_archives_setscene: Started
NOTE: recipe squashfs-tools-4.6.1-r0: task do_deploy_archives_setscene: Succeeded
NOTE: Running setscene task 1004 of 2241 (/home/andrew/poky/meta/recipes-core/kbd/kbd_2.6.4.bb:do_populate_sysroot_setscene)
NOTE: recipe libidn2-2.3.7-r0: task do_deploy_archives_setscene: Succeeded
NOTE: Running setscene task 1005 of 2241 (/home/andrew/poky/meta/recipes-extended/procps/procps_4.0.4.bb:do_populate_sysroot_setscene)
NOTE: recipe kbd-2.6.4-r0: task do_populate_sysroot_setscene: Started
NOTE: recipe procps-4.0.4-r0: task do_populate_sysroot_setscene: Started
NOTE: recipe kbd-2.6.4-r0: task do_populate_sysroot_setscene: Succeeded
NOTE: Running setscene task 1007 of 2241 (/home/andrew/poky/meta/recipes-devtools/python/python3-setuptools_69.1.1.bb:do_package_write_ipk_setscene)
NOTE: recipe procps-4.0.4-r0: task do_populate_sysroot_setscene: Succeeded
NOTE: Running setscene task 1008 of 2241 (/home/andrew/meta-rauc/recipes-core/rauc/rauc-conf.bb:do_package_write_ipk_setscene)
WARNING: Recipe inherits features_check but doesn't use it
NOTE: recipe python3-setuptools-69.1.1-r0: task do_package_write_ipk_setscene: Started
NOTE: recipe rauc-conf-1.0-r0: task do_package_write_ipk_setscene: Started
NOTE: recipe python3-setuptools-69.1.1-r0: task do_package_write_ipk_setscene: Succeeded
NOTE: Running setscene task 1009 of 2241 (/home/andrew/meta-openembedded/meta-oe/recipes-security/audit/audit_4.0.2.bb:do_package_write_ipk_setscene)
NOTE: recipe rauc-conf-1.0-r0: task do_package_write_ipk_setscene: Succeeded
NOTE: Running setscene task 1010 of 2241 (/home/andrew/poky/meta/recipes-extended/libarchive/libarchive_3.7.9.bb:do_package_qa_setscene)
NOTE: recipe audit-4.0.2-r0: task do_package_write_ipk_setscene: Started
NOTE: recipe libarchive-3.7.9-r0: task do_package_qa_setscene: Started
NOTE: recipe libarchive-3.7.9-r0: task do_package_qa_setscene: Succeeded
NOTE: Running setscene task 1011 of 2241 (/home/andrew/tactiq-os/recipes-core/tactiq-config/tactiq-config_2.0.0.bb:do_populate_sysroot_setscene)
NOTE: recipe audit-4.0.2-r0: task do_package_write_ipk_setscene: Succeeded
NOTE: Running setscene task 1013 of 2241 (/home/andrew/poky/meta/recipes-extended/shadow/shadow_4.14.2.bb:do_populate_lic_setscene)
NOTE: recipe tactiq-config-2.0.0-r0: task do_populate_sysroot_setscene: Started
NOTE: recipe shadow-4.14.2-r0: task do_populate_lic_setscene: Started
NOTE: recipe tactiq-config-2.0.0-r0: task do_populate_sysroot_setscene: Succeeded
NOTE: Running setscene task 1014 of 2241 (/home/andrew/poky/meta/recipes-core/kbd/kbd_2.6.4.bb:do_package_qa_setscene)
NOTE: recipe shadow-4.14.2-r0: task do_populate_lic_setscene: Succeeded
NOTE: Running setscene task 1016 of 2241 (/home/andrew/tactiq-os/recipes-core/tactiq-release/tactiq-release_2.0.0.bb:do_populate_lic_setscene)
NOTE: recipe kbd-2.6.4-r0: task do_package_qa_setscene: Started
NOTE: recipe tactiq-release-2.0.0-r0: task do_populate_lic_setscene: Started
NOTE: recipe kbd-2.6.4-r0: task do_package_qa_setscene: Succeeded
NOTE: Running setscene task 1017 of 2241 (/home/andrew/poky/meta/recipes-devtools/squashfs-tools/squashfs-tools_git.bb:do_package_write_ipk_setscene)
NOTE: recipe tactiq-release-2.0.0-r0: task do_populate_lic_setscene: Succeeded
NOTE: recipe squashfs-tools-4.6.1-r0: task do_package_write_ipk_setscene: Started
NOTE: Running setscene task 1018 of 2241 (/home/andrew/meta-openembedded/meta-oe/recipes-support/pps-tools/pps-tools_1.0.3.bb:do_package_write_ipk_setscene)
NOTE: recipe squashfs-tools-4.6.1-r0: task do_package_write_ipk_setscene: Succeeded
NOTE: Running setscene task 1019 of 2241 (/home/andrew/poky/meta/recipes-extended/iptables/iptables_1.8.10.bb:do_package_qa_setscene)
NOTE: recipe pps-tools-1.0.3-r0: task do_package_write_ipk_setscene: Started
NOTE: recipe pps-tools-1.0.3-r0: task do_package_write_ipk_setscene: Succeeded
NOTE: Running setscene task 1020 of 2241 (/home/andrew/meta-selinux/recipes-security/selinux/libselinux_3.7.bb:do_populate_lic_setscene)
NOTE: recipe iptables-1.8.10-r0: task do_package_qa_setscene: Started
NOTE: recipe iptables-1.8.10-r0: task do_package_qa_setscene: Succeeded
NOTE: Running setscene task 1022 of 2241 (/home/andrew/poky/meta/recipes-extended/procps/procps_4.0.4.bb:do_package_qa_setscene)
NOTE: recipe libselinux-3.7-r0: task do_populate_lic_setscene: Started
NOTE: recipe libselinux-3.7-r0: task do_populate_lic_setscene: Succeeded
NOTE: Running setscene task 1023 of 2241 (/home/andrew/meta-selinux/recipes-security/selinux/libsemanage_3.7.bb:do_package_write_ipk_setscene)
NOTE: recipe procps-4.0.4-r0: task do_package_qa_setscene: Started
NOTE: recipe procps-4.0.4-r0: task do_package_qa_setscene: Succeeded
NOTE: Running setscene task 1025 of 2241 (/home/andrew/poky/meta/recipes-devtools/opkg-utils/opkg-utils_0.6.3.bb:do_package_write_ipk_setscene)
NOTE: recipe libsemanage-3.7-r0: task do_package_write_ipk_setscene: Started
NOTE: recipe opkg-utils-0.6.3-r0: task do_package_write_ipk_setscene: Started
NOTE: recipe libsemanage-3.7-r0: task do_package_write_ipk_setscene: Succeeded
NOTE: Running setscene task 1026 of 2241 (/home/andrew/poky/meta/recipes-devtools/gcc/libgcc-initial_13.4.bb:do_create_runtime_spdx_setscene)
NOTE: recipe opkg-utils-0.6.3-r0: task do_package_write_ipk_setscene: Succeeded
NOTE: Running setscene task 1030 of 2241 (/home/andrew/meta-selinux/recipes-security/selinux/selinux-python_3.7.bb:do_deploy_archives_setscene)
NOTE: recipe libgcc-initial-13.4.0-r0: task do_create_runtime_spdx_setscene: Started
NOTE: recipe selinux-python-3.7-r0: task do_deploy_archives_setscene: Started
NOTE: recipe libgcc-initial-13.4.0-r0: task do_create_runtime_spdx_setscene: Succeeded
NOTE: Running setscene task 1031 of 2241 (/home/andrew/poky/meta/recipes-core/systemd/systemd-serialgetty.bb:do_populate_lic_setscene)
NOTE: recipe selinux-python-3.7-r0: task do_deploy_archives_setscene: Succeeded
NOTE: Running setscene task 1032 of 2241 (/home/andrew/meta-selinux/recipes-security/selinux/libsemanage_3.7.bb:do_package_qa_setscene)
NOTE: recipe systemd-serialgetty-1.0-r0: task do_populate_lic_setscene: Started
NOTE: recipe systemd-serialgetty-1.0-r0: task do_populate_lic_setscene: Succeeded
NOTE: Running setscene task 1033 of 2241 (/home/andrew/meta-openembedded/meta-python/recipes-devtools/python/python3-distro_1.9.0.bb:do_package_write_ipk_setscene)
NOTE: recipe libsemanage-3.7-r0: task do_package_qa_setscene: Started
NOTE: recipe libsemanage-3.7-r0: task do_package_qa_setscene: Succeeded
NOTE: Running setscene task 1034 of 2241 (/home/andrew/poky/meta/recipes-core/initscripts/initscripts_1.0.bb:do_populate_lic_setscene)
NOTE: recipe python3-distro-1.9.0-r0: task do_package_write_ipk_setscene: Started
NOTE: recipe python3-distro-1.9.0-r0: task do_package_write_ipk_setscene: Succeeded
NOTE: Running setscene task 1035 of 2241 (/home/andrew/meta-openembedded/meta-oe/recipes-support/onig/onig_6.9.9.bb:do_deploy_archives_setscene)
NOTE: recipe initscripts-1.0-r0: task do_populate_lic_setscene: Started
NOTE: recipe initscripts-1.0-r0: task do_populate_lic_setscene: Succeeded
NOTE: Running setscene task 1036 of 2241 (/home/andrew/meta-selinux/recipes-security/setools/setools_4.5.1.bb:do_package_qa_setscene)
NOTE: recipe onig-6.9.9-r0: task do_deploy_archives_setscene: Started
NOTE: recipe onig-6.9.9-r0: task do_deploy_archives_setscene: Succeeded
NOTE: Running setscene task 1037 of 2241 (/home/andrew/poky/meta/recipes-support/libyaml/libyaml_0.2.5.bb:do_package_qa_setscene)
NOTE: recipe setools-4.5.1-r0: task do_package_qa_setscene: Started
NOTE: recipe setools-4.5.1-r0: task do_package_qa_setscene: Succeeded
NOTE: Running setscene task 1038 of 2241 (/home/andrew/tactiq-os/recipes-core/tactiq-config/tactiq-config_2.0.0.bb:do_deploy_archives_setscene)
NOTE: recipe libyaml-0.2.5-r0: task do_package_qa_setscene: Started
NOTE: recipe tactiq-config-2.0.0-r0: task do_deploy_archives_setscene: Started
NOTE: recipe libyaml-0.2.5-r0: task do_package_qa_setscene: Succeeded
NOTE: Running setscene task 1039 of 2241 (/home/andrew/poky/meta/recipes-extended/libtirpc/libtirpc_1.3.4.bb:do_package_qa_setscene)
NOTE: recipe tactiq-config-2.0.0-r0: task do_deploy_archives_setscene: Succeeded
NOTE: Running setscene task 1041 of 2241 (/home/andrew/poky/meta/recipes-bsp/u-boot/libubootenv_0.3.5.bb:do_package_write_ipk_setscene)
NOTE: recipe libtirpc-1.3.4-r0: task do_package_qa_setscene: Started
NOTE: recipe libubootenv-0.3.5-r0: task do_package_write_ipk_setscene: Started
NOTE: recipe libtirpc-1.3.4-r0: task do_package_qa_setscene: Succeeded
NOTE: Running setscene task 1042 of 2241 (/home/andrew/poky/meta/recipes-extended/tar/tar_1.35.bb:do_package_qa_setscene)
NOTE: recipe libubootenv-0.3.5-r0: task do_package_write_ipk_setscene: Succeeded
NOTE: Running setscene task 1045 of 2241 (/home/andrew/poky/meta/recipes-support/curl/curl_8.7.1.bb:do_package_qa_setscene)
NOTE: recipe tar-1.35-r0: task do_package_qa_setscene: Started
NOTE: recipe tar-1.35-r0: task do_package_qa_setscene: Succeeded
NOTE: Running setscene task 1047 of 2241 (/home/andrew/poky/meta/recipes-core/packagegroups/packagegroup-base.bb:do_deploy_archives_setscene)
NOTE: recipe curl-8.7.1-r0: task do_package_qa_setscene: Started
NOTE: recipe curl-8.7.1-r0: task do_package_qa_setscene: Succeeded
NOTE: Running setscene task 1048 of 2241 (/home/andrew/poky/meta/recipes-devtools/libtool/libtool-cross_2.4.7.bb:do_populate_lic_setscene)
NOTE: recipe packagegroup-base-1.0-r0: task do_deploy_archives_setscene: Started
NOTE: recipe libtool-cross-2.4.7-r0: task do_populate_lic_setscene: Started
NOTE: recipe packagegroup-base-1.0-r0: task do_deploy_archives_setscene: Succeeded
NOTE: Running setscene task 1049 of 2241 (/home/andrew/poky/meta/recipes-devtools/binutils/binutils_2.42.bb:do_package_qa_setscene)
NOTE: recipe libtool-cross-2.4.7-r0: task do_populate_lic_setscene: Succeeded
NOTE: Running setscene task 1050 of 2241 (/home/andrew/poky/meta/recipes-devtools/e2fsprogs/e2fsprogs_1.47.0.bb:do_deploy_archives_setscene)
NOTE: recipe binutils-2.42-r0: task do_package_qa_setscene: Started
NOTE: recipe binutils-2.42-r0: task do_package_qa_setscene: Succeeded
NOTE: Running setscene task 1052 of 2241 (/home/andrew/poky/meta/recipes-extended/bash/bash_5.2.21.bb:do_package_write_ipk_setscene)
NOTE: recipe e2fsprogs-1.47.0-r0: task do_deploy_archives_setscene: Started
NOTE: recipe bash-5.2.21-r0: task do_package_write_ipk_setscene: Started
NOTE: recipe e2fsprogs-1.47.0-r0: task do_deploy_archives_setscene: Succeeded
NOTE: Running setscene task 1054 of 2241 (/home/andrew/meta-selinux/recipes-security/selinux/libselinux_3.7.bb:do_package_qa_setscene)
NOTE: recipe bash-5.2.21-r0: task do_package_write_ipk_setscene: Succeeded
NOTE: Running setscene task 1056 of 2241 (/home/andrew/tactiq-os/recipes-core/tactiq-config/tactiq-config_2.0.0.bb:do_package_qa_setscene)
NOTE: recipe libselinux-3.7-r0: task do_package_qa_setscene: Started
NOTE: recipe tactiq-config-2.0.0-r0: task do_package_qa_setscene: Started
NOTE: recipe libselinux-3.7-r0: task do_package_qa_setscene: Succeeded
NOTE: Running setscene task 1058 of 2241 (/home/andrew/poky/meta/recipes-support/sqlite/sqlite3_3.45.3.bb:do_deploy_archives_setscene)
NOTE: recipe tactiq-config-2.0.0-r0: task do_package_qa_setscene: Succeeded
NOTE: Running setscene task 1061 of 2241 (/home/andrew/poky/meta/recipes-kernel/kmod/kmod_31.bb:do_package_write_ipk_setscene)
NOTE: recipe sqlite3-3_3.45.3-r0: task do_deploy_archives_setscene: Started
NOTE: recipe kmod-31-r0: task do_package_write_ipk_setscene: Started
NOTE: recipe sqlite3-3_3.45.3-r0: task do_deploy_archives_setscene: Succeeded
NOTE: Running setscene task 1063 of 2241 (/home/andrew/meta-openembedded/meta-python/recipes-devtools/python/python3-decorator_5.1.1.bb:do_populate_lic_setscene)
NOTE: recipe kmod-31-r0: task do_package_write_ipk_setscene: Succeeded
NOTE: Running setscene task 1064 of 2241 (/home/andrew/poky/meta/recipes-extended/libmnl/libmnl_1.0.5.bb:do_deploy_archives_setscene)
NOTE: recipe python3-decorator-5.1.1-r0: task do_populate_lic_setscene: Started
NOTE: recipe libmnl-1.0.5-r0: task do_deploy_archives_setscene: Started
NOTE: recipe python3-decorator-5.1.1-r0: task do_populate_lic_setscene: Succeeded
NOTE: Running setscene task 1065 of 2241 (/home/andrew/poky/meta/recipes-devtools/gcc/libgcc_13.4.bb:do_package_write_ipk_setscene)
NOTE: recipe libmnl-1.0.5-r0: task do_deploy_archives_setscene: Succeeded
NOTE: Running setscene task 1066 of 2241 (/home/andrew/poky/meta/recipes-core/initscripts/init-system-helpers_1.66.bb:do_deploy_archives_setscene)
NOTE: recipe libgcc-13.4.0-r0: task do_package_write_ipk_setscene: Started
NOTE: recipe init-system-helpers-1.66-r0: task do_deploy_archives_setscene: Started
NOTE: recipe init-system-helpers-1.66-r0: task do_deploy_archives_setscene: Succeeded
NOTE: Running setscene task 1067 of 2241 (/home/andrew/poky/meta/recipes-core/libxml/libxml2_2.12.10.bb:do_package_qa_setscene)
NOTE: recipe libgcc-13.4.0-r0: task do_package_write_ipk_setscene: Succeeded
NOTE: Running setscene task 1069 of 2241 (/home/andrew/poky/meta/recipes-support/gnutls/libtasn1_4.20.0.bb:do_populate_lic_setscene)
NOTE: recipe libxml2-2.12.10-r0: task do_package_qa_setscene: Started
NOTE: recipe libtasn1-4.20.0-r0: task do_populate_lic_setscene: Started
NOTE: recipe libxml2-2.12.10-r0: task do_package_qa_setscene: Succeeded
NOTE: Running setscene task 1073 of 2241 (/home/andrew/poky/meta/recipes-gnome/json-glib/json-glib_1.8.0.bb:do_package_write_ipk_setscene)
NOTE: recipe libtasn1-4.20.0-r0: task do_populate_lic_setscene: Succeeded
NOTE: Running setscene task 1074 of 2241 (/home/andrew/poky/meta/recipes-connectivity/openssl/openssl_3.5.5.bb:do_package_qa_setscene)
NOTE: recipe json-glib-1.8.0-r0: task do_package_write_ipk_setscene: Started
NOTE: recipe json-glib-1.8.0-r0: task do_package_write_ipk_setscene: Succeeded
NOTE: Running setscene task 1075 of 2241 (/home/andrew/meta-selinux/recipes-security/selinux/selinux-python_3.7.bb:do_package_qa_setscene)
NOTE: recipe openssl-3.5.5-r0: task do_package_qa_setscene: Started
NOTE: recipe selinux-python-3.7-r0: task do_package_qa_setscene: Started
NOTE: recipe openssl-3.5.5-r0: task do_package_qa_setscene: Succeeded
NOTE: Running setscene task 1076 of 2241 (/home/andrew/poky/meta/recipes-support/libgcrypt/libgcrypt_1.10.3.bb:do_package_qa_setscene)
NOTE: recipe selinux-python-3.7-r0: task do_package_qa_setscene: Succeeded
NOTE: Running setscene task 1080 of 2241 (/home/andrew/poky/meta/recipes-core/dbus/dbus_1.14.10.bb:do_package_write_ipk_setscene)
NOTE: recipe libgcrypt-1.10.3-r0: task do_package_qa_setscene: Started
NOTE: recipe dbus-1.14.10-r0: task do_package_write_ipk_setscene: Started
NOTE: recipe libgcrypt-1.10.3-r0: task do_package_qa_setscene: Succeeded
NOTE: Running setscene task 1081 of 2241 (/home/andrew/poky/meta/recipes-extended/pam/libpam_1.5.3.bb:do_package_qa_setscene)
NOTE: recipe dbus-1.14.10-r0: task do_package_write_ipk_setscene: Succeeded
NOTE: Running setscene task 1082 of 2241 (/home/andrew/poky/meta/recipes-kernel/kmod/kmod_31.bb:do_deploy_archives_setscene)
NOTE: recipe libpam-1.5.3-r0: task do_package_qa_setscene: Started
NOTE: recipe libpam-1.5.3-r0: task do_package_qa_setscene: Succeeded
NOTE: Running setscene task 1083 of 2241 (/home/andrew/meta-selinux/recipes-security/selinux/libsemanage_3.7.bb:do_deploy_archives_setscene)
NOTE: recipe kmod-31-r0: task do_deploy_archives_setscene: Started
NOTE: recipe kmod-31-r0: task do_deploy_archives_setscene: Succeeded
NOTE: Running setscene task 1085 of 2241 (/home/andrew/poky/meta/recipes-support/libunistring/libunistring_1.2.bb:do_package_qa_setscene)
NOTE: recipe libsemanage-3.7-r0: task do_deploy_archives_setscene: Started
NOTE: recipe libunistring-1.2-r0: task do_package_qa_setscene: Started
NOTE: recipe libsemanage-3.7-r0: task do_deploy_archives_setscene: Succeeded
NOTE: Running setscene task 1086 of 2241 (/home/andrew/poky/meta/recipes-core/base-files/base-files_3.0.14.bb:do_populate_lic_setscene)
WARNING: Recipe inherits features_check but doesn't use it
NOTE: recipe libunistring-1.2-r0: task do_package_qa_setscene: Succeeded
NOTE: Running setscene task 1088 of 2241 (/home/andrew/poky/meta/recipes-devtools/elfutils/elfutils_0.191.bb:do_package_qa_setscene)
NOTE: recipe base-files-3.0.14-r0: task do_populate_lic_setscene: Started
NOTE: recipe elfutils-0.191-r0: task do_package_qa_setscene: Started
NOTE: recipe base-files-3.0.14-r0: task do_populate_lic_setscene: Succeeded
NOTE: Running setscene task 1090 of 2241 (/home/andrew/meta-openembedded/meta-oe/recipes-support/pps-tools/pps-tools_1.0.3.bb:do_package_qa_setscene)
NOTE: recipe elfutils-0.191-r0: task do_package_qa_setscene: Succeeded
NOTE: Running setscene task 1091 of 2241 (/home/andrew/poky/meta/recipes-kernel/linux-libc-headers/linux-libc-headers_6.6.bb:do_package_write_ipk_setscene)
NOTE: recipe pps-tools-1.0.3-r0: task do_package_qa_setscene: Started
NOTE: recipe pps-tools-1.0.3-r0: task do_package_qa_setscene: Succeeded
NOTE: recipe linux-libc-headers-6.6-r0: task do_package_write_ipk_setscene: Started
NOTE: Running setscene task 1092 of 2241 (/home/andrew/poky/meta/recipes-devtools/python/python3-packaging_23.2.bb:do_populate_sysroot_setscene)
NOTE: recipe linux-libc-headers-6.6-r0: task do_package_write_ipk_setscene: Succeeded
NOTE: Running setscene task 1093 of 2241 (/home/andrew/poky/meta/recipes-extended/libtirpc/libtirpc_1.3.4.bb:do_populate_lic_setscene)
NOTE: recipe python3-packaging-23.2-r0: task do_populate_sysroot_setscene: Started
NOTE: recipe python3-packaging-23.2-r0: task do_populate_sysroot_setscene: Succeeded
NOTE: Running setscene task 1094 of 2241 (/home/andrew/poky/meta/recipes-support/libffi/libffi_3.4.6.bb:do_deploy_archives_setscene)
NOTE: recipe libtirpc-1.3.4-r0: task do_populate_lic_setscene: Started
NOTE: recipe libffi-3.4.6-r0: task do_deploy_archives_setscene: Started
NOTE: recipe libtirpc-1.3.4-r0: task do_populate_lic_setscene: Succeeded
NOTE: Running setscene task 1095 of 2241 (/home/andrew/poky/meta/recipes-extended/bash/bash_5.2.21.bb:do_deploy_archives_setscene)
NOTE: recipe libffi-3.4.6-r0: task do_deploy_archives_setscene: Succeeded
NOTE: Running setscene task 1096 of 2241 (/home/andrew/poky/meta/recipes-extended/libidn/libidn2_2.3.7.bb:do_populate_lic_setscene)
NOTE: recipe bash-5.2.21-r0: task do_deploy_archives_setscene: Started
NOTE: recipe libidn2-2.3.7-r0: task do_populate_lic_setscene: Started
NOTE: recipe libidn2-2.3.7-r0: task do_populate_lic_setscene: Succeeded
NOTE: Running setscene task 1097 of 2241 (/home/andrew/poky/meta/recipes-extended/grep/grep_3.11.bb:do_populate_sysroot_setscene)
NOTE: recipe bash-5.2.21-r0: task do_deploy_archives_setscene: Succeeded
NOTE: Running setscene task 1098 of 2241 (/home/andrew/poky/meta/recipes-extended/tar/tar_1.35.bb:do_populate_lic_setscene)
NOTE: recipe grep-3.11-r0: task do_populate_sysroot_setscene: Started
NOTE: recipe tar-1.35-r0: task do_populate_lic_setscene: Started
NOTE: recipe grep-3.11-r0: task do_populate_sysroot_setscene: Succeeded
NOTE: Running setscene task 1099 of 2241 (/home/andrew/poky/meta/recipes-extended/bash/bash_5.2.21.bb:do_package_qa_setscene)
NOTE: recipe tar-1.35-r0: task do_populate_lic_setscene: Succeeded
NOTE: Running setscene task 1100 of 2241 (/home/andrew/poky/meta/recipes-extended/shadow/shadow_4.14.2.bb:do_package_qa_setscene)
NOTE: recipe bash-5.2.21-r0: task do_package_qa_setscene: Started
NOTE: recipe bash-5.2.21-r0: task do_package_qa_setscene: Succeeded
NOTE: Running setscene task 1102 of 2241 (/home/andrew/poky/meta/recipes-support/libcap/libcap_2.69.bb:do_package_write_ipk_setscene)
NOTE: recipe shadow-4.14.2-r0: task do_package_qa_setscene: Started
NOTE: recipe shadow-4.14.2-r0: task do_package_qa_setscene: Succeeded
NOTE: Running setscene task 1103 of 2241 (/home/andrew/poky/meta/recipes-support/libcap-ng/libcap-ng_0.8.5.bb:do_package_write_ipk_setscene)
NOTE: recipe libcap-2.69-r0: task do_package_write_ipk_setscene: Started
NOTE: recipe libcap-2.69-r0: task do_package_write_ipk_setscene: Succeeded
NOTE: Running setscene task 1104 of 2241 (/home/andrew/poky/meta/recipes-core/packagegroups/packagegroup-core-boot.bb:do_deploy_archives_setscene)
NOTE: recipe libcap-ng-0.8.5-r0: task do_package_write_ipk_setscene: Started
NOTE: recipe libcap-ng-0.8.5-r0: task do_package_write_ipk_setscene: Succeeded
NOTE: Running setscene task 1105 of 2241 (/home/andrew/poky/meta/recipes-extended/shadow/shadow_4.14.2.bb:do_package_write_ipk_setscene)
NOTE: recipe packagegroup-core-boot-1.0-r0: task do_deploy_archives_setscene: Started
NOTE: recipe packagegroup-core-boot-1.0-r0: task do_deploy_archives_setscene: Succeeded
NOTE: Running setscene task 1107 of 2241 (/home/andrew/tactiq-os/recipes-core/tactiq-agent/tactiq-agent_2.0.0.bb:do_populate_lic_setscene)
NOTE: recipe shadow-4.14.2-r0: task do_package_write_ipk_setscene: Started
NOTE: recipe tactiq-agent-2.0.0-r0: task do_populate_lic_setscene: Started
NOTE: recipe shadow-4.14.2-r0: task do_package_write_ipk_setscene: Succeeded
NOTE: Running setscene task 1108 of 2241 (/home/andrew/poky/meta/recipes-extended/libnsl/libnsl2_git.bb:do_package_qa_setscene)
NOTE: recipe tactiq-agent-2.0.0-r0: task do_populate_lic_setscene: Succeeded
NOTE: Running setscene task 1109 of 2241 (/home/andrew/poky/meta/recipes-devtools/elfutils/elfutils_0.191.bb:do_populate_lic_setscene)
NOTE: recipe libnsl2-2.0.1-r0: task do_package_qa_setscene: Started
NOTE: recipe elfutils-0.191-r0: task do_populate_lic_setscene: Started
NOTE: recipe libnsl2-2.0.1-r0: task do_package_qa_setscene: Succeeded
NOTE: Running setscene task 1110 of 2241 (/home/andrew/poky/meta/recipes-support/libcap-ng/libcap-ng_0.8.5.bb:do_package_qa_setscene)
NOTE: recipe elfutils-0.191-r0: task do_populate_lic_setscene: Succeeded
NOTE: Running setscene task 1111 of 2241 (/home/andrew/poky/meta/recipes-support/shared-mime-info/shared-mime-info_2.4.bb:do_populate_lic_setscene)
NOTE: recipe libcap-ng-0.8.5-r0: task do_package_qa_setscene: Started
NOTE: recipe shared-mime-info-2.4-r0: task do_populate_lic_setscene: Started
NOTE: recipe libcap-ng-0.8.5-r0: task do_package_qa_setscene: Succeeded
NOTE: Running setscene task 1113 of 2241 (/home/andrew/poky/meta/recipes-support/libgcrypt/libgcrypt_1.10.3.bb:do_populate_lic_setscene)
NOTE: recipe shared-mime-info-2.4-r0: task do_populate_lic_setscene: Succeeded
NOTE: Running setscene task 1114 of 2241 (/home/andrew/poky/meta/recipes-core/initscripts/initscripts_1.0.bb:do_deploy_archives_setscene)
NOTE: recipe libgcrypt-1.10.3-r0: task do_populate_lic_setscene: Started
NOTE: recipe initscripts-1.0-r0: task do_deploy_archives_setscene: Started
NOTE: recipe libgcrypt-1.10.3-r0: task do_populate_lic_setscene: Succeeded
NOTE: Running setscene task 1115 of 2241 (/home/andrew/poky/meta/recipes-extended/xz/xz_5.4.7.bb:do_package_qa_setscene)
NOTE: recipe initscripts-1.0-r0: task do_deploy_archives_setscene: Succeeded
NOTE: Running setscene task 1118 of 2241 (/home/andrew/poky/meta/recipes-core/readline/readline_8.2.bb:do_package_write_ipk_setscene)
NOTE: recipe xz-5.4.7-r0: task do_package_qa_setscene: Started
NOTE: recipe readline-8.2-r0: task do_package_write_ipk_setscene: Started
NOTE: recipe xz-5.4.7-r0: task do_package_qa_setscene: Succeeded
NOTE: Running setscene task 1119 of 2241 (/home/andrew/poky/meta/recipes-extended/lzip/lzlib_1.14.bb:do_package_write_ipk_setscene)
NOTE: recipe readline-8.2-r0: task do_package_write_ipk_setscene: Succeeded
NOTE: Running setscene task 1120 of 2241 (/home/andrew/poky/meta/recipes-core/ncurses/ncurses_6.4.bb:do_deploy_archives_setscene)
NOTE: recipe lzlib-1.14-r0: task do_package_write_ipk_setscene: Started
NOTE: recipe lzlib-1.14-r0: task do_package_write_ipk_setscene: Succeeded
NOTE: Running setscene task 1121 of 2241 (/home/andrew/poky/meta/recipes-extended/bash/bash_5.2.21.bb:do_populate_sysroot_setscene)
NOTE: recipe ncurses-6.4-r0: task do_deploy_archives_setscene: Started
NOTE: recipe ncurses-6.4-r0: task do_deploy_archives_setscene: Succeeded
NOTE: Running setscene task 1123 of 2241 (/home/andrew/poky/meta/recipes-gnome/json-glib/json-glib_1.8.0.bb:do_package_qa_setscene)
NOTE: recipe bash-5.2.21-r0: task do_populate_sysroot_setscene: Started
NOTE: recipe json-glib-1.8.0-r0: task do_package_qa_setscene: Started
NOTE: recipe bash-5.2.21-r0: task do_populate_sysroot_setscene: Succeeded
NOTE: Running setscene task 1127 of 2241 (/home/andrew/poky/meta/recipes-core/coreutils/coreutils_9.4.bb:do_package_write_ipk_setscene)
NOTE: recipe json-glib-1.8.0-r0: task do_package_qa_setscene: Succeeded
NOTE: Running setscene task 1128 of 2241 (/home/andrew/poky/meta/recipes-core/glibc/glibc-locale_2.39.bb:do_populate_sysroot_setscene)
NOTE: recipe coreutils-9.4-r0: task do_package_write_ipk_setscene: Started
NOTE: recipe glibc-locale-2.39+git-r0: task do_populate_sysroot_setscene: Started
NOTE: recipe coreutils-9.4-r0: task do_package_write_ipk_setscene: Succeeded
NOTE: Running setscene task 1129 of 2241 (/home/andrew/poky/meta/recipes-core/packagegroups/packagegroup-core-boot.bb:do_package_qa_setscene)
NOTE: recipe glibc-locale-2.39+git-r0: task do_populate_sysroot_setscene: Succeeded
NOTE: Running setscene task 1130 of 2241 (/home/andrew/poky/meta/recipes-devtools/elfutils/elfutils_0.191.bb:do_package_write_ipk_setscene)
NOTE: recipe packagegroup-core-boot-1.0-r0: task do_package_qa_setscene: Started
NOTE: recipe elfutils-0.191-r0: task do_package_write_ipk_setscene: Started
NOTE: recipe packagegroup-core-boot-1.0-r0: task do_package_qa_setscene: Succeeded
NOTE: Running setscene task 1134 of 2241 (/home/andrew/meta-rauc/recipes-core/rauc/rauc-conf.bb:do_deploy_archives_setscene)
WARNING: Recipe inherits features_check but doesn't use it
NOTE: recipe rauc-conf-1.0-r0: task do_deploy_archives_setscene: Started
NOTE: recipe elfutils-0.191-r0: task do_package_write_ipk_setscene: Succeeded
NOTE: Running setscene task 1135 of 2241 (/home/andrew/poky/meta/recipes-devtools/qemu/qemuwrapper-cross_1.0.bb:do_populate_lic_setscene)
NOTE: recipe rauc-conf-1.0-r0: task do_deploy_archives_setscene: Succeeded
NOTE: Running setscene task 1136 of 2241 (/home/andrew/poky/meta/recipes-support/lzo/lzo_2.10.bb:do_populate_lic_setscene)
NOTE: recipe qemuwrapper-cross-1.0-r0: task do_populate_lic_setscene: Started
NOTE: recipe lzo-2.10-r0: task do_populate_lic_setscene: Started
NOTE: recipe qemuwrapper-cross-1.0-r0: task do_populate_lic_setscene: Succeeded
NOTE: Running setscene task 1137 of 2241 (/home/andrew/meta-openembedded/meta-python/recipes-devtools/python/python3-ipy_1.01.bb:do_populate_sysroot_setscene)
NOTE: recipe lzo-2.10-r0: task do_populate_lic_setscene: Succeeded
NOTE: Running setscene task 1141 of 2241 (/home/andrew/poky/meta/recipes-core/systemd/systemd-serialgetty.bb:do_deploy_archives_setscene)
NOTE: recipe python3-ipy-1.01-r0: task do_populate_sysroot_setscene: Started
NOTE: recipe systemd-serialgetty-1.0-r0: task do_deploy_archives_setscene: Started
NOTE: recipe python3-ipy-1.01-r0: task do_populate_sysroot_setscene: Succeeded
NOTE: Running setscene task 1142 of 2241 (/home/andrew/meta-openembedded/meta-oe/recipes-support/onig/onig_6.9.9.bb:do_package_write_ipk_setscene)
NOTE: recipe systemd-serialgetty-1.0-r0: task do_deploy_archives_setscene: Succeeded
NOTE: Running setscene task 1143 of 2241 (/home/andrew/poky/meta/recipes-core/glibc/glibc-locale_2.39.bb:do_package_qa_setscene)
NOTE: recipe onig-6.9.9-r0: task do_package_write_ipk_setscene: Started
NOTE: recipe glibc-locale-2.39+git-r0: task do_package_qa_setscene: Started
NOTE: recipe onig-6.9.9-r0: task do_package_write_ipk_setscene: Succeeded
NOTE: Running setscene task 1144 of 2241 (/home/andrew/poky/meta/recipes-support/gdbm/gdbm_1.23.bb:do_package_write_ipk_setscene)
NOTE: recipe glibc-locale-2.39+git-r0: task do_package_qa_setscene: Succeeded
NOTE: Running setscene task 1147 of 2241 (/home/andrew/poky/meta/recipes-support/nettle/nettle_3.9.1.bb:do_package_qa_setscene)
NOTE: recipe gdbm-1.23-r0: task do_package_write_ipk_setscene: Started
NOTE: recipe nettle-3.9.1-r0: task do_package_qa_setscene: Started
NOTE: recipe gdbm-1.23-r0: task do_package_write_ipk_setscene: Succeeded
NOTE: Running setscene task 1148 of 2241 (/home/andrew/poky/meta/recipes-support/libseccomp/libseccomp_2.5.5.bb:do_package_write_ipk_setscene)
NOTE: recipe nettle-3.9.1-r0: task do_package_qa_setscene: Succeeded
NOTE: Running setscene task 1149 of 2241 (/home/andrew/poky/meta/recipes-kernel/linux-libc-headers/linux-libc-headers_6.6.bb:do_deploy_archives_setscene)
NOTE: recipe libseccomp-2.5.5-r0: task do_package_write_ipk_setscene: Started
NOTE: recipe linux-libc-headers-6.6-r0: task do_deploy_archives_setscene: Started
NOTE: recipe libseccomp-2.5.5-r0: task do_package_write_ipk_setscene: Succeeded
NOTE: Running setscene task 1152 of 2241 (/home/andrew/poky/meta/recipes-devtools/gcc/libgcc-initial_13.4.bb:do_deploy_archives_setscene)
NOTE: recipe libgcc-initial-13.4.0-r0: task do_deploy_archives_setscene: Started
NOTE: recipe libgcc-initial-13.4.0-r0: task do_deploy_archives_setscene: Succeeded
NOTE: Running setscene task 1156 of 2241 (/home/andrew/poky/meta/recipes-core/base-passwd/base-passwd_3.6.3.bb:do_package_qa_setscene)
NOTE: recipe base-passwd-3.6.3-r0: task do_package_qa_setscene: Started
NOTE: recipe base-passwd-3.6.3-r0: task do_package_qa_setscene: Succeeded
NOTE: Running setscene task 1157 of 2241 (/home/andrew/poky/meta/recipes-extended/bash/bash_5.2.21.bb:do_populate_lic_setscene)
NOTE: recipe bash-5.2.21-r0: task do_populate_lic_setscene: Started
NOTE: recipe bash-5.2.21-r0: task do_populate_lic_setscene: Succeeded
NOTE: Running setscene task 1158 of 2241 (/home/andrew/poky/meta/recipes-devtools/binutils/binutils_2.42.bb:do_populate_lic_setscene)
NOTE: recipe binutils-2.42-r0: task do_populate_lic_setscene: Started
NOTE: recipe binutils-2.42-r0: task do_populate_lic_setscene: Succeeded
NOTE: Running setscene task 1160 of 2241 (/home/andrew/poky/meta/recipes-support/libyaml/libyaml_0.2.5.bb:do_package_write_ipk_setscene)
NOTE: recipe libyaml-0.2.5-r0: task do_package_write_ipk_setscene: Started
NOTE: recipe linux-libc-headers-6.6-r0: task do_deploy_archives_setscene: Succeeded
NOTE: Running setscene task 1161 of 2241 (/home/andrew/poky/meta/recipes-support/gmp/gmp_6.3.0.bb:do_package_write_ipk_setscene)
NOTE: recipe libyaml-0.2.5-r0: task do_package_write_ipk_setscene: Succeeded
NOTE: Running setscene task 1163 of 2241 (/home/andrew/poky/meta/recipes-core/busybox/busybox_1.36.1.bb:do_populate_lic_setscene)
NOTE: recipe gmp-6.3.0-r0: task do_package_write_ipk_setscene: Started
NOTE: recipe busybox-1.36.1-r0: task do_populate_lic_setscene: Started
NOTE: recipe gmp-6.3.0-r0: task do_package_write_ipk_setscene: Succeeded
NOTE: Running setscene task 1165 of 2241 (/home/andrew/poky/meta/recipes-extended/libarchive/libarchive_3.7.9.bb:do_package_write_ipk_setscene)
NOTE: recipe busybox-1.36.1-r0: task do_populate_lic_setscene: Succeeded
NOTE: Running setscene task 1166 of 2241 (/home/andrew/poky/meta/recipes-support/attr/attr_2.5.1.bb:do_package_write_ipk_setscene)
NOTE: recipe libarchive-3.7.9-r0: task do_package_write_ipk_setscene: Started
NOTE: recipe attr-2.5.1-r0: task do_package_write_ipk_setscene: Started
NOTE: recipe attr-2.5.1-r0: task do_package_write_ipk_setscene: Succeeded
NOTE: Running setscene task 1167 of 2241 (/home/andrew/poky/meta/recipes-support/nghttp2/nghttp2_1.61.0.bb:do_package_write_ipk_setscene)
NOTE: recipe libarchive-3.7.9-r0: task do_package_write_ipk_setscene: Succeeded
NOTE: Running setscene task 1169 of 2241 (/home/andrew/poky/meta/recipes-extended/findutils/findutils_4.9.0.bb:do_deploy_archives_setscene)
NOTE: recipe nghttp2-1.61.0-r0: task do_package_write_ipk_setscene: Started
NOTE: recipe findutils-4.9.0-r0: task do_deploy_archives_setscene: Started
NOTE: recipe nghttp2-1.61.0-r0: task do_package_write_ipk_setscene: Succeeded
NOTE: Running setscene task 1170 of 2241 (/home/andrew/poky/meta/recipes-support/attr/acl_2.3.2.bb:do_deploy_archives_setscene)
NOTE: recipe findutils-4.9.0-r0: task do_deploy_archives_setscene: Succeeded
NOTE: Running setscene task 1171 of 2241 (/home/andrew/meta-openembedded/meta-oe/recipes-devtools/jq/jq_1.7.1.bb:do_package_write_ipk_setscene)
NOTE: recipe acl-2.3.2-r0: task do_deploy_archives_setscene: Started
NOTE: recipe jq-1.7.1-r0: task do_package_write_ipk_setscene: Started
NOTE: recipe acl-2.3.2-r0: task do_deploy_archives_setscene: Succeeded
NOTE: Running setscene task 1172 of 2241 (/home/andrew/meta-openembedded/meta-python/recipes-devtools/python/python3-decorator_5.1.1.bb:do_package_qa_setscene)
NOTE: recipe jq-1.7.1-r0: task do_package_write_ipk_setscene: Succeeded
NOTE: Running setscene task 1173 of 2241 (/home/andrew/poky/meta/recipes-support/libpcre/libpcre2_10.43.bb:do_package_qa_setscene)
NOTE: recipe python3-decorator-5.1.1-r0: task do_package_qa_setscene: Started
NOTE: recipe python3-decorator-5.1.1-r0: task do_package_qa_setscene: Succeeded
NOTE: Running setscene task 1176 of 2241 (/home/andrew/poky/meta/recipes-devtools/python/python3_3.12.12.bb:do_deploy_archives_setscene)
NOTE: recipe libpcre2-10.43-r0: task do_package_qa_setscene: Started
NOTE: recipe libpcre2-10.43-r0: task do_package_qa_setscene: Succeeded
NOTE: Running setscene task 1178 of 2241 (/home/andrew/poky/meta/recipes-core/kbd/kbd_2.6.4.bb:do_package_write_ipk_setscene)
NOTE: recipe python3-3.12.12-r0: task do_deploy_archives_setscene: Started
NOTE: recipe kbd-2.6.4-r0: task do_package_write_ipk_setscene: Started
NOTE: recipe python3-3.12.12-r0: task do_deploy_archives_setscene: Succeeded
NOTE: Running setscene task 1179 of 2241 (/home/andrew/poky/meta/recipes-core/initscripts/init-system-helpers_1.66.bb:do_populate_lic_setscene)
NOTE: recipe kbd-2.6.4-r0: task do_package_write_ipk_setscene: Succeeded
NOTE: Running setscene task 1180 of 2241 (/home/andrew/poky/meta/recipes-devtools/gcc/gcc-runtime_13.4.bb:do_package_qa_setscene)
NOTE: recipe init-system-helpers-1.66-r0: task do_populate_lic_setscene: Started
NOTE: recipe init-system-helpers-1.66-r0: task do_populate_lic_setscene: Succeeded
NOTE: Running setscene task 1181 of 2241 (/home/andrew/poky/meta/recipes-core/systemd/systemd-serialgetty.bb:do_package_qa_setscene)
NOTE: recipe gcc-runtime-13.4.0-r0: task do_package_qa_setscene: Started
NOTE: recipe systemd-serialgetty-1.0-r0: task do_package_qa_setscene: Started
NOTE: recipe gcc-runtime-13.4.0-r0: task do_package_qa_setscene: Succeeded
NOTE: Running setscene task 1183 of 2241 (/home/andrew/poky/meta/recipes-core/systemd/systemd-conf_1.0.bb:do_package_write_ipk_setscene)
NOTE: recipe systemd-serialgetty-1.0-r0: task do_package_qa_setscene: Succeeded
NOTE: Running setscene task 1184 of 2241 (/home/andrew/poky/meta/recipes-extended/procps/procps_4.0.4.bb:do_deploy_archives_setscene)
NOTE: recipe systemd-conf-1_1.0-r0: task do_package_write_ipk_setscene: Started
NOTE: recipe procps-4.0.4-r0: task do_deploy_archives_setscene: Started
NOTE: recipe systemd-conf-1_1.0-r0: task do_package_write_ipk_setscene: Succeeded
NOTE: Running setscene task 1186 of 2241 (/home/andrew/poky/meta/recipes-devtools/squashfs-tools/squashfs-tools_git.bb:do_populate_lic_setscene)
NOTE: recipe procps-4.0.4-r0: task do_deploy_archives_setscene: Succeeded
NOTE: Running setscene task 1187 of 2241 (/home/andrew/poky/meta/recipes-support/libmicrohttpd/libmicrohttpd_1.0.1.bb:do_populate_lic_setscene)
NOTE: recipe squashfs-tools-4.6.1-r0: task do_populate_lic_setscene: Started
NOTE: recipe squashfs-tools-4.6.1-r0: task do_populate_lic_setscene: Succeeded
NOTE: Running setscene task 1189 of 2241 (/home/andrew/poky/meta/recipes-extended/libidn/libidn2_2.3.7.bb:do_package_qa_setscene)
NOTE: recipe libmicrohttpd-1.0.1-r0: task do_populate_lic_setscene: Started
NOTE: recipe libmicrohttpd-1.0.1-r0: task do_populate_lic_setscene: Succeeded
NOTE: Running setscene task 1190 of 2241 (/home/andrew/poky/meta/recipes-extended/pam/libpam_1.5.3.bb:do_package_write_ipk_setscene)
NOTE: recipe libidn2-2.3.7-r0: task do_package_qa_setscene: Started
NOTE: recipe libidn2-2.3.7-r0: task do_package_qa_setscene: Succeeded
NOTE: Running setscene task 1191 of 2241 (/home/andrew/tactiq-os/recipes-core/tactiq-release/tactiq-release_2.0.0.bb:do_package_write_ipk_setscene)
NOTE: recipe libpam-1.5.3-r0: task do_package_write_ipk_setscene: Started
NOTE: recipe tactiq-release-2.0.0-r0: task do_package_write_ipk_setscene: Started
NOTE: recipe libpam-1.5.3-r0: task do_package_write_ipk_setscene: Succeeded
NOTE: Running setscene task 1193 of 2241 (/home/andrew/poky/meta/recipes-support/libffi/libffi_3.4.6.bb:do_populate_lic_setscene)
NOTE: recipe tactiq-release-2.0.0-r0: task do_package_write_ipk_setscene: Succeeded
NOTE: Running setscene task 1194 of 2241 (/home/andrew/poky/meta/recipes-support/libunistring/libunistring_1.2.bb:do_populate_lic_setscene)
NOTE: recipe libffi-3.4.6-r0: task do_populate_lic_setscene: Started
NOTE: recipe libunistring-1.2-r0: task do_populate_lic_setscene: Started
NOTE: recipe libffi-3.4.6-r0: task do_populate_lic_setscene: Succeeded
NOTE: Running setscene task 1195 of 2241 (/home/andrew/poky/meta/recipes-core/util-linux/util-linux_2.39.3.bb:do_deploy_archives_setscene)
NOTE: recipe libunistring-1.2-r0: task do_populate_lic_setscene: Succeeded
NOTE: Running setscene task 1196 of 2241 (/home/andrew/poky/meta/recipes-devtools/python/python3-setuptools_69.1.1.bb:do_deploy_archives_setscene)
NOTE: recipe util-linux-2.39.3-r0: task do_deploy_archives_setscene: Started
NOTE: recipe python3-setuptools-69.1.1-r0: task do_deploy_archives_setscene: Started
NOTE: recipe python3-setuptools-69.1.1-r0: task do_deploy_archives_setscene: Succeeded
NOTE: Running setscene task 1197 of 2241 (/home/andrew/poky/meta/recipes-core/ncurses/ncurses_6.4.bb:do_populate_lic_setscene)
NOTE: recipe util-linux-2.39.3-r0: task do_deploy_archives_setscene: Succeeded
NOTE: Running setscene task 1198 of 2241 (/home/andrew/poky/meta/recipes-support/libpcre/libpcre2_10.43.bb:do_deploy_archives_setscene)
NOTE: recipe ncurses-6.4-r0: task do_populate_lic_setscene: Started
NOTE: recipe libpcre2-10.43-r0: task do_deploy_archives_setscene: Started
NOTE: recipe ncurses-6.4-r0: task do_populate_lic_setscene: Succeeded
NOTE: Running setscene task 1200 of 2241 (/home/andrew/poky/meta/recipes-devtools/qemu/qemuwrapper-cross_1.0.bb:do_package_qa_setscene)
NOTE: recipe libpcre2-10.43-r0: task do_deploy_archives_setscene: Succeeded
NOTE: Running setscene task 1201 of 2241 (/home/andrew/poky/meta/recipes-support/attr/attr_2.5.1.bb:do_deploy_archives_setscene)
NOTE: recipe qemuwrapper-cross-1.0-r0: task do_package_qa_setscene: Started
NOTE: recipe qemuwrapper-cross-1.0-r0: task do_package_qa_setscene: Succeeded
NOTE: Running setscene task 1202 of 2241 (/home/andrew/poky/meta/recipes-core/readline/readline_8.2.bb:do_populate_lic_setscene)
NOTE: recipe attr-2.5.1-r0: task do_deploy_archives_setscene: Started
NOTE: recipe attr-2.5.1-r0: task do_deploy_archives_setscene: Succeeded
NOTE: Running setscene task 1204 of 2241 (/home/andrew/meta-openembedded/meta-oe/recipes-devtools/jq/jq_1.7.1.bb:do_deploy_archives_setscene)
NOTE: recipe readline-8.2-r0: task do_populate_lic_setscene: Started
NOTE: recipe readline-8.2-r0: task do_populate_lic_setscene: Succeeded
NOTE: Running setscene task 1205 of 2241 (/home/andrew/poky/meta/recipes-support/lz4/lz4_1.9.4.bb:do_package_qa_setscene)
NOTE: recipe jq-1.7.1-r0: task do_deploy_archives_setscene: Started
NOTE: recipe jq-1.7.1-r0: task do_deploy_archives_setscene: Succeeded
NOTE: Running setscene task 1208 of 2241 (/home/andrew/poky/meta/recipes-devtools/elfutils/elfutils_0.191.bb:do_deploy_archives_setscene)
NOTE: recipe lz4-1_1.9.4-r0: task do_package_qa_setscene: Started
NOTE: recipe lz4-1_1.9.4-r0: task do_package_qa_setscene: Succeeded
NOTE: Running setscene task 1209 of 2241 (/home/andrew/poky/meta/recipes-core/systemd/systemd-compat-units.bb:do_populate_sysroot_setscene)
NOTE: recipe elfutils-0.191-r0: task do_deploy_archives_setscene: Started
NOTE: recipe systemd-compat-units-1.0-r0: task do_populate_sysroot_setscene: Started
NOTE: recipe systemd-compat-units-1.0-r0: task do_populate_sysroot_setscene: Succeeded
NOTE: Running setscene task 1210 of 2241 (/home/andrew/meta-selinux/recipes-security/selinux/libselinux-python_3.7.bb:do_package_write_ipk_setscene)
NOTE: recipe elfutils-0.191-r0: task do_deploy_archives_setscene: Succeeded
NOTE: Running setscene task 1211 of 2241 (/home/andrew/poky/meta/recipes-devtools/binutils/binutils_2.42.bb:do_deploy_archives_setscene)
NOTE: recipe libselinux-python-3.7-r0: task do_package_write_ipk_setscene: Started
NOTE: recipe binutils-2.42-r0: task do_deploy_archives_setscene: Started
NOTE: recipe libselinux-python-3.7-r0: task do_package_write_ipk_setscene: Succeeded
NOTE: Running setscene task 1213 of 2241 (/home/andrew/meta-selinux/recipes-security/selinux/libsepol_3.7.bb:do_deploy_archives_setscene)
NOTE: recipe binutils-2.42-r0: task do_deploy_archives_setscene: Succeeded
NOTE: Running setscene task 1215 of 2241 (/home/andrew/poky/meta/recipes-support/lzo/lzo_2.10.bb:do_package_qa_setscene)
NOTE: recipe libsepol-3.7-r0: task do_deploy_archives_setscene: Started
NOTE: recipe lzo-2.10-r0: task do_package_qa_setscene: Started
NOTE: recipe lzo-2.10-r0: task do_package_qa_setscene: Succeeded
NOTE: Running setscene task 1216 of 2241 (/home/andrew/poky/meta/recipes-core/zlib/zlib_1.3.1.bb:do_package_qa_setscene)
NOTE: recipe libsepol-3.7-r0: task do_deploy_archives_setscene: Succeeded
NOTE: Running setscene task 1217 of 2241 (/home/andrew/tactiq-os/recipes-core/tactiq-release/tactiq-release_2.0.0.bb:do_populate_sysroot_setscene)
NOTE: recipe zlib-1.3.1-r0: task do_package_qa_setscene: Started
NOTE: recipe tactiq-release-2.0.0-r0: task do_populate_sysroot_setscene: Started
NOTE: recipe zlib-1.3.1-r0: task do_package_qa_setscene: Succeeded
NOTE: Running setscene task 1218 of 2241 (/home/andrew/poky/meta/recipes-connectivity/iproute2/iproute2_6.7.0.bb:do_package_write_ipk_setscene)
NOTE: recipe tactiq-release-2.0.0-r0: task do_populate_sysroot_setscene: Succeeded
NOTE: Running setscene task 1219 of 2241 (/home/andrew/poky/meta/recipes-extended/shadow/shadow_4.14.2.bb:do_deploy_archives_setscene)
NOTE: recipe iproute2-6.7.0-r0: task do_package_write_ipk_setscene: Started
NOTE: recipe shadow-4.14.2-r0: task do_deploy_archives_setscene: Started
NOTE: recipe shadow-4.14.2-r0: task do_deploy_archives_setscene: Succeeded
NOTE: Running setscene task 1220 of 2241 (/home/andrew/poky/meta/recipes-support/attr/acl_2.3.2.bb:do_package_qa_setscene)
NOTE: recipe iproute2-6.7.0-r0: task do_package_write_ipk_setscene: Succeeded
NOTE: Running setscene task 1225 of 2241 (/home/andrew/meta-selinux/recipes-security/selinux/libselinux_3.7.bb:do_deploy_archives_setscene)
NOTE: recipe libselinux-3.7-r0: task do_deploy_archives_setscene: Started
NOTE: recipe acl-2.3.2-r0: task do_package_qa_setscene: Started
NOTE: recipe libselinux-3.7-r0: task do_deploy_archives_setscene: Succeeded
NOTE: Running setscene task 1226 of 2241 (/home/andrew/poky/meta/recipes-connectivity/openssh/openssh_9.6p1.bb:do_populate_lic_setscene)
NOTE: recipe acl-2.3.2-r0: task do_package_qa_setscene: Succeeded
NOTE: Running setscene task 1228 of 2241 (/home/andrew/poky/meta/recipes-core/base-passwd/base-passwd_3.6.3.bb:do_deploy_archives_setscene)
NOTE: recipe base-passwd-3.6.3-r0: task do_deploy_archives_setscene: Started
NOTE: recipe openssh-9.6p1-r0: task do_populate_lic_setscene: Started
NOTE: recipe base-passwd-3.6.3-r0: task do_deploy_archives_setscene: Succeeded
NOTE: Running setscene task 1233 of 2241 (/home/andrew/poky/meta/recipes-devtools/qemu/qemuwrapper-cross_1.0.bb:do_deploy_archives_setscene)
NOTE: recipe openssh-9.6p1-r0: task do_populate_lic_setscene: Succeeded
NOTE: Running setscene task 1234 of 2241 (/home/andrew/poky/meta/recipes-extended/zstd/zstd_1.5.5.bb:do_package_write_ipk_setscene)
NOTE: recipe qemuwrapper-cross-1.0-r0: task do_deploy_archives_setscene: Started
NOTE: recipe zstd-1.5.5-r0: task do_package_write_ipk_setscene: Started
NOTE: recipe qemuwrapper-cross-1.0-r0: task do_deploy_archives_setscene: Succeeded
NOTE: Running setscene task 1235 of 2241 (/home/andrew/meta-openembedded/meta-python/recipes-devtools/python/python3-networkx_3.1.bb:do_populate_lic_setscene)
NOTE: recipe python3-networkx-3.1-r0: task do_populate_lic_setscene: Started
NOTE: recipe zstd-1.5.5-r0: task do_package_write_ipk_setscene: Succeeded
NOTE: Running setscene task 1236 of 2241 (/home/andrew/poky/meta/recipes-connectivity/iproute2/iproute2_6.7.0.bb:do_package_qa_setscene)
NOTE: recipe python3-networkx-3.1-r0: task do_populate_lic_setscene: Succeeded
NOTE: Running setscene task 1238 of 2241 (/home/andrew/poky/meta/recipes-devtools/python/python3-packaging_23.2.bb:do_package_write_ipk_setscene)
NOTE: recipe iproute2-6.7.0-r0: task do_package_qa_setscene: Started
NOTE: recipe python3-packaging-23.2-r0: task do_package_write_ipk_setscene: Started
NOTE: recipe iproute2-6.7.0-r0: task do_package_qa_setscene: Succeeded
NOTE: Running setscene task 1240 of 2241 (/home/andrew/poky/meta/recipes-support/libcap/libcap_2.69.bb:do_deploy_archives_setscene)
NOTE: recipe python3-packaging-23.2-r0: task do_package_write_ipk_setscene: Succeeded
NOTE: Running setscene task 1241 of 2241 (/home/andrew/poky/meta/recipes-core/busybox/busybox_1.36.1.bb:do_populate_sysroot_setscene)
NOTE: recipe libcap-2.69-r0: task do_deploy_archives_setscene: Started
NOTE: recipe busybox-1.36.1-r0: task do_populate_sysroot_setscene: Started
NOTE: recipe libcap-2.69-r0: task do_deploy_archives_setscene: Succeeded
NOTE: Running setscene task 1242 of 2241 (/home/andrew/poky/meta/recipes-support/gnutls/gnutls_3.8.4.bb:do_deploy_archives_setscene)
NOTE: recipe busybox-1.36.1-r0: task do_populate_sysroot_setscene: Succeeded
NOTE: Running setscene task 1243 of 2241 (/home/andrew/poky/meta/recipes-kernel/linux/linux-yocto_6.6.bb:do_deploy_archives_setscene)
NOTE: recipe gnutls-3.8.4-r0: task do_deploy_archives_setscene: Started
NOTE: recipe linux-yocto-6.6.123+git-r0: task do_deploy_archives_setscene: Started
NOTE: recipe gnutls-3.8.4-r0: task do_deploy_archives_setscene: Succeeded
NOTE: Running setscene task 1244 of 2241 (/home/andrew/poky/meta/recipes-core/zlib/zlib_1.3.1.bb:do_populate_lic_setscene)
NOTE: recipe zlib-1.3.1-r0: task do_populate_lic_setscene: Started
NOTE: recipe zlib-1.3.1-r0: task do_populate_lic_setscene: Succeeded
NOTE: Running setscene task 1245 of 2241 (/home/andrew/poky/meta/recipes-devtools/perl/perl_5.38.4.bb:do_deploy_archives_setscene)
NOTE: recipe perl-5.38.4-r0: task do_deploy_archives_setscene: Started
NOTE: recipe perl-5.38.4-r0: task do_deploy_archives_setscene: Succeeded
NOTE: Running setscene task 1247 of 2241 (/home/andrew/poky/meta/recipes-core/base-passwd/base-passwd_3.6.3.bb:do_package_write_ipk_setscene)
NOTE: recipe base-passwd-3.6.3-r0: task do_package_write_ipk_setscene: Started
NOTE: recipe base-passwd-3.6.3-r0: task do_package_write_ipk_setscene: Succeeded
NOTE: Running setscene task 1249 of 2241 (/home/andrew/meta-openembedded/meta-oe/recipes-support/onig/onig_6.9.9.bb:do_populate_lic_setscene)
NOTE: recipe onig-6.9.9-r0: task do_populate_lic_setscene: Started
NOTE: recipe onig-6.9.9-r0: task do_populate_lic_setscene: Succeeded
NOTE: Running setscene task 1250 of 2241 (/home/andrew/poky/meta/recipes-support/nettle/nettle_3.9.1.bb:do_populate_lic_setscene)
NOTE: recipe nettle-3.9.1-r0: task do_populate_lic_setscene: Started
NOTE: recipe nettle-3.9.1-r0: task do_populate_lic_setscene: Succeeded
NOTE: Running setscene task 1251 of 2241 (/home/andrew/meta-openembedded/meta-python/recipes-devtools/python/python3-decorator_5.1.1.bb:do_package_write_ipk_setscene)
NOTE: recipe python3-decorator-5.1.1-r0: task do_package_write_ipk_setscene: Started
NOTE: recipe linux-yocto-6.6.123+git-r0: task do_deploy_archives_setscene: Succeeded
NOTE: Running setscene task 1252 of 2241 (/home/andrew/poky/meta/recipes-devtools/gcc/libgcc_13.4.bb:do_package_qa_setscene)
NOTE: recipe python3-decorator-5.1.1-r0: task do_package_write_ipk_setscene: Succeeded
NOTE: Running setscene task 1253 of 2241 (/home/andrew/meta-openembedded/meta-networking/recipes-support/chrony/chrony_4.5.bb:do_populate_lic_setscene)
NOTE: recipe libgcc-13.4.0-r0: task do_package_qa_setscene: Started
NOTE: recipe chrony-4.5-r0: task do_populate_lic_setscene: Started
NOTE: recipe libgcc-13.4.0-r0: task do_package_qa_setscene: Succeeded
NOTE: Running setscene task 1254 of 2241 (/home/andrew/poky/meta/recipes-core/glib-2.0/glib-2.0_2.78.6.bb:do_deploy_archives_setscene)
NOTE: recipe chrony-4.5-r0: task do_populate_lic_setscene: Succeeded
NOTE: Running setscene task 1255 of 2241 (/home/andrew/poky/meta/recipes-connectivity/openssh/openssh_9.6p1.bb:do_deploy_archives_setscene)
NOTE: recipe glib-2.0-1_2.78.6-r0: task do_deploy_archives_setscene: Started
NOTE: recipe openssh-9.6p1-r0: task do_deploy_archives_setscene: Started
NOTE: recipe glib-2.0-1_2.78.6-r0: task do_deploy_archives_setscene: Succeeded
NOTE: Running setscene task 1259 of 2241 (/home/andrew/poky/meta/recipes-support/libcap/libcap_2.69.bb:do_populate_lic_setscene)
NOTE: recipe openssh-9.6p1-r0: task do_deploy_archives_setscene: Succeeded
NOTE: Running setscene task 1261 of 2241 (/home/andrew/poky/meta/recipes-devtools/python/python3-setuptools_69.1.1.bb:do_populate_sysroot_setscene)
NOTE: recipe libcap-2.69-r0: task do_populate_lic_setscene: Started
NOTE: recipe python3-setuptools-69.1.1-r0: task do_populate_sysroot_setscene: Started
NOTE: recipe libcap-2.69-r0: task do_populate_lic_setscene: Succeeded
NOTE: Running setscene task 1262 of 2241 (/home/andrew/poky/meta/recipes-extended/pam/libpam_1.5.3.bb:do_deploy_archives_setscene)
NOTE: recipe python3-setuptools-69.1.1-r0: task do_populate_sysroot_setscene: Succeeded
NOTE: Running setscene task 1265 of 2241 (/home/andrew/poky/meta/recipes-extended/libmnl/libmnl_1.0.5.bb:do_package_qa_setscene)
NOTE: recipe libpam-1.5.3-r0: task do_deploy_archives_setscene: Started
NOTE: recipe libpam-1.5.3-r0: task do_deploy_archives_setscene: Succeeded
NOTE: Running setscene task 1267 of 2241 (/home/andrew/poky/meta/recipes-support/attr/attr_2.5.1.bb:do_populate_lic_setscene)
NOTE: recipe libmnl-1.0.5-r0: task do_package_qa_setscene: Started
NOTE: recipe libmnl-1.0.5-r0: task do_package_qa_setscene: Succeeded
NOTE: Running setscene task 1268 of 2241 (/home/andrew/poky/meta/recipes-core/coreutils/coreutils_9.4.bb:do_deploy_archives_setscene)
NOTE: recipe attr-2.5.1-r0: task do_populate_lic_setscene: Started
NOTE: recipe attr-2.5.1-r0: task do_populate_lic_setscene: Succeeded
NOTE: Running setscene task 1269 of 2241 (/home/andrew/poky/meta/recipes-extended/gawk/gawk_5.3.0.bb:do_deploy_archives_setscene)
NOTE: recipe coreutils-9.4-r0: task do_deploy_archives_setscene: Started
NOTE: recipe gawk-5.3.0-r0: task do_deploy_archives_setscene: Started
NOTE: recipe coreutils-9.4-r0: task do_deploy_archives_setscene: Succeeded
NOTE: Running setscene task 1270 of 2241 (/home/andrew/poky/meta/recipes-support/gnutls/libtasn1_4.20.0.bb:do_deploy_archives_setscene)
NOTE: recipe libtasn1-4.20.0-r0: task do_deploy_archives_setscene: Started
NOTE: recipe gawk-5.3.0-r0: task do_deploy_archives_setscene: Succeeded
NOTE: Running setscene task 1271 of 2241 (/home/andrew/poky/meta/recipes-kernel/linux-libc-headers/linux-libc-headers_6.6.bb:do_package_qa_setscene)
NOTE: recipe libtasn1-4.20.0-r0: task do_deploy_archives_setscene: Succeeded
NOTE: Running setscene task 1272 of 2241 (/home/andrew/poky/meta/recipes-support/libpcre/libpcre2_10.43.bb:do_populate_lic_setscene)
NOTE: recipe linux-libc-headers-6.6-r0: task do_package_qa_setscene: Started
NOTE: recipe linux-libc-headers-6.6-r0: task do_package_qa_setscene: Succeeded
NOTE: Running setscene task 1273 of 2241 (/home/andrew/poky/meta/recipes-extended/lzip/lzlib_1.14.bb:do_populate_lic_setscene)
NOTE: recipe libpcre2-10.43-r0: task do_populate_lic_setscene: Started
NOTE: recipe lzlib-1.14-r0: task do_populate_lic_setscene: Started
NOTE: recipe libpcre2-10.43-r0: task do_populate_lic_setscene: Succeeded
NOTE: Running setscene task 1274 of 2241 (/home/andrew/poky/meta/recipes-devtools/perl/perl_5.38.4.bb:do_package_qa_setscene)
NOTE: recipe lzlib-1.14-r0: task do_populate_lic_setscene: Succeeded
NOTE: Running setscene task 1275 of 2241 (/home/andrew/poky/meta/recipes-support/shared-mime-info/shared-mime-info_2.4.bb:do_populate_sysroot_setscene)
NOTE: recipe perl-5.38.4-r0: task do_package_qa_setscene: Started
NOTE: recipe shared-mime-info-2.4-r0: task do_populate_sysroot_setscene: Started
NOTE: recipe perl-5.38.4-r0: task do_package_qa_setscene: Succeeded
NOTE: Running setscene task 1278 of 2241 (/home/andrew/poky/meta/recipes-support/gnutls/gnutls_3.8.4.bb:do_package_write_ipk_setscene)
NOTE: recipe shared-mime-info-2.4-r0: task do_populate_sysroot_setscene: Succeeded
NOTE: Running setscene task 1280 of 2241 (/home/andrew/poky/meta/recipes-support/libpcre/libpcre2_10.43.bb:do_package_write_ipk_setscene)
NOTE: recipe gnutls-3.8.4-r0: task do_package_write_ipk_setscene: Started
NOTE: recipe gnutls-3.8.4-r0: task do_package_write_ipk_setscene: Succeeded
NOTE: Running setscene task 1281 of 2241 (/home/andrew/meta-selinux/recipes-security/selinux-scripts/selinux-autorelabel_0.1.bb:do_deploy_archives_setscene)
NOTE: recipe libpcre2-10.43-r0: task do_package_write_ipk_setscene: Started
NOTE: recipe libpcre2-10.43-r0: task do_package_write_ipk_setscene: Succeeded
NOTE: Running setscene task 1282 of 2241 (/home/andrew/poky/meta/recipes-core/systemd/systemd_255.21.bb:do_populate_lic_setscene)
NOTE: recipe selinux-autorelabel-0.1-r0: task do_deploy_archives_setscene: Started
NOTE: recipe selinux-autorelabel-0.1-r0: task do_deploy_archives_setscene: Succeeded
NOTE: Running setscene task 1283 of 2241 (/home/andrew/poky/meta/recipes-extended/grep/grep_3.11.bb:do_package_qa_setscene)
NOTE: recipe systemd-1_255.21-r0: task do_populate_lic_setscene: Started
NOTE: recipe grep-3.11-r0: task do_package_qa_setscene: Started
NOTE: recipe systemd-1_255.21-r0: task do_populate_lic_setscene: Succeeded
NOTE: Running setscene task 1284 of 2241 (/home/andrew/meta-openembedded/meta-python/recipes-devtools/python/python3-ipy_1.01.bb:do_package_write_ipk_setscene)
NOTE: recipe grep-3.11-r0: task do_package_qa_setscene: Succeeded
NOTE: Running setscene task 1285 of 2241 (/home/andrew/poky/meta/recipes-devtools/gcc/gcc-runtime_13.4.bb:do_deploy_archives_setscene)
NOTE: recipe python3-ipy-1.01-r0: task do_package_write_ipk_setscene: Started
NOTE: recipe python3-ipy-1.01-r0: task do_package_write_ipk_setscene: Succeeded
NOTE: Running setscene task 1286 of 2241 (/home/andrew/meta-openembedded/meta-python/recipes-devtools/python/python3-networkx_3.1.bb:do_deploy_archives_setscene)
NOTE: recipe gcc-runtime-13.4.0-r0: task do_deploy_archives_setscene: Started
NOTE: recipe gcc-runtime-13.4.0-r0: task do_deploy_archives_setscene: Succeeded
NOTE: Running setscene task 1288 of 2241 (/home/andrew/poky/meta/recipes-devtools/python/python3_3.12.12.bb:do_package_write_ipk_setscene)
NOTE: recipe python3-networkx-3.1-r0: task do_deploy_archives_setscene: Started
NOTE: recipe python3-networkx-3.1-r0: task do_deploy_archives_setscene: Succeeded
NOTE: Running setscene task 1289 of 2241 (/home/andrew/meta-rauc/recipes-core/rauc/rauc-conf.bb:do_package_qa_setscene)
WARNING: Recipe inherits features_check but doesn't use it
NOTE: recipe python3-3.12.12-r0: task do_package_write_ipk_setscene: Started
NOTE: recipe rauc-conf-1.0-r0: task do_package_qa_setscene: Started
NOTE: recipe rauc-conf-1.0-r0: task do_package_qa_setscene: Succeeded
NOTE: Running setscene task 1290 of 2241 (/home/andrew/meta-openembedded/meta-networking/recipes-support/chrony/chrony_4.5.bb:do_package_qa_setscene)
NOTE: recipe chrony-4.5-r0: task do_package_qa_setscene: Started
NOTE: recipe chrony-4.5-r0: task do_package_qa_setscene: Succeeded
NOTE: Running setscene task 1291 of 2241 (/home/andrew/meta-selinux/recipes-security/selinux/libsepol_3.7.bb:do_package_write_ipk_setscene)
NOTE: recipe libsepol-3.7-r0: task do_package_write_ipk_setscene: Started
NOTE: recipe python3-3.12.12-r0: task do_package_write_ipk_setscene: Succeeded
NOTE: Running setscene task 1292 of 2241 (/home/andrew/poky/meta/recipes-connectivity/iproute2/iproute2_6.7.0.bb:do_deploy_archives_setscene)
NOTE: recipe libsepol-3.7-r0: task do_package_write_ipk_setscene: Succeeded
NOTE: Running setscene task 1293 of 2241 (/home/andrew/meta-selinux/recipes-security/refpolicy/refpolicy-targeted_git.bb:do_populate_lic_setscene)
NOTE: recipe iproute2-6.7.0-r0: task do_deploy_archives_setscene: Started
NOTE: recipe refpolicy-targeted-2.20240226+git-r0: task do_populate_lic_setscene: Started
NOTE: recipe iproute2-6.7.0-r0: task do_deploy_archives_setscene: Succeeded
NOTE: Running setscene task 1294 of 2241 (/home/andrew/poky/meta/recipes-connectivity/openssl/openssl_3.5.5.bb:do_package_write_ipk_setscene)
NOTE: recipe refpolicy-targeted-2.20240226+git-r0: task do_populate_lic_setscene: Succeeded
NOTE: Running setscene task 1295 of 2241 (/home/andrew/poky/meta/recipes-core/dbus/dbus_1.14.10.bb:do_package_qa_setscene)
NOTE: recipe openssl-3.5.5-r0: task do_package_write_ipk_setscene: Started
NOTE: recipe dbus-1.14.10-r0: task do_package_qa_setscene: Started
NOTE: recipe dbus-1.14.10-r0: task do_package_qa_setscene: Succeeded
NOTE: Running setscene task 1296 of 2241 (/home/andrew/poky/meta/recipes-core/glibc/glibc-locale_2.39.bb:do_package_write_ipk_setscene)
NOTE: recipe glibc-locale-2.39+git-r0: task do_package_write_ipk_setscene: Started
NOTE: recipe openssl-3.5.5-r0: task do_package_write_ipk_setscene: Succeeded
NOTE: Running setscene task 1297 of 2241 (/home/andrew/poky/meta/recipes-core/systemd/systemd_255.21.bb:do_package_qa_setscene)
NOTE: recipe systemd-1_255.21-r0: task do_package_qa_setscene: Started
NOTE: recipe systemd-1_255.21-r0: task do_package_qa_setscene: Succeeded
NOTE: Running setscene task 1298 of 2241 (/home/andrew/poky/meta/recipes-core/base-passwd/base-passwd_3.6.3.bb:do_populate_sysroot_setscene)
NOTE: recipe base-passwd-3.6.3-r0: task do_populate_sysroot_setscene: Started
NOTE: recipe base-passwd-3.6.3-r0: task do_populate_sysroot_setscene: Succeeded
NOTE: Running setscene task 1299 of 2241 (/home/andrew/poky/meta/recipes-core/base-files/base-files_3.0.14.bb:do_package_qa_setscene)
WARNING: Recipe inherits features_check but doesn't use it
NOTE: recipe base-files-3.0.14-r0: task do_package_qa_setscene: Started
NOTE: recipe base-files-3.0.14-r0: task do_package_qa_setscene: Succeeded
NOTE: Running setscene task 1300 of 2241 (/home/andrew/poky/meta/recipes-extended/libnsl/libnsl2_git.bb:do_populate_lic_setscene)
NOTE: recipe libnsl2-2.0.1-r0: task do_populate_lic_setscene: Started
NOTE: recipe libnsl2-2.0.1-r0: task do_populate_lic_setscene: Succeeded
NOTE: Running setscene task 1301 of 2241 (/home/andrew/poky/meta/recipes-core/util-linux/util-linux-libuuid_2.39.3.bb:do_package_qa_setscene)
NOTE: recipe util-linux-libuuid-2.39.3-r0: task do_package_qa_setscene: Started
NOTE: recipe util-linux-libuuid-2.39.3-r0: task do_package_qa_setscene: Succeeded
NOTE: Running setscene task 1302 of 2241 (/home/andrew/poky/meta/recipes-support/gnutls/libtasn1_4.20.0.bb:do_package_write_ipk_setscene)
NOTE: recipe glibc-locale-2.39+git-r0: task do_package_write_ipk_setscene: Succeeded
NOTE: Running setscene task 1303 of 2241 (/home/andrew/meta-openembedded/meta-oe/recipes-support/onig/onig_6.9.9.bb:do_package_qa_setscene)
NOTE: recipe libtasn1-4.20.0-r0: task do_package_write_ipk_setscene: Started
NOTE: recipe libtasn1-4.20.0-r0: task do_package_write_ipk_setscene: Succeeded
NOTE: Running setscene task 1307 of 2241 (/home/andrew/poky/meta/recipes-core/busybox/busybox_1.36.1.bb:do_package_qa_setscene)
NOTE: recipe onig-6.9.9-r0: task do_package_qa_setscene: Started
NOTE: recipe onig-6.9.9-r0: task do_package_qa_setscene: Succeeded
NOTE: Running setscene task 1308 of 2241 (/home/andrew/poky/meta/recipes-support/libnl/libnl_3.9.0.bb:do_package_qa_setscene)
NOTE: recipe busybox-1.36.1-r0: task do_package_qa_setscene: Started
NOTE: recipe libnl-1_3.9.0-r0: task do_package_qa_setscene: Started
NOTE: recipe busybox-1.36.1-r0: task do_package_qa_setscene: Succeeded
NOTE: Running setscene task 1311 of 2241 (/home/andrew/poky/meta/recipes-bsp/u-boot/libubootenv_0.3.5.bb:do_package_qa_setscene)
NOTE: recipe libnl-1_3.9.0-r0: task do_package_qa_setscene: Succeeded
NOTE: Running setscene task 1312 of 2241 (/home/andrew/poky/meta/recipes-kernel/linux/linux-yocto_6.6.bb:do_package_write_ipk_setscene)
NOTE: recipe libubootenv-0.3.5-r0: task do_package_qa_setscene: Started
NOTE: recipe libubootenv-0.3.5-r0: task do_package_qa_setscene: Succeeded
NOTE: Running setscene task 1313 of 2241 (/home/andrew/poky/meta/recipes-extended/iptables/iptables_1.8.10.bb:do_deploy_archives_setscene)
NOTE: recipe linux-yocto-6.6.123+git-r0: task do_package_write_ipk_setscene: Started
NOTE: recipe iptables-1.8.10-r0: task do_deploy_archives_setscene: Started
NOTE: recipe iptables-1.8.10-r0: task do_deploy_archives_setscene: Succeeded
NOTE: Running setscene task 1314 of 2241 (/home/andrew/tactiq-os/recipes-core/tactiq-config/tactiq-config_2.0.0.bb:do_package_write_ipk_setscene)
NOTE: recipe tactiq-config-2.0.0-r0: task do_package_write_ipk_setscene: Started
NOTE: recipe tactiq-config-2.0.0-r0: task do_package_write_ipk_setscene: Succeeded
NOTE: Running setscene task 1315 of 2241 (/home/andrew/meta-openembedded/meta-python/recipes-devtools/python/python3-ipy_1.01.bb:do_populate_lic_setscene)
NOTE: recipe python3-ipy-1.01-r0: task do_populate_lic_setscene: Started
NOTE: recipe python3-ipy-1.01-r0: task do_populate_lic_setscene: Succeeded
NOTE: Running setscene task 1317 of 2241 (/home/andrew/tactiq-os/recipes-core/tactiq-agent/tactiq-agent_2.0.0.bb:do_package_qa_setscene)
NOTE: recipe tactiq-agent-2.0.0-r0: task do_package_qa_setscene: Started
NOTE: recipe tactiq-agent-2.0.0-r0: task do_package_qa_setscene: Succeeded
NOTE: Running setscene task 1319 of 2241 (/home/andrew/meta-selinux/recipes-security/refpolicy/refpolicy-targeted_git.bb:do_deploy_archives_setscene)
NOTE: recipe refpolicy-targeted-2.20240226+git-r0: task do_deploy_archives_setscene: Started
NOTE: recipe linux-yocto-6.6.123+git-r0: task do_package_write_ipk_setscene: Succeeded
NOTE: Running setscene task 1320 of 2241 (/home/andrew/meta-openembedded/meta-python/recipes-devtools/python/python3-distro_1.9.0.bb:do_deploy_archives_setscene)
NOTE: recipe refpolicy-targeted-2.20240226+git-r0: task do_deploy_archives_setscene: Succeeded
NOTE: Running setscene task 1322 of 2241 (/home/andrew/poky/meta/recipes-support/libseccomp/libseccomp_2.5.5.bb:do_populate_lic_setscene)
NOTE: recipe python3-distro-1.9.0-r0: task do_deploy_archives_setscene: Started
NOTE: recipe libseccomp-2.5.5-r0: task do_populate_lic_setscene: Started
NOTE: recipe python3-distro-1.9.0-r0: task do_deploy_archives_setscene: Succeeded
NOTE: Running setscene task 1324 of 2241 (/home/andrew/poky/meta/recipes-support/gnutls/gnutls_3.8.4.bb:do_populate_lic_setscene)
NOTE: recipe libseccomp-2.5.5-r0: task do_populate_lic_setscene: Succeeded
NOTE: Running setscene task 1326 of 2241 (/home/andrew/poky/meta/recipes-devtools/python/python3_3.12.12.bb:do_package_qa_setscene)
NOTE: recipe gnutls-3.8.4-r0: task do_populate_lic_setscene: Started
NOTE: recipe gnutls-3.8.4-r0: task do_populate_lic_setscene: Succeeded
NOTE: Running setscene task 1328 of 2241 (/home/andrew/poky/meta/recipes-extended/libarchive/libarchive_3.7.9.bb:do_deploy_archives_setscene)
NOTE: recipe python3-3.12.12-r0: task do_package_qa_setscene: Started
NOTE: recipe python3-3.12.12-r0: task do_package_qa_setscene: Succeeded
NOTE: Running setscene task 1329 of 2241 (/home/andrew/poky/meta/recipes-core/systemd/systemd-compat-units.bb:do_deploy_archives_setscene)
NOTE: recipe libarchive-3.7.9-r0: task do_deploy_archives_setscene: Started
NOTE: recipe libarchive-3.7.9-r0: task do_deploy_archives_setscene: Succeeded
NOTE: Running setscene task 1330 of 2241 (/home/andrew/poky/meta/recipes-support/libffi/libffi_3.4.6.bb:do_package_qa_setscene)
NOTE: recipe systemd-compat-units-1.0-r0: task do_deploy_archives_setscene: Started
NOTE: recipe systemd-compat-units-1.0-r0: task do_deploy_archives_setscene: Succeeded
NOTE: Running setscene task 1332 of 2241 (/home/andrew/poky/meta/recipes-support/nettle/nettle_3.9.1.bb:do_package_write_ipk_setscene)
NOTE: recipe libffi-3.4.6-r0: task do_package_qa_setscene: Started
NOTE: recipe libffi-3.4.6-r0: task do_package_qa_setscene: Succeeded
NOTE: Running setscene task 1334 of 2241 (/home/andrew/meta-openembedded/meta-oe/recipes-support/pps-tools/pps-tools_1.0.3.bb:do_deploy_archives_setscene)
NOTE: recipe nettle-3.9.1-r0: task do_package_write_ipk_setscene: Started
NOTE: recipe nettle-3.9.1-r0: task do_package_write_ipk_setscene: Succeeded
NOTE: Running setscene task 1335 of 2241 (/home/andrew/poky/meta/recipes-devtools/python/python3-packaging_23.2.bb:do_populate_lic_setscene)
NOTE: recipe pps-tools-1.0.3-r0: task do_deploy_archives_setscene: Started
NOTE: recipe pps-tools-1.0.3-r0: task do_deploy_archives_setscene: Succeeded
NOTE: Running setscene task 1336 of 2241 (/home/andrew/poky/meta/recipes-support/gnutls/libtasn1_4.20.0.bb:do_package_qa_setscene)
NOTE: recipe python3-packaging-23.2-r0: task do_populate_lic_setscene: Started
NOTE: recipe python3-packaging-23.2-r0: task do_populate_lic_setscene: Succeeded
NOTE: Running setscene task 1338 of 2241 (/home/andrew/poky/meta/recipes-support/gnutls/gnutls_3.8.4.bb:do_package_qa_setscene)
NOTE: recipe libtasn1-4.20.0-r0: task do_package_qa_setscene: Started
NOTE: recipe libtasn1-4.20.0-r0: task do_package_qa_setscene: Succeeded
NOTE: Running setscene task 1339 of 2241 (/home/andrew/poky/meta/recipes-support/lz4/lz4_1.9.4.bb:do_deploy_archives_setscene)
NOTE: recipe gnutls-3.8.4-r0: task do_package_qa_setscene: Started
NOTE: recipe lz4-1_1.9.4-r0: task do_deploy_archives_setscene: Started
NOTE: recipe gnutls-3.8.4-r0: task do_package_qa_setscene: Succeeded
NOTE: Running setscene task 1341 of 2241 (/home/andrew/meta-openembedded/meta-python/recipes-devtools/python/python3-distro_1.9.0.bb:do_package_qa_setscene)
NOTE: recipe lz4-1_1.9.4-r0: task do_deploy_archives_setscene: Succeeded
NOTE: Running setscene task 1342 of 2241 (/home/andrew/meta-openembedded/meta-networking/recipes-support/chrony/chrony_4.5.bb:do_deploy_archives_setscene)
NOTE: recipe python3-distro-1.9.0-r0: task do_package_qa_setscene: Started
NOTE: recipe chrony-4.5-r0: task do_deploy_archives_setscene: Started
NOTE: recipe python3-distro-1.9.0-r0: task do_package_qa_setscene: Succeeded
NOTE: Running setscene task 1344 of 2241 (/home/andrew/poky/meta/recipes-extended/shadow/shadow-securetty_4.6.bb:do_package_write_ipk_setscene)
NOTE: recipe chrony-4.5-r0: task do_deploy_archives_setscene: Succeeded
NOTE: Running setscene task 1345 of 2241 (/home/andrew/poky/meta/recipes-extended/grep/grep_3.11.bb:do_populate_lic_setscene)
NOTE: recipe shadow-securetty-4.6-r0: task do_package_write_ipk_setscene: Started
NOTE: recipe shadow-securetty-4.6-r0: task do_package_write_ipk_setscene: Succeeded
NOTE: Running setscene task 1346 of 2241 (/home/andrew/poky/meta/recipes-devtools/gcc/gcc-runtime_13.4.bb:do_package_write_ipk_setscene)
NOTE: recipe grep-3.11-r0: task do_populate_lic_setscene: Started
NOTE: recipe grep-3.11-r0: task do_populate_lic_setscene: Succeeded
NOTE: Running setscene task 1347 of 2241 (/home/andrew/poky/meta/recipes-core/systemd/systemd-conf_1.0.bb:do_populate_lic_setscene)
NOTE: recipe gcc-runtime-13.4.0-r0: task do_package_write_ipk_setscene: Started
NOTE: recipe systemd-conf-1_1.0-r0: task do_populate_lic_setscene: Started
NOTE: recipe systemd-conf-1_1.0-r0: task do_populate_lic_setscene: Succeeded
NOTE: Running setscene task 1348 of 2241 (/home/andrew/poky/meta/recipes-support/libnl/libnl_3.9.0.bb:do_populate_lic_setscene)
NOTE: recipe libnl-1_3.9.0-r0: task do_populate_lic_setscene: Started
NOTE: recipe libnl-1_3.9.0-r0: task do_populate_lic_setscene: Succeeded
NOTE: Running setscene task 1349 of 2241 (/home/andrew/poky/meta/recipes-kernel/kmod/depmodwrapper-cross_1.0.bb:do_populate_lic_setscene)
NOTE: recipe gcc-runtime-13.4.0-r0: task do_package_write_ipk_setscene: Succeeded
NOTE: Running setscene task 1351 of 2241 (/home/andrew/poky/meta/recipes-devtools/qemu/qemuwrapper-cross_1.0.bb:do_populate_sysroot_setscene)
NOTE: recipe depmodwrapper-cross-1.0-r0: task do_populate_lic_setscene: Started
NOTE: recipe qemuwrapper-cross-1.0-r0: task do_populate_sysroot_setscene: Started
NOTE: recipe depmodwrapper-cross-1.0-r0: task do_populate_lic_setscene: Succeeded
NOTE: Running setscene task 1353 of 2241 (/home/andrew/poky/meta/recipes-devtools/libedit/libedit_20230828-3.1.bb:do_populate_lic_setscene)
NOTE: recipe qemuwrapper-cross-1.0-r0: task do_populate_sysroot_setscene: Succeeded
NOTE: Running setscene task 1355 of 2241 (/home/andrew/poky/meta/recipes-core/glibc/glibc-locale_2.39.bb:do_deploy_archives_setscene)
NOTE: recipe libedit-20230828-3.1-r1: task do_populate_lic_setscene: Started
NOTE: recipe glibc-locale-2.39+git-r0: task do_deploy_archives_setscene: Started
NOTE: recipe libedit-20230828-3.1-r1: task do_populate_lic_setscene: Succeeded
NOTE: Running setscene task 1356 of 2241 (/home/andrew/poky/meta/recipes-devtools/python/python3-packaging_23.2.bb:do_deploy_archives_setscene)
NOTE: recipe glibc-locale-2.39+git-r0: task do_deploy_archives_setscene: Succeeded
NOTE: Running setscene task 1358 of 2241 (/home/andrew/poky/meta/recipes-extended/gawk/gawk_5.3.0.bb:do_package_write_ipk_setscene)
NOTE: recipe python3-packaging-23.2-r0: task do_deploy_archives_setscene: Started
NOTE: recipe gawk-5.3.0-r0: task do_package_write_ipk_setscene: Started
NOTE: recipe python3-packaging-23.2-r0: task do_deploy_archives_setscene: Succeeded
NOTE: Running setscene task 1359 of 2241 (/home/andrew/poky/meta/recipes-support/sqlite/sqlite3_3.45.3.bb:do_package_write_ipk_setscene)
NOTE: recipe sqlite3-3_3.45.3-r0: task do_package_write_ipk_setscene: Started
NOTE: recipe gawk-5.3.0-r0: task do_package_write_ipk_setscene: Succeeded
NOTE: Running setscene task 1360 of 2241 (/home/andrew/poky/meta/recipes-support/libmicrohttpd/libmicrohttpd_1.0.1.bb:do_package_write_ipk_setscene)
NOTE: recipe libmicrohttpd-1.0.1-r0: task do_package_write_ipk_setscene: Started
NOTE: recipe sqlite3-3_3.45.3-r0: task do_package_write_ipk_setscene: Succeeded
NOTE: Running setscene task 1362 of 2241 (/home/andrew/poky/meta/recipes-core/libxml/libxml2_2.12.10.bb:do_deploy_archives_setscene)
NOTE: recipe libmicrohttpd-1.0.1-r0: task do_package_write_ipk_setscene: Succeeded
NOTE: Running setscene task 1363 of 2241 (/home/andrew/poky/meta/recipes-extended/bzip2/bzip2_1.0.8.bb:do_package_write_ipk_setscene)
NOTE: recipe libxml2-2.12.10-r0: task do_deploy_archives_setscene: Started
NOTE: recipe bzip2-1.0.8-r0: task do_package_write_ipk_setscene: Started
NOTE: recipe libxml2-2.12.10-r0: task do_deploy_archives_setscene: Succeeded
NOTE: Running setscene task 1365 of 2241 (/home/andrew/poky/meta/recipes-extended/libtirpc/libtirpc_1.3.4.bb:do_deploy_archives_setscene)
NOTE: recipe bzip2-1.0.8-r0: task do_package_write_ipk_setscene: Succeeded
NOTE: Running setscene task 1366 of 2241 (/home/andrew/poky/meta/recipes-core/initscripts/init-system-helpers_1.66.bb:do_package_qa_setscene)
NOTE: recipe libtirpc-1.3.4-r0: task do_deploy_archives_setscene: Started
NOTE: recipe init-system-helpers-1.66-r0: task do_package_qa_setscene: Started
NOTE: recipe libtirpc-1.3.4-r0: task do_deploy_archives_setscene: Succeeded
NOTE: Running setscene task 1367 of 2241 (/home/andrew/poky/meta/recipes-devtools/python/python3-setuptools_69.1.1.bb:do_populate_lic_setscene)
NOTE: recipe init-system-helpers-1.66-r0: task do_package_qa_setscene: Succeeded
NOTE: Running setscene task 1369 of 2241 (/home/andrew/poky/meta/recipes-extended/iptables/iptables_1.8.10.bb:do_package_write_ipk_setscene)
NOTE: recipe python3-setuptools-69.1.1-r0: task do_populate_lic_setscene: Started
NOTE: recipe iptables-1.8.10-r0: task do_package_write_ipk_setscene: Started
NOTE: recipe python3-setuptools-69.1.1-r0: task do_populate_lic_setscene: Succeeded
NOTE: Running setscene task 1370 of 2241 (/home/andrew/poky/meta/recipes-support/shared-mime-info/shared-mime-info_2.4.bb:do_package_qa_setscene)
NOTE: recipe iptables-1.8.10-r0: task do_package_write_ipk_setscene: Succeeded
NOTE: Running setscene task 1371 of 2241 (/home/andrew/poky/meta/recipes-extended/libtirpc/libtirpc_1.3.4.bb:do_package_write_ipk_setscene)
NOTE: recipe shared-mime-info-2.4-r0: task do_package_qa_setscene: Started
NOTE: recipe shared-mime-info-2.4-r0: task do_package_qa_setscene: Succeeded
NOTE: Running setscene task 1372 of 2241 (/home/andrew/meta-selinux/recipes-security/selinux/selinux-python_3.7.bb:do_populate_lic_setscene)
NOTE: recipe libtirpc-1.3.4-r0: task do_package_write_ipk_setscene: Started
NOTE: recipe libtirpc-1.3.4-r0: task do_package_write_ipk_setscene: Succeeded
NOTE: Running setscene task 1374 of 2241 (/home/andrew/poky/meta/recipes-devtools/gcc/gcc-runtime_13.4.bb:do_populate_lic_setscene)
NOTE: recipe selinux-python-3.7-r0: task do_populate_lic_setscene: Started
NOTE: recipe selinux-python-3.7-r0: task do_populate_lic_setscene: Succeeded
NOTE: Running setscene task 1375 of 2241 (/home/andrew/poky/meta/recipes-core/glib-2.0/glib-2.0_2.78.6.bb:do_package_write_ipk_setscene)
NOTE: recipe gcc-runtime-13.4.0-r0: task do_populate_lic_setscene: Started
NOTE: recipe gcc-runtime-13.4.0-r0: task do_populate_lic_setscene: Succeeded
NOTE: Running setscene task 1376 of 2241 (/home/andrew/poky/meta/recipes-kernel/linux-libc-headers/linux-libc-headers_6.6.bb:do_populate_lic_setscene)
NOTE: recipe glib-2.0-1_2.78.6-r0: task do_package_write_ipk_setscene: Started
NOTE: recipe linux-libc-headers-6.6-r0: task do_populate_lic_setscene: Started
NOTE: recipe glib-2.0-1_2.78.6-r0: task do_package_write_ipk_setscene: Succeeded
NOTE: Running setscene task 1378 of 2241 (/home/andrew/poky/meta/recipes-core/packagegroups/packagegroup-core-boot.bb:do_package_write_ipk_setscene)
NOTE: recipe linux-libc-headers-6.6-r0: task do_populate_lic_setscene: Succeeded
NOTE: Running setscene task 1380 of 2241 (/home/andrew/poky/meta/recipes-support/gdbm/gdbm_1.23.bb:do_populate_lic_setscene)
NOTE: recipe packagegroup-core-boot-1.0-r0: task do_package_write_ipk_setscene: Started
NOTE: recipe packagegroup-core-boot-1.0-r0: task do_package_write_ipk_setscene: Succeeded
NOTE: Running setscene task 1381 of 2241 (/home/andrew/poky/meta/recipes-core/systemd/systemd_255.21.bb:do_deploy_archives_setscene)
NOTE: recipe gdbm-1.23-r0: task do_populate_lic_setscene: Started
NOTE: recipe gdbm-1.23-r0: task do_populate_lic_setscene: Succeeded
NOTE: Running setscene task 1382 of 2241 (/home/andrew/poky/meta/recipes-support/libgpg-error/libgpg-error_1.48.bb:do_deploy_archives_setscene)
NOTE: recipe systemd-1_255.21-r0: task do_deploy_archives_setscene: Started
NOTE: recipe libgpg-error-1.48-r0: task do_deploy_archives_setscene: Started
NOTE: recipe libgpg-error-1.48-r0: task do_deploy_archives_setscene: Succeeded
NOTE: Running setscene task 1383 of 2241 (/home/andrew/poky/meta/recipes-core/initscripts/initscripts_1.0.bb:do_package_qa_setscene)
NOTE: recipe systemd-1_255.21-r0: task do_deploy_archives_setscene: Succeeded
NOTE: Running setscene task 1384 of 2241 (/home/andrew/tactiq-os/recipes-core/tactiq-release/tactiq-release_2.0.0.bb:do_package_qa_setscene)
NOTE: recipe initscripts-1.0-r0: task do_package_qa_setscene: Started
NOTE: recipe tactiq-release-2.0.0-r0: task do_package_qa_setscene: Started
NOTE: recipe initscripts-1.0-r0: task do_package_qa_setscene: Succeeded
NOTE: Running setscene task 1385 of 2241 (/home/andrew/meta-selinux/recipes-security/selinux-scripts/selinux-autorelabel_0.1.bb:do_populate_lic_setscene)
NOTE: recipe tactiq-release-2.0.0-r0: task do_package_qa_setscene: Succeeded
NOTE: Running setscene task 1386 of 2241 (/home/andrew/poky/meta/recipes-extended/bzip2/bzip2_1.0.8.bb:do_package_qa_setscene)
NOTE: recipe selinux-autorelabel-0.1-r0: task do_populate_lic_setscene: Started
NOTE: recipe bzip2-1.0.8-r0: task do_package_qa_setscene: Started
NOTE: recipe selinux-autorelabel-0.1-r0: task do_populate_lic_setscene: Succeeded
NOTE: Running setscene task 1387 of 2241 (/home/andrew/poky/meta/recipes-devtools/qemu/qemuwrapper-cross_1.0.bb:do_create_runtime_spdx_setscene)
NOTE: recipe bzip2-1.0.8-r0: task do_package_qa_setscene: Succeeded
NOTE: Running setscene task 1389 of 2241 (/home/andrew/poky/meta/recipes-extended/pam/libpam_1.5.3.bb:do_populate_lic_setscene)
NOTE: recipe qemuwrapper-cross-1.0-r0: task do_create_runtime_spdx_setscene: Started
NOTE: recipe libpam-1.5.3-r0: task do_populate_lic_setscene: Started
NOTE: recipe qemuwrapper-cross-1.0-r0: task do_create_runtime_spdx_setscene: Succeeded
NOTE: Running setscene task 1390 of 2241 (/home/andrew/poky/meta/recipes-core/expat/expat_2.6.4.bb:do_deploy_archives_setscene)
NOTE: recipe libpam-1.5.3-r0: task do_populate_lic_setscene: Succeeded
NOTE: Running setscene task 1391 of 2241 (/home/andrew/poky/meta/recipes-extended/tcp-wrappers/tcp-wrappers_7.6.bb:do_package_qa_setscene)
NOTE: recipe expat-2.6.4-r0: task do_deploy_archives_setscene: Started
NOTE: recipe tcp-wrappers-7.6-r0: task do_package_qa_setscene: Started
NOTE: recipe expat-2.6.4-r0: task do_deploy_archives_setscene: Succeeded
NOTE: Running setscene task 1392 of 2241 (/home/andrew/meta-openembedded/meta-oe/recipes-security/audit/audit_4.0.2.bb:do_deploy_archives_setscene)
NOTE: recipe tcp-wrappers-7.6-r0: task do_package_qa_setscene: Succeeded
NOTE: Running setscene task 1393 of 2241 (/home/andrew/poky/meta/recipes-kernel/kmod/kmod_31.bb:do_package_qa_setscene)
NOTE: recipe audit-4.0.2-r0: task do_deploy_archives_setscene: Started
NOTE: recipe kmod-31-r0: task do_package_qa_setscene: Started
NOTE: recipe audit-4.0.2-r0: task do_deploy_archives_setscene: Succeeded
NOTE: recipe kmod-31-r0: task do_package_qa_setscene: Succeeded
NOTE: Running setscene task 1394 of 2241 (/home/andrew/poky/meta/recipes-support/attr/acl_2.3.2.bb:do_populate_lic_setscene)
NOTE: Running setscene task 1395 of 2241 (/home/andrew/poky/meta/recipes-extended/lzip/lzlib_1.14.bb:do_deploy_archives_setscene)
NOTE: recipe lzlib-1.14-r0: task do_deploy_archives_setscene: Started
NOTE: recipe acl-2.3.2-r0: task do_populate_lic_setscene: Started
NOTE: recipe lzlib-1.14-r0: task do_deploy_archives_setscene: Succeeded
NOTE: Running setscene task 1396 of 2241 (/home/andrew/poky/meta/recipes-core/systemd/systemd-compat-units.bb:do_package_write_ipk_setscene)
NOTE: recipe acl-2.3.2-r0: task do_populate_lic_setscene: Succeeded
NOTE: Running setscene task 1397 of 2241 (/home/andrew/meta-selinux/recipes-security/setools/setools_4.5.1.bb:do_package_write_ipk_setscene)
NOTE: recipe systemd-compat-units-1.0-r0: task do_package_write_ipk_setscene: Started
NOTE: recipe setools-4.5.1-r0: task do_package_write_ipk_setscene: Started
NOTE: recipe systemd-compat-units-1.0-r0: task do_package_write_ipk_setscene: Succeeded
NOTE: Running setscene task 1398 of 2241 (/home/andrew/poky/meta/recipes-connectivity/openssh/openssh_9.6p1.bb:do_package_qa_setscene)
NOTE: recipe setools-4.5.1-r0: task do_package_write_ipk_setscene: Succeeded
NOTE: Running setscene task 1400 of 2241 (/home/andrew/poky/meta/recipes-extended/shadow/shadow-sysroot_4.6.bb:do_populate_lic_setscene)
NOTE: recipe openssh-9.6p1-r0: task do_package_qa_setscene: Started
NOTE: recipe shadow-sysroot-4.6-r0: task do_populate_lic_setscene: Started
NOTE: recipe openssh-9.6p1-r0: task do_package_qa_setscene: Succeeded
NOTE: Running setscene task 1402 of 2241 (/home/andrew/poky/meta/recipes-support/libgpg-error/libgpg-error_1.48.bb:do_populate_lic_setscene)
NOTE: recipe shadow-sysroot-4.6-r0: task do_populate_lic_setscene: Succeeded
NOTE: Running setscene task 1404 of 2241 (/home/andrew/poky/meta/recipes-support/nghttp2/nghttp2_1.61.0.bb:do_deploy_archives_setscene)
NOTE: recipe libgpg-error-1.48-r0: task do_populate_lic_setscene: Started
NOTE: recipe nghttp2-1.61.0-r0: task do_deploy_archives_setscene: Started
NOTE: recipe libgpg-error-1.48-r0: task do_populate_lic_setscene: Succeeded
NOTE: Running setscene task 1405 of 2241 (/home/andrew/poky/meta/recipes-support/bash-completion/bash-completion_2.12.0.bb:do_package_qa_setscene)
NOTE: recipe nghttp2-1.61.0-r0: task do_deploy_archives_setscene: Succeeded
NOTE: Running setscene task 1406 of 2241 (/home/andrew/poky/meta/recipes-extended/procps/procps_4.0.4.bb:do_populate_lic_setscene)
NOTE: recipe bash-completion-2.12.0-r0: task do_package_qa_setscene: Started
NOTE: recipe procps-4.0.4-r0: task do_populate_lic_setscene: Started
NOTE: recipe bash-completion-2.12.0-r0: task do_package_qa_setscene: Succeeded
NOTE: Running setscene task 1408 of 2241 (/home/andrew/poky/meta/recipes-extended/findutils/findutils_4.9.0.bb:do_package_write_ipk_setscene)
NOTE: recipe procps-4.0.4-r0: task do_populate_lic_setscene: Succeeded
NOTE: Running setscene task 1409 of 2241 (/home/andrew/poky/meta/recipes-extended/findutils/findutils_4.9.0.bb:do_package_qa_setscene)
NOTE: recipe findutils-4.9.0-r0: task do_package_write_ipk_setscene: Started
NOTE: recipe findutils-4.9.0-r0: task do_package_qa_setscene: Started
NOTE: recipe findutils-4.9.0-r0: task do_package_write_ipk_setscene: Succeeded
NOTE: Running setscene task 1410 of 2241 (/home/andrew/poky/meta/recipes-core/busybox/busybox_1.36.1.bb:do_deploy_archives_setscene)
NOTE: recipe findutils-4.9.0-r0: task do_package_qa_setscene: Succeeded
NOTE: Running setscene task 1411 of 2241 (/home/andrew/poky/meta/recipes-support/libcap-ng/libcap-ng_0.8.5.bb:do_deploy_archives_setscene)
NOTE: recipe libcap-ng-0.8.5-r0: task do_deploy_archives_setscene: Started
NOTE: recipe busybox-1.36.1-r0: task do_deploy_archives_setscene: Started
NOTE: recipe libcap-ng-0.8.5-r0: task do_deploy_archives_setscene: Succeeded
NOTE: Running setscene task 1412 of 2241 (/home/andrew/poky/meta/recipes-support/attr/acl_2.3.2.bb:do_package_write_ipk_setscene)
NOTE: recipe busybox-1.36.1-r0: task do_deploy_archives_setscene: Succeeded
NOTE: Running setscene task 1413 of 2241 (/home/andrew/poky/meta/recipes-support/libnl/libnl_3.9.0.bb:do_package_write_ipk_setscene)
NOTE: recipe acl-2.3.2-r0: task do_package_write_ipk_setscene: Started
NOTE: recipe libnl-1_3.9.0-r0: task do_package_write_ipk_setscene: Started
NOTE: recipe acl-2.3.2-r0: task do_package_write_ipk_setscene: Succeeded
NOTE: Running setscene task 1414 of 2241 (/home/andrew/poky/meta/recipes-core/dbus/dbus_1.14.10.bb:do_populate_lic_setscene)
NOTE: recipe libnl-1_3.9.0-r0: task do_package_write_ipk_setscene: Succeeded
NOTE: Running setscene task 1415 of 2241 (/home/andrew/meta-rauc/recipes-core/rauc/rauc-conf.bb:do_populate_lic_setscene)
WARNING: Recipe inherits features_check but doesn't use it
NOTE: recipe dbus-1.14.10-r0: task do_populate_lic_setscene: Started
NOTE: recipe rauc-conf-1.0-r0: task do_populate_lic_setscene: Started
NOTE: recipe dbus-1.14.10-r0: task do_populate_lic_setscene: Succeeded
NOTE: Running setscene task 1417 of 2241 (/home/andrew/poky/meta/recipes-extended/xz/xz_5.4.7.bb:do_populate_lic_setscene)
NOTE: recipe rauc-conf-1.0-r0: task do_populate_lic_setscene: Succeeded
NOTE: Running setscene task 1418 of 2241 (/home/andrew/meta-selinux/recipes-security/selinux/policycoreutils_3.7.bb:do_package_qa_setscene)
NOTE: recipe xz-5.4.7-r0: task do_populate_lic_setscene: Started
NOTE: recipe policycoreutils-3.7-r0: task do_package_qa_setscene: Started
NOTE: recipe xz-5.4.7-r0: task do_populate_lic_setscene: Succeeded
NOTE: Running setscene task 1419 of 2241 (/home/andrew/meta-selinux/recipes-security/refpolicy/refpolicy-targeted_git.bb:do_package_qa_setscene)
NOTE: recipe policycoreutils-3.7-r0: task do_package_qa_setscene: Succeeded
NOTE: Running setscene task 1420 of 2241 (/home/andrew/tactiq-os/recipes-core/tactiq-config/tactiq-config_2.0.0.bb:do_populate_lic_setscene)
NOTE: recipe refpolicy-targeted-2.20240226+git-r0: task do_package_qa_setscene: Started
NOTE: recipe tactiq-config-2.0.0-r0: task do_populate_lic_setscene: Started
NOTE: recipe refpolicy-targeted-2.20240226+git-r0: task do_package_qa_setscene: Succeeded
NOTE: Running setscene task 1421 of 2241 (/home/andrew/poky/meta/recipes-support/nettle/nettle_3.9.1.bb:do_deploy_archives_setscene)
NOTE: recipe tactiq-config-2.0.0-r0: task do_populate_lic_setscene: Succeeded
NOTE: Running setscene task 1422 of 2241 (/home/andrew/meta-selinux/recipes-security/selinux/libsemanage_3.7.bb:do_populate_lic_setscene)
NOTE: recipe nettle-3.9.1-r0: task do_deploy_archives_setscene: Started
NOTE: recipe libsemanage-3.7-r0: task do_populate_lic_setscene: Started
NOTE: recipe libsemanage-3.7-r0: task do_populate_lic_setscene: Succeeded
NOTE: Running setscene task 1423 of 2241 (/home/andrew/poky/meta/recipes-support/libnl/libnl_3.9.0.bb:do_deploy_archives_setscene)
NOTE: recipe nettle-3.9.1-r0: task do_deploy_archives_setscene: Succeeded
NOTE: Running setscene task 1424 of 2241 (/home/andrew/poky/meta/recipes-bsp/u-boot/libubootenv_0.3.5.bb:do_populate_lic_setscene)
NOTE: recipe libnl-1_3.9.0-r0: task do_deploy_archives_setscene: Started
NOTE: recipe libubootenv-0.3.5-r0: task do_populate_lic_setscene: Started
NOTE: recipe libubootenv-0.3.5-r0: task do_populate_lic_setscene: Succeeded
NOTE: Running setscene task 1425 of 2241 (/home/andrew/poky/meta/recipes-core/libxcrypt/libxcrypt_4.4.36.bb:do_package_qa_setscene)
NOTE: recipe libnl-1_3.9.0-r0: task do_deploy_archives_setscene: Succeeded
NOTE: Running setscene task 1426 of 2241 (/home/andrew/poky/meta/recipes-devtools/opkg-utils/opkg-utils_0.6.3.bb:do_populate_lic_setscene)
NOTE: recipe libxcrypt-4.4.36-r0: task do_package_qa_setscene: Started
NOTE: recipe opkg-utils-0.6.3-r0: task do_populate_lic_setscene: Started
NOTE: recipe libxcrypt-4.4.36-r0: task do_package_qa_setscene: Succeeded
NOTE: Running setscene task 1427 of 2241 (/home/andrew/poky/meta/recipes-core/util-linux/util-linux_2.39.3.bb:do_populate_lic_setscene)
NOTE: recipe opkg-utils-0.6.3-r0: task do_populate_lic_setscene: Succeeded
NOTE: Running setscene task 1428 of 2241 (/home/andrew/poky/meta/recipes-core/readline/readline_8.2.bb:do_deploy_archives_setscene)
NOTE: recipe readline-8.2-r0: task do_deploy_archives_setscene: Started
NOTE: recipe util-linux-2.39.3-r0: task do_populate_lic_setscene: Started
NOTE: recipe util-linux-2.39.3-r0: task do_populate_lic_setscene: Succeeded
NOTE: Running setscene task 1429 of 2241 (/home/andrew/poky/meta/recipes-support/libcap/libcap_2.69.bb:do_package_qa_setscene)
NOTE: recipe readline-8.2-r0: task do_deploy_archives_setscene: Succeeded
NOTE: Running setscene task 1431 of 2241 (/home/andrew/poky/meta/recipes-core/packagegroups/packagegroup-core-boot.bb:do_recipe_qa_setscene)
NOTE: recipe libcap-2.69-r0: task do_package_qa_setscene: Started
NOTE: recipe packagegroup-core-boot-1.0-r0: task do_recipe_qa_setscene: Started
NOTE: recipe libcap-2.69-r0: task do_package_qa_setscene: Succeeded
NOTE: recipe packagegroup-core-boot-1.0-r0: task do_recipe_qa_setscene: Succeeded
NOTE: Running setscene task 1432 of 2241 (/home/andrew/poky/meta/recipes-core/kbd/kbd_2.6.4.bb:do_deploy_archives_setscene)
NOTE: Running setscene task 1433 of 2241 (/home/andrew/poky/meta/recipes-extended/shadow/shadow-securetty_4.6.bb:do_populate_lic_setscene)
NOTE: recipe shadow-securetty-4.6-r0: task do_populate_lic_setscene: Started
NOTE: recipe kbd-2.6.4-r0: task do_deploy_archives_setscene: Started
NOTE: recipe shadow-securetty-4.6-r0: task do_populate_lic_setscene: Succeeded
NOTE: Running setscene task 1434 of 2241 (/home/andrew/meta-selinux/recipes-security/refpolicy/refpolicy-targeted_git.bb:do_package_write_ipk_setscene)
NOTE: recipe kbd-2.6.4-r0: task do_deploy_archives_setscene: Succeeded
NOTE: Running setscene task 1436 of 2241 (/home/andrew/poky/meta/recipes-support/nghttp2/nghttp2_1.61.0.bb:do_populate_lic_setscene)
NOTE: recipe refpolicy-targeted-2.20240226+git-r0: task do_package_write_ipk_setscene: Started
NOTE: recipe nghttp2-1.61.0-r0: task do_populate_lic_setscene: Started
NOTE: recipe nghttp2-1.61.0-r0: task do_populate_lic_setscene: Succeeded
NOTE: Running setscene task 1437 of 2241 (/home/andrew/poky/meta/recipes-extended/gawk/gawk_5.3.0.bb:do_package_qa_setscene)
NOTE: recipe refpolicy-targeted-2.20240226+git-r0: task do_package_write_ipk_setscene: Succeeded
NOTE: Running setscene task 1438 of 2241 (/home/andrew/meta-openembedded/meta-oe/recipes-devtools/jq/jq_1.7.1.bb:do_package_qa_setscene)
NOTE: recipe gawk-5.3.0-r0: task do_package_qa_setscene: Started
NOTE: recipe gawk-5.3.0-r0: task do_package_qa_setscene: Succeeded
NOTE: Running setscene task 1439 of 2241 (/home/andrew/poky/meta/recipes-support/gdbm/gdbm_1.23.bb:do_deploy_archives_setscene)
NOTE: recipe jq-1.7.1-r0: task do_package_qa_setscene: Started
NOTE: recipe jq-1.7.1-r0: task do_package_qa_setscene: Succeeded
NOTE: Running setscene task 1440 of 2241 (/home/andrew/meta-selinux/recipes-security/selinux/policycoreutils_3.7.bb:do_package_write_ipk_setscene)
NOTE: recipe gdbm-1.23-r0: task do_deploy_archives_setscene: Started
NOTE: recipe gdbm-1.23-r0: task do_deploy_archives_setscene: Succeeded
NOTE: Running setscene task 1441 of 2241 (/home/andrew/poky/meta/recipes-core/busybox/busybox_1.36.1.bb:do_package_write_ipk_setscene)
NOTE: recipe policycoreutils-3.7-r0: task do_package_write_ipk_setscene: Started
NOTE: recipe busybox-1.36.1-r0: task do_package_write_ipk_setscene: Started
NOTE: recipe policycoreutils-3.7-r0: task do_package_write_ipk_setscene: Succeeded
NOTE: Running setscene task 1442 of 2241 (/home/andrew/meta-rauc/recipes-core/rauc/rauc_1.15.2.bb:do_package_write_ipk_setscene)
NOTE: recipe busybox-1.36.1-r0: task do_package_write_ipk_setscene: Succeeded
NOTE: Running setscene task 1444 of 2241 (/home/andrew/meta-openembedded/meta-python/recipes-devtools/python/python3-networkx_3.1.bb:do_package_qa_setscene)
NOTE: recipe rauc-1.15.2-r0: task do_package_write_ipk_setscene: Started
NOTE: recipe rauc-1.15.2-r0: task do_package_write_ipk_setscene: Succeeded
NOTE: recipe python3-networkx-3.1-r0: task do_package_qa_setscene: Started
NOTE: Running setscene task 1445 of 2241 (/home/andrew/poky/meta/recipes-core/util-linux/util-linux_2.39.3.bb:do_package_write_ipk_setscene)
NOTE: recipe python3-networkx-3.1-r0: task do_package_qa_setscene: Succeeded
NOTE: Running setscene task 1446 of 2241 (/home/andrew/poky/meta/recipes-support/attr/attr_2.5.1.bb:do_package_qa_setscene)
NOTE: recipe util-linux-2.39.3-r0: task do_package_write_ipk_setscene: Started
NOTE: recipe attr-2.5.1-r0: task do_package_qa_setscene: Started
NOTE: recipe attr-2.5.1-r0: task do_package_qa_setscene: Succeeded
NOTE: Running setscene task 1447 of 2241 (/home/andrew/poky/meta/recipes-devtools/python/python3_3.12.12.bb:do_populate_lic_setscene)
NOTE: recipe util-linux-2.39.3-r0: task do_package_write_ipk_setscene: Succeeded
NOTE: Running setscene task 1449 of 2241 (/home/andrew/poky/meta/recipes-extended/gawk/gawk_5.3.0.bb:do_populate_lic_setscene)
NOTE: recipe python3-3.12.12-r0: task do_populate_lic_setscene: Started
NOTE: recipe gawk-5.3.0-r0: task do_populate_lic_setscene: Started
NOTE: recipe python3-3.12.12-r0: task do_populate_lic_setscene: Succeeded
NOTE: recipe gawk-5.3.0-r0: task do_populate_lic_setscene: Succeeded
NOTE: Running setscene task 1450 of 2241 (/home/andrew/poky/meta/recipes-extended/libmnl/libmnl_1.0.5.bb:do_populate_lic_setscene)
NOTE: Running setscene task 1451 of 2241 (/home/andrew/meta-selinux/recipes-security/selinux/policycoreutils_3.7.bb:do_deploy_archives_setscene)
NOTE: recipe libmnl-1.0.5-r0: task do_populate_lic_setscene: Started
NOTE: recipe policycoreutils-3.7-r0: task do_deploy_archives_setscene: Started
NOTE: recipe libmnl-1.0.5-r0: task do_populate_lic_setscene: Succeeded
NOTE: Running setscene task 1454 of 2241 (/home/andrew/tactiq-os/recipes-core/images/tactiq-image.bb:do_deploy_archives_setscene)
NOTE: recipe policycoreutils-3.7-r0: task do_deploy_archives_setscene: Succeeded
NOTE: Running setscene task 1455 of 2241 (/home/andrew/poky/meta/recipes-support/sqlite/sqlite3_3.45.3.bb:do_package_qa_setscene)
NOTE: recipe sqlite3-3_3.45.3-r0: task do_package_qa_setscene: Started
NOTE: recipe tactiq-image-1.0-r0: task do_deploy_archives_setscene: Started
NOTE: recipe sqlite3-3_3.45.3-r0: task do_package_qa_setscene: Succeeded
NOTE: Running setscene task 1456 of 2241 (/home/andrew/poky/meta/recipes-extended/xz/xz_5.4.7.bb:do_package_write_ipk_setscene)
NOTE: recipe tactiq-image-1.0-r0: task do_deploy_archives_setscene: Succeeded
NOTE: Running setscene task 1457 of 2241 (/home/andrew/poky/meta/recipes-extended/iptables/iptables_1.8.10.bb:do_populate_lic_setscene)
NOTE: recipe xz-5.4.7-r0: task do_package_write_ipk_setscene: Started
NOTE: recipe iptables-1.8.10-r0: task do_populate_lic_setscene: Started
NOTE: recipe xz-5.4.7-r0: task do_package_write_ipk_setscene: Succeeded
NOTE: Running setscene task 1459 of 2241 (/home/andrew/meta-selinux/recipes-security/selinux/selinux-python_3.7.bb:do_package_write_ipk_setscene)
NOTE: recipe iptables-1.8.10-r0: task do_populate_lic_setscene: Succeeded
NOTE: Running setscene task 1460 of 2241 (/home/andrew/tactiq-os/recipes-core/images/tactiq-image.bb:do_create_spdx_setscene)
NOTE: recipe selinux-python-3.7-r0: task do_package_write_ipk_setscene: Started
NOTE: recipe selinux-python-3.7-r0: task do_package_write_ipk_setscene: Succeeded
NOTE: Running setscene task 1461 of 2241 (/home/andrew/poky/meta/recipes-extended/zstd/zstd_1.5.5.bb:do_package_qa_setscene)
NOTE: recipe tactiq-image-1.0-r0: task do_create_spdx_setscene: Started
NOTE: recipe zstd-1.5.5-r0: task do_package_qa_setscene: Started
NOTE: recipe tactiq-image-1.0-r0: task do_create_spdx_setscene: Succeeded
NOTE: Running setscene task 1462 of 2241 (/home/andrew/poky/meta/recipes-core/kbd/kbd_2.6.4.bb:do_populate_lic_setscene)
NOTE: recipe zstd-1.5.5-r0: task do_package_qa_setscene: Succeeded
NOTE: Running setscene task 1463 of 2241 (/home/andrew/poky/meta/recipes-core/systemd/systemd-conf_1.0.bb:do_deploy_archives_setscene)
NOTE: recipe kbd-2.6.4-r0: task do_populate_lic_setscene: Started
NOTE: recipe systemd-conf-1_1.0-r0: task do_deploy_archives_setscene: Started
NOTE: recipe kbd-2.6.4-r0: task do_populate_lic_setscene: Succeeded
NOTE: Running setscene task 1464 of 2241 (/home/andrew/tactiq-os/recipes-core/tactiq-release/tactiq-release_2.0.0.bb:do_deploy_archives_setscene)
NOTE: recipe systemd-conf-1_1.0-r0: task do_deploy_archives_setscene: Succeeded
NOTE: Running setscene task 1465 of 2241 (/home/andrew/poky/meta/recipes-core/zlib/zlib_1.3.1.bb:do_deploy_archives_setscene)
NOTE: recipe tactiq-release-2.0.0-r0: task do_deploy_archives_setscene: Started
NOTE: recipe tactiq-release-2.0.0-r0: task do_deploy_archives_setscene: Succeeded
NOTE: Running setscene task 1467 of 2241 (/home/andrew/poky/meta/recipes-connectivity/openssh/openssh_9.6p1.bb:do_package_write_ipk_setscene)
NOTE: recipe zlib-1.3.1-r0: task do_deploy_archives_setscene: Started
NOTE: recipe zlib-1.3.1-r0: task do_deploy_archives_setscene: Succeeded
NOTE: Running setscene task 1469 of 2241 (/home/andrew/poky/meta/recipes-devtools/e2fsprogs/e2fsprogs_1.47.0.bb:do_package_qa_setscene)
NOTE: recipe openssh-9.6p1-r0: task do_package_write_ipk_setscene: Started
NOTE: recipe e2fsprogs-1.47.0-r0: task do_package_qa_setscene: Started
NOTE: recipe e2fsprogs-1.47.0-r0: task do_package_qa_setscene: Succeeded
NOTE: Running setscene task 1470 of 2241 (/home/andrew/poky/meta/recipes-support/libgpg-error/libgpg-error_1.48.bb:do_package_write_ipk_setscene)
NOTE: recipe openssh-9.6p1-r0: task do_package_write_ipk_setscene: Succeeded
NOTE: Running setscene task 1471 of 2241 (/home/andrew/poky/meta/recipes-devtools/libedit/libedit_20230828-3.1.bb:do_deploy_archives_setscene)
NOTE: recipe libgpg-error-1.48-r0: task do_package_write_ipk_setscene: Started
NOTE: recipe libedit-20230828-3.1-r1: task do_deploy_archives_setscene: Started
NOTE: recipe libedit-20230828-3.1-r1: task do_deploy_archives_setscene: Succeeded
NOTE: Running setscene task 1472 of 2241 (/home/andrew/poky/meta/recipes-support/libunistring/libunistring_1.2.bb:do_package_write_ipk_setscene)
NOTE: recipe libgpg-error-1.48-r0: task do_package_write_ipk_setscene: Succeeded
NOTE: Running setscene task 1473 of 2241 (/home/andrew/poky/meta/recipes-devtools/file/file_5.45.bb:do_package_qa_setscene)
NOTE: recipe libunistring-1.2-r0: task do_package_write_ipk_setscene: Started
NOTE: recipe file-5.45-r0: task do_package_qa_setscene: Started
NOTE: recipe file-5.45-r0: task do_package_qa_setscene: Succeeded
NOTE: Running setscene task 1474 of 2241 (/home/andrew/meta-openembedded/meta-oe/recipes-security/audit/audit_4.0.2.bb:do_populate_lic_setscene)
NOTE: recipe libunistring-1.2-r0: task do_package_write_ipk_setscene: Succeeded
NOTE: Running setscene task 1476 of 2241 (/home/andrew/poky/meta/recipes-core/libxml/libxml2_2.12.10.bb:do_package_write_ipk_setscene)
NOTE: recipe audit-4.0.2-r0: task do_populate_lic_setscene: Started
NOTE: recipe libxml2-2.12.10-r0: task do_package_write_ipk_setscene: Started
NOTE: recipe audit-4.0.2-r0: task do_populate_lic_setscene: Succeeded
NOTE: Running setscene task 1477 of 2241 (/home/andrew/poky/meta/recipes-support/libgpg-error/libgpg-error_1.48.bb:do_package_qa_setscene)
NOTE: recipe libxml2-2.12.10-r0: task do_package_write_ipk_setscene: Succeeded
NOTE: Running setscene task 1478 of 2241 (/home/andrew/poky/meta/recipes-core/libxcrypt/libxcrypt_4.4.36.bb:do_deploy_archives_setscene)
NOTE: recipe libgpg-error-1.48-r0: task do_package_qa_setscene: Started
NOTE: recipe libgpg-error-1.48-r0: task do_package_qa_setscene: Succeeded
NOTE: Running setscene task 1480 of 2241 (/home/andrew/poky/meta/recipes-support/curl/curl_8.7.1.bb:do_package_write_ipk_setscene)
NOTE: recipe libxcrypt-4.4.36-r0: task do_deploy_archives_setscene: Started
NOTE: recipe libxcrypt-4.4.36-r0: task do_deploy_archives_setscene: Succeeded
NOTE: Running setscene task 1481 of 2241 (/home/andrew/poky/meta/recipes-core/expat/expat_2.6.4.bb:do_populate_lic_setscene)
NOTE: recipe curl-8.7.1-r0: task do_package_write_ipk_setscene: Started
NOTE: recipe expat-2.6.4-r0: task do_populate_lic_setscene: Started
NOTE: recipe curl-8.7.1-r0: task do_package_write_ipk_setscene: Succeeded
NOTE: Running setscene task 1482 of 2241 (/home/andrew/poky/meta/recipes-core/glib-2.0/glib-2.0_2.78.6.bb:do_populate_lic_setscene)
NOTE: recipe expat-2.6.4-r0: task do_populate_lic_setscene: Succeeded
NOTE: Running setscene task 1483 of 2241 (/home/andrew/poky/meta/recipes-connectivity/openssh/openssh_9.6p1.bb:do_populate_sysroot_setscene)
NOTE: recipe glib-2.0-1_2.78.6-r0: task do_populate_lic_setscene: Started
NOTE: recipe openssh-9.6p1-r0: task do_populate_sysroot_setscene: Started
NOTE: recipe glib-2.0-1_2.78.6-r0: task do_populate_lic_setscene: Succeeded
NOTE: Running setscene task 1484 of 2241 (/home/andrew/poky/meta/recipes-devtools/gcc/libgcc_13.4.bb:do_deploy_archives_setscene)
NOTE: recipe openssh-9.6p1-r0: task do_populate_sysroot_setscene: Succeeded
NOTE: Running setscene task 1485 of 2241 (/home/andrew/meta-rauc/recipes-core/rauc/rauc_1.15.2.bb:do_populate_lic_setscene)
NOTE: recipe libgcc-13.4.0-r0: task do_deploy_archives_setscene: Started
NOTE: recipe libgcc-13.4.0-r0: task do_deploy_archives_setscene: Succeeded
NOTE: Running setscene task 1487 of 2241 (/home/andrew/poky/meta/recipes-kernel/kmod/kmod_31.bb:do_populate_lic_setscene)
NOTE: recipe rauc-1.15.2-r0: task do_populate_lic_setscene: Started
NOTE: recipe rauc-1.15.2-r0: task do_populate_lic_setscene: Succeeded
NOTE: recipe kmod-31-r0: task do_populate_lic_setscene: Started
NOTE: Running setscene task 1488 of 2241 (/home/andrew/poky/meta/recipes-support/sqlite/sqlite3_3.45.3.bb:do_populate_lic_setscene)
NOTE: recipe kmod-31-r0: task do_populate_lic_setscene: Succeeded
NOTE: Running setscene task 1490 of 2241 (/home/andrew/poky/meta/recipes-core/base-passwd/base-passwd_3.6.3.bb:do_populate_lic_setscene)
NOTE: recipe sqlite3-3_3.45.3-r0: task do_populate_lic_setscene: Started
NOTE: recipe sqlite3-3_3.45.3-r0: task do_populate_lic_setscene: Succeeded
NOTE: Running setscene task 1491 of 2241 (/home/andrew/poky/meta/recipes-support/bash-completion/bash-completion_2.12.0.bb:do_package_write_ipk_setscene)
NOTE: recipe base-passwd-3.6.3-r0: task do_populate_lic_setscene: Started
NOTE: recipe bash-completion-2.12.0-r0: task do_package_write_ipk_setscene: Started
NOTE: recipe base-passwd-3.6.3-r0: task do_populate_lic_setscene: Succeeded
NOTE: Running setscene task 1494 of 2241 (/home/andrew/poky/meta/recipes-support/libmicrohttpd/libmicrohttpd_1.0.1.bb:do_package_qa_setscene)
NOTE: recipe bash-completion-2.12.0-r0: task do_package_write_ipk_setscene: Succeeded
NOTE: Running setscene task 1495 of 2241 (/home/andrew/poky/meta/recipes-extended/grep/grep_3.11.bb:do_deploy_archives_setscene)
NOTE: recipe libmicrohttpd-1.0.1-r0: task do_package_qa_setscene: Started
NOTE: recipe grep-3.11-r0: task do_deploy_archives_setscene: Started
NOTE: recipe libmicrohttpd-1.0.1-r0: task do_package_qa_setscene: Succeeded
NOTE: Running setscene task 1496 of 2241 (/home/andrew/meta-selinux/recipes-security/selinux/libselinux-python_3.7.bb:do_populate_lic_setscene)
NOTE: recipe grep-3.11-r0: task do_deploy_archives_setscene: Succeeded
NOTE: Running setscene task 1497 of 2241 (/home/andrew/poky/meta/recipes-gnome/json-glib/json-glib_1.8.0.bb:do_deploy_archives_setscene)
NOTE: recipe libselinux-python-3.7-r0: task do_populate_lic_setscene: Started
NOTE: recipe libselinux-python-3.7-r0: task do_populate_lic_setscene: Succeeded
NOTE: Running setscene task 1498 of 2241 (/home/andrew/poky/meta/recipes-kernel/kmod/depmodwrapper-cross_1.0.bb:do_deploy_archives_setscene)
NOTE: recipe json-glib-1.8.0-r0: task do_deploy_archives_setscene: Started
NOTE: recipe depmodwrapper-cross-1.0-r0: task do_deploy_archives_setscene: Started
NOTE: recipe json-glib-1.8.0-r0: task do_deploy_archives_setscene: Succeeded
NOTE: Running setscene task 1499 of 2241 (/home/andrew/poky/meta/recipes-devtools/libtool/libtool-cross_2.4.7.bb:do_deploy_archives_setscene)
NOTE: recipe depmodwrapper-cross-1.0-r0: task do_deploy_archives_setscene: Succeeded
NOTE: Running setscene task 1500 of 2241 (/home/andrew/poky/meta/recipes-connectivity/openssl/openssl_3.5.5.bb:do_deploy_archives_setscene)
NOTE: recipe libtool-cross-2.4.7-r0: task do_deploy_archives_setscene: Started
NOTE: recipe openssl-3.5.5-r0: task do_deploy_archives_setscene: Started
NOTE: recipe libtool-cross-2.4.7-r0: task do_deploy_archives_setscene: Succeeded
NOTE: Running setscene task 1501 of 2241 (/home/andrew/poky/meta/recipes-extended/zstd/zstd_1.5.5.bb:do_deploy_archives_setscene)
NOTE: recipe openssl-3.5.5-r0: task do_deploy_archives_setscene: Succeeded
NOTE: Running setscene task 1502 of 2241 (/home/andrew/poky/meta/recipes-devtools/gcc/libgcc_13.4.bb:do_populate_lic_setscene)
NOTE: recipe zstd-1.5.5-r0: task do_deploy_archives_setscene: Started
NOTE: recipe zstd-1.5.5-r0: task do_deploy_archives_setscene: Succeeded
NOTE: recipe libgcc-13.4.0-r0: task do_populate_lic_setscene: Started
NOTE: Running setscene task 1503 of 2241 (/home/andrew/poky/meta/recipes-extended/zstd/zstd_1.5.5.bb:do_populate_lic_setscene)
NOTE: recipe libgcc-13.4.0-r0: task do_populate_lic_setscene: Succeeded
NOTE: Running setscene task 1504 of 2241 (/home/andrew/meta-selinux/recipes-security/selinux/libsepol_3.7.bb:do_populate_lic_setscene)
NOTE: recipe zstd-1.5.5-r0: task do_populate_lic_setscene: Started
NOTE: recipe zstd-1.5.5-r0: task do_populate_lic_setscene: Succeeded
NOTE: Running setscene task 1505 of 2241 (/home/andrew/poky/meta/recipes-support/libmicrohttpd/libmicrohttpd_1.0.1.bb:do_deploy_archives_setscene)
NOTE: recipe libsepol-3.7-r0: task do_populate_lic_setscene: Started
NOTE: recipe libsepol-3.7-r0: task do_populate_lic_setscene: Succeeded
NOTE: Running setscene task 1507 of 2241 (/home/andrew/poky/meta/recipes-core/glibc/glibc_2.39.bb:do_package_write_ipk_setscene)
NOTE: recipe libmicrohttpd-1.0.1-r0: task do_deploy_archives_setscene: Started
NOTE: recipe libmicrohttpd-1.0.1-r0: task do_deploy_archives_setscene: Succeeded
NOTE: Running setscene task 1508 of 2241 (/home/andrew/meta-openembedded/meta-oe/recipes-devtools/jq/jq_1.7.1.bb:do_populate_lic_setscene)
NOTE: recipe glibc-2.39+git-r0: task do_package_write_ipk_setscene: Started
NOTE: recipe jq-1.7.1-r0: task do_populate_lic_setscene: Started
NOTE: recipe jq-1.7.1-r0: task do_populate_lic_setscene: Succeeded
NOTE: Running setscene task 1509 of 2241 (/home/andrew/poky/meta/recipes-core/glibc/glibc-locale_2.39.bb:do_recipe_qa_setscene)
NOTE: recipe glibc-2.39+git-r0: task do_package_write_ipk_setscene: Succeeded
NOTE: Running setscene task 1510 of 2241 (/home/andrew/poky/meta/recipes-support/libyaml/libyaml_0.2.5.bb:do_deploy_archives_setscene)
NOTE: recipe glibc-locale-2.39+git-r0: task do_recipe_qa_setscene: Started
NOTE: recipe libyaml-0.2.5-r0: task do_deploy_archives_setscene: Started
NOTE: recipe glibc-locale-2.39+git-r0: task do_recipe_qa_setscene: Succeeded
NOTE: Running setscene task 1511 of 2241 (/home/andrew/poky/meta/recipes-core/coreutils/coreutils_9.4.bb:do_populate_lic_setscene)
NOTE: recipe libyaml-0.2.5-r0: task do_deploy_archives_setscene: Succeeded
NOTE: Running setscene task 1513 of 2241 (/home/andrew/meta-rauc/recipes-core/rauc/rauc-conf.bb:do_create_runtime_spdx_setscene)
WARNING: Recipe inherits features_check but doesn't use it
NOTE: recipe coreutils-9.4-r0: task do_populate_lic_setscene: Started
NOTE: recipe rauc-conf-1.0-r0: task do_create_runtime_spdx_setscene: Started
NOTE: recipe coreutils-9.4-r0: task do_populate_lic_setscene: Succeeded
NOTE: Running setscene task 1514 of 2241 (/home/andrew/poky/meta/recipes-core/ncurses/ncurses_6.4.bb:do_package_write_ipk_setscene)
NOTE: recipe rauc-conf-1.0-r0: task do_create_runtime_spdx_setscene: Succeeded
NOTE: Running setscene task 1515 of 2241 (/home/andrew/poky/meta/recipes-devtools/qemu/qemuwrapper-cross_1.0.bb:do_package_write_ipk_setscene)
NOTE: recipe qemuwrapper-cross-1.0-r0: task do_package_write_ipk_setscene: Started
NOTE: recipe ncurses-6.4-r0: task do_package_write_ipk_setscene: Started
NOTE: recipe qemuwrapper-cross-1.0-r0: task do_package_write_ipk_setscene: Succeeded
NOTE: Running setscene task 1516 of 2241 (/home/andrew/poky/meta/recipes-devtools/e2fsprogs/e2fsprogs_1.47.0.bb:do_populate_lic_setscene)
NOTE: recipe ncurses-6.4-r0: task do_package_write_ipk_setscene: Succeeded
NOTE: Running setscene task 1517 of 2241 (/home/andrew/poky/meta/recipes-support/gmp/gmp_6.3.0.bb:do_package_qa_setscene)
NOTE: recipe e2fsprogs-1.47.0-r0: task do_populate_lic_setscene: Started
NOTE: recipe gmp-6.3.0-r0: task do_package_qa_setscene: Started
NOTE: recipe e2fsprogs-1.47.0-r0: task do_populate_lic_setscene: Succeeded
NOTE: Running setscene task 1518 of 2241 (/home/andrew/poky/meta/recipes-core/base-files/base-files_3.0.14.bb:do_package_write_ipk_setscene)
WARNING: Recipe inherits features_check but doesn't use it
NOTE: recipe gmp-6.3.0-r0: task do_package_qa_setscene: Succeeded
NOTE: Running setscene task 1519 of 2241 (/home/andrew/poky/meta/recipes-core/glibc/glibc_2.39.bb:do_populate_lic_setscene)
NOTE: recipe base-files-3.0.14-r0: task do_package_write_ipk_setscene: Started
NOTE: recipe base-files-3.0.14-r0: task do_package_write_ipk_setscene: Succeeded
NOTE: Running setscene task 1522 of 2241 (/home/andrew/meta-rauc/recipes-core/rauc/rauc_1.15.2.bb:do_deploy_archives_setscene)
NOTE: recipe glibc-2.39+git-r0: task do_populate_lic_setscene: Started
NOTE: recipe glibc-2.39+git-r0: task do_populate_lic_setscene: Succeeded
NOTE: Running setscene task 1524 of 2241 (/home/andrew/poky/meta/recipes-extended/xz/xz_5.4.7.bb:do_deploy_archives_setscene)
NOTE: recipe rauc-1.15.2-r0: task do_deploy_archives_setscene: Started
NOTE: recipe rauc-1.15.2-r0: task do_deploy_archives_setscene: Succeeded
NOTE: recipe xz-5.4.7-r0: task do_deploy_archives_setscene: Started
NOTE: Running setscene task 1528 of 2241 (/home/andrew/poky/meta/recipes-core/dbus/dbus_1.14.10.bb:do_deploy_archives_setscene)
NOTE: recipe xz-5.4.7-r0: task do_deploy_archives_setscene: Succeeded
NOTE: Running setscene task 1529 of 2241 (/home/andrew/poky/meta/recipes-core/packagegroups/packagegroup-base.bb:do_package_qa_setscene)
NOTE: recipe dbus-1.14.10-r0: task do_deploy_archives_setscene: Started
NOTE: recipe dbus-1.14.10-r0: task do_deploy_archives_setscene: Succeeded
NOTE: Running setscene task 1530 of 2241 (/home/andrew/poky/meta/recipes-support/shared-mime-info/shared-mime-info_2.4.bb:do_deploy_archives_setscene)
NOTE: recipe packagegroup-base-1.0-r0: task do_package_qa_setscene: Started
NOTE: recipe packagegroup-base-1.0-r0: task do_package_qa_setscene: Succeeded
NOTE: Running setscene task 1532 of 2241 (/home/andrew/poky/meta/recipes-core/ncurses/ncurses_6.4.bb:do_package_qa_setscene)
NOTE: recipe shared-mime-info-2.4-r0: task do_deploy_archives_setscene: Started
NOTE: recipe ncurses-6.4-r0: task do_package_qa_setscene: Started
NOTE: recipe shared-mime-info-2.4-r0: task do_deploy_archives_setscene: Succeeded
NOTE: Running setscene task 1533 of 2241 (/home/andrew/meta-openembedded/meta-python/recipes-devtools/python/python3-networkx_3.1.bb:do_package_write_ipk_setscene)
NOTE: recipe ncurses-6.4-r0: task do_package_qa_setscene: Succeeded
NOTE: Running setscene task 1534 of 2241 (/home/andrew/poky/meta/recipes-extended/shadow/shadow-sysroot_4.6.bb:do_deploy_archives_setscene)
NOTE: recipe python3-networkx-3.1-r0: task do_package_write_ipk_setscene: Started
NOTE: recipe shadow-sysroot-4.6-r0: task do_deploy_archives_setscene: Started
NOTE: recipe shadow-sysroot-4.6-r0: task do_deploy_archives_setscene: Succeeded
NOTE: Running setscene task 1535 of 2241 (/home/andrew/poky/meta/recipes-core/packagegroups/packagegroup-base.bb:do_populate_lic_setscene)
NOTE: recipe python3-networkx-3.1-r0: task do_package_write_ipk_setscene: Succeeded
NOTE: Running setscene task 1536 of 2241 (/home/andrew/poky/meta/recipes-devtools/squashfs-tools/squashfs-tools_git.bb:do_package_qa_setscene)
NOTE: recipe packagegroup-base-1.0-r0: task do_populate_lic_setscene: Started
NOTE: recipe squashfs-tools-4.6.1-r0: task do_package_qa_setscene: Started
NOTE: recipe packagegroup-base-1.0-r0: task do_populate_lic_setscene: Succeeded
NOTE: recipe squashfs-tools-4.6.1-r0: task do_package_qa_setscene: Succeeded
NOTE: Running setscene task 1537 of 2241 (/home/andrew/meta-openembedded/meta-python/recipes-devtools/python/python3-ipy_1.01.bb:do_deploy_archives_setscene)
NOTE: Running setscene task 1538 of 2241 (/home/andrew/poky/meta/recipes-extended/libnsl/libnsl2_git.bb:do_deploy_archives_setscene)
NOTE: recipe libnsl2-2.0.1-r0: task do_deploy_archives_setscene: Started
NOTE: recipe python3-ipy-1.01-r0: task do_deploy_archives_setscene: Started
NOTE: recipe python3-ipy-1.01-r0: task do_deploy_archives_setscene: Succeeded
NOTE: Running setscene task 1539 of 2241 (/home/andrew/poky/meta/recipes-extended/tar/tar_1.35.bb:do_package_write_ipk_setscene)
NOTE: recipe libnsl2-2.0.1-r0: task do_deploy_archives_setscene: Succeeded
NOTE: Running setscene task 1540 of 2241 (/home/andrew/poky/meta/recipes-core/packagegroups/packagegroup-core-boot.bb:do_create_runtime_spdx_setscene)
NOTE: recipe packagegroup-core-boot-1.0-r0: task do_create_runtime_spdx_setscene: Started
NOTE: recipe tar-1.35-r0: task do_package_write_ipk_setscene: Started
NOTE: recipe packagegroup-core-boot-1.0-r0: task do_create_runtime_spdx_setscene: Succeeded
NOTE: Running setscene task 1541 of 2241 (/home/andrew/poky/meta/recipes-support/lzo/lzo_2.10.bb:do_package_write_ipk_setscene)
NOTE: recipe tar-1.35-r0: task do_package_write_ipk_setscene: Succeeded
NOTE: Running setscene task 1543 of 2241 (/home/andrew/poky/meta/recipes-devtools/opkg-utils/opkg-utils_0.6.3.bb:do_package_qa_setscene)
NOTE: recipe lzo-2.10-r0: task do_package_write_ipk_setscene: Started
NOTE: recipe opkg-utils-0.6.3-r0: task do_package_qa_setscene: Started
NOTE: recipe lzo-2.10-r0: task do_package_write_ipk_setscene: Succeeded
NOTE: recipe opkg-utils-0.6.3-r0: task do_package_qa_setscene: Succeeded
NOTE: Running setscene task 1545 of 2241 (/home/andrew/meta-selinux/recipes-security/selinux/libselinux_3.7.bb:do_package_write_ipk_setscene)
NOTE: Running setscene task 1546 of 2241 (/home/andrew/poky/meta/recipes-core/initscripts/init-system-helpers_1.66.bb:do_package_write_ipk_setscene)
NOTE: recipe libselinux-3.7-r0: task do_package_write_ipk_setscene: Started
NOTE: recipe init-system-helpers-1.66-r0: task do_package_write_ipk_setscene: Started
NOTE: recipe init-system-helpers-1.66-r0: task do_package_write_ipk_setscene: Succeeded
NOTE: Running setscene task 1548 of 2241 (/home/andrew/poky/meta/recipes-devtools/binutils/binutils_2.42.bb:do_package_write_ipk_setscene)
NOTE: recipe libselinux-3.7-r0: task do_package_write_ipk_setscene: Succeeded
NOTE: Running setscene task 1551 of 2241 (/home/andrew/poky/meta/recipes-extended/tar/tar_1.35.bb:do_deploy_archives_setscene)
NOTE: recipe binutils-2.42-r0: task do_package_write_ipk_setscene: Started
NOTE: recipe tar-1.35-r0: task do_deploy_archives_setscene: Started
NOTE: recipe tar-1.35-r0: task do_deploy_archives_setscene: Succeeded
NOTE: Running setscene task 1552 of 2241 (/home/andrew/poky/meta/recipes-devtools/gcc/libgcc-initial_13.4.bb:do_populate_lic_setscene)
NOTE: recipe libgcc-initial-13.4.0-r0: task do_populate_lic_setscene: Started
NOTE: recipe libgcc-initial-13.4.0-r0: task do_populate_lic_setscene: Succeeded
NOTE: Running setscene task 1553 of 2241 (/home/andrew/poky/meta/recipes-devtools/e2fsprogs/e2fsprogs_1.47.0.bb:do_package_write_ipk_setscene)
NOTE: recipe e2fsprogs-1.47.0-r0: task do_package_write_ipk_setscene: Started
NOTE: recipe e2fsprogs-1.47.0-r0: task do_package_write_ipk_setscene: Succeeded
NOTE: Running setscene task 1555 of 2241 (/home/andrew/poky/meta/recipes-gnome/json-glib/json-glib_1.8.0.bb:do_populate_lic_setscene)
NOTE: recipe json-glib-1.8.0-r0: task do_populate_lic_setscene: Started
NOTE: recipe binutils-2.42-r0: task do_package_write_ipk_setscene: Succeeded
NOTE: Running setscene task 1558 of 2241 (/home/andrew/poky/meta/recipes-extended/bzip2/bzip2_1.0.8.bb:do_deploy_archives_setscene)
NOTE: recipe json-glib-1.8.0-r0: task do_populate_lic_setscene: Succeeded
NOTE: Running setscene task 1559 of 2241 (/home/andrew/meta-selinux/recipes-security/setools/setools_4.5.1.bb:do_deploy_archives_setscene)
NOTE: recipe bzip2-1.0.8-r0: task do_deploy_archives_setscene: Started
NOTE: recipe setools-4.5.1-r0: task do_deploy_archives_setscene: Started
NOTE: recipe setools-4.5.1-r0: task do_deploy_archives_setscene: Succeeded
NOTE: Running setscene task 1561 of 2241 (/home/andrew/poky/meta/recipes-support/libyaml/libyaml_0.2.5.bb:do_populate_lic_setscene)
NOTE: recipe bzip2-1.0.8-r0: task do_deploy_archives_setscene: Succeeded
NOTE: Running setscene task 1564 of 2241 (/home/andrew/meta-openembedded/meta-oe/recipes-support/pps-tools/pps-tools_1.0.3.bb:do_populate_lic_setscene)
NOTE: recipe libyaml-0.2.5-r0: task do_populate_lic_setscene: Started
NOTE: recipe pps-tools-1.0.3-r0: task do_populate_lic_setscene: Started
NOTE: recipe pps-tools-1.0.3-r0: task do_populate_lic_setscene: Succeeded
NOTE: recipe libyaml-0.2.5-r0: task do_populate_lic_setscene: Succeeded
NOTE: Running setscene task 1566 of 2241 (/home/andrew/meta-openembedded/meta-networking/recipes-support/chrony/chrony_4.5.bb:do_package_write_ipk_setscene)
NOTE: Running setscene task 1567 of 2241 (/home/andrew/meta-openembedded/meta-oe/recipes-security/audit/audit_4.0.2.bb:do_package_qa_setscene)
NOTE: recipe chrony-4.5-r0: task do_package_write_ipk_setscene: Started
NOTE: recipe audit-4.0.2-r0: task do_package_qa_setscene: Started
NOTE: recipe audit-4.0.2-r0: task do_package_qa_setscene: Succeeded
NOTE: Running setscene task 1569 of 2241 (/home/andrew/poky/meta/recipes-support/shared-mime-info/shared-mime-info_2.4.bb:do_package_write_ipk_setscene)
NOTE: recipe chrony-4.5-r0: task do_package_write_ipk_setscene: Succeeded
NOTE: Running setscene task 1570 of 2241 (/home/andrew/poky/meta/recipes-core/glibc/glibc_2.39.bb:do_package_qa_setscene)
NOTE: recipe shared-mime-info-2.4-r0: task do_package_write_ipk_setscene: Started
NOTE: recipe glibc-2.39+git-r0: task do_package_qa_setscene: Started
NOTE: recipe shared-mime-info-2.4-r0: task do_package_write_ipk_setscene: Succeeded
NOTE: Running setscene task 1571 of 2241 (/home/andrew/poky/meta/recipes-devtools/file/file_5.45.bb:do_package_write_ipk_setscene)
NOTE: recipe glibc-2.39+git-r0: task do_package_qa_setscene: Succeeded
NOTE: Running setscene task 1572 of 2241 (/home/andrew/poky/meta/recipes-core/libxcrypt/libxcrypt_4.4.36.bb:do_populate_lic_setscene)
NOTE: recipe file-5.45-r0: task do_package_write_ipk_setscene: Started
NOTE: recipe libxcrypt-4.4.36-r0: task do_populate_lic_setscene: Started
NOTE: recipe file-5.45-r0: task do_package_write_ipk_setscene: Succeeded
NOTE: Running setscene task 1573 of 2241 (/home/andrew/poky/meta/recipes-support/libgcrypt/libgcrypt_1.10.3.bb:do_deploy_archives_setscene)
NOTE: recipe libxcrypt-4.4.36-r0: task do_populate_lic_setscene: Succeeded
NOTE: Running setscene task 1574 of 2241 (/home/andrew/poky/meta/recipes-extended/tcp-wrappers/tcp-wrappers_7.6.bb:do_populate_lic_setscene)
NOTE: recipe libgcrypt-1.10.3-r0: task do_deploy_archives_setscene: Started
NOTE: recipe tcp-wrappers-7.6-r0: task do_populate_lic_setscene: Started
NOTE: recipe tcp-wrappers-7.6-r0: task do_populate_lic_setscene: Succeeded
NOTE: Running setscene task 1575 of 2241 (/home/andrew/poky/meta/recipes-core/util-linux/util-linux-libuuid_2.39.3.bb:do_deploy_archives_setscene)
NOTE: recipe libgcrypt-1.10.3-r0: task do_deploy_archives_setscene: Succeeded
NOTE: Running setscene task 1576 of 2241 (/home/andrew/meta-selinux/recipes-security/selinux/libselinux-python_3.7.bb:do_deploy_archives_setscene)
NOTE: recipe util-linux-libuuid-2.39.3-r0: task do_deploy_archives_setscene: Started
NOTE: recipe libselinux-python-3.7-r0: task do_deploy_archives_setscene: Started
NOTE: recipe util-linux-libuuid-2.39.3-r0: task do_deploy_archives_setscene: Succeeded
NOTE: Running setscene task 1577 of 2241 (/home/andrew/poky/meta/recipes-devtools/libedit/libedit_20230828-3.1.bb:do_package_qa_setscene)
NOTE: recipe libselinux-python-3.7-r0: task do_deploy_archives_setscene: Succeeded
NOTE: Running setscene task 1578 of 2241 (/home/andrew/poky/meta/recipes-core/base-files/base-files_3.0.14.bb:do_deploy_archives_setscene)
WARNING: Recipe inherits features_check but doesn't use it
NOTE: recipe libedit-20230828-3.1-r1: task do_package_qa_setscene: Started
NOTE: recipe base-files-3.0.14-r0: task do_deploy_archives_setscene: Started
NOTE: recipe libedit-20230828-3.1-r1: task do_package_qa_setscene: Succeeded
NOTE: Running setscene task 1579 of 2241 (/home/andrew/poky/meta/recipes-kernel/linux-libc-headers/linux-libc-headers_6.6.bb:do_create_runtime_spdx_setscene)
NOTE: recipe base-files-3.0.14-r0: task do_deploy_archives_setscene: Succeeded
NOTE: Running setscene task 1580 of 2241 (/home/andrew/poky/meta/recipes-core/initscripts/init-system-helpers_1.66.bb:do_packagedata_setscene)
NOTE: recipe linux-libc-headers-6.6-r0: task do_create_runtime_spdx_setscene: Started
NOTE: recipe init-system-helpers-1.66-r0: task do_packagedata_setscene: Started
NOTE: recipe linux-libc-headers-6.6-r0: task do_create_runtime_spdx_setscene: Succeeded
NOTE: Running setscene task 1581 of 2241 (/home/andrew/poky/meta/recipes-support/bash-completion/bash-completion_2.12.0.bb:do_deploy_archives_setscene)
NOTE: recipe init-system-helpers-1.66-r0: task do_packagedata_setscene: Succeeded
NOTE: Running setscene task 1582 of 2241 (/home/andrew/poky/meta/recipes-extended/tcp-wrappers/tcp-wrappers_7.6.bb:do_deploy_archives_setscene)
NOTE: recipe bash-completion-2.12.0-r0: task do_deploy_archives_setscene: Started
NOTE: recipe tcp-wrappers-7.6-r0: task do_deploy_archives_setscene: Started
NOTE: recipe bash-completion-2.12.0-r0: task do_deploy_archives_setscene: Succeeded
NOTE: Running setscene task 1583 of 2241 (/home/andrew/meta-rauc/recipes-core/rauc/rauc_1.15.2.bb:do_package_qa_setscene)
NOTE: recipe tcp-wrappers-7.6-r0: task do_deploy_archives_setscene: Succeeded
NOTE: Running setscene task 1584 of 2241 (/home/andrew/poky/meta/recipes-core/glibc/glibc_2.39.bb:do_deploy_archives_setscene)
NOTE: recipe rauc-1.15.2-r0: task do_package_qa_setscene: Started
NOTE: recipe glibc-2.39+git-r0: task do_deploy_archives_setscene: Started
NOTE: recipe rauc-1.15.2-r0: task do_package_qa_setscene: Succeeded
NOTE: Running setscene task 1585 of 2241 (/home/andrew/poky/meta/recipes-support/bash-completion/bash-completion_2.12.0.bb:do_populate_lic_setscene)
NOTE: recipe glibc-2.39+git-r0: task do_deploy_archives_setscene: Succeeded
NOTE: Running setscene task 1587 of 2241 (/home/andrew/poky/meta/recipes-devtools/python/python3-packaging_23.2.bb:do_package_qa_setscene)
NOTE: recipe bash-completion-2.12.0-r0: task do_populate_lic_setscene: Started
NOTE: recipe python3-packaging-23.2-r0: task do_package_qa_setscene: Started
NOTE: recipe bash-completion-2.12.0-r0: task do_populate_lic_setscene: Succeeded
NOTE: Running setscene task 1588 of 2241 (/home/andrew/poky/meta/recipes-core/coreutils/coreutils_9.4.bb:do_package_qa_setscene)
NOTE: recipe python3-packaging-23.2-r0: task do_package_qa_setscene: Succeeded
NOTE: Running setscene task 1591 of 2241 (/home/andrew/poky/meta/recipes-devtools/file/file_5.45.bb:do_populate_lic_setscene)
NOTE: recipe coreutils-9.4-r0: task do_package_qa_setscene: Started
NOTE: recipe file-5.45-r0: task do_populate_lic_setscene: Started
NOTE: recipe coreutils-9.4-r0: task do_package_qa_setscene: Succeeded
NOTE: Running setscene task 1593 of 2241 (/home/andrew/poky/meta/recipes-core/glib-2.0/glib-2.0_2.78.6.bb:do_package_qa_setscene)
NOTE: recipe file-5.45-r0: task do_populate_lic_setscene: Succeeded
NOTE: Running setscene task 1595 of 2241 (/home/andrew/poky/meta/recipes-kernel/kmod/depmodwrapper-cross_1.0.bb:do_create_spdx_setscene)
NOTE: recipe depmodwrapper-cross-1.0-r0: task do_create_spdx_setscene: Started
NOTE: recipe glib-2.0-1_2.78.6-r0: task do_package_qa_setscene: Started
NOTE: recipe depmodwrapper-cross-1.0-r0: task do_create_spdx_setscene: Succeeded
NOTE: Running setscene task 1597 of 2241 (/home/andrew/meta-openembedded/meta-python/recipes-devtools/python/python3-decorator_5.1.1.bb:do_packagedata_setscene)
NOTE: recipe glib-2.0-1_2.78.6-r0: task do_package_qa_setscene: Succeeded
NOTE: Running setscene task 1600 of 2241 (/home/andrew/poky/meta/recipes-extended/gawk/gawk_5.3.0.bb:do_packagedata_setscene)
NOTE: recipe python3-decorator-5.1.1-r0: task do_packagedata_setscene: Started
NOTE: recipe gawk-5.3.0-r0: task do_packagedata_setscene: Started
NOTE: recipe python3-decorator-5.1.1-r0: task do_packagedata_setscene: Succeeded
NOTE: Running setscene task 1607 of 2241 (/home/andrew/poky/meta/recipes-core/packagegroups/packagegroup-core-boot.bb:do_create_spdx_setscene)
NOTE: recipe gawk-5.3.0-r0: task do_packagedata_setscene: Succeeded
NOTE: Running setscene task 1608 of 2241 (/home/andrew/poky/meta/recipes-extended/shadow/shadow-securetty_4.6.bb:do_create_spdx_setscene)
NOTE: recipe packagegroup-core-boot-1.0-r0: task do_create_spdx_setscene: Started
NOTE: recipe shadow-securetty-4.6-r0: task do_create_spdx_setscene: Started
NOTE: recipe packagegroup-core-boot-1.0-r0: task do_create_spdx_setscene: Succeeded
NOTE: Running setscene task 1611 of 2241 (/home/andrew/poky/meta/recipes-core/packagegroups/packagegroup-base.bb:do_recipe_qa_setscene)
NOTE: recipe shadow-securetty-4.6-r0: task do_create_spdx_setscene: Succeeded
NOTE: Running setscene task 1612 of 2241 (/home/andrew/poky/meta/recipes-core/packagegroups/packagegroup-base.bb:do_create_spdx_setscene)
NOTE: recipe packagegroup-base-1.0-r0: task do_recipe_qa_setscene: Started
NOTE: recipe packagegroup-base-1.0-r0: task do_create_spdx_setscene: Started
NOTE: recipe packagegroup-base-1.0-r0: task do_recipe_qa_setscene: Succeeded
NOTE: Running setscene task 1613 of 2241 (/home/andrew/poky/meta/recipes-kernel/linux/linux-yocto_6.6.bb:do_packagedata_setscene)
NOTE: recipe packagegroup-base-1.0-r0: task do_create_spdx_setscene: Succeeded
NOTE: Running setscene task 1614 of 2241 (/home/andrew/poky/meta/recipes-core/packagegroups/packagegroup-base.bb:do_packagedata_setscene)
NOTE: recipe packagegroup-base-1.0-r0: task do_packagedata_setscene: Started
NOTE: recipe linux-yocto-6.6.123+git-r0: task do_packagedata_setscene: Started
NOTE: recipe packagegroup-base-1.0-r0: task do_packagedata_setscene: Succeeded
NOTE: Running setscene task 1615 of 2241 (/home/andrew/poky/meta/recipes-extended/findutils/findutils_4.9.0.bb:do_packagedata_setscene)
NOTE: recipe findutils-4.9.0-r0: task do_packagedata_setscene: Started
NOTE: recipe findutils-4.9.0-r0: task do_packagedata_setscene: Succeeded
NOTE: Running setscene task 1617 of 2241 (/home/andrew/poky/meta/recipes-core/initscripts/init-system-helpers_1.66.bb:do_package_setscene)
NOTE: recipe init-system-helpers-1.66-r0: task do_package_setscene: Started
NOTE: recipe init-system-helpers-1.66-r0: task do_package_setscene: Succeeded
NOTE: Running setscene task 1621 of 2241 (/home/andrew/poky/meta/recipes-core/busybox/busybox_1.36.1.bb:do_packagedata_setscene)
NOTE: recipe busybox-1.36.1-r0: task do_packagedata_setscene: Started
NOTE: recipe busybox-1.36.1-r0: task do_packagedata_setscene: Succeeded
NOTE: Running setscene task 1623 of 2241 (/home/andrew/poky/meta/recipes-devtools/python/python3-packaging_23.2.bb:do_packagedata_setscene)
NOTE: recipe linux-yocto-6.6.123+git-r0: task do_packagedata_setscene: Succeeded
NOTE: Running setscene task 1625 of 2241 (/home/andrew/poky/meta/recipes-core/coreutils/coreutils_9.4.bb:do_packagedata_setscene)
NOTE: recipe python3-packaging-23.2-r0: task do_packagedata_setscene: Started
NOTE: recipe python3-packaging-23.2-r0: task do_packagedata_setscene: Succeeded
NOTE: Running setscene task 1627 of 2241 (/home/andrew/poky/meta/recipes-devtools/binutils/binutils_2.42.bb:do_packagedata_setscene)
NOTE: recipe coreutils-9.4-r0: task do_packagedata_setscene: Started
NOTE: recipe coreutils-9.4-r0: task do_packagedata_setscene: Succeeded
NOTE: Running setscene task 1630 of 2241 (/home/andrew/poky/meta/recipes-devtools/squashfs-tools/squashfs-tools_git.bb:do_packagedata_setscene)
NOTE: recipe binutils-2.42-r0: task do_packagedata_setscene: Started
NOTE: recipe squashfs-tools-4.6.1-r0: task do_packagedata_setscene: Started
NOTE: recipe binutils-2.42-r0: task do_packagedata_setscene: Succeeded
NOTE: Running setscene task 1632 of 2241 (/home/andrew/poky/meta/recipes-core/packagegroups/packagegroup-core-boot.bb:do_packagedata_setscene)
NOTE: recipe squashfs-tools-4.6.1-r0: task do_packagedata_setscene: Succeeded
NOTE: Running setscene task 1635 of 2241 (/home/andrew/meta-openembedded/meta-python/recipes-devtools/python/python3-decorator_5.1.1.bb:do_package_setscene)
NOTE: recipe packagegroup-core-boot-1.0-r0: task do_packagedata_setscene: Started
NOTE: recipe python3-decorator-5.1.1-r0: task do_package_setscene: Started
NOTE: recipe packagegroup-core-boot-1.0-r0: task do_packagedata_setscene: Succeeded
NOTE: Running setscene task 1638 of 2241 (/home/andrew/poky/meta/recipes-core/initscripts/initscripts_1.0.bb:do_create_spdx_setscene)
NOTE: recipe initscripts-1.0-r0: task do_create_spdx_setscene: Started
NOTE: recipe python3-decorator-5.1.1-r0: task do_package_setscene: Succeeded
NOTE: Running setscene task 1641 of 2241 (/home/andrew/tactiq-os/recipes-core/images/tactiq-image.bb:do_recipe_qa_setscene)
NOTE: recipe initscripts-1.0-r0: task do_create_spdx_setscene: Succeeded
NOTE: Running setscene task 1642 of 2241 (/home/andrew/poky/meta/recipes-core/systemd/systemd-compat-units.bb:do_create_spdx_setscene)
NOTE: recipe systemd-compat-units-1.0-r0: task do_create_spdx_setscene: Started
NOTE: recipe tactiq-image-1.0-r0: task do_recipe_qa_setscene: Started
NOTE: recipe systemd-compat-units-1.0-r0: task do_create_spdx_setscene: Succeeded
NOTE: Running setscene task 1643 of 2241 (/home/andrew/poky/meta/recipes-core/kbd/kbd_2.6.4.bb:do_packagedata_setscene)
NOTE: recipe tactiq-image-1.0-r0: task do_recipe_qa_setscene: Succeeded
NOTE: Running setscene task 1645 of 2241 (/home/andrew/poky/meta/recipes-devtools/qemu/qemuwrapper-cross_1.0.bb:do_create_spdx_setscene)
NOTE: recipe kbd-2.6.4-r0: task do_packagedata_setscene: Started
NOTE: recipe qemuwrapper-cross-1.0-r0: task do_create_spdx_setscene: Started
NOTE: recipe kbd-2.6.4-r0: task do_packagedata_setscene: Succeeded
NOTE: Running setscene task 1646 of 2241 (/home/andrew/poky/meta/recipes-kernel/kmod/depmodwrapper-cross_1.0.bb:do_populate_sysroot_setscene)
NOTE: recipe qemuwrapper-cross-1.0-r0: task do_create_spdx_setscene: Succeeded
NOTE: Running setscene task 1648 of 2241 (/home/andrew/meta-openembedded/meta-python/recipes-devtools/python/python3-distro_1.9.0.bb:do_packagedata_setscene)
NOTE: recipe depmodwrapper-cross-1.0-r0: task do_populate_sysroot_setscene: Started
NOTE: recipe depmodwrapper-cross-1.0-r0: task do_populate_sysroot_setscene: Succeeded
NOTE: Running setscene task 1649 of 2241 (/home/andrew/poky/meta/recipes-connectivity/openssh/openssh_9.6p1.bb:do_packagedata_setscene)
NOTE: recipe python3-distro-1.9.0-r0: task do_packagedata_setscene: Started
NOTE: recipe python3-distro-1.9.0-r0: task do_packagedata_setscene: Succeeded
NOTE: Running setscene task 1650 of 2241 (/home/andrew/poky/meta/recipes-core/systemd/systemd-serialgetty.bb:do_packagedata_setscene)
NOTE: recipe openssh-9.6p1-r0: task do_packagedata_setscene: Started
NOTE: recipe systemd-serialgetty-1.0-r0: task do_packagedata_setscene: Started
NOTE: recipe openssh-9.6p1-r0: task do_packagedata_setscene: Succeeded
NOTE: Running setscene task 1651 of 2241 (/home/andrew/meta-rauc/recipes-core/rauc/rauc-conf.bb:do_create_spdx_setscene)
WARNING: Recipe inherits features_check but doesn't use it
NOTE: recipe systemd-serialgetty-1.0-r0: task do_packagedata_setscene: Succeeded
NOTE: Running setscene task 1653 of 2241 (/home/andrew/poky/meta/recipes-core/systemd/systemd-compat-units.bb:do_packagedata_setscene)
NOTE: recipe rauc-conf-1.0-r0: task do_create_spdx_setscene: Started
NOTE: recipe systemd-compat-units-1.0-r0: task do_packagedata_setscene: Started
NOTE: recipe rauc-conf-1.0-r0: task do_create_spdx_setscene: Succeeded
NOTE: Running setscene task 1655 of 2241 (/home/andrew/meta-openembedded/meta-python/recipes-devtools/python/python3-ipy_1.01.bb:do_packagedata_setscene)
NOTE: recipe systemd-compat-units-1.0-r0: task do_packagedata_setscene: Succeeded
NOTE: Running setscene task 1656 of 2241 (/home/andrew/meta-selinux/recipes-security/selinux/selinux-python_3.7.bb:do_packagedata_setscene)
NOTE: recipe python3-ipy-1.01-r0: task do_packagedata_setscene: Started
NOTE: recipe selinux-python-3.7-r0: task do_packagedata_setscene: Started
NOTE: recipe python3-ipy-1.01-r0: task do_packagedata_setscene: Succeeded
NOTE: Running setscene task 1657 of 2241 (/home/andrew/meta-rauc/recipes-core/rauc/rauc-conf.bb:do_packagedata_setscene)
WARNING: Recipe inherits features_check but doesn't use it
NOTE: recipe selinux-python-3.7-r0: task do_packagedata_setscene: Succeeded
NOTE: Running setscene task 1658 of 2241 (/home/andrew/poky/meta/recipes-extended/grep/grep_3.11.bb:do_packagedata_setscene)
NOTE: recipe rauc-conf-1.0-r0: task do_packagedata_setscene: Started
NOTE: recipe rauc-conf-1.0-r0: task do_packagedata_setscene: Succeeded
NOTE: Running setscene task 1660 of 2241 (/home/andrew/meta-selinux/recipes-security/selinux/policycoreutils_3.7.bb:do_packagedata_setscene)
NOTE: recipe grep-3.11-r0: task do_packagedata_setscene: Started
NOTE: recipe policycoreutils-3.7-r0: task do_packagedata_setscene: Started
NOTE: recipe grep-3.11-r0: task do_packagedata_setscene: Succeeded
NOTE: Running setscene task 1661 of 2241 (/home/andrew/poky/meta/recipes-devtools/python/python3-packaging_23.2.bb:do_package_setscene)
NOTE: recipe policycoreutils-3.7-r0: task do_packagedata_setscene: Succeeded
NOTE: Running setscene task 1662 of 2241 (/home/andrew/meta-openembedded/meta-oe/recipes-devtools/jq/jq_1.7.1.bb:do_packagedata_setscene)
NOTE: recipe python3-packaging-23.2-r0: task do_package_setscene: Started
NOTE: recipe jq-1.7.1-r0: task do_packagedata_setscene: Started
NOTE: recipe jq-1.7.1-r0: task do_packagedata_setscene: Succeeded
NOTE: Running setscene task 1665 of 2241 (/home/andrew/poky/meta/recipes-devtools/e2fsprogs/e2fsprogs_1.47.0.bb:do_packagedata_setscene)
NOTE: recipe python3-packaging-23.2-r0: task do_package_setscene: Succeeded
NOTE: Running setscene task 1669 of 2241 (/home/andrew/poky/meta/recipes-support/shared-mime-info/shared-mime-info_2.4.bb:do_packagedata_setscene)
NOTE: recipe e2fsprogs-1.47.0-r0: task do_packagedata_setscene: Started
NOTE: recipe shared-mime-info-2.4-r0: task do_packagedata_setscene: Started
NOTE: recipe e2fsprogs-1.47.0-r0: task do_packagedata_setscene: Succeeded
NOTE: Running setscene task 1671 of 2241 (/home/andrew/poky/meta/recipes-extended/shadow/shadow-securetty_4.6.bb:do_packagedata_setscene)
NOTE: recipe shared-mime-info-2.4-r0: task do_packagedata_setscene: Succeeded
NOTE: Running setscene task 1672 of 2241 (/home/andrew/meta-rauc/recipes-core/rauc/rauc_1.15.2.bb:do_packagedata_setscene)
NOTE: recipe shadow-securetty-4.6-r0: task do_packagedata_setscene: Started
NOTE: recipe rauc-1.15.2-r0: task do_packagedata_setscene: Started
NOTE: recipe shadow-securetty-4.6-r0: task do_packagedata_setscene: Succeeded
NOTE: Running setscene task 1673 of 2241 (/home/andrew/tactiq-os/recipes-core/tactiq-config/tactiq-config_2.0.0.bb:do_packagedata_setscene)
NOTE: recipe rauc-1.15.2-r0: task do_packagedata_setscene: Succeeded
NOTE: Running setscene task 1675 of 2241 (/home/andrew/meta-selinux/recipes-security/refpolicy/refpolicy-targeted_git.bb:do_packagedata_setscene)
NOTE: recipe tactiq-config-2.0.0-r0: task do_packagedata_setscene: Started
NOTE: recipe refpolicy-targeted-2.20240226+git-r0: task do_packagedata_setscene: Started
NOTE: recipe tactiq-config-2.0.0-r0: task do_packagedata_setscene: Succeeded
NOTE: Running setscene task 1676 of 2241 (/home/andrew/meta-openembedded/meta-python/recipes-devtools/python/python3-decorator_5.1.1.bb:do_recipe_qa_setscene)
NOTE: recipe refpolicy-targeted-2.20240226+git-r0: task do_packagedata_setscene: Succeeded
NOTE: Running setscene task 1678 of 2241 (/home/andrew/poky/meta/recipes-core/initscripts/init-system-helpers_1.66.bb:do_recipe_qa_setscene)
NOTE: recipe python3-decorator-5.1.1-r0: task do_recipe_qa_setscene: Started
NOTE: recipe python3-decorator-5.1.1-r0: task do_recipe_qa_setscene: Succeeded
NOTE: Running setscene task 1679 of 2241 (/home/andrew/poky/meta/recipes-extended/gawk/gawk_5.3.0.bb:do_package_setscene)
NOTE: recipe init-system-helpers-1.66-r0: task do_recipe_qa_setscene: Started
NOTE: recipe init-system-helpers-1.66-r0: task do_recipe_qa_setscene: Succeeded
NOTE: Running setscene task 1681 of 2241 (/home/andrew/poky/meta/recipes-extended/tar/tar_1.35.bb:do_packagedata_setscene)
NOTE: recipe gawk-5.3.0-r0: task do_package_setscene: Started
NOTE: recipe tar-1.35-r0: task do_packagedata_setscene: Started
NOTE: recipe tar-1.35-r0: task do_packagedata_setscene: Succeeded
NOTE: Running setscene task 1682 of 2241 (/home/andrew/poky/meta/recipes-extended/procps/procps_4.0.4.bb:do_packagedata_setscene)
NOTE: recipe procps-4.0.4-r0: task do_packagedata_setscene: Started
NOTE: recipe procps-4.0.4-r0: task do_packagedata_setscene: Succeeded
NOTE: Running setscene task 1683 of 2241 (/home/andrew/poky/meta/recipes-core/busybox/busybox_1.36.1.bb:do_package_setscene)
NOTE: recipe gawk-5.3.0-r0: task do_package_setscene: Succeeded
NOTE: Running setscene task 1685 of 2241 (/home/andrew/poky/meta/recipes-connectivity/iproute2/iproute2_6.7.0.bb:do_packagedata_setscene)
NOTE: recipe busybox-1.36.1-r0: task do_package_setscene: Started
NOTE: recipe iproute2-6.7.0-r0: task do_packagedata_setscene: Started
NOTE: recipe iproute2-6.7.0-r0: task do_packagedata_setscene: Succeeded
NOTE: Running setscene task 1689 of 2241 (/home/andrew/tactiq-os/recipes-core/tactiq-release/tactiq-release_2.0.0.bb:do_packagedata_setscene)
NOTE: recipe tactiq-release-2.0.0-r0: task do_packagedata_setscene: Started
NOTE: recipe tactiq-release-2.0.0-r0: task do_packagedata_setscene: Succeeded
NOTE: Running setscene task 1691 of 2241 (/home/andrew/poky/meta/recipes-kernel/linux/linux-yocto_6.6.bb:do_package_setscene)
NOTE: recipe linux-yocto-6.6.123+git-r0: task do_package_setscene: Started
NOTE: recipe busybox-1.36.1-r0: task do_package_setscene: Succeeded
NOTE: Running setscene task 1692 of 2241 (/home/andrew/poky/meta/recipes-kernel/kmod/depmodwrapper-cross_1.0.bb:do_recipe_qa_setscene)
NOTE: recipe depmodwrapper-cross-1.0-r0: task do_recipe_qa_setscene: Started
NOTE: recipe depmodwrapper-cross-1.0-r0: task do_recipe_qa_setscene: Succeeded
NOTE: Running setscene task 1693 of 2241 (/home/andrew/poky/meta/recipes-core/glibc/glibc-locale_2.39.bb:do_packagedata_setscene)
NOTE: recipe glibc-locale-2.39+git-r0: task do_packagedata_setscene: Started
NOTE: recipe glibc-locale-2.39+git-r0: task do_packagedata_setscene: Succeeded
NOTE: Running setscene task 1694 of 2241 (/home/andrew/poky/meta/recipes-extended/grep/grep_3.11.bb:do_package_setscene)
NOTE: recipe grep-3.11-r0: task do_package_setscene: Started
NOTE: recipe grep-3.11-r0: task do_package_setscene: Succeeded
NOTE: Running setscene task 1695 of 2241 (/home/andrew/poky/meta/recipes-extended/bash/bash_5.2.21.bb:do_packagedata_setscene)
NOTE: recipe bash-5.2.21-r0: task do_packagedata_setscene: Started
NOTE: recipe bash-5.2.21-r0: task do_packagedata_setscene: Succeeded
NOTE: Running setscene task 1696 of 2241 (/home/andrew/tactiq-os/recipes-core/tactiq-agent/tactiq-agent_2.0.0.bb:do_packagedata_setscene)
NOTE: recipe tactiq-agent-2.0.0-r0: task do_packagedata_setscene: Started
NOTE: recipe tactiq-agent-2.0.0-r0: task do_packagedata_setscene: Succeeded
NOTE: Running setscene task 1697 of 2241 (/home/andrew/poky/meta/recipes-extended/findutils/findutils_4.9.0.bb:do_package_setscene)
NOTE: recipe findutils-4.9.0-r0: task do_package_setscene: Started
NOTE: recipe findutils-4.9.0-r0: task do_package_setscene: Succeeded
NOTE: Running setscene task 1698 of 2241 (/home/andrew/poky/meta/recipes-core/coreutils/coreutils_9.4.bb:do_package_setscene)
NOTE: recipe coreutils-9.4-r0: task do_package_setscene: Started
NOTE: recipe coreutils-9.4-r0: task do_package_setscene: Succeeded
NOTE: Running setscene task 1699 of 2241 (/home/andrew/poky/meta/recipes-core/systemd/systemd-conf_1.0.bb:do_packagedata_setscene)
NOTE: recipe systemd-conf-1_1.0-r0: task do_packagedata_setscene: Started
NOTE: recipe systemd-conf-1_1.0-r0: task do_packagedata_setscene: Succeeded
NOTE: Running setscene task 1700 of 2241 (/home/andrew/meta-selinux/recipes-security/selinux/selinux-python_3.7.bb:do_package_setscene)
NOTE: recipe selinux-python-3.7-r0: task do_package_setscene: Started
NOTE: recipe selinux-python-3.7-r0: task do_package_setscene: Succeeded
NOTE: Running setscene task 1704 of 2241 (/home/andrew/meta-openembedded/meta-python/recipes-devtools/python/python3-networkx_3.1.bb:do_packagedata_setscene)
NOTE: recipe python3-networkx-3.1-r0: task do_packagedata_setscene: Started
NOTE: recipe python3-networkx-3.1-r0: task do_packagedata_setscene: Succeeded
NOTE: Running setscene task 1706 of 2241 (/home/andrew/poky/meta/recipes-devtools/e2fsprogs/e2fsprogs_1.47.0.bb:do_package_setscene)
NOTE: recipe e2fsprogs-1.47.0-r0: task do_package_setscene: Started
NOTE: recipe e2fsprogs-1.47.0-r0: task do_package_setscene: Succeeded
NOTE: Running setscene task 1707 of 2241 (/home/andrew/poky/meta/recipes-support/shared-mime-info/shared-mime-info_2.4.bb:do_package_setscene)
NOTE: recipe shared-mime-info-2.4-r0: task do_package_setscene: Started
NOTE: recipe shared-mime-info-2.4-r0: task do_package_setscene: Succeeded
NOTE: Running setscene task 1709 of 2241 (/home/andrew/meta-selinux/recipes-security/refpolicy/refpolicy-targeted_git.bb:do_package_setscene)
NOTE: recipe refpolicy-targeted-2.20240226+git-r0: task do_package_setscene: Started
NOTE: recipe refpolicy-targeted-2.20240226+git-r0: task do_package_setscene: Succeeded
NOTE: Running setscene task 1710 of 2241 (/home/andrew/poky/meta/recipes-core/kbd/kbd_2.6.4.bb:do_package_setscene)
NOTE: recipe kbd-2.6.4-r0: task do_package_setscene: Started
NOTE: recipe kbd-2.6.4-r0: task do_package_setscene: Succeeded
NOTE: Running setscene task 1711 of 2241 (/home/andrew/meta-selinux/recipes-security/selinux/libselinux-python_3.7.bb:do_packagedata_setscene)
NOTE: recipe libselinux-python-3.7-r0: task do_packagedata_setscene: Started
NOTE: recipe libselinux-python-3.7-r0: task do_packagedata_setscene: Succeeded
NOTE: Running setscene task 1712 of 2241 (/home/andrew/poky/meta/recipes-core/initscripts/initscripts_1.0.bb:do_packagedata_setscene)
NOTE: recipe initscripts-1.0-r0: task do_packagedata_setscene: Started
NOTE: recipe initscripts-1.0-r0: task do_packagedata_setscene: Succeeded
NOTE: Running setscene task 1713 of 2241 (/home/andrew/poky/meta/recipes-devtools/binutils/binutils_2.42.bb:do_package_setscene)
NOTE: recipe binutils-2.42-r0: task do_package_setscene: Started
NOTE: recipe binutils-2.42-r0: task do_package_setscene: Succeeded
NOTE: Running setscene task 1714 of 2241 (/home/andrew/poky/meta/recipes-core/libxml/libxml2_2.12.10.bb:do_populate_sysroot_setscene)
NOTE: recipe libxml2-2.12.10-r0: task do_populate_sysroot_setscene: Started
NOTE: recipe libxml2-2.12.10-r0: task do_populate_sysroot_setscene: Succeeded
NOTE: Running setscene task 1715 of 2241 (/home/andrew/poky/meta/recipes-devtools/perl/perl_5.38.4.bb:do_packagedata_setscene)
NOTE: recipe perl-5.38.4-r0: task do_packagedata_setscene: Started
NOTE: recipe perl-5.38.4-r0: task do_packagedata_setscene: Succeeded
NOTE: Running setscene task 1716 of 2241 (/home/andrew/poky/meta/recipes-devtools/squashfs-tools/squashfs-tools_git.bb:do_package_setscene)
NOTE: recipe squashfs-tools-4.6.1-r0: task do_package_setscene: Started
NOTE: recipe squashfs-tools-4.6.1-r0: task do_package_setscene: Succeeded
NOTE: Running setscene task 1717 of 2241 (/home/andrew/poky/meta/recipes-core/libxml/libxml2_2.12.10.bb:do_packagedata_setscene)
NOTE: recipe libxml2-2.12.10-r0: task do_packagedata_setscene: Started
NOTE: recipe libxml2-2.12.10-r0: task do_packagedata_setscene: Succeeded
NOTE: Running setscene task 1718 of 2241 (/home/andrew/poky/meta/recipes-bsp/u-boot/libubootenv_0.3.5.bb:do_packagedata_setscene)
NOTE: recipe libubootenv-0.3.5-r0: task do_packagedata_setscene: Started
NOTE: recipe libubootenv-0.3.5-r0: task do_packagedata_setscene: Succeeded
NOTE: Running setscene task 1719 of 2241 (/home/andrew/poky/meta/recipes-devtools/qemu/qemuwrapper-cross_1.0.bb:do_packagedata_setscene)
NOTE: recipe qemuwrapper-cross-1.0-r0: task do_packagedata_setscene: Started
NOTE: recipe qemuwrapper-cross-1.0-r0: task do_packagedata_setscene: Succeeded
NOTE: Running setscene task 1723 of 2241 (/home/andrew/tactiq-os/recipes-core/tactiq-agent/tactiq-agent_2.0.0.bb:do_package_setscene)
NOTE: recipe tactiq-agent-2.0.0-r0: task do_package_setscene: Started
NOTE: recipe tactiq-agent-2.0.0-r0: task do_package_setscene: Succeeded
NOTE: Running setscene task 1724 of 2241 (/home/andrew/poky/meta/recipes-devtools/perl/perl_5.38.4.bb:do_package_setscene)
NOTE: recipe perl-5.38.4-r0: task do_package_setscene: Started
NOTE: recipe linux-yocto-6.6.123+git-r0: task do_package_setscene: Succeeded
NOTE: Running setscene task 1725 of 2241 (/home/andrew/meta-selinux/recipes-security/selinux/policycoreutils_3.7.bb:do_package_setscene)
NOTE: recipe policycoreutils-3.7-r0: task do_package_setscene: Started
NOTE: recipe policycoreutils-3.7-r0: task do_package_setscene: Succeeded
NOTE: Running setscene task 1726 of 2241 (/home/andrew/poky/meta/recipes-core/systemd/systemd-serialgetty.bb:do_package_setscene)
NOTE: recipe systemd-serialgetty-1.0-r0: task do_package_setscene: Started
NOTE: recipe systemd-serialgetty-1.0-r0: task do_package_setscene: Succeeded
NOTE: Running setscene task 1727 of 2241 (/home/andrew/poky/meta/recipes-devtools/python/python3-setuptools_69.1.1.bb:do_packagedata_setscene)
NOTE: recipe python3-setuptools-69.1.1-r0: task do_packagedata_setscene: Started
NOTE: recipe python3-setuptools-69.1.1-r0: task do_packagedata_setscene: Succeeded
NOTE: Running setscene task 1728 of 2241 (/home/andrew/meta-rauc/recipes-core/rauc/rauc_1.15.2.bb:do_package_setscene)
NOTE: recipe rauc-1.15.2-r0: task do_package_setscene: Started
NOTE: recipe rauc-1.15.2-r0: task do_package_setscene: Succeeded
NOTE: Running setscene task 1729 of 2241 (/home/andrew/poky/meta/recipes-core/systemd/systemd-conf_1.0.bb:do_package_setscene)
NOTE: recipe systemd-conf-1_1.0-r0: task do_package_setscene: Started
NOTE: recipe systemd-conf-1_1.0-r0: task do_package_setscene: Succeeded
NOTE: Running setscene task 1734 of 2241 (/home/andrew/meta-openembedded/meta-networking/recipes-support/chrony/chrony_4.5.bb:do_packagedata_setscene)
NOTE: recipe chrony-4.5-r0: task do_packagedata_setscene: Started
NOTE: recipe chrony-4.5-r0: task do_packagedata_setscene: Succeeded
NOTE: Running setscene task 1735 of 2241 (/home/andrew/meta-openembedded/meta-oe/recipes-devtools/jq/jq_1.7.1.bb:do_package_setscene)
NOTE: recipe jq-1.7.1-r0: task do_package_setscene: Started
NOTE: recipe perl-5.38.4-r0: task do_package_setscene: Succeeded
NOTE: Running setscene task 1737 of 2241 (/home/andrew/meta-selinux/recipes-security/selinux/libselinux-python_3.7.bb:do_package_setscene)
NOTE: recipe jq-1.7.1-r0: task do_package_setscene: Succeeded
NOTE: Running setscene task 1738 of 2241 (/home/andrew/poky/meta/recipes-core/coreutils/coreutils_9.4.bb:do_recipe_qa_setscene)
NOTE: recipe libselinux-python-3.7-r0: task do_package_setscene: Started
NOTE: recipe coreutils-9.4-r0: task do_recipe_qa_setscene: Started
NOTE: recipe coreutils-9.4-r0: task do_recipe_qa_setscene: Succeeded
NOTE: Running setscene task 1739 of 2241 (/home/andrew/poky/meta/recipes-core/readline/readline_8.2.bb:do_populate_sysroot_setscene)
NOTE: recipe libselinux-python-3.7-r0: task do_package_setscene: Succeeded
NOTE: Running setscene task 1740 of 2241 (/home/andrew/poky/meta/recipes-core/readline/readline_8.2.bb:do_packagedata_setscene)
NOTE: recipe readline-8.2-r0: task do_populate_sysroot_setscene: Started
NOTE: recipe readline-8.2-r0: task do_packagedata_setscene: Started
NOTE: recipe readline-8.2-r0: task do_populate_sysroot_setscene: Succeeded
NOTE: recipe readline-8.2-r0: task do_packagedata_setscene: Succeeded
NOTE: Running setscene task 1741 of 2241 (/home/andrew/poky/meta/recipes-extended/gawk/gawk_5.3.0.bb:do_recipe_qa_setscene)
NOTE: Running setscene task 1744 of 2241 (/home/andrew/poky/meta/recipes-connectivity/openssh/openssh_9.6p1.bb:do_package_setscene)
NOTE: recipe gawk-5.3.0-r0: task do_recipe_qa_setscene: Started
NOTE: recipe openssh-9.6p1-r0: task do_package_setscene: Started
NOTE: recipe gawk-5.3.0-r0: task do_recipe_qa_setscene: Succeeded
NOTE: Running setscene task 1747 of 2241 (/home/andrew/poky/meta/recipes-extended/procps/procps_4.0.4.bb:do_package_setscene)
NOTE: recipe procps-4.0.4-r0: task do_package_setscene: Started
NOTE: recipe procps-4.0.4-r0: task do_package_setscene: Succeeded
NOTE: Running setscene task 1748 of 2241 (/home/andrew/meta-selinux/recipes-security/setools/setools_4.5.1.bb:do_packagedata_setscene)
NOTE: recipe openssh-9.6p1-r0: task do_package_setscene: Succeeded
NOTE: Running setscene task 1749 of 2241 (/home/andrew/meta-openembedded/meta-python/recipes-devtools/python/python3-distro_1.9.0.bb:do_package_setscene)
NOTE: recipe setools-4.5.1-r0: task do_packagedata_setscene: Started
NOTE: recipe python3-distro-1.9.0-r0: task do_package_setscene: Started
NOTE: recipe setools-4.5.1-r0: task do_packagedata_setscene: Succeeded
NOTE: Running setscene task 1752 of 2241 (/home/andrew/meta-openembedded/meta-python/recipes-devtools/python/python3-ipy_1.01.bb:do_package_setscene)
NOTE: recipe python3-ipy-1.01-r0: task do_package_setscene: Started
NOTE: recipe python3-distro-1.9.0-r0: task do_package_setscene: Succeeded
NOTE: Running setscene task 1753 of 2241 (/home/andrew/tactiq-os/recipes-core/tactiq-release/tactiq-release_2.0.0.bb:do_package_setscene)
NOTE: recipe tactiq-release-2.0.0-r0: task do_package_setscene: Started
NOTE: recipe python3-ipy-1.01-r0: task do_package_setscene: Succeeded
NOTE: Running setscene task 1754 of 2241 (/home/andrew/poky/meta/recipes-core/libxml/libxml2_2.12.10.bb:do_package_setscene)
NOTE: recipe tactiq-release-2.0.0-r0: task do_package_setscene: Succeeded
NOTE: Running setscene task 1758 of 2241 (/home/andrew/poky/meta/recipes-bsp/u-boot/libubootenv_0.3.5.bb:do_package_setscene)
NOTE: recipe libxml2-2.12.10-r0: task do_package_setscene: Started
NOTE: recipe libubootenv-0.3.5-r0: task do_package_setscene: Started
NOTE: recipe libubootenv-0.3.5-r0: task do_package_setscene: Succeeded
NOTE: Running setscene task 1761 of 2241 (/home/andrew/poky/meta/recipes-connectivity/iproute2/iproute2_6.7.0.bb:do_package_setscene)
NOTE: recipe iproute2-6.7.0-r0: task do_package_setscene: Started
NOTE: recipe libxml2-2.12.10-r0: task do_package_setscene: Succeeded
NOTE: Running setscene task 1763 of 2241 (/home/andrew/poky/meta/recipes-core/readline/readline_8.2.bb:do_package_setscene)
NOTE: recipe readline-8.2-r0: task do_package_setscene: Started
NOTE: recipe readline-8.2-r0: task do_package_setscene: Succeeded
NOTE: Running setscene task 1764 of 2241 (/home/andrew/tactiq-os/recipes-core/tactiq-config/tactiq-config_2.0.0.bb:do_package_setscene)
NOTE: recipe iproute2-6.7.0-r0: task do_package_setscene: Succeeded
NOTE: Running setscene task 1765 of 2241 (/home/andrew/poky/meta/recipes-extended/bash/bash_5.2.21.bb:do_package_setscene)
NOTE: recipe tactiq-config-2.0.0-r0: task do_package_setscene: Started
NOTE: recipe bash-5.2.21-r0: task do_package_setscene: Started
NOTE: recipe tactiq-config-2.0.0-r0: task do_package_setscene: Succeeded
NOTE: Running setscene task 1766 of 2241 (/home/andrew/poky/meta/recipes-core/busybox/busybox_1.36.1.bb:do_recipe_qa_setscene)
NOTE: recipe busybox-1.36.1-r0: task do_recipe_qa_setscene: Started
NOTE: recipe busybox-1.36.1-r0: task do_recipe_qa_setscene: Succeeded
NOTE: Running setscene task 1767 of 2241 (/home/andrew/poky/meta/recipes-support/libyaml/libyaml_0.2.5.bb:do_populate_sysroot_setscene)
NOTE: recipe libyaml-0.2.5-r0: task do_populate_sysroot_setscene: Started
NOTE: recipe libyaml-0.2.5-r0: task do_populate_sysroot_setscene: Succeeded
NOTE: Running setscene task 1768 of 2241 (/home/andrew/meta-selinux/recipes-security/selinux-scripts/selinux-autorelabel_0.1.bb:do_packagedata_setscene)
NOTE: recipe selinux-autorelabel-0.1-r0: task do_packagedata_setscene: Started
NOTE: recipe selinux-autorelabel-0.1-r0: task do_packagedata_setscene: Succeeded
NOTE: Running setscene task 1769 of 2241 (/home/andrew/poky/meta/recipes-core/glibc/glibc-locale_2.39.bb:do_package_setscene)
NOTE: recipe bash-5.2.21-r0: task do_package_setscene: Succeeded
NOTE: Running setscene task 1770 of 2241 (/home/andrew/poky/meta/recipes-core/systemd/systemd-serialgetty.bb:do_recipe_qa_setscene)
NOTE: recipe glibc-locale-2.39+git-r0: task do_package_setscene: Started
NOTE: recipe systemd-serialgetty-1.0-r0: task do_recipe_qa_setscene: Started
NOTE: recipe systemd-serialgetty-1.0-r0: task do_recipe_qa_setscene: Succeeded
NOTE: Running setscene task 1773 of 2241 (/home/andrew/poky/meta/recipes-devtools/python/python3-setuptools_69.1.1.bb:do_package_setscene)
NOTE: recipe python3-setuptools-69.1.1-r0: task do_package_setscene: Started
NOTE: recipe python3-setuptools-69.1.1-r0: task do_package_setscene: Succeeded
NOTE: Running setscene task 1774 of 2241 (/home/andrew/meta-openembedded/meta-networking/recipes-support/chrony/chrony_4.5.bb:do_package_setscene)
NOTE: recipe chrony-4.5-r0: task do_package_setscene: Started
NOTE: recipe chrony-4.5-r0: task do_package_setscene: Succeeded
NOTE: Running setscene task 1775 of 2241 (/home/andrew/poky/meta/recipes-core/dbus/dbus_1.14.10.bb:do_populate_sysroot_setscene)
NOTE: recipe dbus-1.14.10-r0: task do_populate_sysroot_setscene: Started
NOTE: recipe dbus-1.14.10-r0: task do_populate_sysroot_setscene: Succeeded
NOTE: Running setscene task 1779 of 2241 (/home/andrew/meta-openembedded/meta-python/recipes-devtools/python/python3-networkx_3.1.bb:do_package_setscene)
NOTE: recipe python3-networkx-3.1-r0: task do_package_setscene: Started
NOTE: recipe python3-networkx-3.1-r0: task do_package_setscene: Succeeded
NOTE: Running setscene task 1782 of 2241 (/home/andrew/meta-selinux/recipes-security/selinux/selinux-python_3.7.bb:do_recipe_qa_setscene)
NOTE: recipe selinux-python-3.7-r0: task do_recipe_qa_setscene: Started
NOTE: recipe selinux-python-3.7-r0: task do_recipe_qa_setscene: Succeeded
NOTE: Running setscene task 1784 of 2241 (/home/andrew/poky/meta/recipes-support/lz4/lz4_1.9.4.bb:do_populate_sysroot_setscene)
NOTE: recipe lz4-1_1.9.4-r0: task do_populate_sysroot_setscene: Started
NOTE: recipe lz4-1_1.9.4-r0: task do_populate_sysroot_setscene: Succeeded
NOTE: Running setscene task 1785 of 2241 (/home/andrew/poky/meta/recipes-devtools/elfutils/elfutils_0.191.bb:do_populate_sysroot_setscene)
NOTE: recipe elfutils-0.191-r0: task do_populate_sysroot_setscene: Started
NOTE: recipe elfutils-0.191-r0: task do_populate_sysroot_setscene: Succeeded
NOTE: Running setscene task 1786 of 2241 (/home/andrew/poky/meta/recipes-extended/tar/tar_1.35.bb:do_package_setscene)
NOTE: recipe tar-1.35-r0: task do_package_setscene: Started
NOTE: recipe tar-1.35-r0: task do_package_setscene: Succeeded
NOTE: Running setscene task 1788 of 2241 (/home/andrew/meta-openembedded/meta-oe/recipes-support/pps-tools/pps-tools_1.0.3.bb:do_packagedata_setscene)
NOTE: recipe pps-tools-1.0.3-r0: task do_packagedata_setscene: Started
NOTE: recipe pps-tools-1.0.3-r0: task do_packagedata_setscene: Succeeded
NOTE: Running setscene task 1789 of 2241 (/home/andrew/meta-openembedded/meta-oe/recipes-support/onig/onig_6.9.9.bb:do_packagedata_setscene)
NOTE: recipe onig-6.9.9-r0: task do_packagedata_setscene: Started
NOTE: recipe onig-6.9.9-r0: task do_packagedata_setscene: Succeeded
NOTE: Running setscene task 1790 of 2241 (/home/andrew/poky/meta/recipes-gnome/json-glib/json-glib_1.8.0.bb:do_packagedata_setscene)
NOTE: recipe json-glib-1.8.0-r0: task do_packagedata_setscene: Started
NOTE: recipe json-glib-1.8.0-r0: task do_packagedata_setscene: Succeeded
NOTE: Running setscene task 1791 of 2241 (/home/andrew/poky/meta/recipes-connectivity/iproute2/iproute2_6.7.0.bb:do_recipe_qa_setscene)
NOTE: recipe iproute2-6.7.0-r0: task do_recipe_qa_setscene: Started
NOTE: recipe iproute2-6.7.0-r0: task do_recipe_qa_setscene: Succeeded
NOTE: Running setscene task 1792 of 2241 (/home/andrew/poky/meta/recipes-extended/grep/grep_3.11.bb:do_recipe_qa_setscene)
NOTE: recipe grep-3.11-r0: task do_recipe_qa_setscene: Started
NOTE: recipe grep-3.11-r0: task do_recipe_qa_setscene: Succeeded
NOTE: Running setscene task 1797 of 2241 (/home/andrew/meta-rauc/recipes-core/rauc/rauc-conf.bb:do_recipe_qa_setscene)
WARNING: Recipe inherits features_check but doesn't use it
NOTE: recipe rauc-conf-1.0-r0: task do_recipe_qa_setscene: Started
NOTE: recipe rauc-conf-1.0-r0: task do_recipe_qa_setscene: Succeeded
NOTE: Running setscene task 1800 of 2241 (/home/andrew/poky/meta/recipes-gnome/json-glib/json-glib_1.8.0.bb:do_populate_sysroot_setscene)
NOTE: recipe json-glib-1.8.0-r0: task do_populate_sysroot_setscene: Started
NOTE: recipe json-glib-1.8.0-r0: task do_populate_sysroot_setscene: Succeeded
NOTE: Running setscene task 1801 of 2241 (/home/andrew/meta-selinux/recipes-security/setools/setools_4.5.1.bb:do_package_setscene)
NOTE: recipe setools-4.5.1-r0: task do_package_setscene: Started
NOTE: recipe setools-4.5.1-r0: task do_package_setscene: Succeeded
NOTE: Running setscene task 1804 of 2241 (/home/andrew/poky/meta/recipes-core/kbd/kbd_2.6.4.bb:do_recipe_qa_setscene)
NOTE: recipe kbd-2.6.4-r0: task do_recipe_qa_setscene: Started
NOTE: recipe kbd-2.6.4-r0: task do_recipe_qa_setscene: Succeeded
NOTE: Running setscene task 1806 of 2241 (/home/andrew/poky/meta/recipes-devtools/python/python3-packaging_23.2.bb:do_recipe_qa_setscene)
NOTE: recipe python3-packaging-23.2-r0: task do_recipe_qa_setscene: Started
NOTE: recipe python3-packaging-23.2-r0: task do_recipe_qa_setscene: Succeeded
NOTE: Running setscene task 1807 of 2241 (/home/andrew/meta-selinux/recipes-security/selinux/libselinux-python_3.7.bb:do_recipe_qa_setscene)
NOTE: recipe libselinux-python-3.7-r0: task do_recipe_qa_setscene: Started
NOTE: recipe libselinux-python-3.7-r0: task do_recipe_qa_setscene: Succeeded
NOTE: Running setscene task 1808 of 2241 (/home/andrew/poky/meta/recipes-extended/findutils/findutils_4.9.0.bb:do_recipe_qa_setscene)
NOTE: recipe findutils-4.9.0-r0: task do_recipe_qa_setscene: Started
NOTE: recipe findutils-4.9.0-r0: task do_recipe_qa_setscene: Succeeded
NOTE: Running setscene task 1810 of 2241 (/home/andrew/meta-openembedded/meta-oe/recipes-devtools/jq/jq_1.7.1.bb:do_recipe_qa_setscene)
NOTE: recipe jq-1.7.1-r0: task do_recipe_qa_setscene: Started
NOTE: recipe jq-1.7.1-r0: task do_recipe_qa_setscene: Succeeded
NOTE: Running setscene task 1811 of 2241 (/home/andrew/poky/meta/recipes-extended/shadow/shadow-sysroot_4.6.bb:do_recipe_qa_setscene)
NOTE: recipe shadow-sysroot-4.6-r0: task do_recipe_qa_setscene: Started
NOTE: recipe shadow-sysroot-4.6-r0: task do_recipe_qa_setscene: Succeeded
NOTE: Running setscene task 1813 of 2241 (/home/andrew/meta-openembedded/meta-python/recipes-devtools/python/python3-networkx_3.1.bb:do_recipe_qa_setscene)
NOTE: recipe python3-networkx-3.1-r0: task do_recipe_qa_setscene: Started
NOTE: recipe python3-networkx-3.1-r0: task do_recipe_qa_setscene: Succeeded
NOTE: Running setscene task 1816 of 2241 (/home/andrew/poky/meta/recipes-core/libxml/libxml2_2.12.10.bb:do_recipe_qa_setscene)
NOTE: recipe libxml2-2.12.10-r0: task do_recipe_qa_setscene: Started
NOTE: recipe libxml2-2.12.10-r0: task do_recipe_qa_setscene: Succeeded
NOTE: Running setscene task 1818 of 2241 (/home/andrew/poky/meta/recipes-support/lzo/lzo_2.10.bb:do_packagedata_setscene)
NOTE: recipe lzo-2.10-r0: task do_packagedata_setscene: Started
NOTE: recipe lzo-2.10-r0: task do_packagedata_setscene: Succeeded
NOTE: Running setscene task 1820 of 2241 (/home/andrew/poky/meta/recipes-devtools/elfutils/elfutils_0.191.bb:do_packagedata_setscene)
NOTE: recipe elfutils-0.191-r0: task do_packagedata_setscene: Started
NOTE: recipe elfutils-0.191-r0: task do_packagedata_setscene: Succeeded
NOTE: Running setscene task 1821 of 2241 (/home/andrew/poky/meta/recipes-core/systemd/systemd-conf_1.0.bb:do_recipe_qa_setscene)
NOTE: recipe systemd-conf-1_1.0-r0: task do_recipe_qa_setscene: Started
NOTE: recipe systemd-conf-1_1.0-r0: task do_recipe_qa_setscene: Succeeded
NOTE: Running setscene task 1822 of 2241 (/home/andrew/poky/meta/recipes-core/systemd/systemd-compat-units.bb:do_recipe_qa_setscene)
NOTE: recipe systemd-compat-units-1.0-r0: task do_recipe_qa_setscene: Started
NOTE: recipe systemd-compat-units-1.0-r0: task do_recipe_qa_setscene: Succeeded
NOTE: Running setscene task 1823 of 2241 (/home/andrew/poky/meta/recipes-core/base-files/base-files_3.0.14.bb:do_create_spdx_setscene)
WARNING: Recipe inherits features_check but doesn't use it
NOTE: recipe base-files-3.0.14-r0: task do_create_spdx_setscene: Started
NOTE: recipe base-files-3.0.14-r0: task do_create_spdx_setscene: Succeeded
NOTE: Running setscene task 1824 of 2241 (/home/andrew/poky/meta/recipes-support/libnl/libnl_3.9.0.bb:do_populate_sysroot_setscene)
NOTE: recipe libnl-1_3.9.0-r0: task do_populate_sysroot_setscene: Started
NOTE: recipe libnl-1_3.9.0-r0: task do_populate_sysroot_setscene: Succeeded
NOTE: Running setscene task 1825 of 2241 (/home/andrew/poky/meta/recipes-core/dbus/dbus_1.14.10.bb:do_packagedata_setscene)
NOTE: recipe dbus-1.14.10-r0: task do_packagedata_setscene: Started
NOTE: recipe dbus-1.14.10-r0: task do_packagedata_setscene: Succeeded
NOTE: Running setscene task 1826 of 2241 (/home/andrew/poky/meta/recipes-devtools/squashfs-tools/squashfs-tools_git.bb:do_recipe_qa_setscene)
NOTE: recipe squashfs-tools-4.6.1-r0: task do_recipe_qa_setscene: Started
NOTE: recipe squashfs-tools-4.6.1-r0: task do_recipe_qa_setscene: Succeeded
NOTE: Running setscene task 1828 of 2241 (/home/andrew/poky/meta/recipes-gnome/json-glib/json-glib_1.8.0.bb:do_package_setscene)
NOTE: recipe json-glib-1.8.0-r0: task do_package_setscene: Started
NOTE: recipe json-glib-1.8.0-r0: task do_package_setscene: Succeeded
NOTE: Running setscene task 1829 of 2241 (/home/andrew/meta-openembedded/meta-oe/recipes-support/pps-tools/pps-tools_1.0.3.bb:do_package_setscene)
NOTE: recipe pps-tools-1.0.3-r0: task do_package_setscene: Started
NOTE: recipe pps-tools-1.0.3-r0: task do_package_setscene: Succeeded
NOTE: Running setscene task 1830 of 2241 (/home/andrew/poky/meta/recipes-extended/iptables/iptables_1.8.10.bb:do_populate_sysroot_setscene)
NOTE: recipe iptables-1.8.10-r0: task do_populate_sysroot_setscene: Started
NOTE: recipe iptables-1.8.10-r0: task do_populate_sysroot_setscene: Succeeded
NOTE: Running setscene task 1831 of 2241 (/home/andrew/poky/meta/recipes-support/lz4/lz4_1.9.4.bb:do_packagedata_setscene)
NOTE: recipe lz4-1_1.9.4-r0: task do_packagedata_setscene: Started
NOTE: recipe lz4-1_1.9.4-r0: task do_packagedata_setscene: Succeeded
NOTE: Running setscene task 1834 of 2241 (/home/andrew/meta-selinux/recipes-security/selinux/policycoreutils_3.7.bb:do_recipe_qa_setscene)
NOTE: recipe policycoreutils-3.7-r0: task do_recipe_qa_setscene: Started
NOTE: recipe policycoreutils-3.7-r0: task do_recipe_qa_setscene: Succeeded
NOTE: Running setscene task 1835 of 2241 (/home/andrew/meta-openembedded/meta-oe/recipes-support/onig/onig_6.9.9.bb:do_populate_sysroot_setscene)
NOTE: recipe onig-6.9.9-r0: task do_populate_sysroot_setscene: Started
NOTE: recipe onig-6.9.9-r0: task do_populate_sysroot_setscene: Succeeded
NOTE: Running setscene task 1836 of 2241 (/home/andrew/poky/meta/recipes-support/lzo/lzo_2.10.bb:do_populate_sysroot_setscene)
NOTE: recipe lzo-2.10-r0: task do_populate_sysroot_setscene: Started
NOTE: recipe lzo-2.10-r0: task do_populate_sysroot_setscene: Succeeded
NOTE: Running setscene task 1839 of 2241 (/home/andrew/poky/meta/recipes-support/lzo/lzo_2.10.bb:do_package_setscene)
NOTE: recipe lzo-2.10-r0: task do_package_setscene: Started
NOTE: recipe lzo-2.10-r0: task do_package_setscene: Succeeded
NOTE: Running setscene task 1842 of 2241 (/home/andrew/poky/meta/recipes-core/dbus/dbus_1.14.10.bb:do_package_setscene)
NOTE: recipe dbus-1.14.10-r0: task do_package_setscene: Started
NOTE: recipe dbus-1.14.10-r0: task do_package_setscene: Succeeded
NOTE: Running setscene task 1844 of 2241 (/home/andrew/poky/meta/recipes-support/libyaml/libyaml_0.2.5.bb:do_packagedata_setscene)
NOTE: recipe libyaml-0.2.5-r0: task do_packagedata_setscene: Started
NOTE: recipe libyaml-0.2.5-r0: task do_packagedata_setscene: Succeeded
NOTE: Running setscene task 1845 of 2241 (/home/andrew/poky/meta/recipes-support/libnl/libnl_3.9.0.bb:do_packagedata_setscene)
NOTE: recipe libnl-1_3.9.0-r0: task do_packagedata_setscene: Started
NOTE: recipe libnl-1_3.9.0-r0: task do_packagedata_setscene: Succeeded
NOTE: Running setscene task 1846 of 2241 (/home/andrew/meta-selinux/recipes-security/selinux-scripts/selinux-autorelabel_0.1.bb:do_package_setscene)
NOTE: recipe selinux-autorelabel-0.1-r0: task do_package_setscene: Started
NOTE: recipe selinux-autorelabel-0.1-r0: task do_package_setscene: Succeeded
NOTE: Running setscene task 1847 of 2241 (/home/andrew/meta-selinux/recipes-security/refpolicy/refpolicy-targeted_git.bb:do_recipe_qa_setscene)
NOTE: recipe refpolicy-targeted-2.20240226+git-r0: task do_recipe_qa_setscene: Started
NOTE: recipe refpolicy-targeted-2.20240226+git-r0: task do_recipe_qa_setscene: Succeeded
NOTE: Running setscene task 1848 of 2241 (/home/andrew/poky/meta/recipes-devtools/binutils/binutils_2.42.bb:do_recipe_qa_setscene)
NOTE: recipe binutils-2.42-r0: task do_recipe_qa_setscene: Started
NOTE: recipe binutils-2.42-r0: task do_recipe_qa_setscene: Succeeded
NOTE: Running setscene task 1850 of 2241 (/home/andrew/meta-openembedded/meta-python/recipes-devtools/python/python3-ipy_1.01.bb:do_recipe_qa_setscene)
NOTE: recipe python3-ipy-1.01-r0: task do_recipe_qa_setscene: Started
NOTE: recipe python3-ipy-1.01-r0: task do_recipe_qa_setscene: Succeeded
NOTE: Running setscene task 1852 of 2241 (/home/andrew/meta-rauc/recipes-core/rauc/rauc_1.15.2.bb:do_recipe_qa_setscene)
NOTE: recipe rauc-1.15.2-r0: task do_recipe_qa_setscene: Started
NOTE: recipe rauc-1.15.2-r0: task do_recipe_qa_setscene: Succeeded
NOTE: Running setscene task 1854 of 2241 (/home/andrew/meta-openembedded/meta-oe/recipes-support/onig/onig_6.9.9.bb:do_package_setscene)
NOTE: recipe onig-6.9.9-r0: task do_package_setscene: Started
NOTE: recipe onig-6.9.9-r0: task do_package_setscene: Succeeded
NOTE: Running setscene task 1855 of 2241 (/home/andrew/poky/meta/recipes-devtools/elfutils/elfutils_0.191.bb:do_package_setscene)
NOTE: recipe elfutils-0.191-r0: task do_package_setscene: Started
NOTE: recipe glibc-locale-2.39+git-r0: task do_package_setscene: Succeeded
NOTE: Running setscene task 1856 of 2241 (/home/andrew/poky/meta/recipes-devtools/python/python3-setuptools_69.1.1.bb:do_recipe_qa_setscene)
NOTE: recipe python3-setuptools-69.1.1-r0: task do_recipe_qa_setscene: Started
NOTE: recipe python3-setuptools-69.1.1-r0: task do_recipe_qa_setscene: Succeeded
NOTE: Running setscene task 1857 of 2241 (/home/andrew/poky/meta/recipes-support/lz4/lz4_1.9.4.bb:do_package_setscene)
NOTE: recipe lz4-1_1.9.4-r0: task do_package_setscene: Started
NOTE: recipe lz4-1_1.9.4-r0: task do_package_setscene: Succeeded
NOTE: Running setscene task 1860 of 2241 (/home/andrew/poky/meta/recipes-extended/libmnl/libmnl_1.0.5.bb:do_packagedata_setscene)
NOTE: recipe libmnl-1.0.5-r0: task do_packagedata_setscene: Started
NOTE: recipe libmnl-1.0.5-r0: task do_packagedata_setscene: Succeeded
NOTE: Running setscene task 1865 of 2241 (/home/andrew/poky/meta/recipes-extended/libmnl/libmnl_1.0.5.bb:do_populate_sysroot_setscene)
NOTE: recipe libmnl-1.0.5-r0: task do_populate_sysroot_setscene: Started
NOTE: recipe libmnl-1.0.5-r0: task do_populate_sysroot_setscene: Succeeded
NOTE: Running setscene task 1867 of 2241 (/home/andrew/tactiq-os/recipes-core/tactiq-config/tactiq-config_2.0.0.bb:do_recipe_qa_setscene)
NOTE: recipe tactiq-config-2.0.0-r0: task do_recipe_qa_setscene: Started
NOTE: recipe tactiq-config-2.0.0-r0: task do_recipe_qa_setscene: Succeeded
NOTE: Running setscene task 1869 of 2241 (/home/andrew/poky/meta/recipes-kernel/linux/linux-yocto_6.6.bb:do_deploy_source_date_epoch_setscene)
NOTE: recipe linux-yocto-6.6.123+git-r0: task do_deploy_source_date_epoch_setscene: Started
NOTE: recipe linux-yocto-6.6.123+git-r0: task do_deploy_source_date_epoch_setscene: Succeeded
NOTE: Running setscene task 1870 of 2241 (/home/andrew/poky/meta/recipes-kernel/linux/linux-yocto_6.6.bb:do_recipe_qa_setscene)
NOTE: recipe elfutils-0.191-r0: task do_package_setscene: Succeeded
NOTE: Running setscene task 1871 of 2241 (/home/andrew/poky/meta/recipes-devtools/qemu/qemuwrapper-cross_1.0.bb:do_recipe_qa_setscene)
NOTE: recipe qemuwrapper-cross-1.0-r0: task do_recipe_qa_setscene: Started
NOTE: recipe linux-yocto-6.6.123+git-r0: task do_recipe_qa_setscene: Started
NOTE: recipe qemuwrapper-cross-1.0-r0: task do_recipe_qa_setscene: Succeeded
NOTE: Running setscene task 1873 of 2241 (/home/andrew/poky/meta/recipes-extended/shadow/shadow-securetty_4.6.bb:do_recipe_qa_setscene)
NOTE: recipe linux-yocto-6.6.123+git-r0: task do_recipe_qa_setscene: Succeeded
NOTE: Running setscene task 1876 of 2241 (/home/andrew/poky/meta/recipes-extended/iptables/iptables_1.8.10.bb:do_packagedata_setscene)
NOTE: recipe shadow-securetty-4.6-r0: task do_recipe_qa_setscene: Started
NOTE: recipe iptables-1.8.10-r0: task do_packagedata_setscene: Started
NOTE: recipe shadow-securetty-4.6-r0: task do_recipe_qa_setscene: Succeeded
NOTE: Running setscene task 1878 of 2241 (/home/andrew/poky/meta/recipes-core/readline/readline_8.2.bb:do_recipe_qa_setscene)
NOTE: recipe iptables-1.8.10-r0: task do_packagedata_setscene: Succeeded
NOTE: Running setscene task 1879 of 2241 (/home/andrew/poky/meta/recipes-devtools/e2fsprogs/e2fsprogs_1.47.0.bb:do_recipe_qa_setscene)
NOTE: recipe readline-8.2-r0: task do_recipe_qa_setscene: Started
NOTE: recipe readline-8.2-r0: task do_recipe_qa_setscene: Succeeded
NOTE: recipe e2fsprogs-1.47.0-r0: task do_recipe_qa_setscene: Started
NOTE: Running setscene task 1880 of 2241 (/home/andrew/meta-openembedded/meta-oe/recipes-support/pps-tools/pps-tools_1.0.3.bb:do_populate_sysroot_setscene)
NOTE: recipe pps-tools-1.0.3-r0: task do_populate_sysroot_setscene: Started
NOTE: recipe e2fsprogs-1.47.0-r0: task do_recipe_qa_setscene: Succeeded
NOTE: Running setscene task 1883 of 2241 (/home/andrew/poky/meta/recipes-core/initscripts/initscripts_1.0.bb:do_recipe_qa_setscene)
NOTE: recipe initscripts-1.0-r0: task do_recipe_qa_setscene: Started
NOTE: recipe pps-tools-1.0.3-r0: task do_populate_sysroot_setscene: Succeeded
NOTE: Running setscene task 1884 of 2241 (/home/andrew/poky/meta/recipes-extended/tar/tar_1.35.bb:do_recipe_qa_setscene)
NOTE: recipe tar-1.35-r0: task do_recipe_qa_setscene: Started
NOTE: recipe initscripts-1.0-r0: task do_recipe_qa_setscene: Succeeded
NOTE: Running setscene task 1891 of 2241 (/home/andrew/tactiq-os/recipes-core/tactiq-agent/tactiq-agent_2.0.0.bb:do_recipe_qa_setscene)
NOTE: recipe tactiq-agent-2.0.0-r0: task do_recipe_qa_setscene: Started
NOTE: recipe tar-1.35-r0: task do_recipe_qa_setscene: Succeeded
NOTE: Running setscene task 1892 of 2241 (/home/andrew/poky/meta/recipes-support/shared-mime-info/shared-mime-info_2.4.bb:do_recipe_qa_setscene)
NOTE: recipe shared-mime-info-2.4-r0: task do_recipe_qa_setscene: Started
NOTE: recipe tactiq-agent-2.0.0-r0: task do_recipe_qa_setscene: Succeeded
NOTE: Running setscene task 1893 of 2241 (/home/andrew/poky/meta/recipes-extended/bash/bash_5.2.21.bb:do_recipe_qa_setscene)
NOTE: recipe shared-mime-info-2.4-r0: task do_recipe_qa_setscene: Succeeded
NOTE: Running setscene task 1895 of 2241 (/home/andrew/tactiq-os/recipes-core/tactiq-release/tactiq-release_2.0.0.bb:do_recipe_qa_setscene)
NOTE: recipe tactiq-release-2.0.0-r0: task do_recipe_qa_setscene: Started
NOTE: recipe bash-5.2.21-r0: task do_recipe_qa_setscene: Started
NOTE: recipe tactiq-release-2.0.0-r0: task do_recipe_qa_setscene: Succeeded
NOTE: recipe bash-5.2.21-r0: task do_recipe_qa_setscene: Succeeded
NOTE: Running setscene task 1896 of 2241 (/home/andrew/poky/meta/recipes-extended/libarchive/libarchive_3.7.9.bb:do_packagedata_setscene)
NOTE: Running setscene task 1897 of 2241 (/home/andrew/poky/meta/recipes-devtools/perl/perl_5.38.4.bb:do_recipe_qa_setscene)
NOTE: recipe libarchive-3.7.9-r0: task do_packagedata_setscene: Started
NOTE: recipe perl-5.38.4-r0: task do_recipe_qa_setscene: Started
NOTE: recipe libarchive-3.7.9-r0: task do_packagedata_setscene: Succeeded
NOTE: recipe perl-5.38.4-r0: task do_recipe_qa_setscene: Succeeded
NOTE: Running setscene task 1898 of 2241 (/home/andrew/poky/meta/recipes-support/libmicrohttpd/libmicrohttpd_1.0.1.bb:do_populate_sysroot_setscene)
NOTE: Running setscene task 1901 of 2241 (/home/andrew/poky/meta/recipes-connectivity/openssh/openssh_9.6p1.bb:do_recipe_qa_setscene)
NOTE: recipe libmicrohttpd-1.0.1-r0: task do_populate_sysroot_setscene: Started
NOTE: recipe openssh-9.6p1-r0: task do_recipe_qa_setscene: Started
NOTE: recipe libmicrohttpd-1.0.1-r0: task do_populate_sysroot_setscene: Succeeded
NOTE: Running setscene task 1902 of 2241 (/home/andrew/poky/meta/recipes-core/systemd/systemd_255.21.bb:do_packagedata_setscene)
NOTE: recipe openssh-9.6p1-r0: task do_recipe_qa_setscene: Succeeded
NOTE: Running setscene task 1903 of 2241 (/home/andrew/poky/meta/recipes-extended/procps/procps_4.0.4.bb:do_recipe_qa_setscene)
NOTE: recipe procps-4.0.4-r0: task do_recipe_qa_setscene: Started
NOTE: recipe systemd-1_255.21-r0: task do_packagedata_setscene: Started
NOTE: recipe procps-4.0.4-r0: task do_recipe_qa_setscene: Succeeded
NOTE: Running setscene task 1907 of 2241 (/home/andrew/poky/meta/recipes-extended/libmnl/libmnl_1.0.5.bb:do_package_setscene)
NOTE: recipe systemd-1_255.21-r0: task do_packagedata_setscene: Succeeded
NOTE: Running setscene task 1908 of 2241 (/home/andrew/poky/meta/recipes-core/glib-2.0/glib-2.0_2.78.6.bb:do_populate_sysroot_setscene)
NOTE: recipe libmnl-1.0.5-r0: task do_package_setscene: Started
NOTE: recipe glib-2.0-1_2.78.6-r0: task do_populate_sysroot_setscene: Started
NOTE: recipe libmnl-1.0.5-r0: task do_package_setscene: Succeeded
NOTE: Running setscene task 1911 of 2241 (/home/andrew/meta-openembedded/meta-python/recipes-devtools/python/python3-distro_1.9.0.bb:do_recipe_qa_setscene)
NOTE: recipe glib-2.0-1_2.78.6-r0: task do_populate_sysroot_setscene: Succeeded
NOTE: Running setscene task 1912 of 2241 (/home/andrew/poky/meta/recipes-gnome/json-glib/json-glib_1.8.0.bb:do_recipe_qa_setscene)
NOTE: recipe python3-distro-1.9.0-r0: task do_recipe_qa_setscene: Started
NOTE: recipe python3-distro-1.9.0-r0: task do_recipe_qa_setscene: Succeeded
NOTE: Running setscene task 1913 of 2241 (/home/andrew/poky/meta/recipes-core/glib-2.0/glib-2.0_2.78.6.bb:do_packagedata_setscene)
NOTE: recipe json-glib-1.8.0-r0: task do_recipe_qa_setscene: Started
NOTE: recipe json-glib-1.8.0-r0: task do_recipe_qa_setscene: Succeeded
NOTE: Running setscene task 1914 of 2241 (/home/andrew/meta-openembedded/meta-networking/recipes-support/chrony/chrony_4.5.bb:do_recipe_qa_setscene)
NOTE: recipe glib-2.0-1_2.78.6-r0: task do_packagedata_setscene: Started
NOTE: recipe chrony-4.5-r0: task do_recipe_qa_setscene: Started
NOTE: recipe chrony-4.5-r0: task do_recipe_qa_setscene: Succeeded
NOTE: Running setscene task 1915 of 2241 (/home/andrew/poky/meta/recipes-extended/libarchive/libarchive_3.7.9.bb:do_populate_sysroot_setscene)
NOTE: recipe libarchive-3.7.9-r0: task do_populate_sysroot_setscene: Started
NOTE: recipe glib-2.0-1_2.78.6-r0: task do_packagedata_setscene: Succeeded
NOTE: Running setscene task 1916 of 2241 (/home/andrew/meta-selinux/recipes-security/setools/setools_4.5.1.bb:do_recipe_qa_setscene)
NOTE: recipe libarchive-3.7.9-r0: task do_populate_sysroot_setscene: Succeeded
NOTE: Running setscene task 1917 of 2241 (/home/andrew/poky/meta/recipes-core/systemd/systemd_255.21.bb:do_populate_sysroot_setscene)
NOTE: recipe setools-4.5.1-r0: task do_recipe_qa_setscene: Started
NOTE: recipe setools-4.5.1-r0: task do_recipe_qa_setscene: Succeeded
NOTE: Running setscene task 1918 of 2241 (/home/andrew/poky/meta/recipes-support/libnl/libnl_3.9.0.bb:do_package_setscene)
NOTE: recipe systemd-1_255.21-r0: task do_populate_sysroot_setscene: Started
NOTE: recipe libnl-1_3.9.0-r0: task do_package_setscene: Started
NOTE: recipe systemd-1_255.21-r0: task do_populate_sysroot_setscene: Succeeded
NOTE: Running setscene task 1919 of 2241 (/home/andrew/poky/meta/recipes-extended/iptables/iptables_1.8.10.bb:do_package_setscene)
NOTE: recipe iptables-1.8.10-r0: task do_package_setscene: Started
NOTE: recipe libnl-1_3.9.0-r0: task do_package_setscene: Succeeded
NOTE: Running setscene task 1920 of 2241 (/home/andrew/poky/meta/recipes-bsp/u-boot/libubootenv_0.3.5.bb:do_recipe_qa_setscene)
NOTE: recipe libubootenv-0.3.5-r0: task do_recipe_qa_setscene: Started
NOTE: recipe libubootenv-0.3.5-r0: task do_recipe_qa_setscene: Succeeded
NOTE: Running setscene task 1921 of 2241 (/home/andrew/poky/meta/recipes-support/libyaml/libyaml_0.2.5.bb:do_package_setscene)
NOTE: recipe libyaml-0.2.5-r0: task do_package_setscene: Started
NOTE: recipe iptables-1.8.10-r0: task do_package_setscene: Succeeded
NOTE: Running setscene task 1922 of 2241 (/home/andrew/poky/meta/recipes-core/systemd/systemd_255.21.bb:do_package_setscene)
NOTE: recipe libyaml-0.2.5-r0: task do_package_setscene: Succeeded
NOTE: Running setscene task 1928 of 2241 (/home/andrew/poky/meta/recipes-support/libmicrohttpd/libmicrohttpd_1.0.1.bb:do_packagedata_setscene)
NOTE: recipe systemd-1_255.21-r0: task do_package_setscene: Started
NOTE: recipe libmicrohttpd-1.0.1-r0: task do_packagedata_setscene: Started
NOTE: recipe libmicrohttpd-1.0.1-r0: task do_packagedata_setscene: Succeeded
NOTE: Running setscene task 1930 of 2241 (/home/andrew/poky/meta/recipes-core/dbus/dbus_1.14.10.bb:do_recipe_qa_setscene)
NOTE: recipe dbus-1.14.10-r0: task do_recipe_qa_setscene: Started
NOTE: recipe dbus-1.14.10-r0: task do_recipe_qa_setscene: Succeeded
NOTE: Running setscene task 1931 of 2241 (/home/andrew/meta-selinux/recipes-security/selinux-scripts/selinux-autorelabel_0.1.bb:do_recipe_qa_setscene)
NOTE: recipe selinux-autorelabel-0.1-r0: task do_recipe_qa_setscene: Started
NOTE: recipe selinux-autorelabel-0.1-r0: task do_recipe_qa_setscene: Succeeded
NOTE: Running setscene task 1932 of 2241 (/home/andrew/poky/meta/recipes-extended/libarchive/libarchive_3.7.9.bb:do_package_setscene)
NOTE: recipe libarchive-3.7.9-r0: task do_package_setscene: Started
NOTE: recipe libarchive-3.7.9-r0: task do_package_setscene: Succeeded
NOTE: Running setscene task 1933 of 2241 (/home/andrew/poky/meta/recipes-support/libmicrohttpd/libmicrohttpd_1.0.1.bb:do_package_setscene)
NOTE: recipe libmicrohttpd-1.0.1-r0: task do_package_setscene: Started
NOTE: recipe libmicrohttpd-1.0.1-r0: task do_package_setscene: Succeeded
NOTE: Running setscene task 1934 of 2241 (/home/andrew/poky/meta/recipes-support/gnutls/gnutls_3.8.4.bb:do_populate_sysroot_setscene)
NOTE: recipe gnutls-3.8.4-r0: task do_populate_sysroot_setscene: Started
NOTE: recipe gnutls-3.8.4-r0: task do_populate_sysroot_setscene: Succeeded
NOTE: Running setscene task 1935 of 2241 (/home/andrew/poky/meta/recipes-support/libgcrypt/libgcrypt_1.10.3.bb:do_packagedata_setscene)
NOTE: recipe libgcrypt-1.10.3-r0: task do_packagedata_setscene: Started
NOTE: recipe libgcrypt-1.10.3-r0: task do_packagedata_setscene: Succeeded
NOTE: Running setscene task 1936 of 2241 (/home/andrew/meta-openembedded/meta-oe/recipes-support/onig/onig_6.9.9.bb:do_recipe_qa_setscene)
NOTE: recipe onig-6.9.9-r0: task do_recipe_qa_setscene: Started
NOTE: recipe onig-6.9.9-r0: task do_recipe_qa_setscene: Succeeded
NOTE: Running setscene task 1938 of 2241 (/home/andrew/poky/meta/recipes-devtools/file/file_5.45.bb:do_packagedata_setscene)
NOTE: recipe file-5.45-r0: task do_packagedata_setscene: Started
NOTE: recipe file-5.45-r0: task do_packagedata_setscene: Succeeded
NOTE: Running setscene task 1942 of 2241 (/home/andrew/poky/meta/recipes-support/gnutls/gnutls_3.8.4.bb:do_packagedata_setscene)
NOTE: recipe gnutls-3.8.4-r0: task do_packagedata_setscene: Started
NOTE: recipe gnutls-3.8.4-r0: task do_packagedata_setscene: Succeeded
NOTE: Running setscene task 1943 of 2241 (/home/andrew/poky/meta/recipes-extended/libmnl/libmnl_1.0.5.bb:do_recipe_qa_setscene)
NOTE: recipe libmnl-1.0.5-r0: task do_recipe_qa_setscene: Started
NOTE: recipe libmnl-1.0.5-r0: task do_recipe_qa_setscene: Succeeded
NOTE: Running setscene task 1944 of 2241 (/home/andrew/poky/meta/recipes-support/libmicrohttpd/libmicrohttpd_1.0.1.bb:do_recipe_qa_setscene)
NOTE: recipe libmicrohttpd-1.0.1-r0: task do_recipe_qa_setscene: Started
NOTE: recipe libmicrohttpd-1.0.1-r0: task do_recipe_qa_setscene: Succeeded
NOTE: Running setscene task 1949 of 2241 (/home/andrew/poky/meta/recipes-support/lzo/lzo_2.10.bb:do_recipe_qa_setscene)
NOTE: recipe lzo-2.10-r0: task do_recipe_qa_setscene: Started
NOTE: recipe lzo-2.10-r0: task do_recipe_qa_setscene: Succeeded
NOTE: Running setscene task 1950 of 2241 (/home/andrew/poky/meta/recipes-support/lz4/lz4_1.9.4.bb:do_recipe_qa_setscene)
NOTE: recipe lz4-1_1.9.4-r0: task do_recipe_qa_setscene: Started
NOTE: recipe lz4-1_1.9.4-r0: task do_recipe_qa_setscene: Succeeded
NOTE: Running setscene task 1952 of 2241 (/home/andrew/meta-openembedded/meta-oe/recipes-support/pps-tools/pps-tools_1.0.3.bb:do_recipe_qa_setscene)
NOTE: recipe pps-tools-1.0.3-r0: task do_recipe_qa_setscene: Started
NOTE: recipe pps-tools-1.0.3-r0: task do_recipe_qa_setscene: Succeeded
NOTE: Running setscene task 1953 of 2241 (/home/andrew/poky/meta/recipes-support/libyaml/libyaml_0.2.5.bb:do_recipe_qa_setscene)
NOTE: recipe systemd-1_255.21-r0: task do_package_setscene: Succeeded
NOTE: recipe libyaml-0.2.5-r0: task do_recipe_qa_setscene: Started
NOTE: Running setscene task 1954 of 2241 (/home/andrew/poky/meta/recipes-support/libgcrypt/libgcrypt_1.10.3.bb:do_package_setscene)
NOTE: recipe libyaml-0.2.5-r0: task do_recipe_qa_setscene: Succeeded
NOTE: Running setscene task 1956 of 2241 (/home/andrew/poky/meta/recipes-core/glib-2.0/glib-2.0_2.78.6.bb:do_package_setscene)
NOTE: recipe libgcrypt-1.10.3-r0: task do_package_setscene: Started
NOTE: recipe glib-2.0-1_2.78.6-r0: task do_package_setscene: Started
NOTE: recipe libgcrypt-1.10.3-r0: task do_package_setscene: Succeeded
NOTE: Running setscene task 1958 of 2241 (/home/andrew/poky/meta/recipes-support/curl/curl_8.7.1.bb:do_populate_sysroot_setscene)
NOTE: recipe curl-8.7.1-r0: task do_populate_sysroot_setscene: Started
NOTE: recipe curl-8.7.1-r0: task do_populate_sysroot_setscene: Succeeded
NOTE: Running setscene task 1960 of 2241 (/home/andrew/poky/meta/recipes-support/curl/curl_8.7.1.bb:do_packagedata_setscene)
NOTE: recipe curl-8.7.1-r0: task do_packagedata_setscene: Started
NOTE: recipe curl-8.7.1-r0: task do_packagedata_setscene: Succeeded
NOTE: Running setscene task 1963 of 2241 (/home/andrew/poky/meta/recipes-support/libcap/libcap_2.69.bb:do_packagedata_setscene)
NOTE: recipe libcap-2.69-r0: task do_packagedata_setscene: Started
NOTE: recipe libcap-2.69-r0: task do_packagedata_setscene: Succeeded
NOTE: Running setscene task 1964 of 2241 (/home/andrew/poky/meta/recipes-devtools/elfutils/elfutils_0.191.bb:do_recipe_qa_setscene)
NOTE: recipe elfutils-0.191-r0: task do_recipe_qa_setscene: Started
NOTE: recipe elfutils-0.191-r0: task do_recipe_qa_setscene: Succeeded
NOTE: Running setscene task 1965 of 2241 (/home/andrew/poky/meta/recipes-extended/iptables/iptables_1.8.10.bb:do_recipe_qa_setscene)
NOTE: recipe iptables-1.8.10-r0: task do_recipe_qa_setscene: Started
NOTE: recipe iptables-1.8.10-r0: task do_recipe_qa_setscene: Succeeded
NOTE: Running setscene task 1966 of 2241 (/home/andrew/poky/meta/recipes-devtools/file/file_5.45.bb:do_populate_sysroot_setscene)
NOTE: recipe file-5.45-r0: task do_populate_sysroot_setscene: Started
NOTE: recipe glib-2.0-1_2.78.6-r0: task do_package_setscene: Succeeded
NOTE: Running setscene task 1967 of 2241 (/home/andrew/poky/meta/recipes-support/libnl/libnl_3.9.0.bb:do_recipe_qa_setscene)
NOTE: recipe file-5.45-r0: task do_populate_sysroot_setscene: Succeeded
NOTE: Running setscene task 1968 of 2241 (/home/andrew/poky/meta/recipes-support/libgpg-error/libgpg-error_1.48.bb:do_packagedata_setscene)
NOTE: recipe libnl-1_3.9.0-r0: task do_recipe_qa_setscene: Started
NOTE: recipe libgpg-error-1.48-r0: task do_packagedata_setscene: Started
NOTE: recipe libnl-1_3.9.0-r0: task do_recipe_qa_setscene: Succeeded
NOTE: Running setscene task 1971 of 2241 (/home/andrew/poky/meta/recipes-support/attr/acl_2.3.2.bb:do_packagedata_setscene)
NOTE: recipe libgpg-error-1.48-r0: task do_packagedata_setscene: Succeeded
NOTE: Running setscene task 1974 of 2241 (/home/andrew/poky/meta/recipes-support/libgcrypt/libgcrypt_1.10.3.bb:do_populate_sysroot_setscene)
NOTE: recipe acl-2.3.2-r0: task do_packagedata_setscene: Started
NOTE: recipe libgcrypt-1.10.3-r0: task do_populate_sysroot_setscene: Started
NOTE: recipe acl-2.3.2-r0: task do_packagedata_setscene: Succeeded
NOTE: Running setscene task 1975 of 2241 (/home/andrew/poky/meta/recipes-core/util-linux/util-linux_2.39.3.bb:do_populate_sysroot_setscene)
NOTE: recipe libgcrypt-1.10.3-r0: task do_populate_sysroot_setscene: Succeeded
NOTE: Running setscene task 1976 of 2241 (/home/andrew/poky/meta/recipes-support/libgpg-error/libgpg-error_1.48.bb:do_package_setscene)
NOTE: recipe util-linux-2.39.3-r0: task do_populate_sysroot_setscene: Started
NOTE: recipe libgpg-error-1.48-r0: task do_package_setscene: Started
NOTE: recipe util-linux-2.39.3-r0: task do_populate_sysroot_setscene: Succeeded
NOTE: Running setscene task 1977 of 2241 (/home/andrew/poky/meta/recipes-extended/libarchive/libarchive_3.7.9.bb:do_recipe_qa_setscene)
NOTE: recipe libarchive-3.7.9-r0: task do_recipe_qa_setscene: Started
NOTE: recipe libarchive-3.7.9-r0: task do_recipe_qa_setscene: Succeeded
NOTE: Running setscene task 1978 of 2241 (/home/andrew/poky/meta/recipes-support/libcap/libcap_2.69.bb:do_package_setscene)
NOTE: recipe libgpg-error-1.48-r0: task do_package_setscene: Succeeded
NOTE: Running setscene task 1980 of 2241 (/home/andrew/poky/meta/recipes-kernel/kmod/kmod_31.bb:do_packagedata_setscene)
NOTE: recipe libcap-2.69-r0: task do_package_setscene: Started
NOTE: recipe kmod-31-r0: task do_packagedata_setscene: Started
NOTE: recipe kmod-31-r0: task do_packagedata_setscene: Succeeded
NOTE: Running setscene task 1981 of 2241 (/home/andrew/poky/meta/recipes-kernel/kmod/kmod_31.bb:do_populate_sysroot_setscene)
NOTE: recipe libcap-2.69-r0: task do_package_setscene: Succeeded
NOTE: Running setscene task 1982 of 2241 (/home/andrew/poky/meta/recipes-core/base-files/base-files_3.0.14.bb:do_populate_sysroot_setscene)
WARNING: Recipe inherits features_check but doesn't use it
NOTE: recipe kmod-31-r0: task do_populate_sysroot_setscene: Started
NOTE: recipe base-files-3.0.14-r0: task do_populate_sysroot_setscene: Started
NOTE: recipe kmod-31-r0: task do_populate_sysroot_setscene: Succeeded
NOTE: Running setscene task 1983 of 2241 (/home/andrew/poky/meta/recipes-support/gnutls/gnutls_3.8.4.bb:do_package_setscene)
NOTE: recipe base-files-3.0.14-r0: task do_populate_sysroot_setscene: Succeeded
NOTE: Running setscene task 1984 of 2241 (/home/andrew/poky/meta/recipes-kernel/kmod/kmod_31.bb:do_package_setscene)
NOTE: recipe gnutls-3.8.4-r0: task do_package_setscene: Started
NOTE: recipe kmod-31-r0: task do_package_setscene: Started
NOTE: recipe kmod-31-r0: task do_package_setscene: Succeeded
NOTE: Running setscene task 1985 of 2241 (/home/andrew/poky/meta/recipes-core/base-passwd/base-passwd_3.6.3.bb:do_packagedata_setscene)
NOTE: recipe base-passwd-3.6.3-r0: task do_packagedata_setscene: Started
NOTE: recipe base-passwd-3.6.3-r0: task do_packagedata_setscene: Succeeded
NOTE: Running setscene task 1986 of 2241 (/home/andrew/poky/meta/recipes-devtools/file/file_5.45.bb:do_package_setscene)
NOTE: recipe file-5.45-r0: task do_package_setscene: Started
NOTE: recipe file-5.45-r0: task do_package_setscene: Succeeded
NOTE: Running setscene task 1987 of 2241 (/home/andrew/poky/meta/recipes-extended/shadow/shadow_4.14.2.bb:do_populate_sysroot_setscene)
NOTE: recipe shadow-4.14.2-r0: task do_populate_sysroot_setscene: Started
NOTE: recipe shadow-4.14.2-r0: task do_populate_sysroot_setscene: Succeeded
NOTE: Running setscene task 1991 of 2241 (/home/andrew/poky/meta/recipes-extended/zstd/zstd_1.5.5.bb:do_packagedata_setscene)
NOTE: recipe zstd-1.5.5-r0: task do_packagedata_setscene: Started
NOTE: recipe zstd-1.5.5-r0: task do_packagedata_setscene: Succeeded
NOTE: Running setscene task 1992 of 2241 (/home/andrew/poky/meta/recipes-extended/lzip/lzlib_1.14.bb:do_packagedata_setscene)
NOTE: recipe lzlib-1.14-r0: task do_packagedata_setscene: Started
NOTE: recipe gnutls-3.8.4-r0: task do_package_setscene: Succeeded
NOTE: Running setscene task 1993 of 2241 (/home/andrew/poky/meta/recipes-extended/shadow/shadow_4.14.2.bb:do_packagedata_setscene)
NOTE: recipe lzlib-1.14-r0: task do_packagedata_setscene: Succeeded
NOTE: Running setscene task 1994 of 2241 (/home/andrew/poky/meta/recipes-support/attr/acl_2.3.2.bb:do_populate_sysroot_setscene)
NOTE: recipe shadow-4.14.2-r0: task do_packagedata_setscene: Started
NOTE: recipe acl-2.3.2-r0: task do_populate_sysroot_setscene: Started
NOTE: recipe shadow-4.14.2-r0: task do_packagedata_setscene: Succeeded
NOTE: Running setscene task 1995 of 2241 (/home/andrew/poky/meta/recipes-core/base-files/base-files_3.0.14.bb:do_packagedata_setscene)
WARNING: Recipe inherits features_check but doesn't use it
NOTE: recipe acl-2.3.2-r0: task do_populate_sysroot_setscene: Succeeded
NOTE: Running setscene task 1997 of 2241 (/home/andrew/poky/meta/recipes-support/gnutls/libtasn1_4.20.0.bb:do_populate_sysroot_setscene)
NOTE: recipe base-files-3.0.14-r0: task do_packagedata_setscene: Started
NOTE: recipe libtasn1-4.20.0-r0: task do_populate_sysroot_setscene: Started
NOTE: recipe base-files-3.0.14-r0: task do_packagedata_setscene: Succeeded
NOTE: Running setscene task 1999 of 2241 (/home/andrew/poky/meta/recipes-extended/zstd/zstd_1.5.5.bb:do_package_setscene)
NOTE: recipe libtasn1-4.20.0-r0: task do_populate_sysroot_setscene: Succeeded
NOTE: Running setscene task 2000 of 2241 (/home/andrew/poky/meta/recipes-support/curl/curl_8.7.1.bb:do_package_setscene)
NOTE: recipe zstd-1.5.5-r0: task do_package_setscene: Started
NOTE: recipe curl-8.7.1-r0: task do_package_setscene: Started
NOTE: recipe zstd-1.5.5-r0: task do_package_setscene: Succeeded
NOTE: Running setscene task 2001 of 2241 (/home/andrew/poky/meta/recipes-extended/zstd/zstd_1.5.5.bb:do_populate_sysroot_setscene)
NOTE: recipe zstd-1.5.5-r0: task do_populate_sysroot_setscene: Started
NOTE: recipe zstd-1.5.5-r0: task do_populate_sysroot_setscene: Succeeded
NOTE: Running setscene task 2003 of 2241 (/home/andrew/poky/meta/recipes-support/libseccomp/libseccomp_2.5.5.bb:do_populate_sysroot_setscene)
NOTE: recipe libseccomp-2.5.5-r0: task do_populate_sysroot_setscene: Started
NOTE: recipe libseccomp-2.5.5-r0: task do_populate_sysroot_setscene: Succeeded
NOTE: Running setscene task 2005 of 2241 (/home/andrew/poky/meta/recipes-core/base-passwd/base-passwd_3.6.3.bb:do_package_setscene)
NOTE: recipe curl-8.7.1-r0: task do_package_setscene: Succeeded
NOTE: Running setscene task 2008 of 2241 (/home/andrew/poky/meta/recipes-support/libcap/libcap_2.69.bb:do_populate_sysroot_setscene)
NOTE: recipe base-passwd-3.6.3-r0: task do_package_setscene: Started
NOTE: recipe libcap-2.69-r0: task do_populate_sysroot_setscene: Started
NOTE: recipe libcap-2.69-r0: task do_populate_sysroot_setscene: Succeeded
NOTE: Running setscene task 2009 of 2241 (/home/andrew/poky/meta/recipes-core/util-linux/util-linux_2.39.3.bb:do_packagedata_setscene)
NOTE: recipe base-passwd-3.6.3-r0: task do_package_setscene: Succeeded
NOTE: Running setscene task 2010 of 2241 (/home/andrew/poky/meta/recipes-support/attr/acl_2.3.2.bb:do_package_setscene)
NOTE: recipe util-linux-2.39.3-r0: task do_packagedata_setscene: Started
NOTE: recipe acl-2.3.2-r0: task do_package_setscene: Started
NOTE: recipe util-linux-2.39.3-r0: task do_packagedata_setscene: Succeeded
NOTE: Running setscene task 2011 of 2241 (/home/andrew/poky/meta/recipes-support/libgpg-error/libgpg-error_1.48.bb:do_populate_sysroot_setscene)
NOTE: recipe libgpg-error-1.48-r0: task do_populate_sysroot_setscene: Started
NOTE: recipe libgpg-error-1.48-r0: task do_populate_sysroot_setscene: Succeeded
NOTE: Running setscene task 2012 of 2241 (/home/andrew/poky/meta/recipes-devtools/file/file_5.45.bb:do_recipe_qa_setscene)
NOTE: recipe acl-2.3.2-r0: task do_package_setscene: Succeeded
NOTE: Running setscene task 2013 of 2241 (/home/andrew/poky/meta/recipes-support/nghttp2/nghttp2_1.61.0.bb:do_packagedata_setscene)
NOTE: recipe file-5.45-r0: task do_recipe_qa_setscene: Started
NOTE: recipe file-5.45-r0: task do_recipe_qa_setscene: Succeeded
NOTE: Running setscene task 2016 of 2241 (/home/andrew/poky/meta/recipes-core/systemd/systemd_255.21.bb:do_recipe_qa_setscene)
NOTE: recipe nghttp2-1.61.0-r0: task do_packagedata_setscene: Started
NOTE: recipe nghttp2-1.61.0-r0: task do_packagedata_setscene: Succeeded
NOTE: Running setscene task 2019 of 2241 (/home/andrew/poky/meta/recipes-extended/shadow/shadow_4.14.2.bb:do_package_setscene)
NOTE: recipe systemd-1_255.21-r0: task do_recipe_qa_setscene: Started
NOTE: recipe systemd-1_255.21-r0: task do_recipe_qa_setscene: Succeeded
NOTE: Running setscene task 2020 of 2241 (/home/andrew/poky/meta/recipes-extended/lzip/lzlib_1.14.bb:do_package_setscene)
NOTE: recipe shadow-4.14.2-r0: task do_package_setscene: Started
NOTE: recipe lzlib-1.14-r0: task do_package_setscene: Started
NOTE: recipe lzlib-1.14-r0: task do_package_setscene: Succeeded
NOTE: Running setscene task 2021 of 2241 (/home/andrew/poky/meta/recipes-extended/libidn/libidn2_2.3.7.bb:do_packagedata_setscene)
NOTE: recipe libidn2-2.3.7-r0: task do_packagedata_setscene: Started
NOTE: recipe libidn2-2.3.7-r0: task do_packagedata_setscene: Succeeded
NOTE: Running setscene task 2022 of 2241 (/home/andrew/poky/meta/recipes-support/nghttp2/nghttp2_1.61.0.bb:do_package_setscene)
NOTE: recipe nghttp2-1.61.0-r0: task do_package_setscene: Started
NOTE: recipe shadow-4.14.2-r0: task do_package_setscene: Succeeded
NOTE: Running setscene task 2023 of 2241 (/home/andrew/poky/meta/recipes-core/glib-2.0/glib-2.0_2.78.6.bb:do_recipe_qa_setscene)
NOTE: recipe nghttp2-1.61.0-r0: task do_package_setscene: Succeeded
NOTE: Running setscene task 2024 of 2241 (/home/andrew/poky/meta/recipes-support/libgcrypt/libgcrypt_1.10.3.bb:do_recipe_qa_setscene)
NOTE: recipe glib-2.0-1_2.78.6-r0: task do_recipe_qa_setscene: Started
NOTE: recipe libgcrypt-1.10.3-r0: task do_recipe_qa_setscene: Started
NOTE: recipe glib-2.0-1_2.78.6-r0: task do_recipe_qa_setscene: Succeeded
NOTE: Running setscene task 2025 of 2241 (/home/andrew/poky/meta/recipes-support/nettle/nettle_3.9.1.bb:do_packagedata_setscene)
NOTE: recipe libgcrypt-1.10.3-r0: task do_recipe_qa_setscene: Succeeded
NOTE: Running setscene task 2026 of 2241 (/home/andrew/poky/meta/recipes-support/libseccomp/libseccomp_2.5.5.bb:do_packagedata_setscene)
NOTE: recipe nettle-3.9.1-r0: task do_packagedata_setscene: Started
NOTE: recipe libseccomp-2.5.5-r0: task do_packagedata_setscene: Started
NOTE: recipe nettle-3.9.1-r0: task do_packagedata_setscene: Succeeded
NOTE: Running setscene task 2029 of 2241 (/home/andrew/poky/meta/recipes-extended/libidn/libidn2_2.3.7.bb:do_populate_sysroot_setscene)
NOTE: recipe libseccomp-2.5.5-r0: task do_packagedata_setscene: Succeeded
NOTE: Running setscene task 2030 of 2241 (/home/andrew/poky/meta/recipes-extended/lzip/lzlib_1.14.bb:do_populate_sysroot_setscene)
NOTE: recipe libidn2-2.3.7-r0: task do_populate_sysroot_setscene: Started
NOTE: recipe lzlib-1.14-r0: task do_populate_sysroot_setscene: Started
NOTE: recipe libidn2-2.3.7-r0: task do_populate_sysroot_setscene: Succeeded
NOTE: Running setscene task 2031 of 2241 (/home/andrew/poky/meta/recipes-support/gnutls/libtasn1_4.20.0.bb:do_packagedata_setscene)
NOTE: recipe lzlib-1.14-r0: task do_populate_sysroot_setscene: Succeeded
NOTE: Running setscene task 2032 of 2241 (/home/andrew/poky/meta/recipes-kernel/kmod/kmod_31.bb:do_recipe_qa_setscene)
NOTE: recipe libtasn1-4.20.0-r0: task do_packagedata_setscene: Started
NOTE: recipe kmod-31-r0: task do_recipe_qa_setscene: Started
NOTE: recipe libtasn1-4.20.0-r0: task do_packagedata_setscene: Succeeded
NOTE: Running setscene task 2033 of 2241 (/home/andrew/poky/meta/recipes-extended/libidn/libidn2_2.3.7.bb:do_package_setscene)
NOTE: recipe kmod-31-r0: task do_recipe_qa_setscene: Succeeded
NOTE: Running setscene task 2035 of 2241 (/home/andrew/poky/meta/recipes-support/attr/attr_2.5.1.bb:do_populate_sysroot_setscene)
NOTE: recipe libidn2-2.3.7-r0: task do_package_setscene: Started
NOTE: recipe attr-2.5.1-r0: task do_populate_sysroot_setscene: Started
NOTE: recipe attr-2.5.1-r0: task do_populate_sysroot_setscene: Succeeded
NOTE: Running setscene task 2036 of 2241 (/home/andrew/poky/meta/recipes-support/libcap/libcap_2.69.bb:do_recipe_qa_setscene)
NOTE: recipe libcap-2.69-r0: task do_recipe_qa_setscene: Started
NOTE: recipe libcap-2.69-r0: task do_recipe_qa_setscene: Succeeded
NOTE: Running setscene task 2038 of 2241 (/home/andrew/poky/meta/recipes-support/nettle/nettle_3.9.1.bb:do_populate_sysroot_setscene)
NOTE: recipe nettle-3.9.1-r0: task do_populate_sysroot_setscene: Started
NOTE: recipe libidn2-2.3.7-r0: task do_package_setscene: Succeeded
NOTE: Running setscene task 2040 of 2241 (/home/andrew/poky/meta/recipes-support/libseccomp/libseccomp_2.5.5.bb:do_package_setscene)
NOTE: recipe nettle-3.9.1-r0: task do_populate_sysroot_setscene: Succeeded
NOTE: Running setscene task 2041 of 2241 (/home/andrew/poky/meta/recipes-support/gnutls/gnutls_3.8.4.bb:do_recipe_qa_setscene)
NOTE: recipe libseccomp-2.5.5-r0: task do_package_setscene: Started
NOTE: recipe gnutls-3.8.4-r0: task do_recipe_qa_setscene: Started
NOTE: recipe libseccomp-2.5.5-r0: task do_package_setscene: Succeeded
NOTE: Running setscene task 2042 of 2241 (/home/andrew/poky/meta/recipes-support/libunistring/libunistring_1.2.bb:do_packagedata_setscene)
NOTE: recipe gnutls-3.8.4-r0: task do_recipe_qa_setscene: Succeeded
NOTE: Running setscene task 2043 of 2241 (/home/andrew/poky/meta/recipes-core/util-linux/util-linux_2.39.3.bb:do_package_setscene)
NOTE: recipe libunistring-1.2-r0: task do_packagedata_setscene: Started
NOTE: recipe util-linux-2.39.3-r0: task do_package_setscene: Started
NOTE: recipe libunistring-1.2-r0: task do_packagedata_setscene: Succeeded
NOTE: Running setscene task 2044 of 2241 (/home/andrew/poky/meta/recipes-support/nghttp2/nghttp2_1.61.0.bb:do_populate_sysroot_setscene)
NOTE: recipe nghttp2-1.61.0-r0: task do_populate_sysroot_setscene: Started
NOTE: recipe nghttp2-1.61.0-r0: task do_populate_sysroot_setscene: Succeeded
NOTE: Running setscene task 2045 of 2241 (/home/andrew/poky/meta/recipes-support/nettle/nettle_3.9.1.bb:do_package_setscene)
NOTE: recipe nettle-3.9.1-r0: task do_package_setscene: Started
NOTE: recipe nettle-3.9.1-r0: task do_package_setscene: Succeeded
NOTE: Running setscene task 2046 of 2241 (/home/andrew/poky/meta/recipes-support/attr/acl_2.3.2.bb:do_recipe_qa_setscene)
NOTE: recipe acl-2.3.2-r0: task do_recipe_qa_setscene: Started
NOTE: recipe acl-2.3.2-r0: task do_recipe_qa_setscene: Succeeded
NOTE: Running setscene task 2047 of 2241 (/home/andrew/poky/meta/recipes-support/gnutls/libtasn1_4.20.0.bb:do_package_setscene)
NOTE: recipe libtasn1-4.20.0-r0: task do_package_setscene: Started
NOTE: recipe libtasn1-4.20.0-r0: task do_package_setscene: Succeeded
NOTE: Running setscene task 2049 of 2241 (/home/andrew/poky/meta/recipes-support/curl/curl_8.7.1.bb:do_recipe_qa_setscene)
NOTE: recipe curl-8.7.1-r0: task do_recipe_qa_setscene: Started
NOTE: recipe util-linux-2.39.3-r0: task do_package_setscene: Succeeded
NOTE: Running setscene task 2050 of 2241 (/home/andrew/poky/meta/recipes-extended/zstd/zstd_1.5.5.bb:do_recipe_qa_setscene)
NOTE: recipe curl-8.7.1-r0: task do_recipe_qa_setscene: Succeeded
NOTE: Running setscene task 2055 of 2241 (/home/andrew/meta-selinux/recipes-security/selinux/libsemanage_3.7.bb:do_populate_sysroot_setscene)
NOTE: recipe zstd-1.5.5-r0: task do_recipe_qa_setscene: Started
NOTE: recipe libsemanage-3.7-r0: task do_populate_sysroot_setscene: Started
NOTE: recipe zstd-1.5.5-r0: task do_recipe_qa_setscene: Succeeded
NOTE: Running setscene task 2056 of 2241 (/home/andrew/poky/meta/recipes-support/libunistring/libunistring_1.2.bb:do_populate_sysroot_setscene)
NOTE: recipe libsemanage-3.7-r0: task do_populate_sysroot_setscene: Succeeded
NOTE: Running setscene task 2057 of 2241 (/home/andrew/poky/meta/recipes-extended/pam/libpam_1.5.3.bb:do_populate_sysroot_setscene)
NOTE: recipe libunistring-1.2-r0: task do_populate_sysroot_setscene: Started
NOTE: recipe libunistring-1.2-r0: task do_populate_sysroot_setscene: Succeeded
NOTE: recipe libpam-1.5.3-r0: task do_populate_sysroot_setscene: Started
NOTE: Running setscene task 2058 of 2241 (/home/andrew/poky/meta/recipes-support/attr/attr_2.5.1.bb:do_packagedata_setscene)
NOTE: recipe libpam-1.5.3-r0: task do_populate_sysroot_setscene: Succeeded
NOTE: Running setscene task 2060 of 2241 (/home/andrew/poky/meta/recipes-support/gmp/gmp_6.3.0.bb:do_packagedata_setscene)
NOTE: recipe attr-2.5.1-r0: task do_packagedata_setscene: Started
NOTE: recipe gmp-6.3.0-r0: task do_packagedata_setscene: Started
NOTE: recipe attr-2.5.1-r0: task do_packagedata_setscene: Succeeded
NOTE: Running setscene task 2061 of 2241 (/home/andrew/poky/meta/recipes-support/libgpg-error/libgpg-error_1.48.bb:do_recipe_qa_setscene)
NOTE: recipe gmp-6.3.0-r0: task do_packagedata_setscene: Succeeded
NOTE: Running setscene task 2062 of 2241 (/home/andrew/meta-selinux/recipes-security/selinux/libsemanage_3.7.bb:do_packagedata_setscene)
NOTE: recipe libgpg-error-1.48-r0: task do_recipe_qa_setscene: Started
NOTE: recipe libsemanage-3.7-r0: task do_packagedata_setscene: Started
NOTE: recipe libgpg-error-1.48-r0: task do_recipe_qa_setscene: Succeeded
NOTE: Running setscene task 2064 of 2241 (/home/andrew/poky/meta/recipes-support/bash-completion/bash-completion_2.12.0.bb:do_packagedata_setscene)
NOTE: recipe libsemanage-3.7-r0: task do_packagedata_setscene: Succeeded
NOTE: Running setscene task 2065 of 2241 (/home/andrew/poky/meta/recipes-extended/lzip/lzlib_1.14.bb:do_recipe_qa_setscene)
NOTE: recipe bash-completion-2.12.0-r0: task do_packagedata_setscene: Started
NOTE: recipe lzlib-1.14-r0: task do_recipe_qa_setscene: Started
NOTE: recipe bash-completion-2.12.0-r0: task do_packagedata_setscene: Succeeded
NOTE: Running setscene task 2066 of 2241 (/home/andrew/poky/meta/recipes-support/gmp/gmp_6.3.0.bb:do_populate_sysroot_setscene)
NOTE: recipe lzlib-1.14-r0: task do_recipe_qa_setscene: Succeeded
NOTE: Running setscene task 2067 of 2241 (/home/andrew/poky/meta/recipes-core/base-passwd/base-passwd_3.6.3.bb:do_recipe_qa_setscene)
NOTE: recipe gmp-6.3.0-r0: task do_populate_sysroot_setscene: Started
NOTE: recipe base-passwd-3.6.3-r0: task do_recipe_qa_setscene: Started
NOTE: recipe base-passwd-3.6.3-r0: task do_recipe_qa_setscene: Succeeded
NOTE: Running setscene task 2068 of 2241 (/home/andrew/poky/meta/recipes-support/attr/attr_2.5.1.bb:do_package_setscene)
NOTE: recipe gmp-6.3.0-r0: task do_populate_sysroot_setscene: Succeeded
NOTE: Running setscene task 2069 of 2241 (/home/andrew/poky/meta/recipes-extended/shadow/shadow_4.14.2.bb:do_recipe_qa_setscene)
NOTE: recipe shadow-4.14.2-r0: task do_recipe_qa_setscene: Started
NOTE: recipe attr-2.5.1-r0: task do_package_setscene: Started
NOTE: recipe shadow-4.14.2-r0: task do_recipe_qa_setscene: Succeeded
NOTE: Running setscene task 2070 of 2241 (/home/andrew/poky/meta/recipes-support/gnutls/libtasn1_4.20.0.bb:do_recipe_qa_setscene)
NOTE: recipe libtasn1-4.20.0-r0: task do_recipe_qa_setscene: Started
NOTE: recipe libtasn1-4.20.0-r0: task do_recipe_qa_setscene: Succeeded
NOTE: Running setscene task 2072 of 2241 (/home/andrew/poky/meta/recipes-core/base-files/base-files_3.0.14.bb:do_recipe_qa_setscene)
WARNING: Recipe inherits features_check but doesn't use it
NOTE: recipe attr-2.5.1-r0: task do_package_setscene: Succeeded
NOTE: Running setscene task 2073 of 2241 (/home/andrew/poky/meta/recipes-support/libunistring/libunistring_1.2.bb:do_package_setscene)
NOTE: recipe base-files-3.0.14-r0: task do_recipe_qa_setscene: Started
NOTE: recipe base-files-3.0.14-r0: task do_recipe_qa_setscene: Succeeded
NOTE: Running setscene task 2074 of 2241 (/home/andrew/poky/meta/recipes-support/libseccomp/libseccomp_2.5.5.bb:do_recipe_qa_setscene)
NOTE: recipe libunistring-1.2-r0: task do_package_setscene: Started
NOTE: recipe libseccomp-2.5.5-r0: task do_recipe_qa_setscene: Started
NOTE: recipe libseccomp-2.5.5-r0: task do_recipe_qa_setscene: Succeeded
NOTE: Running setscene task 2075 of 2241 (/home/andrew/poky/meta/recipes-support/nghttp2/nghttp2_1.61.0.bb:do_recipe_qa_setscene)
NOTE: recipe nghttp2-1.61.0-r0: task do_recipe_qa_setscene: Started
NOTE: recipe nghttp2-1.61.0-r0: task do_recipe_qa_setscene: Succeeded
NOTE: Running setscene task 2076 of 2241 (/home/andrew/poky/meta/recipes-support/bash-completion/bash-completion_2.12.0.bb:do_populate_sysroot_setscene)
NOTE: recipe bash-completion-2.12.0-r0: task do_populate_sysroot_setscene: Started
NOTE: recipe bash-completion-2.12.0-r0: task do_populate_sysroot_setscene: Succeeded
NOTE: Running setscene task 2077 of 2241 (/home/andrew/poky/meta/recipes-extended/pam/libpam_1.5.3.bb:do_packagedata_setscene)
NOTE: recipe libunistring-1.2-r0: task do_package_setscene: Succeeded
NOTE: Running setscene task 2079 of 2241 (/home/andrew/poky/meta/recipes-support/nettle/nettle_3.9.1.bb:do_recipe_qa_setscene)
NOTE: recipe libpam-1.5.3-r0: task do_packagedata_setscene: Started
NOTE: recipe nettle-3.9.1-r0: task do_recipe_qa_setscene: Started
NOTE: recipe nettle-3.9.1-r0: task do_recipe_qa_setscene: Succeeded
NOTE: Running setscene task 2081 of 2241 (/home/andrew/poky/meta/recipes-support/gmp/gmp_6.3.0.bb:do_package_setscene)
NOTE: recipe libpam-1.5.3-r0: task do_packagedata_setscene: Succeeded
NOTE: Running setscene task 2082 of 2241 (/home/andrew/poky/meta/recipes-support/bash-completion/bash-completion_2.12.0.bb:do_package_setscene)
NOTE: recipe gmp-6.3.0-r0: task do_package_setscene: Started
NOTE: recipe bash-completion-2.12.0-r0: task do_package_setscene: Started
NOTE: recipe gmp-6.3.0-r0: task do_package_setscene: Succeeded
NOTE: Running setscene task 2084 of 2241 (/home/andrew/meta-selinux/recipes-security/selinux/libsemanage_3.7.bb:do_package_setscene)
NOTE: recipe libsemanage-3.7-r0: task do_package_setscene: Started
NOTE: recipe bash-completion-2.12.0-r0: task do_package_setscene: Succeeded
NOTE: Running setscene task 2085 of 2241 (/home/andrew/poky/meta/recipes-extended/libidn/libidn2_2.3.7.bb:do_recipe_qa_setscene)
NOTE: recipe libidn2-2.3.7-r0: task do_recipe_qa_setscene: Started
NOTE: recipe libidn2-2.3.7-r0: task do_recipe_qa_setscene: Succeeded
NOTE: Running setscene task 2089 of 2241 (/home/andrew/poky/meta/recipes-support/attr/attr_2.5.1.bb:do_recipe_qa_setscene)
NOTE: recipe libsemanage-3.7-r0: task do_package_setscene: Succeeded
NOTE: Running setscene task 2090 of 2241 (/home/andrew/poky/meta/recipes-devtools/gcc/libgcc-initial_13.4.bb:do_create_spdx_setscene)
NOTE: recipe attr-2.5.1-r0: task do_recipe_qa_setscene: Started
NOTE: recipe attr-2.5.1-r0: task do_recipe_qa_setscene: Succeeded
NOTE: Running setscene task 2091 of 2241 (/home/andrew/poky/meta/recipes-core/util-linux/util-linux_2.39.3.bb:do_recipe_qa_setscene)
NOTE: recipe libgcc-initial-13.4.0-r0: task do_create_spdx_setscene: Started
NOTE: recipe libgcc-initial-13.4.0-r0: task do_create_spdx_setscene: Succeeded
NOTE: Running setscene task 2093 of 2241 (/home/andrew/poky/meta/recipes-extended/pam/libpam_1.5.3.bb:do_package_setscene)
NOTE: recipe util-linux-2.39.3-r0: task do_recipe_qa_setscene: Started
NOTE: recipe util-linux-2.39.3-r0: task do_recipe_qa_setscene: Succeeded
NOTE: Running setscene task 2094 of 2241 (/home/andrew/poky/meta/recipes-kernel/linux-libc-headers/linux-libc-headers_6.6.bb:do_create_spdx_setscene)
NOTE: recipe libpam-1.5.3-r0: task do_package_setscene: Started
NOTE: recipe linux-libc-headers-6.6-r0: task do_create_spdx_setscene: Started
NOTE: recipe linux-libc-headers-6.6-r0: task do_create_spdx_setscene: Succeeded
NOTE: Running setscene task 2095 of 2241 (/home/andrew/poky/meta/recipes-support/gmp/gmp_6.3.0.bb:do_recipe_qa_setscene)
NOTE: recipe gmp-6.3.0-r0: task do_recipe_qa_setscene: Started
NOTE: recipe gmp-6.3.0-r0: task do_recipe_qa_setscene: Succeeded
NOTE: Running setscene task 2096 of 2241 (/home/andrew/meta-openembedded/meta-oe/recipes-security/audit/audit_4.0.2.bb:do_packagedata_setscene)
NOTE: recipe audit-4.0.2-r0: task do_packagedata_setscene: Started
NOTE: recipe audit-4.0.2-r0: task do_packagedata_setscene: Succeeded
NOTE: Running setscene task 2097 of 2241 (/home/andrew/meta-openembedded/meta-oe/recipes-security/audit/audit_4.0.2.bb:do_populate_sysroot_setscene)
NOTE: recipe audit-4.0.2-r0: task do_populate_sysroot_setscene: Started
NOTE: recipe audit-4.0.2-r0: task do_populate_sysroot_setscene: Succeeded
NOTE: Running setscene task 2098 of 2241 (/home/andrew/poky/meta/recipes-support/bash-completion/bash-completion_2.12.0.bb:do_recipe_qa_setscene)
NOTE: recipe bash-completion-2.12.0-r0: task do_recipe_qa_setscene: Started
NOTE: recipe bash-completion-2.12.0-r0: task do_recipe_qa_setscene: Succeeded
NOTE: Running setscene task 2099 of 2241 (/home/andrew/meta-openembedded/meta-oe/recipes-security/audit/audit_4.0.2.bb:do_package_setscene)
NOTE: recipe audit-4.0.2-r0: task do_package_setscene: Started
NOTE: recipe audit-4.0.2-r0: task do_package_setscene: Succeeded
NOTE: Running setscene task 2100 of 2241 (/home/andrew/poky/meta/recipes-support/libunistring/libunistring_1.2.bb:do_recipe_qa_setscene)
NOTE: recipe libpam-1.5.3-r0: task do_package_setscene: Succeeded
NOTE: Running setscene task 2101 of 2241 (/home/andrew/meta-selinux/recipes-security/selinux/libselinux_3.7.bb:do_packagedata_setscene)
NOTE: recipe libunistring-1.2-r0: task do_recipe_qa_setscene: Started
NOTE: recipe libselinux-3.7-r0: task do_packagedata_setscene: Started
NOTE: recipe libunistring-1.2-r0: task do_recipe_qa_setscene: Succeeded
NOTE: Running setscene task 2102 of 2241 (/home/andrew/poky/meta/recipes-devtools/python/python3_3.12.12.bb:do_packagedata_setscene)
NOTE: recipe libselinux-3.7-r0: task do_packagedata_setscene: Succeeded
NOTE: Running setscene task 2104 of 2241 (/home/andrew/poky/meta/recipes-extended/tcp-wrappers/tcp-wrappers_7.6.bb:do_packagedata_setscene)
NOTE: recipe tcp-wrappers-7.6-r0: task do_packagedata_setscene: Started
NOTE: recipe python3-3.12.12-r0: task do_packagedata_setscene: Started
NOTE: recipe tcp-wrappers-7.6-r0: task do_packagedata_setscene: Succeeded
NOTE: Running setscene task 2106 of 2241 (/home/andrew/poky/meta/recipes-support/libcap-ng/libcap-ng_0.8.5.bb:do_populate_sysroot_setscene)
NOTE: recipe python3-3.12.12-r0: task do_packagedata_setscene: Succeeded
NOTE: Running setscene task 2107 of 2241 (/home/andrew/poky/meta/recipes-devtools/python/python3_3.12.12.bb:do_populate_sysroot_setscene)
NOTE: recipe libcap-ng-0.8.5-r0: task do_populate_sysroot_setscene: Started
NOTE: recipe python3-3.12.12-r0: task do_populate_sysroot_setscene: Started
NOTE: recipe libcap-ng-0.8.5-r0: task do_populate_sysroot_setscene: Succeeded
NOTE: Running setscene task 2108 of 2241 (/home/andrew/poky/meta/recipes-extended/tcp-wrappers/tcp-wrappers_7.6.bb:do_populate_sysroot_setscene)
NOTE: recipe tcp-wrappers-7.6-r0: task do_populate_sysroot_setscene: Started
NOTE: recipe tcp-wrappers-7.6-r0: task do_populate_sysroot_setscene: Succeeded
NOTE: Running setscene task 2109 of 2241 (/home/andrew/meta-selinux/recipes-security/selinux/libsemanage_3.7.bb:do_recipe_qa_setscene)
NOTE: recipe libsemanage-3.7-r0: task do_recipe_qa_setscene: Started
NOTE: recipe libsemanage-3.7-r0: task do_recipe_qa_setscene: Succeeded
NOTE: Running setscene task 2110 of 2241 (/home/andrew/meta-selinux/recipes-security/selinux/libselinux_3.7.bb:do_populate_sysroot_setscene)
NOTE: recipe libselinux-3.7-r0: task do_populate_sysroot_setscene: Started
NOTE: recipe python3-3.12.12-r0: task do_populate_sysroot_setscene: Succeeded
NOTE: Running setscene task 2111 of 2241 (/home/andrew/meta-openembedded/meta-oe/recipes-security/audit/audit_4.0.2.bb:do_recipe_qa_setscene)
NOTE: recipe libselinux-3.7-r0: task do_populate_sysroot_setscene: Succeeded
NOTE: Running setscene task 2112 of 2241 (/home/andrew/poky/meta/recipes-support/libcap-ng/libcap-ng_0.8.5.bb:do_packagedata_setscene)
NOTE: recipe audit-4.0.2-r0: task do_recipe_qa_setscene: Started
NOTE: recipe audit-4.0.2-r0: task do_recipe_qa_setscene: Succeeded
NOTE: Running setscene task 2114 of 2241 (/home/andrew/poky/meta/recipes-extended/tcp-wrappers/tcp-wrappers_7.6.bb:do_package_setscene)
NOTE: recipe libcap-ng-0.8.5-r0: task do_packagedata_setscene: Started
NOTE: recipe libcap-ng-0.8.5-r0: task do_packagedata_setscene: Succeeded
NOTE: Running setscene task 2115 of 2241 (/home/andrew/meta-selinux/recipes-security/selinux/libselinux_3.7.bb:do_package_setscene)
NOTE: recipe tcp-wrappers-7.6-r0: task do_package_setscene: Started
NOTE: recipe libselinux-3.7-r0: task do_package_setscene: Started
NOTE: recipe tcp-wrappers-7.6-r0: task do_package_setscene: Succeeded
NOTE: Running setscene task 2116 of 2241 (/home/andrew/poky/meta/recipes-support/libcap-ng/libcap-ng_0.8.5.bb:do_package_setscene)
NOTE: recipe libcap-ng-0.8.5-r0: task do_package_setscene: Started
NOTE: recipe libselinux-3.7-r0: task do_package_setscene: Succeeded
NOTE: Running setscene task 2117 of 2241 (/home/andrew/poky/meta/recipes-extended/pam/libpam_1.5.3.bb:do_recipe_qa_setscene)
NOTE: recipe libcap-ng-0.8.5-r0: task do_package_setscene: Succeeded
NOTE: recipe libpam-1.5.3-r0: task do_recipe_qa_setscene: Started
NOTE: Running setscene task 2118 of 2241 (/home/andrew/meta-selinux/recipes-security/selinux/libsepol_3.7.bb:do_populate_sysroot_setscene)
NOTE: recipe libpam-1.5.3-r0: task do_recipe_qa_setscene: Succeeded
NOTE: Running setscene task 2119 of 2241 (/home/andrew/poky/meta/recipes-support/libpcre/libpcre2_10.43.bb:do_populate_sysroot_setscene)
NOTE: recipe libsepol-3.7-r0: task do_populate_sysroot_setscene: Started
NOTE: recipe libpcre2-10.43-r0: task do_populate_sysroot_setscene: Started
NOTE: recipe libsepol-3.7-r0: task do_populate_sysroot_setscene: Succeeded
NOTE: Running setscene task 2120 of 2241 (/home/andrew/poky/meta/recipes-devtools/python/python3_3.12.12.bb:do_package_setscene)
NOTE: recipe libpcre2-10.43-r0: task do_populate_sysroot_setscene: Succeeded
NOTE: Running setscene task 2122 of 2241 (/home/andrew/meta-selinux/recipes-security/selinux/libsepol_3.7.bb:do_packagedata_setscene)
NOTE: recipe libsepol-3.7-r0: task do_packagedata_setscene: Started
NOTE: recipe python3-3.12.12-r0: task do_package_setscene: Started
NOTE: recipe libsepol-3.7-r0: task do_packagedata_setscene: Succeeded
NOTE: Running setscene task 2124 of 2241 (/home/andrew/poky/meta/recipes-support/libpcre/libpcre2_10.43.bb:do_packagedata_setscene)
NOTE: recipe libpcre2-10.43-r0: task do_packagedata_setscene: Started
NOTE: recipe libpcre2-10.43-r0: task do_packagedata_setscene: Succeeded
NOTE: Running setscene task 2126 of 2241 (/home/andrew/poky/meta/recipes-support/libcap-ng/libcap-ng_0.8.5.bb:do_recipe_qa_setscene)
NOTE: recipe libcap-ng-0.8.5-r0: task do_recipe_qa_setscene: Started
NOTE: recipe libcap-ng-0.8.5-r0: task do_recipe_qa_setscene: Succeeded
NOTE: Running setscene task 2127 of 2241 (/home/andrew/meta-selinux/recipes-security/selinux/libselinux_3.7.bb:do_recipe_qa_setscene)
NOTE: recipe libselinux-3.7-r0: task do_recipe_qa_setscene: Started
NOTE: recipe libselinux-3.7-r0: task do_recipe_qa_setscene: Succeeded
NOTE: Running setscene task 2128 of 2241 (/home/andrew/poky/meta/recipes-support/libpcre/libpcre2_10.43.bb:do_package_setscene)
NOTE: recipe libpcre2-10.43-r0: task do_package_setscene: Started
NOTE: recipe libpcre2-10.43-r0: task do_package_setscene: Succeeded
NOTE: Running setscene task 2129 of 2241 (/home/andrew/meta-selinux/recipes-security/selinux/libsepol_3.7.bb:do_package_setscene)
NOTE: recipe libsepol-3.7-r0: task do_package_setscene: Started
NOTE: recipe libsepol-3.7-r0: task do_package_setscene: Succeeded
NOTE: Running setscene task 2131 of 2241 (/home/andrew/poky/meta/recipes-extended/tcp-wrappers/tcp-wrappers_7.6.bb:do_recipe_qa_setscene)
NOTE: recipe tcp-wrappers-7.6-r0: task do_recipe_qa_setscene: Started
NOTE: recipe tcp-wrappers-7.6-r0: task do_recipe_qa_setscene: Succeeded
NOTE: Running setscene task 2132 of 2241 (/home/andrew/meta-selinux/recipes-security/selinux/libsepol_3.7.bb:do_recipe_qa_setscene)
NOTE: recipe libsepol-3.7-r0: task do_recipe_qa_setscene: Started
NOTE: recipe libsepol-3.7-r0: task do_recipe_qa_setscene: Succeeded
NOTE: Running setscene task 2134 of 2241 (/home/andrew/poky/meta/recipes-support/libpcre/libpcre2_10.43.bb:do_recipe_qa_setscene)
NOTE: recipe libpcre2-10.43-r0: task do_recipe_qa_setscene: Started
NOTE: recipe libpcre2-10.43-r0: task do_recipe_qa_setscene: Succeeded
NOTE: Running task 88 of 4895 (/home/andrew/poky/meta/recipes-core/meta/cve-update-nvd2-native.bb:do_deploy_archives)
NOTE: recipe cve-update-nvd2-native-1.0-r0: task do_deploy_archives: Started
NOTE: recipe cve-update-nvd2-native-1.0-r0: task do_deploy_archives: Succeeded
NOTE: Running task 110 of 4895 (/home/andrew/poky/meta/recipes-core/meta/cve-update-nvd2-native.bb:do_populate_lic)
NOTE: recipe cve-update-nvd2-native-1.0-r0: task do_populate_lic: Started
NOTE: recipe cve-update-nvd2-native-1.0-r0: task do_populate_lic: Succeeded
NOTE: recipe python3-3.12.12-r0: task do_package_setscene: Succeeded
NOTE: Running setscene task 2135 of 2241 (/home/andrew/poky/meta/recipes-extended/bzip2/bzip2_1.0.8.bb:do_populate_sysroot_setscene)
NOTE: Running setscene task 2137 of 2241 (/home/andrew/poky/meta/recipes-extended/xz/xz_5.4.7.bb:do_populate_sysroot_setscene)
NOTE: recipe bzip2-1.0.8-r0: task do_populate_sysroot_setscene: Started
NOTE: recipe xz-5.4.7-r0: task do_populate_sysroot_setscene: Started
NOTE: recipe bzip2-1.0.8-r0: task do_populate_sysroot_setscene: Succeeded
NOTE: Running setscene task 2138 of 2241 (/home/andrew/poky/meta/recipes-extended/xz/xz_5.4.7.bb:do_packagedata_setscene)
NOTE: recipe xz-5.4.7-r0: task do_populate_sysroot_setscene: Succeeded
NOTE: Running setscene task 2139 of 2241 (/home/andrew/poky/meta/recipes-core/zlib/zlib_1.3.1.bb:do_packagedata_setscene)
NOTE: recipe xz-5.4.7-r0: task do_packagedata_setscene: Started
NOTE: recipe zlib-1.3.1-r0: task do_packagedata_setscene: Started
NOTE: recipe zlib-1.3.1-r0: task do_packagedata_setscene: Succeeded
NOTE: Running setscene task 2140 of 2241 (/home/andrew/poky/meta/recipes-extended/libnsl/libnsl2_git.bb:do_packagedata_setscene)
NOTE: recipe xz-5.4.7-r0: task do_packagedata_setscene: Succeeded
NOTE: Running setscene task 2141 of 2241 (/home/andrew/poky/meta/recipes-devtools/libedit/libedit_20230828-3.1.bb:do_packagedata_setscene)
NOTE: recipe libnsl2-2.0.1-r0: task do_packagedata_setscene: Started
NOTE: recipe libedit-20230828-3.1-r1: task do_packagedata_setscene: Started
NOTE: recipe libnsl2-2.0.1-r0: task do_packagedata_setscene: Succeeded
NOTE: Running setscene task 2142 of 2241 (/home/andrew/poky/meta/recipes-support/sqlite/sqlite3_3.45.3.bb:do_packagedata_setscene)
NOTE: recipe libedit-20230828-3.1-r1: task do_packagedata_setscene: Succeeded
NOTE: Running setscene task 2143 of 2241 (/home/andrew/poky/meta/recipes-support/gdbm/gdbm_1.23.bb:do_packagedata_setscene)
NOTE: recipe sqlite3-3_3.45.3-r0: task do_packagedata_setscene: Started
NOTE: recipe gdbm-1.23-r0: task do_packagedata_setscene: Started
NOTE: recipe sqlite3-3_3.45.3-r0: task do_packagedata_setscene: Succeeded
NOTE: Running setscene task 2144 of 2241 (/home/andrew/poky/meta/recipes-support/sqlite/sqlite3_3.45.3.bb:do_populate_sysroot_setscene)
NOTE: recipe gdbm-1.23-r0: task do_packagedata_setscene: Succeeded
NOTE: Running setscene task 2145 of 2241 (/home/andrew/poky/meta/recipes-core/libxcrypt/libxcrypt_4.4.36.bb:do_populate_sysroot_setscene)
NOTE: recipe sqlite3-3_3.45.3-r0: task do_populate_sysroot_setscene: Started
NOTE: recipe libxcrypt-4.4.36-r0: task do_populate_sysroot_setscene: Started
NOTE: recipe sqlite3-3_3.45.3-r0: task do_populate_sysroot_setscene: Succeeded
NOTE: Running setscene task 2146 of 2241 (/home/andrew/poky/meta/recipes-support/sqlite/sqlite3_3.45.3.bb:do_package_setscene)
NOTE: recipe libxcrypt-4.4.36-r0: task do_populate_sysroot_setscene: Succeeded
NOTE: Running setscene task 2147 of 2241 (/home/andrew/poky/meta/recipes-devtools/python/python3_3.12.12.bb:do_recipe_qa_setscene)
NOTE: recipe sqlite3-3_3.45.3-r0: task do_package_setscene: Started
NOTE: recipe python3-3.12.12-r0: task do_recipe_qa_setscene: Started
NOTE: recipe python3-3.12.12-r0: task do_recipe_qa_setscene: Succeeded
NOTE: Running setscene task 2148 of 2241 (/home/andrew/poky/meta/recipes-core/zlib/zlib_1.3.1.bb:do_package_setscene)
NOTE: recipe sqlite3-3_3.45.3-r0: task do_package_setscene: Succeeded
NOTE: Running setscene task 2149 of 2241 (/home/andrew/poky/meta/recipes-support/libffi/libffi_3.4.6.bb:do_populate_sysroot_setscene)
NOTE: recipe zlib-1.3.1-r0: task do_package_setscene: Started
NOTE: recipe libffi-3.4.6-r0: task do_populate_sysroot_setscene: Started
NOTE: recipe zlib-1.3.1-r0: task do_package_setscene: Succeeded
NOTE: Running setscene task 2150 of 2241 (/home/andrew/poky/meta/recipes-core/libxcrypt/libxcrypt_4.4.36.bb:do_packagedata_setscene)
NOTE: recipe libffi-3.4.6-r0: task do_populate_sysroot_setscene: Succeeded
NOTE: Running setscene task 2151 of 2241 (/home/andrew/poky/meta/recipes-core/zlib/zlib_1.3.1.bb:do_populate_sysroot_setscene)
NOTE: recipe libxcrypt-4.4.36-r0: task do_packagedata_setscene: Started
NOTE: recipe zlib-1.3.1-r0: task do_populate_sysroot_setscene: Started
NOTE: recipe zlib-1.3.1-r0: task do_populate_sysroot_setscene: Succeeded
NOTE: Running setscene task 2152 of 2241 (/home/andrew/poky/meta/recipes-extended/libnsl/libnsl2_git.bb:do_package_setscene)
NOTE: recipe libxcrypt-4.4.36-r0: task do_packagedata_setscene: Succeeded
NOTE: Running setscene task 2153 of 2241 (/home/andrew/poky/meta/recipes-core/util-linux/util-linux-libuuid_2.39.3.bb:do_packagedata_setscene)
NOTE: recipe libnsl2-2.0.1-r0: task do_package_setscene: Started
NOTE: recipe util-linux-libuuid-2.39.3-r0: task do_packagedata_setscene: Started
NOTE: recipe util-linux-libuuid-2.39.3-r0: task do_packagedata_setscene: Succeeded
NOTE: Running setscene task 2154 of 2241 (/home/andrew/poky/meta/recipes-support/libffi/libffi_3.4.6.bb:do_packagedata_setscene)
NOTE: recipe libnsl2-2.0.1-r0: task do_package_setscene: Succeeded
NOTE: Running setscene task 2155 of 2241 (/home/andrew/poky/meta/recipes-extended/bzip2/bzip2_1.0.8.bb:do_packagedata_setscene)
NOTE: recipe libffi-3.4.6-r0: task do_packagedata_setscene: Started
NOTE: recipe libffi-3.4.6-r0: task do_packagedata_setscene: Succeeded
NOTE: Running setscene task 2156 of 2241 (/home/andrew/poky/meta/recipes-connectivity/openssl/openssl_3.5.5.bb:do_populate_sysroot_setscene)
NOTE: recipe bzip2-1.0.8-r0: task do_packagedata_setscene: Started
NOTE: recipe bzip2-1.0.8-r0: task do_packagedata_setscene: Succeeded
NOTE: Running setscene task 2157 of 2241 (/home/andrew/poky/meta/recipes-extended/bzip2/bzip2_1.0.8.bb:do_package_setscene)
NOTE: recipe openssl-3.5.5-r0: task do_populate_sysroot_setscene: Started
NOTE: recipe bzip2-1.0.8-r0: task do_package_setscene: Started
NOTE: recipe openssl-3.5.5-r0: task do_populate_sysroot_setscene: Succeeded
NOTE: Running setscene task 2158 of 2241 (/home/andrew/poky/meta/recipes-connectivity/openssl/openssl_3.5.5.bb:do_packagedata_setscene)
NOTE: recipe bzip2-1.0.8-r0: task do_package_setscene: Succeeded
NOTE: Running setscene task 2159 of 2241 (/home/andrew/poky/meta/recipes-extended/xz/xz_5.4.7.bb:do_package_setscene)
NOTE: recipe openssl-3.5.5-r0: task do_packagedata_setscene: Started
NOTE: recipe xz-5.4.7-r0: task do_package_setscene: Started
NOTE: recipe openssl-3.5.5-r0: task do_packagedata_setscene: Succeeded
NOTE: Running setscene task 2160 of 2241 (/home/andrew/poky/meta/recipes-support/gdbm/gdbm_1.23.bb:do_package_setscene)
NOTE: recipe gdbm-1.23-r0: task do_package_setscene: Started
NOTE: recipe gdbm-1.23-r0: task do_package_setscene: Succeeded
NOTE: Running setscene task 2161 of 2241 (/home/andrew/poky/meta/recipes-support/gdbm/gdbm_1.23.bb:do_populate_sysroot_setscene)
NOTE: recipe xz-5.4.7-r0: task do_package_setscene: Succeeded
NOTE: Running setscene task 2162 of 2241 (/home/andrew/poky/meta/recipes-devtools/libedit/libedit_20230828-3.1.bb:do_populate_sysroot_setscene)
NOTE: recipe gdbm-1.23-r0: task do_populate_sysroot_setscene: Started
NOTE: recipe libedit-20230828-3.1-r1: task do_populate_sysroot_setscene: Started
NOTE: recipe gdbm-1.23-r0: task do_populate_sysroot_setscene: Succeeded
NOTE: Running setscene task 2163 of 2241 (/home/andrew/poky/meta/recipes-core/expat/expat_2.6.4.bb:do_populate_sysroot_setscene)
NOTE: recipe libedit-20230828-3.1-r1: task do_populate_sysroot_setscene: Succeeded
NOTE: Running setscene task 2164 of 2241 (/home/andrew/poky/meta/recipes-core/expat/expat_2.6.4.bb:do_packagedata_setscene)
NOTE: recipe expat-2.6.4-r0: task do_populate_sysroot_setscene: Started
NOTE: recipe expat-2.6.4-r0: task do_packagedata_setscene: Started
NOTE: recipe expat-2.6.4-r0: task do_populate_sysroot_setscene: Succeeded
NOTE: Running setscene task 2165 of 2241 (/home/andrew/poky/meta/recipes-core/util-linux/util-linux-libuuid_2.39.3.bb:do_populate_sysroot_setscene)
NOTE: recipe expat-2.6.4-r0: task do_packagedata_setscene: Succeeded
NOTE: Running setscene task 2166 of 2241 (/home/andrew/poky/meta/recipes-core/util-linux/util-linux-libuuid_2.39.3.bb:do_package_setscene)
NOTE: recipe util-linux-libuuid-2.39.3-r0: task do_populate_sysroot_setscene: Started
NOTE: recipe util-linux-libuuid-2.39.3-r0: task do_populate_sysroot_setscene: Succeeded
NOTE: Running setscene task 2168 of 2241 (/home/andrew/poky/meta/recipes-core/libxcrypt/libxcrypt_4.4.36.bb:do_package_setscene)
NOTE: recipe util-linux-libuuid-2.39.3-r0: task do_package_setscene: Started
NOTE: recipe libxcrypt-4.4.36-r0: task do_package_setscene: Started
NOTE: recipe util-linux-libuuid-2.39.3-r0: task do_package_setscene: Succeeded
NOTE: Running setscene task 2169 of 2241 (/home/andrew/poky/meta/recipes-extended/libnsl/libnsl2_git.bb:do_populate_sysroot_setscene)
NOTE: recipe libnsl2-2.0.1-r0: task do_populate_sysroot_setscene: Started
NOTE: recipe libxcrypt-4.4.36-r0: task do_package_setscene: Succeeded
NOTE: Running setscene task 2172 of 2241 (/home/andrew/poky/meta/recipes-devtools/libedit/libedit_20230828-3.1.bb:do_package_setscene)
NOTE: recipe libnsl2-2.0.1-r0: task do_populate_sysroot_setscene: Succeeded
NOTE: Running setscene task 2174 of 2241 (/home/andrew/poky/meta/recipes-support/libffi/libffi_3.4.6.bb:do_package_setscene)
NOTE: recipe libedit-20230828-3.1-r1: task do_package_setscene: Started
NOTE: recipe libffi-3.4.6-r0: task do_package_setscene: Started
NOTE: recipe libedit-20230828-3.1-r1: task do_package_setscene: Succeeded
NOTE: Running setscene task 2176 of 2241 (/home/andrew/poky/meta/recipes-extended/libtirpc/libtirpc_1.3.4.bb:do_packagedata_setscene)
NOTE: recipe libffi-3.4.6-r0: task do_package_setscene: Succeeded
NOTE: Running setscene task 2177 of 2241 (/home/andrew/poky/meta/recipes-connectivity/openssl/openssl_3.5.5.bb:do_package_setscene)
NOTE: recipe libtirpc-1.3.4-r0: task do_packagedata_setscene: Started
NOTE: recipe libtirpc-1.3.4-r0: task do_packagedata_setscene: Succeeded
NOTE: Running setscene task 2178 of 2241 (/home/andrew/poky/meta/recipes-extended/libtirpc/libtirpc_1.3.4.bb:do_package_setscene)
NOTE: recipe openssl-3.5.5-r0: task do_package_setscene: Started
NOTE: recipe libtirpc-1.3.4-r0: task do_package_setscene: Started
NOTE: recipe libtirpc-1.3.4-r0: task do_package_setscene: Succeeded
NOTE: Running setscene task 2180 of 2241 (/home/andrew/poky/meta/recipes-core/ncurses/ncurses_6.4.bb:do_populate_sysroot_setscene)
NOTE: recipe ncurses-6.4-r0: task do_populate_sysroot_setscene: Started
NOTE: recipe ncurses-6.4-r0: task do_populate_sysroot_setscene: Succeeded
NOTE: Running setscene task 2181 of 2241 (/home/andrew/poky/meta/recipes-extended/bzip2/bzip2_1.0.8.bb:do_recipe_qa_setscene)
NOTE: recipe bzip2-1.0.8-r0: task do_recipe_qa_setscene: Started
NOTE: recipe bzip2-1.0.8-r0: task do_recipe_qa_setscene: Succeeded
NOTE: Running setscene task 2182 of 2241 (/home/andrew/poky/meta/recipes-core/ncurses/ncurses_6.4.bb:do_packagedata_setscene)
NOTE: recipe ncurses-6.4-r0: task do_packagedata_setscene: Started
NOTE: recipe ncurses-6.4-r0: task do_packagedata_setscene: Succeeded
NOTE: Running setscene task 2183 of 2241 (/home/andrew/poky/meta/recipes-extended/libtirpc/libtirpc_1.3.4.bb:do_populate_sysroot_setscene)
NOTE: recipe libtirpc-1.3.4-r0: task do_populate_sysroot_setscene: Started
NOTE: recipe libtirpc-1.3.4-r0: task do_populate_sysroot_setscene: Succeeded
NOTE: Running setscene task 2189 of 2241 (/home/andrew/poky/meta/recipes-core/expat/expat_2.6.4.bb:do_package_setscene)
NOTE: recipe expat-2.6.4-r0: task do_package_setscene: Started
NOTE: recipe openssl-3.5.5-r0: task do_package_setscene: Succeeded
NOTE: Running setscene task 2190 of 2241 (/home/andrew/poky/meta/recipes-extended/xz/xz_5.4.7.bb:do_recipe_qa_setscene)
NOTE: recipe expat-2.6.4-r0: task do_package_setscene: Succeeded
NOTE: Running setscene task 2191 of 2241 (/home/andrew/poky/meta/recipes-support/libffi/libffi_3.4.6.bb:do_recipe_qa_setscene)
NOTE: recipe xz-5.4.7-r0: task do_recipe_qa_setscene: Started
NOTE: recipe libffi-3.4.6-r0: task do_recipe_qa_setscene: Started
NOTE: recipe xz-5.4.7-r0: task do_recipe_qa_setscene: Succeeded
NOTE: Running setscene task 2192 of 2241 (/home/andrew/poky/meta/recipes-support/gdbm/gdbm_1.23.bb:do_recipe_qa_setscene)
NOTE: recipe libffi-3.4.6-r0: task do_recipe_qa_setscene: Succeeded
NOTE: Running setscene task 2193 of 2241 (/home/andrew/poky/meta/recipes-core/libxcrypt/libxcrypt_4.4.36.bb:do_recipe_qa_setscene)
NOTE: recipe gdbm-1.23-r0: task do_recipe_qa_setscene: Started
NOTE: recipe libxcrypt-4.4.36-r0: task do_recipe_qa_setscene: Started
NOTE: recipe gdbm-1.23-r0: task do_recipe_qa_setscene: Succeeded
NOTE: Running setscene task 2194 of 2241 (/home/andrew/poky/meta/recipes-support/sqlite/sqlite3_3.45.3.bb:do_recipe_qa_setscene)
NOTE: recipe libxcrypt-4.4.36-r0: task do_recipe_qa_setscene: Succeeded
NOTE: Running setscene task 2195 of 2241 (/home/andrew/poky/meta/recipes-core/util-linux/util-linux-libuuid_2.39.3.bb:do_recipe_qa_setscene)
NOTE: recipe sqlite3-3_3.45.3-r0: task do_recipe_qa_setscene: Started
NOTE: recipe util-linux-libuuid-2.39.3-r0: task do_recipe_qa_setscene: Started
NOTE: recipe sqlite3-3_3.45.3-r0: task do_recipe_qa_setscene: Succeeded
NOTE: Running setscene task 2196 of 2241 (/home/andrew/poky/meta/recipes-core/zlib/zlib_1.3.1.bb:do_recipe_qa_setscene)
NOTE: recipe util-linux-libuuid-2.39.3-r0: task do_recipe_qa_setscene: Succeeded
NOTE: Running setscene task 2198 of 2241 (/home/andrew/poky/meta/recipes-extended/libnsl/libnsl2_git.bb:do_recipe_qa_setscene)
NOTE: recipe zlib-1.3.1-r0: task do_recipe_qa_setscene: Started
NOTE: recipe libnsl2-2.0.1-r0: task do_recipe_qa_setscene: Started
NOTE: recipe zlib-1.3.1-r0: task do_recipe_qa_setscene: Succeeded
NOTE: Running setscene task 2199 of 2241 (/home/andrew/poky/meta/recipes-core/ncurses/ncurses_6.4.bb:do_package_setscene)
NOTE: recipe libnsl2-2.0.1-r0: task do_recipe_qa_setscene: Succeeded
NOTE: Running setscene task 2200 of 2241 (/home/andrew/poky/meta/recipes-devtools/libedit/libedit_20230828-3.1.bb:do_recipe_qa_setscene)
NOTE: recipe libedit-20230828-3.1-r1: task do_recipe_qa_setscene: Started
NOTE: recipe ncurses-6.4-r0: task do_package_setscene: Started
NOTE: recipe libedit-20230828-3.1-r1: task do_recipe_qa_setscene: Succeeded
NOTE: Running setscene task 2202 of 2241 (/home/andrew/poky/meta/recipes-extended/libtirpc/libtirpc_1.3.4.bb:do_recipe_qa_setscene)
NOTE: recipe libtirpc-1.3.4-r0: task do_recipe_qa_setscene: Started
NOTE: recipe libtirpc-1.3.4-r0: task do_recipe_qa_setscene: Succeeded
NOTE: Running setscene task 2203 of 2241 (/home/andrew/poky/meta/recipes-connectivity/openssl/openssl_3.5.5.bb:do_recipe_qa_setscene)
NOTE: recipe openssl-3.5.5-r0: task do_recipe_qa_setscene: Started
NOTE: recipe openssl-3.5.5-r0: task do_recipe_qa_setscene: Succeeded
NOTE: Running setscene task 2204 of 2241 (/home/andrew/poky/meta/recipes-core/expat/expat_2.6.4.bb:do_recipe_qa_setscene)
NOTE: recipe expat-2.6.4-r0: task do_recipe_qa_setscene: Started
NOTE: recipe expat-2.6.4-r0: task do_recipe_qa_setscene: Succeeded
NOTE: Running task 1272 of 4895 (/home/andrew/poky/meta/recipes-core/zlib/zlib_1.3.1.bb:do_fetch)
NOTE: recipe zlib-1.3.1-r0: task do_fetch: Started
NOTE: recipe zlib-1.3.1-r0: task do_fetch: Succeeded
NOTE: Running task 1273 of 4895 (/home/andrew/poky/meta/recipes-core/zlib/zlib_1.3.1.bb:do_unpack)
NOTE: recipe zlib-1.3.1-r0: task do_unpack: Started
NOTE: recipe zlib-1.3.1-r0: task do_unpack: Succeeded
NOTE: Running task 1278 of 4895 (/home/andrew/poky/meta/recipes-extended/bzip2/bzip2_1.0.8.bb:do_fetch)
NOTE: recipe bzip2-1.0.8-r0: task do_fetch: Started
NOTE: recipe bzip2-1.0.8-r0: task do_fetch: Succeeded
NOTE: Running task 1279 of 4895 (/home/andrew/poky/meta/recipes-extended/bzip2/bzip2_1.0.8.bb:do_unpack)
NOTE: recipe bzip2-1.0.8-r0: task do_unpack: Started
NOTE: recipe bzip2-1.0.8-r0: task do_unpack: Succeeded
NOTE: Running task 1314 of 4895 (/home/andrew/poky/meta/recipes-extended/libtirpc/libtirpc_1.3.4.bb:do_fetch)
NOTE: recipe libtirpc-1.3.4-r0: task do_fetch: Started
NOTE: recipe libtirpc-1.3.4-r0: task do_fetch: Succeeded
NOTE: Running task 1315 of 4895 (/home/andrew/poky/meta/recipes-extended/libtirpc/libtirpc_1.3.4.bb:do_unpack)
NOTE: recipe libtirpc-1.3.4-r0: task do_unpack: Started
NOTE: recipe ncurses-6.4-r0: task do_package_setscene: Succeeded
NOTE: Running setscene task 2205 of 2241 (/home/andrew/poky/meta/recipes-devtools/opkg-utils/opkg-utils_0.6.3.bb:do_populate_sysroot_setscene)
NOTE: recipe opkg-utils-0.6.3-r0: task do_populate_sysroot_setscene: Started
NOTE: recipe libtirpc-1.3.4-r0: task do_unpack: Succeeded
NOTE: Running setscene task 2207 of 2241 (/home/andrew/poky/meta/recipes-devtools/libtool/libtool-cross_2.4.7.bb:do_populate_sysroot_setscene)
NOTE: recipe opkg-utils-0.6.3-r0: task do_populate_sysroot_setscene: Succeeded
NOTE: Running setscene task 2208 of 2241 (/home/andrew/poky/meta/recipes-core/ncurses/ncurses_6.4.bb:do_recipe_qa_setscene)
NOTE: recipe libtool-cross-2.4.7-r0: task do_populate_sysroot_setscene: Started
NOTE: recipe ncurses-6.4-r0: task do_recipe_qa_setscene: Started
NOTE: recipe libtool-cross-2.4.7-r0: task do_populate_sysroot_setscene: Succeeded
NOTE: Running setscene task 2209 of 2241 (/home/andrew/poky/meta/recipes-devtools/opkg-utils/opkg-utils_0.6.3.bb:do_packagedata_setscene)
NOTE: recipe ncurses-6.4-r0: task do_recipe_qa_setscene: Succeeded
NOTE: Running setscene task 2211 of 2241 (/home/andrew/poky/meta/recipes-devtools/libtool/libtool-cross_2.4.7.bb:do_recipe_qa_setscene)
NOTE: recipe opkg-utils-0.6.3-r0: task do_packagedata_setscene: Started
NOTE: recipe libtool-cross-2.4.7-r0: task do_recipe_qa_setscene: Started
NOTE: recipe opkg-utils-0.6.3-r0: task do_packagedata_setscene: Succeeded
NOTE: Running setscene task 2212 of 2241 (/home/andrew/poky/meta/recipes-devtools/opkg-utils/opkg-utils_0.6.3.bb:do_package_setscene)
NOTE: recipe libtool-cross-2.4.7-r0: task do_recipe_qa_setscene: Succeeded
NOTE: Running task 1320 of 4895 (/home/andrew/poky/meta/recipes-devtools/libtool/libtool-cross_2.4.7.bb:do_fetch)
NOTE: recipe opkg-utils-0.6.3-r0: task do_package_setscene: Started
NOTE: recipe libtool-cross-2.4.7-r0: task do_fetch: Started
NOTE: recipe libtool-cross-2.4.7-r0: task do_fetch: Succeeded
NOTE: Running task 1321 of 4895 (/home/andrew/poky/meta/recipes-devtools/libtool/libtool-cross_2.4.7.bb:do_unpack)
NOTE: recipe opkg-utils-0.6.3-r0: task do_package_setscene: Succeeded
NOTE: Running setscene task 2213 of 2241 (/home/andrew/poky/meta/recipes-devtools/gcc/gcc-runtime_13.4.bb:do_populate_sysroot_setscene)
NOTE: recipe libtool-cross-2.4.7-r0: task do_unpack: Started
NOTE: recipe gcc-runtime-13.4.0-r0: task do_populate_sysroot_setscene: Started
NOTE: recipe libtool-cross-2.4.7-r0: task do_unpack: Succeeded
NOTE: Running setscene task 2215 of 2241 (/home/andrew/poky/meta/recipes-devtools/gcc/gcc-runtime_13.4.bb:do_packagedata_setscene)
NOTE: recipe gcc-runtime-13.4.0-r0: task do_packagedata_setscene: Started
NOTE: recipe gcc-runtime-13.4.0-r0: task do_packagedata_setscene: Succeeded
NOTE: Running setscene task 2216 of 2241 (/home/andrew/poky/meta/recipes-devtools/gcc/gcc-runtime_13.4.bb:do_package_setscene)
NOTE: recipe gcc-runtime-13.4.0-r0: task do_package_setscene: Started
NOTE: recipe gcc-runtime-13.4.0-r0: task do_populate_sysroot_setscene: Succeeded
NOTE: Running setscene task 2217 of 2241 (/home/andrew/poky/meta/recipes-devtools/opkg-utils/opkg-utils_0.6.3.bb:do_recipe_qa_setscene)
NOTE: recipe opkg-utils-0.6.3-r0: task do_recipe_qa_setscene: Started
NOTE: recipe opkg-utils-0.6.3-r0: task do_recipe_qa_setscene: Succeeded
NOTE: Running task 1328 of 4895 (/home/andrew/poky/meta/recipes-devtools/opkg-utils/opkg-utils_0.6.3.bb:do_fetch)
NOTE: recipe opkg-utils-0.6.3-r0: task do_fetch: Started
NOTE: recipe opkg-utils-0.6.3-r0: task do_fetch: Succeeded
NOTE: Running task 1329 of 4895 (/home/andrew/poky/meta/recipes-devtools/opkg-utils/opkg-utils_0.6.3.bb:do_unpack)
NOTE: recipe opkg-utils-0.6.3-r0: task do_unpack: Started
NOTE: recipe opkg-utils-0.6.3-r0: task do_unpack: Succeeded
NOTE: Running task 1336 of 4895 (/home/andrew/poky/meta/recipes-core/ncurses/ncurses_6.4.bb:do_fetch)
NOTE: recipe gcc-runtime-13.4.0-r0: task do_package_setscene: Succeeded
NOTE: Running setscene task 2218 of 2241 (/home/andrew/poky/meta/recipes-devtools/gcc/gcc-runtime_13.4.bb:do_recipe_qa_setscene)
NOTE: recipe ncurses-6.4-r0: task do_fetch: Started
NOTE: recipe gcc-runtime-13.4.0-r0: task do_recipe_qa_setscene: Started
NOTE: recipe gcc-runtime-13.4.0-r0: task do_recipe_qa_setscene: Succeeded
NOTE: Running setscene task 2219 of 2241 (/home/andrew/poky/meta/recipes-devtools/gcc/libgcc_13.4.bb:do_packagedata_setscene)
NOTE: recipe libgcc-13.4.0-r0: task do_packagedata_setscene: Started
NOTE: recipe libgcc-13.4.0-r0: task do_packagedata_setscene: Succeeded
NOTE: Running setscene task 2221 of 2241 (/home/andrew/poky/meta/recipes-devtools/gcc/libgcc_13.4.bb:do_populate_sysroot_setscene)
NOTE: recipe ncurses-6.4-r0: task do_fetch: Succeeded
NOTE: Running setscene task 2222 of 2241 (/home/andrew/poky/meta/recipes-devtools/gcc/libgcc_13.4.bb:do_package_setscene)
NOTE: recipe libgcc-13.4.0-r0: task do_populate_sysroot_setscene: Started
NOTE: recipe libgcc-13.4.0-r0: task do_package_setscene: Started
NOTE: recipe libgcc-13.4.0-r0: task do_populate_sysroot_setscene: Succeeded
NOTE: Running task 1337 of 4895 (/home/andrew/poky/meta/recipes-core/ncurses/ncurses_6.4.bb:do_unpack)
NOTE: recipe ncurses-6.4-r0: task do_unpack: Started
NOTE: recipe libgcc-13.4.0-r0: task do_package_setscene: Succeeded
NOTE: Running setscene task 2223 of 2241 (/home/andrew/poky/meta/recipes-core/glibc/glibc_2.39.bb:do_packagedata_setscene)
NOTE: recipe glibc-2.39+git-r0: task do_packagedata_setscene: Started
NOTE: recipe glibc-2.39+git-r0: task do_packagedata_setscene: Succeeded
NOTE: Running setscene task 2224 of 2241 (/home/andrew/poky/meta/recipes-core/glibc/glibc_2.39.bb:do_populate_sysroot_setscene)
NOTE: recipe glibc-2.39+git-r0: task do_populate_sysroot_setscene: Started
NOTE: recipe glibc-2.39+git-r0: task do_populate_sysroot_setscene: Succeeded
NOTE: Running setscene task 2225 of 2241 (/home/andrew/poky/meta/recipes-core/glibc/glibc_2.39.bb:do_package_setscene)
NOTE: recipe glibc-2.39+git-r0: task do_package_setscene: Started
NOTE: recipe ncurses-6.4-r0: task do_unpack: Succeeded
NOTE: Running setscene task 2226 of 2241 (/home/andrew/poky/meta/recipes-devtools/gcc/libgcc_13.4.bb:do_recipe_qa_setscene)
NOTE: recipe libgcc-13.4.0-r0: task do_recipe_qa_setscene: Started
NOTE: recipe libgcc-13.4.0-r0: task do_recipe_qa_setscene: Succeeded
NOTE: Running task 1346 of 4895 (/home/andrew/meta-selinux/recipes-security/selinux/libsepol_3.7.bb:do_fetch)
NOTE: recipe libsepol-3.7-r0: task do_fetch: Started
NOTE: recipe libsepol-3.7-r0: task do_fetch: Succeeded
NOTE: Running task 1347 of 4895 (/home/andrew/meta-selinux/recipes-security/selinux/libsepol_3.7.bb:do_unpack)
NOTE: recipe libsepol-3.7-r0: task do_unpack: Started
NOTE: recipe libsepol-3.7-r0: task do_unpack: Succeeded
NOTE: Running task 1354 of 4895 (/home/andrew/poky/meta/recipes-support/libpcre/libpcre2_10.43.bb:do_fetch)
NOTE: recipe libpcre2-10.43-r0: task do_fetch: Started
NOTE: recipe libpcre2-10.43-r0: task do_fetch: Succeeded
NOTE: Running task 1355 of 4895 (/home/andrew/poky/meta/recipes-support/libpcre/libpcre2_10.43.bb:do_unpack)
NOTE: recipe libpcre2-10.43-r0: task do_unpack: Started
NOTE: recipe libpcre2-10.43-r0: task do_unpack: Succeeded
NOTE: Running task 1360 of 4895 (/home/andrew/poky/meta/recipes-core/libxcrypt/libxcrypt_4.4.36.bb:do_fetch)
NOTE: recipe libxcrypt-4.4.36-r0: task do_fetch: Started
NOTE: recipe glibc-2.39+git-r0: task do_package_setscene: Succeeded
NOTE: Running setscene task 2228 of 2241 (/home/andrew/poky/meta/recipes-kernel/linux-libc-headers/linux-libc-headers_6.6.bb:do_packagedata_setscene)
NOTE: recipe libxcrypt-4.4.36-r0: task do_fetch: Succeeded
NOTE: Running setscene task 2230 of 2241 (/home/andrew/poky/meta/recipes-devtools/gcc/libgcc-initial_13.4.bb:do_populate_sysroot_setscene)
NOTE: recipe linux-libc-headers-6.6-r0: task do_packagedata_setscene: Started
NOTE: recipe linux-libc-headers-6.6-r0: task do_packagedata_setscene: Succeeded
NOTE: Running setscene task 2233 of 2241 (/home/andrew/poky/meta/recipes-core/glibc/glibc_2.39.bb:do_recipe_qa_setscene)
NOTE: recipe libgcc-initial-13.4.0-r0: task do_populate_sysroot_setscene: Started
NOTE: recipe libgcc-initial-13.4.0-r0: task do_populate_sysroot_setscene: Succeeded
NOTE: Running setscene task 2237 of 2241 (/home/andrew/poky/meta/recipes-kernel/linux-libc-headers/linux-libc-headers_6.6.bb:do_populate_sysroot_setscene)
NOTE: recipe glibc-2.39+git-r0: task do_recipe_qa_setscene: Started
NOTE: recipe linux-libc-headers-6.6-r0: task do_populate_sysroot_setscene: Started
NOTE: recipe glibc-2.39+git-r0: task do_recipe_qa_setscene: Succeeded
NOTE: Running setscene task 2238 of 2241 (/home/andrew/poky/meta/recipes-devtools/gcc/libgcc-initial_13.4.bb:do_recipe_qa_setscene)
NOTE: recipe libgcc-initial-13.4.0-r0: task do_recipe_qa_setscene: Started
NOTE: recipe linux-libc-headers-6.6-r0: task do_populate_sysroot_setscene: Succeeded
NOTE: recipe libgcc-initial-13.4.0-r0: task do_recipe_qa_setscene: Succeeded
NOTE: Running setscene task 2240 of 2241 (/home/andrew/poky/meta/recipes-kernel/linux-libc-headers/linux-libc-headers_6.6.bb:do_recipe_qa_setscene)
NOTE: Running task 1361 of 4895 (/home/andrew/poky/meta/recipes-core/libxcrypt/libxcrypt_4.4.36.bb:do_unpack)
NOTE: recipe linux-libc-headers-6.6-r0: task do_recipe_qa_setscene: Started
NOTE: recipe libxcrypt-4.4.36-r0: task do_unpack: Started
NOTE: recipe linux-libc-headers-6.6-r0: task do_recipe_qa_setscene: Succeeded
NOTE: Running task 1414 of 4895 (/home/andrew/poky/meta/recipes-core/glibc/glibc_2.39.bb:do_fetch)
NOTE: recipe glibc-2.39+git-r0: task do_fetch: Started
NOTE: recipe glibc-2.39+git-r0: task do_fetch: Succeeded
NOTE: Running task 1415 of 4895 (/home/andrew/poky/meta/recipes-core/glibc/glibc_2.39.bb:do_unpack)
NOTE: recipe libxcrypt-4.4.36-r0: task do_unpack: Succeeded
NOTE: Running task 1430 of 4895 (/home/andrew/poky/meta/recipes-devtools/gcc/libgcc-initial_13.4.bb:do_rm_work)
NOTE: recipe glibc-2.39+git-r0: task do_unpack: Started
NOTE: recipe libgcc-initial-13.4.0-r0: task do_rm_work: Started
NOTE: recipe libgcc-initial-13.4.0-r0: task do_rm_work: Succeeded
NOTE: Running task 1433 of 4895 (/home/andrew/meta-selinux/recipes-security/selinux/libselinux_3.7.bb:do_fetch)
NOTE: recipe libselinux-3.7-r0: task do_fetch: Started
NOTE: recipe libselinux-3.7-r0: task do_fetch: Succeeded
NOTE: Running task 1434 of 4895 (/home/andrew/meta-selinux/recipes-security/selinux/libselinux_3.7.bb:do_unpack)
NOTE: recipe libselinux-3.7-r0: task do_unpack: Started
NOTE: recipe libselinux-3.7-r0: task do_unpack: Succeeded
NOTE: Running task 1439 of 4895 (/home/andrew/poky/meta/recipes-core/expat/expat_2.6.4.bb:do_fetch)
NOTE: recipe expat-2.6.4-r0: task do_fetch: Started
NOTE: recipe expat-2.6.4-r0: task do_fetch: Succeeded
NOTE: Running task 1440 of 4895 (/home/andrew/poky/meta/recipes-core/expat/expat_2.6.4.bb:do_unpack)
NOTE: recipe expat-2.6.4-r0: task do_unpack: Started
NOTE: recipe expat-2.6.4-r0: task do_unpack: Succeeded
NOTE: Running task 1460 of 4895 (/home/andrew/poky/meta/recipes-core/util-linux/util-linux-libuuid_2.39.3.bb:do_fetch)
NOTE: recipe util-linux-libuuid-2.39.3-r0: task do_fetch: Started
NOTE: recipe util-linux-libuuid-2.39.3-r0: task do_fetch: Succeeded
NOTE: Running task 1461 of 4895 (/home/andrew/poky/meta/recipes-core/util-linux/util-linux-libuuid_2.39.3.bb:do_unpack)
NOTE: recipe util-linux-libuuid-2.39.3-r0: task do_unpack: Started
NOTE: recipe glibc-2.39+git-r0: task do_unpack: Succeeded
NOTE: Running task 1464 of 4895 (/home/andrew/poky/meta/recipes-core/glibc/glibc_2.39.bb:do_collect_spdx_deps)
NOTE: recipe glibc-2.39+git-r0: task do_collect_spdx_deps: Started
NOTE: recipe glibc-2.39+git-r0: task do_collect_spdx_deps: Succeeded
NOTE: Running task 1475 of 4895 (/home/andrew/poky/meta/recipes-core/glibc/glibc_2.39.bb:do_create_spdx)
NOTE: recipe glibc-2.39+git-r0: task do_create_spdx: Started
NOTE: recipe util-linux-libuuid-2.39.3-r0: task do_unpack: Succeeded
NOTE: Running task 1591 of 4895 (/home/andrew/poky/meta/recipes-connectivity/openssl/openssl_3.5.5.bb:do_fetch)
NOTE: recipe openssl-3.5.5-r0: task do_fetch: Started
NOTE: recipe openssl-3.5.5-r0: task do_fetch: Succeeded
NOTE: Running task 1593 of 4895 (/home/andrew/poky/meta/recipes-connectivity/openssl/openssl_3.5.5.bb:do_unpack)
NOTE: recipe openssl-3.5.5-r0: task do_unpack: Started
NOTE: recipe openssl-3.5.5-r0: task do_unpack: Succeeded
NOTE: Running task 1604 of 4895 (/home/andrew/poky/meta/recipes-extended/xz/xz_5.4.7.bb:do_fetch)
NOTE: recipe xz-5.4.7-r0: task do_fetch: Started
NOTE: recipe xz-5.4.7-r0: task do_fetch: Succeeded
NOTE: Running task 1606 of 4895 (/home/andrew/poky/meta/recipes-extended/xz/xz_5.4.7.bb:do_unpack)
NOTE: recipe xz-5.4.7-r0: task do_unpack: Started
NOTE: recipe xz-5.4.7-r0: task do_unpack: Succeeded
NOTE: Running task 1620 of 4895 (/home/andrew/poky/meta/recipes-support/libffi/libffi_3.4.6.bb:do_fetch)
NOTE: recipe libffi-3.4.6-r0: task do_fetch: Started
NOTE: recipe libffi-3.4.6-r0: task do_fetch: Succeeded
NOTE: Running task 1622 of 4895 (/home/andrew/poky/meta/recipes-support/libffi/libffi_3.4.6.bb:do_unpack)
NOTE: recipe libffi-3.4.6-r0: task do_unpack: Started
NOTE: recipe libffi-3.4.6-r0: task do_unpack: Succeeded
NOTE: Running task 1634 of 4895 (/home/andrew/poky/meta/recipes-support/sqlite/sqlite3_3.45.3.bb:do_fetch)
NOTE: recipe sqlite3-3_3.45.3-r0: task do_fetch: Started
NOTE: recipe sqlite3-3_3.45.3-r0: task do_fetch: Succeeded
NOTE: Running task 1636 of 4895 (/home/andrew/poky/meta/recipes-support/sqlite/sqlite3_3.45.3.bb:do_unpack)
NOTE: recipe glibc-2.39+git-r0: task do_create_spdx: Succeeded
NOTE: recipe sqlite3-3_3.45.3-r0: task do_unpack: Started
NOTE: Running task 1637 of 4895 (/home/andrew/poky/meta/recipes-core/glibc/glibc_2.39.bb:do_create_runtime_spdx)
NOTE: recipe sqlite3-3_3.45.3-r0: task do_unpack: Succeeded
NOTE: Running task 1638 of 4895 (/home/andrew/poky/meta/recipes-devtools/gcc/libgcc_13.4.bb:do_collect_spdx_deps)
NOTE: recipe glibc-2.39+git-r0: task do_create_runtime_spdx: Started
NOTE: recipe libgcc-13.4.0-r0: task do_collect_spdx_deps: Started
NOTE: recipe libgcc-13.4.0-r0: task do_collect_spdx_deps: Succeeded
NOTE: Running task 1639 of 4895 (/home/andrew/poky/meta/recipes-devtools/gcc/libgcc_13.4.bb:do_create_spdx)
NOTE: recipe libgcc-13.4.0-r0: task do_create_spdx: Started
NOTE: recipe glibc-2.39+git-r0: task do_create_runtime_spdx: Succeeded
NOTE: Running task 1651 of 4895 (/home/andrew/poky/meta/recipes-support/gdbm/gdbm_1.23.bb:do_fetch)
NOTE: recipe gdbm-1.23-r0: task do_fetch: Started
NOTE: recipe gdbm-1.23-r0: task do_fetch: Succeeded
NOTE: Running task 1653 of 4895 (/home/andrew/poky/meta/recipes-support/gdbm/gdbm_1.23.bb:do_unpack)
NOTE: recipe libgcc-13.4.0-r0: task do_create_spdx: Succeeded
NOTE: Running task 1654 of 4895 (/home/andrew/poky/meta/recipes-devtools/gcc/libgcc_13.4.bb:do_create_runtime_spdx)
NOTE: recipe gdbm-1.23-r0: task do_unpack: Started
NOTE: recipe libgcc-13.4.0-r0: task do_create_runtime_spdx: Started
NOTE: recipe gdbm-1.23-r0: task do_unpack: Succeeded
NOTE: Running task 1657 of 4895 (/home/andrew/poky/meta/recipes-devtools/gcc/gcc-runtime_13.4.bb:do_collect_spdx_deps)
NOTE: recipe libgcc-13.4.0-r0: task do_create_runtime_spdx: Succeeded
NOTE: Running task 1669 of 4895 (/home/andrew/poky/meta/recipes-devtools/libedit/libedit_20230828-3.1.bb:do_fetch)
NOTE: recipe gcc-runtime-13.4.0-r0: task do_collect_spdx_deps: Started
NOTE: recipe gcc-runtime-13.4.0-r0: task do_collect_spdx_deps: Succeeded
NOTE: Running task 1670 of 4895 (/home/andrew/poky/meta/recipes-devtools/gcc/gcc-runtime_13.4.bb:do_create_spdx)
NOTE: recipe libedit-20230828-3.1-r1: task do_fetch: Started
NOTE: recipe libedit-20230828-3.1-r1: task do_fetch: Succeeded
NOTE: Running task 1672 of 4895 (/home/andrew/poky/meta/recipes-devtools/libedit/libedit_20230828-3.1.bb:do_unpack)
NOTE: recipe gcc-runtime-13.4.0-r0: task do_create_spdx: Started
NOTE: recipe libedit-20230828-3.1-r1: task do_unpack: Started
NOTE: recipe libedit-20230828-3.1-r1: task do_unpack: Succeeded
NOTE: Running task 1684 of 4895 (/home/andrew/poky/meta/recipes-extended/libnsl/libnsl2_git.bb:do_fetch)
NOTE: recipe libnsl2-2.0.1-r0: task do_fetch: Started
NOTE: recipe libnsl2-2.0.1-r0: task do_fetch: Succeeded
NOTE: Running task 1686 of 4895 (/home/andrew/poky/meta/recipes-extended/libnsl/libnsl2_git.bb:do_unpack)
NOTE: recipe libnsl2-2.0.1-r0: task do_unpack: Started
NOTE: recipe libnsl2-2.0.1-r0: task do_unpack: Succeeded
NOTE: Running task 1714 of 4895 (/home/andrew/poky/meta/recipes-devtools/python/python3_3.12.12.bb:do_fetch)
NOTE: recipe python3-3.12.12-r0: task do_fetch: Started
NOTE: recipe gcc-runtime-13.4.0-r0: task do_create_spdx: Succeeded
NOTE: Running task 1715 of 4895 (/home/andrew/poky/meta/recipes-devtools/gcc/gcc-runtime_13.4.bb:do_create_runtime_spdx)
NOTE: recipe python3-3.12.12-r0: task do_fetch: Succeeded
NOTE: Running task 1716 of 4895 (/home/andrew/poky/meta/recipes-devtools/libtool/libtool-cross_2.4.7.bb:do_collect_spdx_deps)
NOTE: recipe gcc-runtime-13.4.0-r0: task do_create_runtime_spdx: Started
NOTE: recipe libtool-cross-2.4.7-r0: task do_collect_spdx_deps: Started
NOTE: recipe libtool-cross-2.4.7-r0: task do_collect_spdx_deps: Succeeded
NOTE: Running task 1717 of 4895 (/home/andrew/poky/meta/recipes-devtools/libtool/libtool-cross_2.4.7.bb:do_create_spdx)
NOTE: recipe libtool-cross-2.4.7-r0: task do_create_spdx: Started
NOTE: recipe gcc-runtime-13.4.0-r0: task do_create_runtime_spdx: Succeeded
NOTE: Running task 1718 of 4895 (/home/andrew/poky/meta/recipes-devtools/opkg-utils/opkg-utils_0.6.3.bb:do_collect_spdx_deps)
NOTE: recipe libtool-cross-2.4.7-r0: task do_create_spdx: Succeeded
NOTE: Running task 1719 of 4895 (/home/andrew/poky/meta/recipes-devtools/libtool/libtool-cross_2.4.7.bb:do_create_runtime_spdx)
NOTE: recipe opkg-utils-0.6.3-r0: task do_collect_spdx_deps: Started
NOTE: recipe libtool-cross-2.4.7-r0: task do_create_runtime_spdx: Started
NOTE: recipe opkg-utils-0.6.3-r0: task do_collect_spdx_deps: Succeeded
NOTE: Running task 1720 of 4895 (/home/andrew/poky/meta/recipes-devtools/opkg-utils/opkg-utils_0.6.3.bb:do_create_spdx)
NOTE: recipe libtool-cross-2.4.7-r0: task do_create_runtime_spdx: Succeeded
NOTE: Running task 1721 of 4895 (/home/andrew/poky/meta/recipes-core/zlib/zlib_1.3.1.bb:do_collect_spdx_deps)
NOTE: recipe opkg-utils-0.6.3-r0: task do_create_spdx: Started
NOTE: recipe zlib-1.3.1-r0: task do_collect_spdx_deps: Started
NOTE: recipe opkg-utils-0.6.3-r0: task do_create_spdx: Succeeded
NOTE: Running task 1722 of 4895 (/home/andrew/poky/meta/recipes-extended/bzip2/bzip2_1.0.8.bb:do_collect_spdx_deps)
NOTE: recipe zlib-1.3.1-r0: task do_collect_spdx_deps: Succeeded
NOTE: Running task 1723 of 4895 (/home/andrew/poky/meta/recipes-core/zlib/zlib_1.3.1.bb:do_create_spdx)
NOTE: recipe bzip2-1.0.8-r0: task do_collect_spdx_deps: Started
NOTE: recipe zlib-1.3.1-r0: task do_create_spdx: Started
NOTE: recipe bzip2-1.0.8-r0: task do_collect_spdx_deps: Succeeded
NOTE: Running task 1724 of 4895 (/home/andrew/poky/meta/recipes-extended/bzip2/bzip2_1.0.8.bb:do_create_spdx)
NOTE: recipe bzip2-1.0.8-r0: task do_create_spdx: Started
NOTE: recipe zlib-1.3.1-r0: task do_create_spdx: Succeeded
NOTE: Running task 1725 of 4895 (/home/andrew/poky/meta/recipes-core/zlib/zlib_1.3.1.bb:do_create_runtime_spdx)
NOTE: recipe zlib-1.3.1-r0: task do_create_runtime_spdx: Started
NOTE: recipe bzip2-1.0.8-r0: task do_create_spdx: Succeeded
NOTE: Running task 1726 of 4895 (/home/andrew/poky/meta/recipes-extended/bzip2/bzip2_1.0.8.bb:do_create_runtime_spdx)
NOTE: recipe zlib-1.3.1-r0: task do_create_runtime_spdx: Succeeded
NOTE: Running task 1727 of 4895 (/home/andrew/poky/meta/recipes-core/ncurses/ncurses_6.4.bb:do_collect_spdx_deps)
NOTE: recipe bzip2-1.0.8-r0: task do_create_runtime_spdx: Started
NOTE: recipe ncurses-6.4-r0: task do_collect_spdx_deps: Started
NOTE: recipe ncurses-6.4-r0: task do_collect_spdx_deps: Succeeded
NOTE: recipe bzip2-1.0.8-r0: task do_create_runtime_spdx: Succeeded
NOTE: Running task 1728 of 4895 (/home/andrew/poky/meta/recipes-core/ncurses/ncurses_6.4.bb:do_create_spdx)
NOTE: Running task 1729 of 4895 (/home/andrew/meta-selinux/recipes-security/selinux/libsepol_3.7.bb:do_collect_spdx_deps)
NOTE: recipe libsepol-3.7-r0: task do_collect_spdx_deps: Started
NOTE: recipe ncurses-6.4-r0: task do_create_spdx: Started
NOTE: recipe libsepol-3.7-r0: task do_collect_spdx_deps: Succeeded
NOTE: Running task 1730 of 4895 (/home/andrew/meta-selinux/recipes-security/selinux/libsepol_3.7.bb:do_create_spdx)
NOTE: recipe libsepol-3.7-r0: task do_create_spdx: Started
NOTE: recipe libsepol-3.7-r0: task do_create_spdx: Succeeded
NOTE: Running task 1731 of 4895 (/home/andrew/meta-selinux/recipes-security/selinux/libsepol_3.7.bb:do_create_runtime_spdx)
NOTE: recipe libsepol-3.7-r0: task do_create_runtime_spdx: Started
NOTE: recipe libsepol-3.7-r0: task do_create_runtime_spdx: Succeeded
NOTE: Running task 1732 of 4895 (/home/andrew/poky/meta/recipes-core/libxcrypt/libxcrypt_4.4.36.bb:do_collect_spdx_deps)
NOTE: recipe libxcrypt-4.4.36-r0: task do_collect_spdx_deps: Started
NOTE: recipe libxcrypt-4.4.36-r0: task do_collect_spdx_deps: Succeeded
NOTE: Running task 1733 of 4895 (/home/andrew/poky/meta/recipes-core/libxcrypt/libxcrypt_4.4.36.bb:do_create_spdx)
NOTE: recipe libxcrypt-4.4.36-r0: task do_create_spdx: Started
NOTE: recipe libxcrypt-4.4.36-r0: task do_create_spdx: Succeeded
NOTE: Running task 1734 of 4895 (/home/andrew/poky/meta/recipes-core/libxcrypt/libxcrypt_4.4.36.bb:do_create_runtime_spdx)
NOTE: recipe libxcrypt-4.4.36-r0: task do_create_runtime_spdx: Started
NOTE: recipe ncurses-6.4-r0: task do_create_spdx: Succeeded
NOTE: Running task 1735 of 4895 (/home/andrew/poky/meta/recipes-core/ncurses/ncurses_6.4.bb:do_create_runtime_spdx)
NOTE: recipe libxcrypt-4.4.36-r0: task do_create_runtime_spdx: Succeeded
NOTE: Running task 1736 of 4895 (/home/andrew/poky/meta/recipes-support/libpcre/libpcre2_10.43.bb:do_collect_spdx_deps)
NOTE: recipe ncurses-6.4-r0: task do_create_runtime_spdx: Started
NOTE: recipe libpcre2-10.43-r0: task do_collect_spdx_deps: Started
NOTE: recipe libpcre2-10.43-r0: task do_collect_spdx_deps: Succeeded
NOTE: Running task 1737 of 4895 (/home/andrew/poky/meta/recipes-support/libpcre/libpcre2_10.43.bb:do_create_spdx)
NOTE: recipe ncurses-6.4-r0: task do_create_runtime_spdx: Succeeded
NOTE: Running task 1738 of 4895 (/home/andrew/poky/meta/recipes-extended/libtirpc/libtirpc_1.3.4.bb:do_collect_spdx_deps)
NOTE: recipe libpcre2-10.43-r0: task do_create_spdx: Started
NOTE: recipe libtirpc-1.3.4-r0: task do_collect_spdx_deps: Started
NOTE: recipe libtirpc-1.3.4-r0: task do_collect_spdx_deps: Succeeded
NOTE: Running task 1739 of 4895 (/home/andrew/poky/meta/recipes-extended/libtirpc/libtirpc_1.3.4.bb:do_create_spdx)
NOTE: recipe libtirpc-1.3.4-r0: task do_create_spdx: Started
NOTE: recipe libpcre2-10.43-r0: task do_create_spdx: Succeeded
NOTE: Running task 1740 of 4895 (/home/andrew/poky/meta/recipes-support/libpcre/libpcre2_10.43.bb:do_create_runtime_spdx)
NOTE: recipe libpcre2-10.43-r0: task do_create_runtime_spdx: Started
NOTE: recipe libtirpc-1.3.4-r0: task do_create_spdx: Succeeded
NOTE: Running task 1741 of 4895 (/home/andrew/poky/meta/recipes-extended/libtirpc/libtirpc_1.3.4.bb:do_create_runtime_spdx)
NOTE: recipe libtirpc-1.3.4-r0: task do_create_runtime_spdx: Started
NOTE: recipe libpcre2-10.43-r0: task do_create_runtime_spdx: Succeeded
NOTE: Running task 1742 of 4895 (/home/andrew/meta-selinux/recipes-security/selinux/libselinux_3.7.bb:do_collect_spdx_deps)
NOTE: recipe libtirpc-1.3.4-r0: task do_create_runtime_spdx: Succeeded
NOTE: Running task 1743 of 4895 (/home/andrew/poky/meta/recipes-connectivity/openssl/openssl_3.5.5.bb:do_collect_spdx_deps)
NOTE: recipe libselinux-3.7-r0: task do_collect_spdx_deps: Started
NOTE: recipe libselinux-3.7-r0: task do_collect_spdx_deps: Succeeded
NOTE: Running task 1744 of 4895 (/home/andrew/meta-selinux/recipes-security/selinux/libselinux_3.7.bb:do_create_spdx)
NOTE: recipe openssl-3.5.5-r0: task do_collect_spdx_deps: Started
NOTE: recipe openssl-3.5.5-r0: task do_collect_spdx_deps: Succeeded
NOTE: Running task 1745 of 4895 (/home/andrew/poky/meta/recipes-connectivity/openssl/openssl_3.5.5.bb:do_create_spdx)
NOTE: recipe libselinux-3.7-r0: task do_create_spdx: Started
NOTE: recipe openssl-3.5.5-r0: task do_create_spdx: Started
NOTE: recipe libselinux-3.7-r0: task do_create_spdx: Succeeded
NOTE: Running task 1746 of 4895 (/home/andrew/meta-selinux/recipes-security/selinux/libselinux_3.7.bb:do_create_runtime_spdx)
NOTE: recipe libselinux-3.7-r0: task do_create_runtime_spdx: Started
NOTE: recipe libselinux-3.7-r0: task do_create_runtime_spdx: Succeeded
NOTE: Running task 1747 of 4895 (/home/andrew/poky/meta/recipes-core/util-linux/util-linux-libuuid_2.39.3.bb:do_collect_spdx_deps)
NOTE: recipe util-linux-libuuid-2.39.3-r0: task do_collect_spdx_deps: Started
NOTE: recipe util-linux-libuuid-2.39.3-r0: task do_collect_spdx_deps: Succeeded
NOTE: Running task 1748 of 4895 (/home/andrew/poky/meta/recipes-core/util-linux/util-linux-libuuid_2.39.3.bb:do_create_spdx)
NOTE: recipe util-linux-libuuid-2.39.3-r0: task do_create_spdx: Started
NOTE: recipe util-linux-libuuid-2.39.3-r0: task do_create_spdx: Succeeded
NOTE: Running task 1749 of 4895 (/home/andrew/poky/meta/recipes-core/util-linux/util-linux-libuuid_2.39.3.bb:do_create_runtime_spdx)
NOTE: recipe util-linux-libuuid-2.39.3-r0: task do_create_runtime_spdx: Started
NOTE: recipe util-linux-libuuid-2.39.3-r0: task do_create_runtime_spdx: Succeeded
NOTE: Running task 1750 of 4895 (/home/andrew/poky/meta/recipes-extended/xz/xz_5.4.7.bb:do_collect_spdx_deps)
NOTE: recipe xz-5.4.7-r0: task do_collect_spdx_deps: Started
NOTE: recipe openssl-3.5.5-r0: task do_create_spdx: Succeeded
NOTE: Running task 1751 of 4895 (/home/andrew/poky/meta/recipes-support/libffi/libffi_3.4.6.bb:do_collect_spdx_deps)
NOTE: recipe xz-5.4.7-r0: task do_collect_spdx_deps: Succeeded
NOTE: Running task 1752 of 4895 (/home/andrew/poky/meta/recipes-extended/xz/xz_5.4.7.bb:do_create_spdx)
NOTE: recipe libffi-3.4.6-r0: task do_collect_spdx_deps: Started
NOTE: recipe xz-5.4.7-r0: task do_create_spdx: Started
NOTE: recipe libffi-3.4.6-r0: task do_collect_spdx_deps: Succeeded
NOTE: Running task 1753 of 4895 (/home/andrew/poky/meta/recipes-support/libffi/libffi_3.4.6.bb:do_create_spdx)
NOTE: recipe libffi-3.4.6-r0: task do_create_spdx: Started
NOTE: recipe libffi-3.4.6-r0: task do_create_spdx: Succeeded
NOTE: Running task 1754 of 4895 (/home/andrew/poky/meta/recipes-support/libffi/libffi_3.4.6.bb:do_create_runtime_spdx)
NOTE: recipe libffi-3.4.6-r0: task do_create_runtime_spdx: Started
NOTE: recipe xz-5.4.7-r0: task do_create_spdx: Succeeded
NOTE: Running task 1755 of 4895 (/home/andrew/poky/meta/recipes-extended/xz/xz_5.4.7.bb:do_create_runtime_spdx)
NOTE: recipe libffi-3.4.6-r0: task do_create_runtime_spdx: Succeeded
NOTE: Running task 1756 of 4895 (/home/andrew/poky/meta/recipes-support/sqlite/sqlite3_3.45.3.bb:do_collect_spdx_deps)
NOTE: recipe xz-5.4.7-r0: task do_create_runtime_spdx: Started
NOTE: recipe sqlite3-3_3.45.3-r0: task do_collect_spdx_deps: Started
NOTE: recipe sqlite3-3_3.45.3-r0: task do_collect_spdx_deps: Succeeded
NOTE: Running task 1757 of 4895 (/home/andrew/poky/meta/recipes-support/sqlite/sqlite3_3.45.3.bb:do_create_spdx)
NOTE: recipe sqlite3-3_3.45.3-r0: task do_create_spdx: Started
NOTE: recipe xz-5.4.7-r0: task do_create_runtime_spdx: Succeeded
NOTE: Running task 1758 of 4895 (/home/andrew/poky/meta/recipes-core/expat/expat_2.6.4.bb:do_collect_spdx_deps)
NOTE: recipe expat-2.6.4-r0: task do_collect_spdx_deps: Started
NOTE: recipe sqlite3-3_3.45.3-r0: task do_create_spdx: Succeeded
NOTE: recipe expat-2.6.4-r0: task do_collect_spdx_deps: Succeeded
NOTE: Running task 1759 of 4895 (/home/andrew/poky/meta/recipes-support/sqlite/sqlite3_3.45.3.bb:do_create_runtime_spdx)
NOTE: Running task 1760 of 4895 (/home/andrew/poky/meta/recipes-core/expat/expat_2.6.4.bb:do_create_spdx)
NOTE: recipe sqlite3-3_3.45.3-r0: task do_create_runtime_spdx: Started
NOTE: recipe expat-2.6.4-r0: task do_create_spdx: Started
NOTE: recipe sqlite3-3_3.45.3-r0: task do_create_runtime_spdx: Succeeded
NOTE: Running task 1761 of 4895 (/home/andrew/poky/meta/recipes-devtools/libedit/libedit_20230828-3.1.bb:do_collect_spdx_deps)
NOTE: recipe expat-2.6.4-r0: task do_create_spdx: Succeeded
NOTE: Running task 1762 of 4895 (/home/andrew/poky/meta/recipes-core/expat/expat_2.6.4.bb:do_create_runtime_spdx)
NOTE: recipe libedit-20230828-3.1-r1: task do_collect_spdx_deps: Started
NOTE: recipe expat-2.6.4-r0: task do_create_runtime_spdx: Started
NOTE: recipe libedit-20230828-3.1-r1: task do_collect_spdx_deps: Succeeded
NOTE: Running task 1763 of 4895 (/home/andrew/poky/meta/recipes-devtools/libedit/libedit_20230828-3.1.bb:do_create_spdx)
NOTE: recipe expat-2.6.4-r0: task do_create_runtime_spdx: Succeeded
NOTE: Running task 1764 of 4895 (/home/andrew/poky/meta/recipes-support/gdbm/gdbm_1.23.bb:do_collect_spdx_deps)
NOTE: recipe libedit-20230828-3.1-r1: task do_create_spdx: Started
NOTE: recipe gdbm-1.23-r0: task do_collect_spdx_deps: Started
NOTE: recipe gdbm-1.23-r0: task do_collect_spdx_deps: Succeeded
NOTE: Running task 1765 of 4895 (/home/andrew/poky/meta/recipes-support/gdbm/gdbm_1.23.bb:do_create_spdx)
NOTE: recipe libedit-20230828-3.1-r1: task do_create_spdx: Succeeded
NOTE: Running task 1766 of 4895 (/home/andrew/poky/meta/recipes-devtools/libedit/libedit_20230828-3.1.bb:do_create_runtime_spdx)
NOTE: recipe gdbm-1.23-r0: task do_create_spdx: Started
NOTE: recipe libedit-20230828-3.1-r1: task do_create_runtime_spdx: Started
NOTE: recipe libedit-20230828-3.1-r1: task do_create_runtime_spdx: Succeeded
NOTE: Running task 1767 of 4895 (/home/andrew/poky/meta/recipes-extended/libnsl/libnsl2_git.bb:do_collect_spdx_deps)
NOTE: recipe gdbm-1.23-r0: task do_create_spdx: Succeeded
NOTE: Running task 1768 of 4895 (/home/andrew/poky/meta/recipes-support/gdbm/gdbm_1.23.bb:do_create_runtime_spdx)
NOTE: recipe libnsl2-2.0.1-r0: task do_collect_spdx_deps: Started
NOTE: recipe gdbm-1.23-r0: task do_create_runtime_spdx: Started
NOTE: recipe libnsl2-2.0.1-r0: task do_collect_spdx_deps: Succeeded
NOTE: Running task 1769 of 4895 (/home/andrew/poky/meta/recipes-extended/libnsl/libnsl2_git.bb:do_create_spdx)
NOTE: recipe libnsl2-2.0.1-r0: task do_create_spdx: Started
NOTE: recipe gdbm-1.23-r0: task do_create_runtime_spdx: Succeeded
NOTE: Running task 1771 of 4895 (/home/andrew/poky/meta/recipes-devtools/python/python3_3.12.12.bb:do_unpack)
NOTE: recipe libnsl2-2.0.1-r0: task do_create_spdx: Succeeded
NOTE: Running task 1772 of 4895 (/home/andrew/poky/meta/recipes-extended/libnsl/libnsl2_git.bb:do_create_runtime_spdx)
NOTE: recipe libnsl2-2.0.1-r0: task do_create_runtime_spdx: Started
NOTE: recipe python3-3.12.12-r0: task do_unpack: Started
NOTE: recipe libnsl2-2.0.1-r0: task do_create_runtime_spdx: Succeeded
NOTE: Running task 1774 of 4895 (/home/andrew/poky/meta/recipes-support/libcap-ng/libcap-ng_0.8.5.bb:do_fetch)
NOTE: recipe libcap-ng-0.8.5-r0: task do_fetch: Started
NOTE: recipe libcap-ng-0.8.5-r0: task do_fetch: Succeeded
NOTE: Running task 1776 of 4895 (/home/andrew/poky/meta/recipes-support/libcap-ng/libcap-ng_0.8.5.bb:do_unpack)
NOTE: recipe libcap-ng-0.8.5-r0: task do_unpack: Started
NOTE: recipe libcap-ng-0.8.5-r0: task do_unpack: Succeeded
NOTE: Running task 1779 of 4895 (/home/andrew/poky/meta/recipes-support/libcap-ng/libcap-ng_0.8.5.bb:do_collect_spdx_deps)
NOTE: recipe libcap-ng-0.8.5-r0: task do_collect_spdx_deps: Started
NOTE: recipe libcap-ng-0.8.5-r0: task do_collect_spdx_deps: Succeeded
NOTE: Running task 1789 of 4895 (/home/andrew/poky/meta/recipes-support/libcap-ng/libcap-ng_0.8.5.bb:do_create_spdx)
NOTE: recipe libcap-ng-0.8.5-r0: task do_create_spdx: Started
NOTE: recipe libcap-ng-0.8.5-r0: task do_create_spdx: Succeeded
NOTE: Running task 1790 of 4895 (/home/andrew/poky/meta/recipes-support/libcap-ng/libcap-ng_0.8.5.bb:do_create_runtime_spdx)
NOTE: recipe python3-3.12.12-r0: task do_unpack: Succeeded
NOTE: Running task 1791 of 4895 (/home/andrew/poky/meta/recipes-devtools/python/python3_3.12.12.bb:do_collect_spdx_deps)
NOTE: recipe libcap-ng-0.8.5-r0: task do_create_runtime_spdx: Started
NOTE: recipe libcap-ng-0.8.5-r0: task do_create_runtime_spdx: Succeeded
NOTE: recipe python3-3.12.12-r0: task do_collect_spdx_deps: Started
NOTE: Running task 1817 of 4895 (/home/andrew/poky/meta/recipes-extended/pam/libpam_1.5.3.bb:do_fetch)
NOTE: recipe python3-3.12.12-r0: task do_collect_spdx_deps: Succeeded
NOTE: Running task 1818 of 4895 (/home/andrew/poky/meta/recipes-devtools/python/python3_3.12.12.bb:do_create_spdx)
NOTE: recipe libpam-1.5.3-r0: task do_fetch: Started
NOTE: recipe libpam-1.5.3-r0: task do_fetch: Succeeded
NOTE: Running task 1820 of 4895 (/home/andrew/poky/meta/recipes-extended/pam/libpam_1.5.3.bb:do_unpack)
NOTE: recipe python3-3.12.12-r0: task do_create_spdx: Started
NOTE: recipe libpam-1.5.3-r0: task do_unpack: Started
NOTE: recipe libpam-1.5.3-r0: task do_unpack: Succeeded
NOTE: Running task 1823 of 4895 (/home/andrew/poky/meta/recipes-extended/pam/libpam_1.5.3.bb:do_collect_spdx_deps)
NOTE: recipe libpam-1.5.3-r0: task do_collect_spdx_deps: Started
NOTE: recipe libpam-1.5.3-r0: task do_collect_spdx_deps: Succeeded
NOTE: Running task 1832 of 4895 (/home/andrew/poky/meta/recipes-extended/pam/libpam_1.5.3.bb:do_create_spdx)
NOTE: recipe libpam-1.5.3-r0: task do_create_spdx: Started
NOTE: recipe libpam-1.5.3-r0: task do_create_spdx: Succeeded
NOTE: Running task 1883 of 4895 (/home/andrew/poky/meta/recipes-extended/tcp-wrappers/tcp-wrappers_7.6.bb:do_fetch)
NOTE: recipe tcp-wrappers-7.6-r0: task do_fetch: Started
NOTE: recipe tcp-wrappers-7.6-r0: task do_fetch: Succeeded
NOTE: Running task 1885 of 4895 (/home/andrew/poky/meta/recipes-extended/tcp-wrappers/tcp-wrappers_7.6.bb:do_unpack)
NOTE: recipe tcp-wrappers-7.6-r0: task do_unpack: Started
NOTE: recipe tcp-wrappers-7.6-r0: task do_unpack: Succeeded
NOTE: Running task 1886 of 4895 (/home/andrew/poky/meta/recipes-extended/tcp-wrappers/tcp-wrappers_7.6.bb:do_collect_spdx_deps)
NOTE: recipe tcp-wrappers-7.6-r0: task do_collect_spdx_deps: Started
NOTE: recipe tcp-wrappers-7.6-r0: task do_collect_spdx_deps: Succeeded
NOTE: Running task 1896 of 4895 (/home/andrew/poky/meta/recipes-extended/tcp-wrappers/tcp-wrappers_7.6.bb:do_create_spdx)
NOTE: recipe tcp-wrappers-7.6-r0: task do_create_spdx: Started
NOTE: recipe tcp-wrappers-7.6-r0: task do_create_spdx: Succeeded
NOTE: Running task 1897 of 4895 (/home/andrew/poky/meta/recipes-extended/tcp-wrappers/tcp-wrappers_7.6.bb:do_create_runtime_spdx)
NOTE: recipe tcp-wrappers-7.6-r0: task do_create_runtime_spdx: Started
NOTE: recipe python3-3.12.12-r0: task do_create_spdx: Succeeded
NOTE: recipe tcp-wrappers-7.6-r0: task do_create_runtime_spdx: Succeeded
NOTE: Running task 1916 of 4895 (/home/andrew/poky/meta/recipes-support/bash-completion/bash-completion_2.12.0.bb:do_fetch)
NOTE: Running task 1934 of 4895 (/home/andrew/meta-openembedded/meta-oe/recipes-security/audit/audit_4.0.2.bb:do_fetch)
NOTE: recipe bash-completion-2.12.0-r0: task do_fetch: Started
NOTE: recipe audit-4.0.2-r0: task do_fetch: Started
NOTE: recipe bash-completion-2.12.0-r0: task do_fetch: Succeeded
NOTE: Running task 1936 of 4895 (/home/andrew/poky/meta/recipes-support/bash-completion/bash-completion_2.12.0.bb:do_unpack)
NOTE: recipe bash-completion-2.12.0-r0: task do_unpack: Started
NOTE: recipe audit-4.0.2-r0: task do_fetch: Succeeded
NOTE: Running task 1938 of 4895 (/home/andrew/meta-openembedded/meta-oe/recipes-security/audit/audit_4.0.2.bb:do_unpack)
NOTE: recipe bash-completion-2.12.0-r0: task do_unpack: Succeeded
NOTE: Running task 1941 of 4895 (/home/andrew/poky/meta/recipes-support/bash-completion/bash-completion_2.12.0.bb:do_collect_spdx_deps)
NOTE: recipe audit-4.0.2-r0: task do_unpack: Started
NOTE: recipe bash-completion-2.12.0-r0: task do_collect_spdx_deps: Started
NOTE: recipe bash-completion-2.12.0-r0: task do_collect_spdx_deps: Succeeded
NOTE: Running task 1950 of 4895 (/home/andrew/poky/meta/recipes-support/bash-completion/bash-completion_2.12.0.bb:do_create_spdx)
NOTE: recipe bash-completion-2.12.0-r0: task do_create_spdx: Started
NOTE: recipe audit-4.0.2-r0: task do_unpack: Succeeded
NOTE: Running task 1953 of 4895 (/home/andrew/meta-openembedded/meta-oe/recipes-security/audit/audit_4.0.2.bb:do_collect_spdx_deps)
NOTE: recipe bash-completion-2.12.0-r0: task do_create_spdx: Succeeded
NOTE: Running task 1966 of 4895 (/home/andrew/poky/meta/recipes-kernel/linux/linux-yocto_6.6.bb:do_fetch)
NOTE: recipe audit-4.0.2-r0: task do_collect_spdx_deps: Started
NOTE: recipe audit-4.0.2-r0: task do_collect_spdx_deps: Succeeded
NOTE: Running task 1967 of 4895 (/home/andrew/meta-openembedded/meta-oe/recipes-security/audit/audit_4.0.2.bb:do_create_spdx)
NOTE: recipe linux-yocto-6.6.123+git-r0: task do_fetch: Started
NOTE: recipe audit-4.0.2-r0: task do_create_spdx: Started
NOTE: recipe audit-4.0.2-r0: task do_create_spdx: Succeeded
NOTE: Running task 1968 of 4895 (/home/andrew/meta-openembedded/meta-oe/recipes-security/audit/audit_4.0.2.bb:do_create_runtime_spdx)
NOTE: recipe audit-4.0.2-r0: task do_create_runtime_spdx: Started
NOTE: recipe audit-4.0.2-r0: task do_create_runtime_spdx: Succeeded
NOTE: Running task 1984 of 4895 (/home/andrew/poky/meta/recipes-support/attr/attr_2.5.1.bb:do_fetch)
NOTE: recipe attr-2.5.1-r0: task do_fetch: Started
NOTE: recipe attr-2.5.1-r0: task do_fetch: Succeeded
NOTE: Running task 1986 of 4895 (/home/andrew/poky/meta/recipes-support/attr/attr_2.5.1.bb:do_unpack)
NOTE: recipe attr-2.5.1-r0: task do_unpack: Started
NOTE: recipe attr-2.5.1-r0: task do_unpack: Succeeded
NOTE: Running task 1989 of 4895 (/home/andrew/poky/meta/recipes-support/attr/attr_2.5.1.bb:do_collect_spdx_deps)
NOTE: recipe attr-2.5.1-r0: task do_collect_spdx_deps: Started
NOTE: recipe attr-2.5.1-r0: task do_collect_spdx_deps: Succeeded
NOTE: Running task 1999 of 4895 (/home/andrew/poky/meta/recipes-support/attr/attr_2.5.1.bb:do_create_spdx)
NOTE: recipe attr-2.5.1-r0: task do_create_spdx: Started
NOTE: recipe attr-2.5.1-r0: task do_create_spdx: Succeeded
NOTE: Running task 2000 of 4895 (/home/andrew/poky/meta/recipes-support/attr/attr_2.5.1.bb:do_create_runtime_spdx)
NOTE: recipe attr-2.5.1-r0: task do_create_runtime_spdx: Started
NOTE: recipe attr-2.5.1-r0: task do_create_runtime_spdx: Succeeded
NOTE: Running task 2003 of 4895 (/home/andrew/poky/meta/recipes-support/libunistring/libunistring_1.2.bb:do_fetch)
NOTE: recipe libunistring-1.2-r0: task do_fetch: Started
NOTE: recipe libunistring-1.2-r0: task do_fetch: Succeeded
NOTE: Running task 2005 of 4895 (/home/andrew/poky/meta/recipes-support/libunistring/libunistring_1.2.bb:do_unpack)
NOTE: recipe libunistring-1.2-r0: task do_unpack: Started
NOTE: recipe libunistring-1.2-r0: task do_unpack: Succeeded
NOTE: Running task 2008 of 4895 (/home/andrew/poky/meta/recipes-support/libunistring/libunistring_1.2.bb:do_collect_spdx_deps)
NOTE: recipe libunistring-1.2-r0: task do_collect_spdx_deps: Started
NOTE: recipe libunistring-1.2-r0: task do_collect_spdx_deps: Succeeded
NOTE: Running task 2018 of 4895 (/home/andrew/poky/meta/recipes-support/libunistring/libunistring_1.2.bb:do_create_spdx)
NOTE: recipe libunistring-1.2-r0: task do_create_spdx: Started
NOTE: recipe libunistring-1.2-r0: task do_create_spdx: Succeeded
NOTE: Running task 2019 of 4895 (/home/andrew/poky/meta/recipes-support/libunistring/libunistring_1.2.bb:do_create_runtime_spdx)
NOTE: recipe libunistring-1.2-r0: task do_create_runtime_spdx: Started
NOTE: recipe libunistring-1.2-r0: task do_create_runtime_spdx: Succeeded
NOTE: Running task 2022 of 4895 (/home/andrew/poky/meta/recipes-extended/libidn/libidn2_2.3.7.bb:do_fetch)
NOTE: recipe libidn2-2.3.7-r0: task do_fetch: Started
NOTE: recipe libidn2-2.3.7-r0: task do_fetch: Succeeded
NOTE: Running task 2024 of 4895 (/home/andrew/poky/meta/recipes-extended/libidn/libidn2_2.3.7.bb:do_unpack)
NOTE: recipe libidn2-2.3.7-r0: task do_unpack: Started
NOTE: recipe libidn2-2.3.7-r0: task do_unpack: Succeeded
NOTE: Running task 2027 of 4895 (/home/andrew/poky/meta/recipes-extended/libidn/libidn2_2.3.7.bb:do_collect_spdx_deps)
NOTE: recipe linux-yocto-6.6.123+git-r0: task do_fetch: Succeeded
NOTE: Running task 2038 of 4895 (/home/andrew/poky/meta/recipes-kernel/linux/linux-yocto_6.6.bb:do_unpack)
NOTE: recipe libidn2-2.3.7-r0: task do_collect_spdx_deps: Started
NOTE: recipe libidn2-2.3.7-r0: task do_collect_spdx_deps: Succeeded
NOTE: Running task 2039 of 4895 (/home/andrew/poky/meta/recipes-extended/libidn/libidn2_2.3.7.bb:do_create_spdx)
NOTE: recipe linux-yocto-6.6.123+git-r0: task do_unpack: Started
NOTE: recipe libidn2-2.3.7-r0: task do_create_spdx: Started
NOTE: recipe libidn2-2.3.7-r0: task do_create_spdx: Succeeded
NOTE: Running task 2040 of 4895 (/home/andrew/poky/meta/recipes-extended/libidn/libidn2_2.3.7.bb:do_create_runtime_spdx)
NOTE: recipe libidn2-2.3.7-r0: task do_create_runtime_spdx: Started
NOTE: recipe libidn2-2.3.7-r0: task do_create_runtime_spdx: Succeeded
NOTE: Running task 2042 of 4895 (/home/andrew/poky/meta/recipes-support/gmp/gmp_6.3.0.bb:do_fetch)
NOTE: recipe gmp-6.3.0-r0: task do_fetch: Started
NOTE: recipe gmp-6.3.0-r0: task do_fetch: Succeeded
NOTE: Running task 2044 of 4895 (/home/andrew/poky/meta/recipes-support/gmp/gmp_6.3.0.bb:do_unpack)
NOTE: recipe gmp-6.3.0-r0: task do_unpack: Started
NOTE: recipe gmp-6.3.0-r0: task do_unpack: Succeeded
NOTE: Running task 2047 of 4895 (/home/andrew/poky/meta/recipes-support/gmp/gmp_6.3.0.bb:do_collect_spdx_deps)
NOTE: recipe gmp-6.3.0-r0: task do_collect_spdx_deps: Started
NOTE: recipe gmp-6.3.0-r0: task do_collect_spdx_deps: Succeeded
NOTE: Running task 2057 of 4895 (/home/andrew/poky/meta/recipes-support/gmp/gmp_6.3.0.bb:do_create_spdx)
NOTE: recipe gmp-6.3.0-r0: task do_create_spdx: Started
NOTE: recipe gmp-6.3.0-r0: task do_create_spdx: Succeeded
NOTE: Running task 2058 of 4895 (/home/andrew/poky/meta/recipes-support/gmp/gmp_6.3.0.bb:do_create_runtime_spdx)
NOTE: recipe gmp-6.3.0-r0: task do_create_runtime_spdx: Started
NOTE: recipe gmp-6.3.0-r0: task do_create_runtime_spdx: Succeeded
NOTE: Running task 2061 of 4895 (/home/andrew/poky/meta/recipes-core/base-passwd/base-passwd_3.6.3.bb:do_fetch)
NOTE: recipe base-passwd-3.6.3-r0: task do_fetch: Started
NOTE: recipe base-passwd-3.6.3-r0: task do_fetch: Succeeded
NOTE: Running task 2063 of 4895 (/home/andrew/poky/meta/recipes-core/base-passwd/base-passwd_3.6.3.bb:do_unpack)
NOTE: recipe base-passwd-3.6.3-r0: task do_unpack: Started
NOTE: recipe base-passwd-3.6.3-r0: task do_unpack: Succeeded
NOTE: Running task 2066 of 4895 (/home/andrew/poky/meta/recipes-core/base-passwd/base-passwd_3.6.3.bb:do_collect_spdx_deps)
NOTE: recipe base-passwd-3.6.3-r0: task do_collect_spdx_deps: Started
NOTE: recipe base-passwd-3.6.3-r0: task do_collect_spdx_deps: Succeeded
NOTE: Running task 2077 of 4895 (/home/andrew/poky/meta/recipes-core/base-passwd/base-passwd_3.6.3.bb:do_create_spdx)
NOTE: recipe base-passwd-3.6.3-r0: task do_create_spdx: Started
NOTE: recipe base-passwd-3.6.3-r0: task do_create_spdx: Succeeded
NOTE: Running task 2078 of 4895 (/home/andrew/poky/meta/recipes-core/base-passwd/base-passwd_3.6.3.bb:do_create_runtime_spdx)
NOTE: recipe base-passwd-3.6.3-r0: task do_create_runtime_spdx: Started
NOTE: recipe base-passwd-3.6.3-r0: task do_create_runtime_spdx: Succeeded
NOTE: Running task 2080 of 4895 (/home/andrew/poky/meta/recipes-extended/zstd/zstd_1.5.5.bb:do_fetch)
NOTE: recipe zstd-1.5.5-r0: task do_fetch: Started
NOTE: recipe zstd-1.5.5-r0: task do_fetch: Succeeded
NOTE: Running task 2082 of 4895 (/home/andrew/poky/meta/recipes-extended/zstd/zstd_1.5.5.bb:do_unpack)
NOTE: recipe zstd-1.5.5-r0: task do_unpack: Started
NOTE: recipe zstd-1.5.5-r0: task do_unpack: Succeeded
NOTE: Running task 2085 of 4895 (/home/andrew/poky/meta/recipes-extended/zstd/zstd_1.5.5.bb:do_collect_spdx_deps)
NOTE: recipe zstd-1.5.5-r0: task do_collect_spdx_deps: Started
NOTE: recipe zstd-1.5.5-r0: task do_collect_spdx_deps: Succeeded
NOTE: Running task 2095 of 4895 (/home/andrew/poky/meta/recipes-extended/zstd/zstd_1.5.5.bb:do_create_spdx)
NOTE: recipe zstd-1.5.5-r0: task do_create_spdx: Started
NOTE: recipe zstd-1.5.5-r0: task do_create_spdx: Succeeded
NOTE: Running task 2096 of 4895 (/home/andrew/poky/meta/recipes-extended/zstd/zstd_1.5.5.bb:do_create_runtime_spdx)
NOTE: recipe zstd-1.5.5-r0: task do_create_runtime_spdx: Started
NOTE: recipe zstd-1.5.5-r0: task do_create_runtime_spdx: Succeeded
NOTE: Running task 2115 of 4895 (/home/andrew/poky/meta/recipes-support/nghttp2/nghttp2_1.61.0.bb:do_fetch)
NOTE: recipe nghttp2-1.61.0-r0: task do_fetch: Started
NOTE: recipe nghttp2-1.61.0-r0: task do_fetch: Succeeded
NOTE: Running task 2117 of 4895 (/home/andrew/poky/meta/recipes-support/nghttp2/nghttp2_1.61.0.bb:do_unpack)
NOTE: recipe nghttp2-1.61.0-r0: task do_unpack: Started
NOTE: recipe nghttp2-1.61.0-r0: task do_unpack: Succeeded
NOTE: Running task 2118 of 4895 (/home/andrew/poky/meta/recipes-support/nghttp2/nghttp2_1.61.0.bb:do_collect_spdx_deps)
NOTE: recipe nghttp2-1.61.0-r0: task do_collect_spdx_deps: Started
NOTE: recipe nghttp2-1.61.0-r0: task do_collect_spdx_deps: Succeeded
NOTE: Running task 2129 of 4895 (/home/andrew/poky/meta/recipes-support/nghttp2/nghttp2_1.61.0.bb:do_create_spdx)
NOTE: recipe nghttp2-1.61.0-r0: task do_create_spdx: Started
NOTE: recipe nghttp2-1.61.0-r0: task do_create_spdx: Succeeded
NOTE: Running task 2130 of 4895 (/home/andrew/poky/meta/recipes-support/nghttp2/nghttp2_1.61.0.bb:do_create_runtime_spdx)
NOTE: recipe nghttp2-1.61.0-r0: task do_create_runtime_spdx: Started
NOTE: recipe nghttp2-1.61.0-r0: task do_create_runtime_spdx: Succeeded
NOTE: Running task 2133 of 4895 (/home/andrew/poky/meta/recipes-core/util-linux/util-linux_2.39.3.bb:do_fetch)
NOTE: recipe util-linux-2.39.3-r0: task do_fetch: Started
NOTE: recipe util-linux-2.39.3-r0: task do_fetch: Succeeded
NOTE: Running task 2135 of 4895 (/home/andrew/poky/meta/recipes-core/util-linux/util-linux_2.39.3.bb:do_unpack)
NOTE: recipe util-linux-2.39.3-r0: task do_unpack: Started
NOTE: recipe util-linux-2.39.3-r0: task do_unpack: Succeeded
NOTE: Running task 2138 of 4895 (/home/andrew/poky/meta/recipes-core/util-linux/util-linux_2.39.3.bb:do_collect_spdx_deps)
NOTE: recipe util-linux-2.39.3-r0: task do_collect_spdx_deps: Started
NOTE: recipe util-linux-2.39.3-r0: task do_collect_spdx_deps: Succeeded
NOTE: Running task 2148 of 4895 (/home/andrew/poky/meta/recipes-core/util-linux/util-linux_2.39.3.bb:do_create_spdx)
NOTE: recipe util-linux-2.39.3-r0: task do_create_spdx: Started
NOTE: recipe util-linux-2.39.3-r0: task do_create_spdx: Succeeded
NOTE: Running task 2149 of 4895 (/home/andrew/poky/meta/recipes-core/util-linux/util-linux_2.39.3.bb:do_create_runtime_spdx)
NOTE: recipe util-linux-2.39.3-r0: task do_create_runtime_spdx: Started
NOTE: recipe util-linux-2.39.3-r0: task do_create_runtime_spdx: Succeeded
NOTE: Running task 2152 of 4895 (/home/andrew/meta-selinux/recipes-security/selinux/libsemanage_3.7.bb:do_fetch)
NOTE: recipe libsemanage-3.7-r0: task do_fetch: Started
NOTE: recipe libsemanage-3.7-r0: task do_fetch: Succeeded
NOTE: Running task 2154 of 4895 (/home/andrew/meta-selinux/recipes-security/selinux/libsemanage_3.7.bb:do_unpack)
NOTE: recipe libsemanage-3.7-r0: task do_unpack: Started
NOTE: recipe libsemanage-3.7-r0: task do_unpack: Succeeded
NOTE: Running task 2157 of 4895 (/home/andrew/meta-selinux/recipes-security/selinux/libsemanage_3.7.bb:do_collect_spdx_deps)
NOTE: recipe libsemanage-3.7-r0: task do_collect_spdx_deps: Started
NOTE: recipe libsemanage-3.7-r0: task do_collect_spdx_deps: Succeeded
NOTE: Running task 2167 of 4895 (/home/andrew/meta-selinux/recipes-security/selinux/libsemanage_3.7.bb:do_create_spdx)
NOTE: recipe libsemanage-3.7-r0: task do_create_spdx: Started
NOTE: recipe libsemanage-3.7-r0: task do_create_spdx: Succeeded
NOTE: Running task 2168 of 4895 (/home/andrew/meta-selinux/recipes-security/selinux/libsemanage_3.7.bb:do_create_runtime_spdx)
NOTE: recipe libsemanage-3.7-r0: task do_create_runtime_spdx: Started
NOTE: recipe libsemanage-3.7-r0: task do_create_runtime_spdx: Succeeded
NOTE: Running task 2171 of 4895 (/home/andrew/poky/meta/recipes-support/libcap/libcap_2.69.bb:do_fetch)
NOTE: recipe libcap-2.69-r0: task do_fetch: Started
NOTE: recipe libcap-2.69-r0: task do_fetch: Succeeded
NOTE: Running task 2173 of 4895 (/home/andrew/poky/meta/recipes-support/libcap/libcap_2.69.bb:do_unpack)
NOTE: recipe libcap-2.69-r0: task do_unpack: Started
NOTE: recipe libcap-2.69-r0: task do_unpack: Succeeded
NOTE: Running task 2176 of 4895 (/home/andrew/poky/meta/recipes-support/libcap/libcap_2.69.bb:do_collect_spdx_deps)
NOTE: recipe libcap-2.69-r0: task do_collect_spdx_deps: Started
NOTE: recipe libcap-2.69-r0: task do_collect_spdx_deps: Succeeded
NOTE: Running task 2186 of 4895 (/home/andrew/poky/meta/recipes-support/libcap/libcap_2.69.bb:do_create_spdx)
NOTE: recipe libcap-2.69-r0: task do_create_spdx: Started
NOTE: recipe libcap-2.69-r0: task do_create_spdx: Succeeded
NOTE: Running task 2187 of 4895 (/home/andrew/poky/meta/recipes-support/libcap/libcap_2.69.bb:do_create_runtime_spdx)
NOTE: recipe libcap-2.69-r0: task do_create_runtime_spdx: Started
NOTE: recipe libcap-2.69-r0: task do_create_runtime_spdx: Succeeded
NOTE: Running task 2190 of 4895 (/home/andrew/poky/meta/recipes-support/libseccomp/libseccomp_2.5.5.bb:do_fetch)
NOTE: recipe libseccomp-2.5.5-r0: task do_fetch: Started
NOTE: recipe libseccomp-2.5.5-r0: task do_fetch: Succeeded
NOTE: Running task 2192 of 4895 (/home/andrew/poky/meta/recipes-support/libseccomp/libseccomp_2.5.5.bb:do_unpack)
NOTE: recipe libseccomp-2.5.5-r0: task do_unpack: Started
NOTE: recipe libseccomp-2.5.5-r0: task do_unpack: Succeeded
NOTE: Running task 2195 of 4895 (/home/andrew/poky/meta/recipes-support/libseccomp/libseccomp_2.5.5.bb:do_collect_spdx_deps)
NOTE: recipe libseccomp-2.5.5-r0: task do_collect_spdx_deps: Started
NOTE: recipe libseccomp-2.5.5-r0: task do_collect_spdx_deps: Succeeded
NOTE: Running task 2205 of 4895 (/home/andrew/poky/meta/recipes-support/libseccomp/libseccomp_2.5.5.bb:do_create_spdx)
NOTE: recipe libseccomp-2.5.5-r0: task do_create_spdx: Started
NOTE: recipe libseccomp-2.5.5-r0: task do_create_spdx: Succeeded
NOTE: Running task 2206 of 4895 (/home/andrew/poky/meta/recipes-support/libseccomp/libseccomp_2.5.5.bb:do_create_runtime_spdx)
NOTE: recipe libseccomp-2.5.5-r0: task do_create_runtime_spdx: Started
NOTE: recipe libseccomp-2.5.5-r0: task do_create_runtime_spdx: Succeeded
NOTE: Running task 2209 of 4895 (/home/andrew/poky/meta/recipes-support/attr/acl_2.3.2.bb:do_fetch)
NOTE: recipe acl-2.3.2-r0: task do_fetch: Started
NOTE: recipe acl-2.3.2-r0: task do_fetch: Succeeded
NOTE: Running task 2211 of 4895 (/home/andrew/poky/meta/recipes-support/attr/acl_2.3.2.bb:do_unpack)
NOTE: recipe acl-2.3.2-r0: task do_unpack: Started
NOTE: recipe acl-2.3.2-r0: task do_unpack: Succeeded
NOTE: Running task 2214 of 4895 (/home/andrew/poky/meta/recipes-support/attr/acl_2.3.2.bb:do_collect_spdx_deps)
NOTE: recipe acl-2.3.2-r0: task do_collect_spdx_deps: Started
NOTE: recipe acl-2.3.2-r0: task do_collect_spdx_deps: Succeeded
NOTE: Running task 2224 of 4895 (/home/andrew/poky/meta/recipes-support/attr/acl_2.3.2.bb:do_create_spdx)
NOTE: recipe acl-2.3.2-r0: task do_create_spdx: Started
NOTE: recipe acl-2.3.2-r0: task do_create_spdx: Succeeded
NOTE: Running task 2225 of 4895 (/home/andrew/poky/meta/recipes-support/attr/acl_2.3.2.bb:do_create_runtime_spdx)
NOTE: recipe acl-2.3.2-r0: task do_create_runtime_spdx: Started
NOTE: recipe acl-2.3.2-r0: task do_create_runtime_spdx: Succeeded
NOTE: Running task 2260 of 4895 (/home/andrew/poky/meta/recipes-support/curl/curl_8.7.1.bb:do_fetch)
NOTE: recipe curl-8.7.1-r0: task do_fetch: Started
NOTE: recipe curl-8.7.1-r0: task do_fetch: Succeeded
NOTE: Running task 2262 of 4895 (/home/andrew/poky/meta/recipes-support/curl/curl_8.7.1.bb:do_unpack)
NOTE: recipe curl-8.7.1-r0: task do_unpack: Started
NOTE: recipe curl-8.7.1-r0: task do_unpack: Succeeded
NOTE: Running task 2263 of 4895 (/home/andrew/poky/meta/recipes-support/curl/curl_8.7.1.bb:do_collect_spdx_deps)
NOTE: recipe curl-8.7.1-r0: task do_collect_spdx_deps: Started
NOTE: recipe curl-8.7.1-r0: task do_collect_spdx_deps: Succeeded
NOTE: Running task 2272 of 4895 (/home/andrew/poky/meta/recipes-support/curl/curl_8.7.1.bb:do_create_spdx)
NOTE: recipe curl-8.7.1-r0: task do_create_spdx: Started
NOTE: recipe curl-8.7.1-r0: task do_create_spdx: Succeeded
NOTE: Running task 2294 of 4895 (/home/andrew/poky/meta/recipes-extended/shadow/shadow_4.14.2.bb:do_fetch)
NOTE: recipe shadow-4.14.2-r0: task do_fetch: Started
NOTE: recipe shadow-4.14.2-r0: task do_fetch: Succeeded
NOTE: Running task 2296 of 4895 (/home/andrew/poky/meta/recipes-extended/shadow/shadow_4.14.2.bb:do_unpack)
NOTE: recipe shadow-4.14.2-r0: task do_unpack: Started
NOTE: recipe shadow-4.14.2-r0: task do_unpack: Succeeded
NOTE: Running task 2297 of 4895 (/home/andrew/poky/meta/recipes-extended/shadow/shadow_4.14.2.bb:do_collect_spdx_deps)
NOTE: recipe shadow-4.14.2-r0: task do_collect_spdx_deps: Started
NOTE: recipe shadow-4.14.2-r0: task do_collect_spdx_deps: Succeeded
NOTE: Running task 2306 of 4895 (/home/andrew/poky/meta/recipes-extended/shadow/shadow_4.14.2.bb:do_create_spdx)
NOTE: recipe shadow-4.14.2-r0: task do_create_spdx: Started
NOTE: recipe shadow-4.14.2-r0: task do_create_spdx: Succeeded
NOTE: Running task 2309 of 4895 (/home/andrew/poky/meta/recipes-support/gnutls/libtasn1_4.20.0.bb:do_fetch)
NOTE: recipe libtasn1-4.20.0-r0: task do_fetch: Started
NOTE: recipe libtasn1-4.20.0-r0: task do_fetch: Succeeded
NOTE: Running task 2311 of 4895 (/home/andrew/poky/meta/recipes-support/gnutls/libtasn1_4.20.0.bb:do_unpack)
NOTE: recipe libtasn1-4.20.0-r0: task do_unpack: Started
NOTE: recipe libtasn1-4.20.0-r0: task do_unpack: Succeeded
NOTE: Running task 2314 of 4895 (/home/andrew/poky/meta/recipes-support/gnutls/libtasn1_4.20.0.bb:do_collect_spdx_deps)
NOTE: recipe libtasn1-4.20.0-r0: task do_collect_spdx_deps: Started
NOTE: recipe libtasn1-4.20.0-r0: task do_collect_spdx_deps: Succeeded
NOTE: Running task 2324 of 4895 (/home/andrew/poky/meta/recipes-support/gnutls/libtasn1_4.20.0.bb:do_create_spdx)
NOTE: recipe libtasn1-4.20.0-r0: task do_create_spdx: Started
NOTE: recipe libtasn1-4.20.0-r0: task do_create_spdx: Succeeded
NOTE: Running task 2325 of 4895 (/home/andrew/poky/meta/recipes-support/gnutls/libtasn1_4.20.0.bb:do_create_runtime_spdx)
NOTE: recipe libtasn1-4.20.0-r0: task do_create_runtime_spdx: Started
NOTE: recipe libtasn1-4.20.0-r0: task do_create_runtime_spdx: Succeeded
NOTE: Running task 2328 of 4895 (/home/andrew/poky/meta/recipes-support/nettle/nettle_3.9.1.bb:do_fetch)
NOTE: recipe nettle-3.9.1-r0: task do_fetch: Started
NOTE: recipe nettle-3.9.1-r0: task do_fetch: Succeeded
NOTE: Running task 2330 of 4895 (/home/andrew/poky/meta/recipes-support/nettle/nettle_3.9.1.bb:do_unpack)
NOTE: recipe nettle-3.9.1-r0: task do_unpack: Started
NOTE: recipe nettle-3.9.1-r0: task do_unpack: Succeeded
NOTE: Running task 2333 of 4895 (/home/andrew/poky/meta/recipes-support/nettle/nettle_3.9.1.bb:do_collect_spdx_deps)
NOTE: recipe nettle-3.9.1-r0: task do_collect_spdx_deps: Started
NOTE: recipe nettle-3.9.1-r0: task do_collect_spdx_deps: Succeeded
NOTE: Running task 2343 of 4895 (/home/andrew/poky/meta/recipes-support/nettle/nettle_3.9.1.bb:do_create_spdx)
NOTE: recipe nettle-3.9.1-r0: task do_create_spdx: Started
NOTE: recipe nettle-3.9.1-r0: task do_create_spdx: Succeeded
NOTE: Running task 2344 of 4895 (/home/andrew/poky/meta/recipes-support/nettle/nettle_3.9.1.bb:do_create_runtime_spdx)
NOTE: recipe nettle-3.9.1-r0: task do_create_runtime_spdx: Started
NOTE: recipe nettle-3.9.1-r0: task do_create_runtime_spdx: Succeeded
NOTE: Running task 2347 of 4895 (/home/andrew/poky/meta/recipes-support/libgpg-error/libgpg-error_1.48.bb:do_fetch)
NOTE: recipe libgpg-error-1.48-r0: task do_fetch: Started
NOTE: recipe libgpg-error-1.48-r0: task do_fetch: Succeeded
NOTE: Running task 2349 of 4895 (/home/andrew/poky/meta/recipes-support/libgpg-error/libgpg-error_1.48.bb:do_unpack)
NOTE: recipe libgpg-error-1.48-r0: task do_unpack: Started
NOTE: recipe libgpg-error-1.48-r0: task do_unpack: Succeeded
NOTE: Running task 2352 of 4895 (/home/andrew/poky/meta/recipes-support/libgpg-error/libgpg-error_1.48.bb:do_collect_spdx_deps)
NOTE: recipe libgpg-error-1.48-r0: task do_collect_spdx_deps: Started
NOTE: recipe libgpg-error-1.48-r0: task do_collect_spdx_deps: Succeeded
NOTE: Running task 2362 of 4895 (/home/andrew/poky/meta/recipes-support/libgpg-error/libgpg-error_1.48.bb:do_create_spdx)
NOTE: recipe libgpg-error-1.48-r0: task do_create_spdx: Started
NOTE: recipe libgpg-error-1.48-r0: task do_create_spdx: Succeeded
NOTE: Running task 2363 of 4895 (/home/andrew/poky/meta/recipes-support/libgpg-error/libgpg-error_1.48.bb:do_create_runtime_spdx)
NOTE: recipe libgpg-error-1.48-r0: task do_create_runtime_spdx: Started
NOTE: recipe libgpg-error-1.48-r0: task do_create_runtime_spdx: Succeeded
NOTE: Running task 2366 of 4895 (/home/andrew/poky/meta/recipes-extended/lzip/lzlib_1.14.bb:do_fetch)
NOTE: recipe lzlib-1.14-r0: task do_fetch: Started
NOTE: recipe lzlib-1.14-r0: task do_fetch: Succeeded
NOTE: Running task 2368 of 4895 (/home/andrew/poky/meta/recipes-extended/lzip/lzlib_1.14.bb:do_unpack)
NOTE: recipe linux-yocto-6.6.123+git-r0: task do_unpack: Succeeded
NOTE: Running task 2371 of 4895 (/home/andrew/poky/meta/recipes-kernel/linux/linux-yocto_6.6.bb:do_symlink_kernsrc)
NOTE: recipe lzlib-1.14-r0: task do_unpack: Started
NOTE: recipe lzlib-1.14-r0: task do_unpack: Succeeded
NOTE: Running task 2372 of 4895 (/home/andrew/poky/meta/recipes-extended/lzip/lzlib_1.14.bb:do_collect_spdx_deps)
NOTE: recipe linux-yocto-6.6.123+git-r0: task do_symlink_kernsrc: Started
NOTE: recipe linux-yocto-6.6.123+git-r0: task do_symlink_kernsrc: Succeeded
NOTE: Running task 2383 of 4895 (/home/andrew/poky/meta/recipes-kernel/linux/linux-yocto_6.6.bb:do_kernel_checkout)
NOTE: recipe lzlib-1.14-r0: task do_collect_spdx_deps: Started
NOTE: recipe lzlib-1.14-r0: task do_collect_spdx_deps: Succeeded
NOTE: Running task 2384 of 4895 (/home/andrew/poky/meta/recipes-extended/lzip/lzlib_1.14.bb:do_create_spdx)
NOTE: recipe lzlib-1.14-r0: task do_create_spdx: Started
NOTE: recipe linux-yocto-6.6.123+git-r0: task do_kernel_checkout: Started
NOTE: recipe lzlib-1.14-r0: task do_create_spdx: Succeeded
NOTE: Running task 2385 of 4895 (/home/andrew/poky/meta/recipes-extended/lzip/lzlib_1.14.bb:do_create_runtime_spdx)
NOTE: recipe lzlib-1.14-r0: task do_create_runtime_spdx: Started
NOTE: recipe lzlib-1.14-r0: task do_create_runtime_spdx: Succeeded
NOTE: Running task 2387 of 4895 (/home/andrew/poky/meta/recipes-kernel/kmod/kmod_31.bb:do_fetch)
NOTE: recipe kmod-31-r0: task do_fetch: Started
NOTE: recipe kmod-31-r0: task do_fetch: Succeeded
NOTE: Running task 2389 of 4895 (/home/andrew/poky/meta/recipes-kernel/kmod/kmod_31.bb:do_unpack)
NOTE: recipe kmod-31-r0: task do_unpack: Started
NOTE: recipe kmod-31-r0: task do_unpack: Succeeded
NOTE: Running task 2392 of 4895 (/home/andrew/poky/meta/recipes-kernel/kmod/kmod_31.bb:do_collect_spdx_deps)
NOTE: recipe kmod-31-r0: task do_collect_spdx_deps: Started
NOTE: recipe kmod-31-r0: task do_collect_spdx_deps: Succeeded
NOTE: Running task 2402 of 4895 (/home/andrew/poky/meta/recipes-kernel/kmod/kmod_31.bb:do_create_spdx)
NOTE: recipe kmod-31-r0: task do_create_spdx: Started
NOTE: recipe kmod-31-r0: task do_create_spdx: Succeeded
NOTE: Running task 2403 of 4895 (/home/andrew/poky/meta/recipes-kernel/kmod/kmod_31.bb:do_create_runtime_spdx)
NOTE: recipe kmod-31-r0: task do_create_runtime_spdx: Started
NOTE: recipe kmod-31-r0: task do_create_runtime_spdx: Succeeded
NOTE: Running task 2406 of 4895 (/home/andrew/poky/meta/recipes-core/glib-2.0/glib-2.0_2.78.6.bb:do_fetch)
NOTE: recipe glib-2.0-1_2.78.6-r0: task do_fetch: Started
NOTE: recipe glib-2.0-1_2.78.6-r0: task do_fetch: Succeeded
NOTE: Running task 2408 of 4895 (/home/andrew/poky/meta/recipes-core/glib-2.0/glib-2.0_2.78.6.bb:do_unpack)
NOTE: recipe glib-2.0-1_2.78.6-r0: task do_unpack: Started
NOTE: recipe glib-2.0-1_2.78.6-r0: task do_unpack: Succeeded
NOTE: Running task 2411 of 4895 (/home/andrew/poky/meta/recipes-core/glib-2.0/glib-2.0_2.78.6.bb:do_collect_spdx_deps)
NOTE: recipe glib-2.0-1_2.78.6-r0: task do_collect_spdx_deps: Started
NOTE: recipe glib-2.0-1_2.78.6-r0: task do_collect_spdx_deps: Succeeded
NOTE: Running task 2420 of 4895 (/home/andrew/poky/meta/recipes-core/glib-2.0/glib-2.0_2.78.6.bb:do_create_spdx)
NOTE: recipe glib-2.0-1_2.78.6-r0: task do_create_spdx: Started
NOTE: recipe glib-2.0-1_2.78.6-r0: task do_create_spdx: Succeeded
NOTE: Running task 2423 of 4895 (/home/andrew/poky/meta/recipes-support/gnutls/gnutls_3.8.4.bb:do_fetch)
NOTE: recipe gnutls-3.8.4-r0: task do_fetch: Started
NOTE: recipe gnutls-3.8.4-r0: task do_fetch: Succeeded
NOTE: Running task 2425 of 4895 (/home/andrew/poky/meta/recipes-support/gnutls/gnutls_3.8.4.bb:do_unpack)
NOTE: recipe gnutls-3.8.4-r0: task do_unpack: Started
NOTE: recipe gnutls-3.8.4-r0: task do_unpack: Succeeded
NOTE: Running task 2428 of 4895 (/home/andrew/poky/meta/recipes-support/gnutls/gnutls_3.8.4.bb:do_collect_spdx_deps)
NOTE: recipe gnutls-3.8.4-r0: task do_collect_spdx_deps: Started
NOTE: recipe gnutls-3.8.4-r0: task do_collect_spdx_deps: Succeeded
NOTE: Running task 2438 of 4895 (/home/andrew/poky/meta/recipes-support/gnutls/gnutls_3.8.4.bb:do_create_spdx)
NOTE: recipe gnutls-3.8.4-r0: task do_create_spdx: Started
NOTE: recipe gnutls-3.8.4-r0: task do_create_spdx: Succeeded
NOTE: Running task 2439 of 4895 (/home/andrew/poky/meta/recipes-support/gnutls/gnutls_3.8.4.bb:do_create_runtime_spdx)
NOTE: recipe gnutls-3.8.4-r0: task do_create_runtime_spdx: Started
NOTE: recipe gnutls-3.8.4-r0: task do_create_runtime_spdx: Succeeded
NOTE: Running task 2442 of 4895 (/home/andrew/poky/meta/recipes-support/libgcrypt/libgcrypt_1.10.3.bb:do_fetch)
NOTE: recipe libgcrypt-1.10.3-r0: task do_fetch: Started
NOTE: recipe libgcrypt-1.10.3-r0: task do_fetch: Succeeded
NOTE: Running task 2444 of 4895 (/home/andrew/poky/meta/recipes-support/libgcrypt/libgcrypt_1.10.3.bb:do_unpack)
NOTE: recipe libgcrypt-1.10.3-r0: task do_unpack: Started
NOTE: recipe libgcrypt-1.10.3-r0: task do_unpack: Succeeded
NOTE: Running task 2447 of 4895 (/home/andrew/poky/meta/recipes-support/libgcrypt/libgcrypt_1.10.3.bb:do_collect_spdx_deps)
NOTE: recipe libgcrypt-1.10.3-r0: task do_collect_spdx_deps: Started
NOTE: recipe libgcrypt-1.10.3-r0: task do_collect_spdx_deps: Succeeded
NOTE: Running task 2457 of 4895 (/home/andrew/poky/meta/recipes-support/libgcrypt/libgcrypt_1.10.3.bb:do_create_spdx)
NOTE: recipe libgcrypt-1.10.3-r0: task do_create_spdx: Started
NOTE: recipe libgcrypt-1.10.3-r0: task do_create_spdx: Succeeded
NOTE: Running task 2458 of 4895 (/home/andrew/poky/meta/recipes-support/libgcrypt/libgcrypt_1.10.3.bb:do_create_runtime_spdx)
NOTE: recipe libgcrypt-1.10.3-r0: task do_create_runtime_spdx: Started
NOTE: recipe libgcrypt-1.10.3-r0: task do_create_runtime_spdx: Succeeded
NOTE: Running task 2461 of 4895 (/home/andrew/poky/meta/recipes-devtools/file/file_5.45.bb:do_fetch)
NOTE: recipe file-5.45-r0: task do_fetch: Started
NOTE: recipe file-5.45-r0: task do_fetch: Succeeded
NOTE: Running task 2463 of 4895 (/home/andrew/poky/meta/recipes-devtools/file/file_5.45.bb:do_unpack)
NOTE: recipe file-5.45-r0: task do_unpack: Started
NOTE: recipe file-5.45-r0: task do_unpack: Succeeded
NOTE: Running task 2464 of 4895 (/home/andrew/poky/meta/recipes-devtools/file/file_5.45.bb:do_collect_spdx_deps)
NOTE: recipe file-5.45-r0: task do_collect_spdx_deps: Started
NOTE: recipe file-5.45-r0: task do_collect_spdx_deps: Succeeded
NOTE: Running task 2474 of 4895 (/home/andrew/poky/meta/recipes-devtools/file/file_5.45.bb:do_create_spdx)
NOTE: recipe file-5.45-r0: task do_create_spdx: Started
NOTE: recipe file-5.45-r0: task do_create_spdx: Succeeded
NOTE: Running task 2475 of 4895 (/home/andrew/poky/meta/recipes-devtools/file/file_5.45.bb:do_create_runtime_spdx)
NOTE: recipe file-5.45-r0: task do_create_runtime_spdx: Started
NOTE: recipe file-5.45-r0: task do_create_runtime_spdx: Succeeded
NOTE: Running task 2486 of 4895 (/home/andrew/poky/meta/recipes-kernel/linux/linux-yocto_6.6.bb:do_collect_spdx_deps)
NOTE: recipe linux-yocto-6.6.123+git-r0: task do_collect_spdx_deps: Started
NOTE: recipe linux-yocto-6.6.123+git-r0: task do_collect_spdx_deps: Succeeded
NOTE: Running task 2494 of 4895 (/home/andrew/poky/meta/recipes-kernel/linux/linux-yocto_6.6.bb:do_prepare_recipe_sysroot)
NOTE: recipe linux-yocto-6.6.123+git-r0: task do_prepare_recipe_sysroot: Started
NOTE: recipe linux-yocto-6.6.123+git-r0: task do_prepare_recipe_sysroot: Succeeded
NOTE: Running task 2538 of 4895 (/home/andrew/poky/meta/recipes-extended/shadow/shadow-sysroot_4.6.bb:do_fetch)
NOTE: recipe shadow-sysroot-4.6-r0: task do_fetch: Started
NOTE: recipe shadow-sysroot-4.6-r0: task do_fetch: Succeeded
NOTE: Running task 2540 of 4895 (/home/andrew/poky/meta/recipes-extended/shadow/shadow-sysroot_4.6.bb:do_unpack)
NOTE: recipe shadow-sysroot-4.6-r0: task do_unpack: Started
NOTE: recipe shadow-sysroot-4.6-r0: task do_unpack: Succeeded
NOTE: Running task 2541 of 4895 (/home/andrew/poky/meta/recipes-extended/shadow/shadow-sysroot_4.6.bb:do_collect_spdx_deps)
NOTE: recipe shadow-sysroot-4.6-r0: task do_collect_spdx_deps: Started
NOTE: recipe shadow-sysroot-4.6-r0: task do_collect_spdx_deps: Succeeded
NOTE: Running task 2542 of 4895 (/home/andrew/poky/meta/recipes-extended/shadow/shadow-sysroot_4.6.bb:do_create_spdx)
NOTE: recipe shadow-sysroot-4.6-r0: task do_create_spdx: Started
NOTE: recipe shadow-sysroot-4.6-r0: task do_create_spdx: Succeeded
NOTE: Running task 2543 of 4895 (/home/andrew/poky/meta/recipes-extended/shadow/shadow-sysroot_4.6.bb:do_create_runtime_spdx)
NOTE: recipe shadow-sysroot-4.6-r0: task do_create_runtime_spdx: Started
NOTE: recipe shadow-sysroot-4.6-r0: task do_create_runtime_spdx: Succeeded
NOTE: Running task 2564 of 4895 (/home/andrew/poky/meta/recipes-core/systemd/systemd_255.21.bb:do_fetch)
NOTE: recipe systemd-1_255.21-r0: task do_fetch: Started
NOTE: recipe systemd-1_255.21-r0: task do_fetch: Succeeded
NOTE: Running task 2565 of 4895 (/home/andrew/poky/meta/recipes-core/systemd/systemd_255.21.bb:do_unpack)
NOTE: recipe systemd-1_255.21-r0: task do_unpack: Started
NOTE: recipe systemd-1_255.21-r0: task do_unpack: Succeeded
NOTE: Running task 2568 of 4895 (/home/andrew/poky/meta/recipes-core/systemd/systemd_255.21.bb:do_collect_spdx_deps)
NOTE: recipe systemd-1_255.21-r0: task do_collect_spdx_deps: Started
NOTE: recipe systemd-1_255.21-r0: task do_collect_spdx_deps: Succeeded
NOTE: Running task 2573 of 4895 (/home/andrew/poky/meta/recipes-support/libmicrohttpd/libmicrohttpd_1.0.1.bb:do_fetch)
NOTE: recipe libmicrohttpd-1.0.1-r0: task do_fetch: Started
NOTE: recipe libmicrohttpd-1.0.1-r0: task do_fetch: Succeeded
NOTE: Running task 2575 of 4895 (/home/andrew/poky/meta/recipes-support/libmicrohttpd/libmicrohttpd_1.0.1.bb:do_unpack)
NOTE: recipe libmicrohttpd-1.0.1-r0: task do_unpack: Started
NOTE: recipe libmicrohttpd-1.0.1-r0: task do_unpack: Succeeded
NOTE: Running task 2578 of 4895 (/home/andrew/poky/meta/recipes-support/libmicrohttpd/libmicrohttpd_1.0.1.bb:do_collect_spdx_deps)
NOTE: recipe libmicrohttpd-1.0.1-r0: task do_collect_spdx_deps: Started
NOTE: recipe libmicrohttpd-1.0.1-r0: task do_collect_spdx_deps: Succeeded
NOTE: Running task 2588 of 4895 (/home/andrew/poky/meta/recipes-support/libmicrohttpd/libmicrohttpd_1.0.1.bb:do_create_spdx)
NOTE: recipe libmicrohttpd-1.0.1-r0: task do_create_spdx: Started
NOTE: recipe libmicrohttpd-1.0.1-r0: task do_create_spdx: Succeeded
NOTE: Running task 2589 of 4895 (/home/andrew/poky/meta/recipes-support/libmicrohttpd/libmicrohttpd_1.0.1.bb:do_create_runtime_spdx)
NOTE: recipe libmicrohttpd-1.0.1-r0: task do_create_runtime_spdx: Started
NOTE: recipe libmicrohttpd-1.0.1-r0: task do_create_runtime_spdx: Succeeded
NOTE: Running task 2592 of 4895 (/home/andrew/poky/meta/recipes-extended/libarchive/libarchive_3.7.9.bb:do_fetch)
NOTE: recipe libarchive-3.7.9-r0: task do_fetch: Started
NOTE: recipe libarchive-3.7.9-r0: task do_fetch: Succeeded
NOTE: Running task 2594 of 4895 (/home/andrew/poky/meta/recipes-extended/libarchive/libarchive_3.7.9.bb:do_unpack)
NOTE: recipe libarchive-3.7.9-r0: task do_unpack: Started
NOTE: recipe libarchive-3.7.9-r0: task do_unpack: Succeeded
NOTE: Running task 2595 of 4895 (/home/andrew/poky/meta/recipes-extended/libarchive/libarchive_3.7.9.bb:do_collect_spdx_deps)
NOTE: recipe libarchive-3.7.9-r0: task do_collect_spdx_deps: Started
NOTE: recipe libarchive-3.7.9-r0: task do_collect_spdx_deps: Succeeded
NOTE: Running task 2605 of 4895 (/home/andrew/poky/meta/recipes-extended/libarchive/libarchive_3.7.9.bb:do_create_spdx)
NOTE: recipe libarchive-3.7.9-r0: task do_create_spdx: Started
NOTE: recipe libarchive-3.7.9-r0: task do_create_spdx: Succeeded
NOTE: Running task 2606 of 4895 (/home/andrew/poky/meta/recipes-extended/libarchive/libarchive_3.7.9.bb:do_create_runtime_spdx)
NOTE: recipe libarchive-3.7.9-r0: task do_create_runtime_spdx: Started
NOTE: recipe libarchive-3.7.9-r0: task do_create_runtime_spdx: Succeeded
NOTE: Running task 2630 of 4895 (/home/andrew/poky/meta/recipes-core/systemd/systemd_255.21.bb:do_create_spdx)
NOTE: recipe systemd-1_255.21-r0: task do_create_spdx: Started
NOTE: recipe systemd-1_255.21-r0: task do_create_spdx: Succeeded
NOTE: Running task 2709 of 4895 (/home/andrew/poky/meta/recipes-core/meta/cve-update-nvd2-native.bb:do_recipe_qa)
NOTE: recipe cve-update-nvd2-native-1.0-r0: task do_recipe_qa: Started
NOTE: recipe cve-update-nvd2-native-1.0-r0: task do_recipe_qa: Succeeded
NOTE: Running task 2710 of 4895 (/home/andrew/poky/meta/recipes-core/meta/cve-update-nvd2-native.bb:do_fetch)
NOTE: recipe cve-update-nvd2-native-1.0-r0: task do_fetch: Started
NOTE: recipe linux-yocto-6.6.123+git-r0: task do_kernel_checkout: Succeeded
NOTE: Running task 2711 of 4895 (/home/andrew/poky/meta/recipes-kernel/linux/linux-yocto_6.6.bb:do_validate_branches)
NOTE: recipe linux-yocto-6.6.123+git-r0: task do_validate_branches: Started
NOTE: recipe linux-yocto-6.6.123+git-r0: task do_validate_branches: Succeeded
NOTE: Running task 2712 of 4895 (/home/andrew/poky/meta/recipes-kernel/linux/linux-yocto_6.6.bb:do_kernel_metadata)
NOTE: recipe linux-yocto-6.6.123+git-r0: task do_kernel_metadata: Started
NOTE: recipe linux-yocto-6.6.123+git-r0: task do_kernel_metadata: Succeeded
NOTE: Running task 2713 of 4895 (/home/andrew/poky/meta/recipes-kernel/linux/linux-yocto_6.6.bb:do_kernel_version_sanity_check)
NOTE: recipe linux-yocto-6.6.123+git-r0: task do_kernel_version_sanity_check: Started
NOTE: recipe linux-yocto-6.6.123+git-r0: task do_kernel_version_sanity_check: Succeeded
NOTE: Running task 2714 of 4895 (/home/andrew/poky/meta/recipes-kernel/linux/linux-yocto_6.6.bb:do_patch)
NOTE: recipe linux-yocto-6.6.123+git-r0: task do_patch: Started
NOTE: recipe linux-yocto-6.6.123+git-r0: task do_patch: Succeeded
NOTE: Running task 2715 of 4895 (/home/andrew/poky/meta/recipes-kernel/linux/linux-yocto_6.6.bb:do_unpack_and_patch)
NOTE: recipe linux-yocto-6.6.123+git-r0: task do_unpack_and_patch: Started
NOTE: recipe linux-yocto-6.6.123+git-r0: task do_unpack_and_patch: Succeeded
NOTE: Running task 2716 of 4895 (/home/andrew/poky/meta/recipes-kernel/linux/linux-yocto_6.6.bb:do_kernel_configme)
NOTE: recipe linux-yocto-6.6.123+git-r0: task do_kernel_configme: Started
NOTE: recipe linux-yocto-6.6.123+git-r0: task do_kernel_configme: Succeeded
NOTE: Running task 2718 of 4895 (/home/andrew/poky/meta/recipes-kernel/linux/linux-yocto_6.6.bb:do_configure)
NOTE: recipe linux-yocto-6.6.123+git-r0: task do_configure: Started
NOTE: recipe linux-yocto-6.6.123+git-r0: task do_configure: Succeeded
NOTE: Running task 2719 of 4895 (/home/andrew/poky/meta/recipes-kernel/linux/linux-yocto_6.6.bb:do_kernel_configcheck)
NOTE: recipe linux-yocto-6.6.123+git-r0: task do_kernel_configcheck: Started
WARNING: linux-yocto-6.6.123+git-r0 do_kernel_configcheck: [kernel config]: This BSP contains fragments with warnings:


[INFO]: the following symbols were not found in the active configuration:
     - CONFIG_SECURITY_SELINUX_CHECKREQPROT_VALUE

NOTE: recipe linux-yocto-6.6.123+git-r0: task do_kernel_configcheck: Succeeded
NOTE: Running task 2720 of 4895 (/home/andrew/poky/meta/recipes-kernel/linux/linux-yocto_6.6.bb:do_compile)
NOTE: recipe linux-yocto-6.6.123+git-r0: task do_compile: Started
NOTE: recipe cve-update-nvd2-native-1.0-r0: task do_fetch: Succeeded
NOTE: Running task 2721 of 4895 (/home/andrew/poky/meta/recipes-core/meta/cve-update-nvd2-native.bb:do_unpack)
NOTE: recipe cve-update-nvd2-native-1.0-r0: task do_unpack: Started
NOTE: recipe cve-update-nvd2-native-1.0-r0: task do_unpack: Succeeded
NOTE: Running task 2722 of 4895 (/home/andrew/tactiq-os/recipes-core/images/tactiq-image.bb:do_cve_check)
NOTE: recipe tactiq-image-1.0-r0: task do_cve_check: Started
NOTE: recipe tactiq-image-1.0-r0: task do_cve_check: Succeeded
NOTE: Running task 2723 of 4895 (/home/andrew/meta-openembedded/meta-python/recipes-devtools/python/python3-decorator_5.1.1.bb:do_cve_check)
NOTE: recipe python3-decorator-5.1.1-r0: task do_cve_check: Started
NOTE: recipe python3-decorator-5.1.1-r0: task do_cve_check: Succeeded
NOTE: Running task 2724 of 4895 (/home/andrew/poky/meta/recipes-support/gnutls/libtasn1_4.20.0.bb:do_cve_check)
NOTE: recipe libtasn1-4.20.0-r0: task do_cve_check: Started
NOTE: recipe libtasn1-4.20.0-r0: task do_cve_check: Succeeded
NOTE: Running task 2725 of 4895 (/home/andrew/poky/meta/recipes-support/gnutls/libtasn1_4.20.0.bb:do_rm_work)
NOTE: recipe libtasn1-4.20.0-r0: task do_rm_work: Started
NOTE: recipe libtasn1-4.20.0-r0: task do_rm_work: Succeeded
NOTE: Running task 2726 of 4895 (/home/andrew/poky/meta/recipes-support/nettle/nettle_3.9.1.bb:do_cve_check)
NOTE: recipe nettle-3.9.1-r0: task do_cve_check: Started
NOTE: recipe nettle-3.9.1-r0: task do_cve_check: Succeeded
NOTE: Running task 2727 of 4895 (/home/andrew/poky/meta/recipes-support/nettle/nettle_3.9.1.bb:do_rm_work)
NOTE: recipe nettle-3.9.1-r0: task do_rm_work: Started
NOTE: recipe nettle-3.9.1-r0: task do_rm_work: Succeeded
NOTE: Running task 2728 of 4895 (/home/andrew/poky/meta/recipes-extended/lzip/lzlib_1.14.bb:do_cve_check)
NOTE: recipe lzlib-1.14-r0: task do_cve_check: Started
NOTE: recipe lzlib-1.14-r0: task do_cve_check: Succeeded
NOTE: Running task 2729 of 4895 (/home/andrew/poky/meta/recipes-extended/lzip/lzlib_1.14.bb:do_rm_work)
NOTE: recipe lzlib-1.14-r0: task do_rm_work: Started
NOTE: recipe lzlib-1.14-r0: task do_rm_work: Succeeded
NOTE: Running task 2730 of 4895 (/home/andrew/poky/meta/recipes-support/libgpg-error/libgpg-error_1.48.bb:do_cve_check)
NOTE: recipe libgpg-error-1.48-r0: task do_cve_check: Started
NOTE: recipe libgpg-error-1.48-r0: task do_cve_check: Succeeded
NOTE: Running task 2731 of 4895 (/home/andrew/poky/meta/recipes-support/libgpg-error/libgpg-error_1.48.bb:do_rm_work)
NOTE: recipe libgpg-error-1.48-r0: task do_rm_work: Started
NOTE: recipe libgpg-error-1.48-r0: task do_rm_work: Succeeded
NOTE: Running task 2732 of 4895 (virtual:native:/home/andrew/poky/meta/recipes-support/gnutls/libtasn1_4.20.0.bb:do_cve_check)
NOTE: recipe libtasn1-native-4.20.0-r0: task do_cve_check: Started
NOTE: recipe libtasn1-native-4.20.0-r0: task do_cve_check: Succeeded
NOTE: Running task 2733 of 4895 (virtual:native:/home/andrew/poky/meta/recipes-support/gnutls/libtasn1_4.20.0.bb:do_rm_work)
NOTE: recipe libtasn1-native-4.20.0-r0: task do_rm_work: Started
NOTE: recipe libtasn1-native-4.20.0-r0: task do_rm_work: Succeeded
NOTE: Running task 2734 of 4895 (virtual:native:/home/andrew/poky/meta/recipes-support/nettle/nettle_3.9.1.bb:do_cve_check)
NOTE: recipe nettle-native-3.9.1-r0: task do_cve_check: Started
NOTE: recipe nettle-native-3.9.1-r0: task do_cve_check: Succeeded
NOTE: Running task 2735 of 4895 (virtual:native:/home/andrew/poky/meta/recipes-support/nettle/nettle_3.9.1.bb:do_rm_work)
NOTE: recipe nettle-native-3.9.1-r0: task do_rm_work: Started
NOTE: recipe nettle-native-3.9.1-r0: task do_rm_work: Succeeded
NOTE: Running task 2736 of 4895 (virtual:native:/home/andrew/poky/meta/recipes-extended/libidn/libidn2_2.3.7.bb:do_cve_check)
NOTE: recipe libidn2-native-2.3.7-r0: task do_cve_check: Started
NOTE: recipe libidn2-native-2.3.7-r0: task do_cve_check: Succeeded
NOTE: Running task 2737 of 4895 (virtual:native:/home/andrew/poky/meta/recipes-extended/libidn/libidn2_2.3.7.bb:do_rm_work)
NOTE: recipe libidn2-native-2.3.7-r0: task do_rm_work: Started
NOTE: recipe libidn2-native-2.3.7-r0: task do_rm_work: Succeeded
NOTE: Running task 2738 of 4895 (virtual:native:/home/andrew/poky/meta/recipes-support/libunistring/libunistring_1.2.bb:do_cve_check)
NOTE: recipe libunistring-native-1.2-r0: task do_cve_check: Started
NOTE: recipe libunistring-native-1.2-r0: task do_cve_check: Succeeded
NOTE: Running task 2739 of 4895 (virtual:native:/home/andrew/poky/meta/recipes-support/libunistring/libunistring_1.2.bb:do_rm_work)
NOTE: recipe libunistring-native-1.2-r0: task do_rm_work: Started
NOTE: recipe libunistring-native-1.2-r0: task do_rm_work: Succeeded
NOTE: Running task 2740 of 4895 (/home/andrew/meta-openembedded/meta-python/recipes-devtools/python/python3-networkx_3.1.bb:do_cve_check)
NOTE: recipe python3-networkx-3.1-r0: task do_cve_check: Started
NOTE: recipe python3-networkx-3.1-r0: task do_cve_check: Succeeded
NOTE: Running task 2741 of 4895 (/home/andrew/poky/meta/recipes-devtools/python/python3-setuptools_69.1.1.bb:do_cve_check)
NOTE: recipe python3-setuptools-69.1.1-r0: task do_cve_check: Started
NOTE: recipe python3-setuptools-69.1.1-r0: task do_cve_check: Succeeded
NOTE: Running task 2742 of 4895 (/home/andrew/poky/meta/recipes-core/readline/readline_8.2.bb:do_cve_check)
NOTE: recipe readline-8.2-r0: task do_cve_check: Started
NOTE: recipe readline-8.2-r0: task do_cve_check: Succeeded
NOTE: Running task 2743 of 4895 (/home/andrew/poky/meta/recipes-support/gnutls/gnutls_3.8.4.bb:do_cve_check)
NOTE: recipe gnutls-3.8.4-r0: task do_cve_check: Started
WARNING: gnutls-3.8.4-r0 do_cve_check: Found unpatched CVE (CVE-2026-1584), for more information check /home/andrew/build-rock5a/tmp-glibc/work/cortexa76-cortexa55-oe-linux/gnutls/3.8.4/temp/cve.log
NOTE: recipe gnutls-3.8.4-r0: task do_cve_check: Succeeded
NOTE: Running task 2744 of 4895 (/home/andrew/poky/meta/recipes-support/gnutls/gnutls_3.8.4.bb:do_rm_work)
NOTE: recipe gnutls-3.8.4-r0: task do_rm_work: Started
NOTE: recipe gnutls-3.8.4-r0: task do_rm_work: Succeeded
NOTE: Running task 2745 of 4895 (/home/andrew/poky/meta/recipes-devtools/file/file_5.45.bb:do_cve_check)
NOTE: recipe file-5.45-r0: task do_cve_check: Started
NOTE: recipe file-5.45-r0: task do_cve_check: Succeeded
NOTE: Running task 2746 of 4895 (/home/andrew/poky/meta/recipes-devtools/file/file_5.45.bb:do_rm_work)
NOTE: recipe file-5.45-r0: task do_rm_work: Started
NOTE: recipe file-5.45-r0: task do_rm_work: Succeeded
NOTE: Running task 2747 of 4895 (/home/andrew/poky/meta/recipes-support/libgcrypt/libgcrypt_1.10.3.bb:do_cve_check)
NOTE: recipe libgcrypt-1.10.3-r0: task do_cve_check: Started
NOTE: recipe libgcrypt-1.10.3-r0: task do_cve_check: Succeeded
NOTE: Running task 2748 of 4895 (/home/andrew/poky/meta/recipes-support/libgcrypt/libgcrypt_1.10.3.bb:do_rm_work)
NOTE: recipe libgcrypt-1.10.3-r0: task do_rm_work: Started
NOTE: recipe libgcrypt-1.10.3-r0: task do_rm_work: Succeeded
NOTE: Running task 2749 of 4895 (virtual:native:/home/andrew/poky/meta/recipes-support/libmd/libmd_1.1.0.bb:do_cve_check)
NOTE: recipe libmd-native-1.1.0-r0: task do_cve_check: Started
NOTE: recipe libmd-native-1.1.0-r0: task do_cve_check: Succeeded
NOTE: Running task 2750 of 4895 (virtual:native:/home/andrew/poky/meta/recipes-support/libmd/libmd_1.1.0.bb:do_rm_work)
NOTE: recipe libmd-native-1.1.0-r0: task do_rm_work: Started
NOTE: recipe libmd-native-1.1.0-r0: task do_rm_work: Succeeded
NOTE: Running task 2751 of 4895 (virtual:native:/home/andrew/poky/meta/recipes-support/gnutls/gnutls_3.8.4.bb:do_cve_check)
NOTE: recipe gnutls-native-3.8.4-r0: task do_cve_check: Started
WARNING: gnutls-native-3.8.4-r0 do_cve_check: Found unpatched CVE (CVE-2026-1584), for more information check /home/andrew/build-rock5a/tmp-glibc/work/x86_64-linux/gnutls-native/3.8.4/temp/cve.log
NOTE: recipe gnutls-native-3.8.4-r0: task do_cve_check: Succeeded
NOTE: Running task 2752 of 4895 (virtual:native:/home/andrew/poky/meta/recipes-support/gnutls/gnutls_3.8.4.bb:do_rm_work)
NOTE: recipe gnutls-native-3.8.4-r0: task do_rm_work: Started
NOTE: recipe gnutls-native-3.8.4-r0: task do_rm_work: Succeeded
NOTE: Running task 2753 of 4895 (virtual:native:/home/andrew/poky/meta/recipes-support/ca-certificates/ca-certificates_20250419.bb:do_cve_check)
NOTE: recipe ca-certificates-native-20250419-r0: task do_cve_check: Started
NOTE: recipe ca-certificates-native-20250419-r0: task do_cve_check: Succeeded
NOTE: Running task 2754 of 4895 (virtual:native:/home/andrew/poky/meta/recipes-support/ca-certificates/ca-certificates_20250419.bb:do_rm_work)
NOTE: recipe ca-certificates-native-20250419-r0: task do_rm_work: Started
NOTE: recipe ca-certificates-native-20250419-r0: task do_rm_work: Succeeded
NOTE: Running task 2755 of 4895 (virtual:native:/home/andrew/poky/meta/recipes-extended/lzip/lzlib_1.14.bb:do_cve_check)
NOTE: recipe lzlib-native-1.14-r0: task do_cve_check: Started
NOTE: recipe lzlib-native-1.14-r0: task do_cve_check: Succeeded
NOTE: Running task 2756 of 4895 (virtual:native:/home/andrew/poky/meta/recipes-extended/lzip/lzlib_1.14.bb:do_rm_work)
NOTE: recipe lzlib-native-1.14-r0: task do_rm_work: Started
NOTE: recipe lzlib-native-1.14-r0: task do_rm_work: Succeeded
NOTE: Running task 2757 of 4895 (virtual:native:/home/andrew/poky/meta/recipes-support/libcap/libcap_2.69.bb:do_cve_check)
NOTE: recipe libcap-native-2.69-r0: task do_cve_check: Started
NOTE: recipe libcap-native-2.69-r0: task do_cve_check: Succeeded
NOTE: Running task 2758 of 4895 (virtual:native:/home/andrew/poky/meta/recipes-support/libcap/libcap_2.69.bb:do_rm_work)
NOTE: recipe libcap-native-2.69-r0: task do_rm_work: Started
NOTE: recipe libcap-native-2.69-r0: task do_rm_work: Succeeded
NOTE: Running task 2759 of 4895 (virtual:native:/home/andrew/poky/meta/recipes-support/libgpg-error/libgpg-error_1.48.bb:do_cve_check)
NOTE: recipe libgpg-error-native-1.48-r0: task do_cve_check: Started
NOTE: recipe libgpg-error-native-1.48-r0: task do_cve_check: Succeeded
NOTE: Running task 2760 of 4895 (virtual:native:/home/andrew/poky/meta/recipes-support/libgpg-error/libgpg-error_1.48.bb:do_rm_work)
NOTE: recipe libgpg-error-native-1.48-r0: task do_rm_work: Started
NOTE: recipe libgpg-error-native-1.48-r0: task do_rm_work: Succeeded
NOTE: Running task 2761 of 4895 (virtual:native:/home/andrew/poky/meta/recipes-devtools/docbook-xml/docbook-xml-dtd4_4.5.bb:do_cve_check)
NOTE: recipe docbook-xml-dtd4-native-4.5-r0: task do_cve_check: Started
NOTE: recipe docbook-xml-dtd4-native-4.5-r0: task do_cve_check: Succeeded
NOTE: Running task 2762 of 4895 (virtual:native:/home/andrew/poky/meta/recipes-devtools/docbook-xml/docbook-xsl-stylesheets_1.79.1.bb:do_cve_check)
NOTE: recipe docbook-xsl-stylesheets-native-1.79.1-r0: task do_cve_check: Started
NOTE: recipe docbook-xsl-stylesheets-native-1.79.1-r0: task do_cve_check: Succeeded
NOTE: Running task 2763 of 4895 (virtual:native:/home/andrew/poky/meta/recipes-support/libxslt/libxslt_1.1.43.bb:do_cve_check)
NOTE: recipe libxslt-native-1.1.43-r0: task do_cve_check: Started
NOTE: recipe libxslt-native-1.1.43-r0: task do_cve_check: Succeeded
NOTE: Running task 2764 of 4895 (virtual:native:/home/andrew/poky/meta/recipes-devtools/python/python3-markupsafe_2.1.5.bb:do_cve_check)
NOTE: recipe python3-markupsafe-native-2.1.5-r0: task do_cve_check: Started
NOTE: recipe python3-markupsafe-native-2.1.5-r0: task do_cve_check: Succeeded
NOTE: Running task 2765 of 4895 (virtual:native:/home/andrew/poky/meta/recipes-devtools/python/python3-markupsafe_2.1.5.bb:do_rm_work)
NOTE: recipe python3-markupsafe-native-2.1.5-r0: task do_rm_work: Started
NOTE: recipe python3-markupsafe-native-2.1.5-r0: task do_rm_work: Succeeded
NOTE: Running task 2766 of 4895 (/home/andrew/poky/meta/recipes-core/initscripts/init-system-helpers_1.66.bb:do_cve_check)
NOTE: recipe init-system-helpers-1.66-r0: task do_cve_check: Started
NOTE: recipe init-system-helpers-1.66-r0: task do_cve_check: Succeeded
NOTE: Running task 2767 of 4895 (/home/andrew/poky/meta/recipes-extended/gawk/gawk_5.3.0.bb:do_cve_check)
NOTE: recipe gawk-5.3.0-r0: task do_cve_check: Started
NOTE: recipe gawk-5.3.0-r0: task do_cve_check: Succeeded
NOTE: Running task 2768 of 4895 (/home/andrew/poky/meta/recipes-devtools/binutils/binutils_2.42.bb:do_cve_check)
NOTE: recipe binutils-2.42-r0: task do_cve_check: Started
WARNING: binutils-2.42-r0 do_cve_check: Found unpatched CVE (CVE-2025-69644 CVE-2025-69647 CVE-2025-69648 CVE-2025-69649 CVE-2025-69650 CVE-2025-69651 CVE-2025-69652 CVE-2026-3441 CVE-2026-3442 CVE-2026-4647), for more information check /home/andrew/build-rock5a/tmp-glibc/work/cortexa76-cortexa55-oe-linux/binutils/2.42/temp/cve.log
NOTE: recipe binutils-2.42-r0: task do_cve_check: Succeeded
NOTE: Running task 2769 of 4895 (/home/andrew/meta-selinux/recipes-security/setools/setools_4.5.1.bb:do_cve_check)
NOTE: recipe setools-4.5.1-r0: task do_cve_check: Started
NOTE: recipe setools-4.5.1-r0: task do_cve_check: Succeeded
NOTE: Running task 2770 of 4895 (/home/andrew/meta-openembedded/meta-python/recipes-devtools/python/python3-ipy_1.01.bb:do_cve_check)
NOTE: recipe python3-ipy-1.01-r0: task do_cve_check: Started
NOTE: recipe python3-ipy-1.01-r0: task do_cve_check: Succeeded
NOTE: Running task 2771 of 4895 (/home/andrew/meta-openembedded/meta-python/recipes-devtools/python/python3-distro_1.9.0.bb:do_cve_check)
NOTE: recipe python3-distro-1.9.0-r0: task do_cve_check: Started
NOTE: recipe python3-distro-1.9.0-r0: task do_cve_check: Succeeded
NOTE: Running task 2772 of 4895 (virtual:native:/home/andrew/poky/meta/recipes-devtools/xmlto/xmlto_0.0.28.bb:do_cve_check)
NOTE: recipe xmlto-native-0.0.28+0.0.29+git-r0: task do_cve_check: Started
NOTE: recipe xmlto-native-0.0.28+0.0.29+git-r0: task do_cve_check: Succeeded
NOTE: Running task 2773 of 4895 (/home/andrew/poky/meta/recipes-core/libxml/libxml2_2.12.10.bb:do_cve_check)
NOTE: recipe libxml2-2.12.10-r0: task do_cve_check: Started
NOTE: recipe libxml2-2.12.10-r0: task do_cve_check: Succeeded
NOTE: Running task 2774 of 4895 (virtual:native:/home/andrew/poky/meta/recipes-support/shared-mime-info/shared-mime-info_2.4.bb:do_cve_check)
NOTE: recipe shared-mime-info-native-2.4-r0: task do_cve_check: Started
NOTE: recipe shared-mime-info-native-2.4-r0: task do_cve_check: Succeeded
NOTE: Running task 2775 of 4895 (/home/andrew/poky/meta/recipes-support/gmp/gmp_6.3.0.bb:do_cve_check)
NOTE: recipe gmp-6.3.0-r0: task do_cve_check: Started
NOTE: recipe gmp-6.3.0-r0: task do_cve_check: Succeeded
NOTE: Running task 2776 of 4895 (/home/andrew/poky/meta/recipes-support/gmp/gmp_6.3.0.bb:do_rm_work)
NOTE: recipe gmp-6.3.0-r0: task do_rm_work: Started
NOTE: recipe gmp-6.3.0-r0: task do_rm_work: Succeeded
NOTE: Running task 2777 of 4895 (/home/andrew/poky/meta/recipes-support/libyaml/libyaml_0.2.5.bb:do_cve_check)
NOTE: recipe libyaml-0.2.5-r0: task do_cve_check: Started
NOTE: recipe libyaml-0.2.5-r0: task do_cve_check: Succeeded
NOTE: Running task 2778 of 4895 (/home/andrew/poky/meta/recipes-support/lz4/lz4_1.9.4.bb:do_cve_check)
NOTE: recipe lz4-1_1.9.4-r0: task do_cve_check: Started
NOTE: recipe lz4-1_1.9.4-r0: task do_cve_check: Succeeded
NOTE: Running task 2779 of 4895 (/home/andrew/poky/meta/recipes-support/lzo/lzo_2.10.bb:do_cve_check)
NOTE: recipe lzo-2.10-r0: task do_cve_check: Started
NOTE: recipe lzo-2.10-r0: task do_cve_check: Succeeded
NOTE: Running task 2780 of 4895 (virtual:native:/home/andrew/poky/meta/recipes-extended/unzip/unzip_6.0.bb:do_cve_check)
NOTE: recipe unzip-native-1_6.0-r0: task do_cve_check: Started
NOTE: recipe unzip-native-1_6.0-r0: task do_cve_check: Succeeded
NOTE: Running task 2781 of 4895 (virtual:native:/home/andrew/poky/meta/recipes-extended/unzip/unzip_6.0.bb:do_rm_work)
NOTE: recipe unzip-native-1_6.0-r0: task do_rm_work: Started
NOTE: recipe unzip-native-1_6.0-r0: task do_rm_work: Succeeded
NOTE: Running task 2782 of 4895 (virtual:native:/home/andrew/poky/meta/recipes-devtools/unifdef/unifdef_2.12.bb:do_cve_check)
NOTE: recipe unifdef-native-2.12-r0: task do_cve_check: Started
NOTE: recipe unifdef-native-2.12-r0: task do_cve_check: Succeeded
NOTE: Running task 2783 of 4895 (virtual:native:/home/andrew/poky/meta/recipes-devtools/unifdef/unifdef_2.12.bb:do_rm_work)
NOTE: recipe unifdef-native-2.12-r0: task do_rm_work: Started
NOTE: recipe unifdef-native-2.12-r0: task do_rm_work: Succeeded
NOTE: Running task 2784 of 4895 (virtual:native:/home/andrew/poky/meta/recipes-devtools/rsync/rsync_3.2.7.bb:do_cve_check)
NOTE: recipe rsync-native-3.2.7-r0: task do_cve_check: Started
NOTE: recipe rsync-native-3.2.7-r0: task do_cve_check: Succeeded
NOTE: Running task 2785 of 4895 (virtual:native:/home/andrew/poky/meta/recipes-devtools/rsync/rsync_3.2.7.bb:do_rm_work)
NOTE: recipe rsync-native-3.2.7-r0: task do_rm_work: Started
NOTE: recipe rsync-native-3.2.7-r0: task do_rm_work: Succeeded
NOTE: Running task 2786 of 4895 (/home/andrew/poky/meta/recipes-extended/libtirpc/libtirpc_1.3.4.bb:do_cve_check)
NOTE: recipe libtirpc-1.3.4-r0: task do_cve_check: Started
NOTE: recipe libtirpc-1.3.4-r0: task do_cve_check: Succeeded
NOTE: Running task 2787 of 4895 (/home/andrew/poky/meta/recipes-extended/libtirpc/libtirpc_1.3.4.bb:do_rm_work)
NOTE: recipe libtirpc-1.3.4-r0: task do_rm_work: Started
NOTE: recipe libtirpc-1.3.4-r0: task do_rm_work: Succeeded
NOTE: Running task 2788 of 4895 (/home/andrew/poky/meta/recipes-extended/libnsl/libnsl2_git.bb:do_cve_check)
NOTE: recipe libnsl2-2.0.1-r0: task do_cve_check: Started
NOTE: recipe libnsl2-2.0.1-r0: task do_cve_check: Succeeded
NOTE: Running task 2789 of 4895 (/home/andrew/poky/meta/recipes-extended/libnsl/libnsl2_git.bb:do_rm_work)
NOTE: recipe libnsl2-2.0.1-r0: task do_rm_work: Started
NOTE: recipe libnsl2-2.0.1-r0: task do_rm_work: Succeeded
NOTE: Running task 2790 of 4895 (/home/andrew/poky/meta/recipes-support/gdbm/gdbm_1.23.bb:do_cve_check)
NOTE: recipe gdbm-1.23-r0: task do_cve_check: Started
NOTE: recipe gdbm-1.23-r0: task do_cve_check: Succeeded
NOTE: Running task 2791 of 4895 (/home/andrew/poky/meta/recipes-support/gdbm/gdbm_1.23.bb:do_rm_work)
NOTE: recipe gdbm-1.23-r0: task do_rm_work: Started
NOTE: recipe gdbm-1.23-r0: task do_rm_work: Succeeded
NOTE: Running task 2792 of 4895 (/home/andrew/poky/meta/recipes-support/attr/acl_2.3.2.bb:do_cve_check)
NOTE: recipe acl-2.3.2-r0: task do_cve_check: Started
NOTE: recipe acl-2.3.2-r0: task do_cve_check: Succeeded
NOTE: Running task 2793 of 4895 (/home/andrew/poky/meta/recipes-support/attr/acl_2.3.2.bb:do_rm_work)
NOTE: recipe acl-2.3.2-r0: task do_rm_work: Started
NOTE: recipe acl-2.3.2-r0: task do_rm_work: Succeeded
NOTE: Running task 2794 of 4895 (virtual:native:/home/andrew/poky/meta/recipes-devtools/python/python3-jinja2_3.1.6.bb:do_cve_check)
NOTE: recipe python3-jinja2-native-3.1.6-r0: task do_cve_check: Started
NOTE: recipe python3-jinja2-native-3.1.6-r0: task do_cve_check: Succeeded
NOTE: Running task 2795 of 4895 (virtual:native:/home/andrew/poky/meta/recipes-devtools/python/python3-jinja2_3.1.6.bb:do_rm_work)
NOTE: recipe python3-jinja2-native-3.1.6-r0: task do_rm_work: Started
NOTE: recipe python3-jinja2-native-3.1.6-r0: task do_rm_work: Succeeded
NOTE: Running task 2796 of 4895 (/home/andrew/poky/meta/recipes-support/libseccomp/libseccomp_2.5.5.bb:do_cve_check)
NOTE: recipe libseccomp-2.5.5-r0: task do_cve_check: Started
NOTE: recipe libseccomp-2.5.5-r0: task do_cve_check: Succeeded
NOTE: Running task 2797 of 4895 (/home/andrew/poky/meta/recipes-support/libseccomp/libseccomp_2.5.5.bb:do_rm_work)
NOTE: recipe libseccomp-2.5.5-r0: task do_rm_work: Started
NOTE: recipe libseccomp-2.5.5-r0: task do_rm_work: Succeeded
NOTE: Running task 2798 of 4895 (/home/andrew/poky/meta/recipes-extended/zstd/zstd_1.5.5.bb:do_cve_check)
NOTE: recipe zstd-1.5.5-r0: task do_cve_check: Started
NOTE: recipe zstd-1.5.5-r0: task do_cve_check: Succeeded
NOTE: Running task 2799 of 4895 (/home/andrew/poky/meta/recipes-extended/zstd/zstd_1.5.5.bb:do_rm_work)
NOTE: recipe zstd-1.5.5-r0: task do_rm_work: Started
NOTE: recipe zstd-1.5.5-r0: task do_rm_work: Succeeded
NOTE: Running task 2800 of 4895 (/home/andrew/poky/meta/recipes-support/libunistring/libunistring_1.2.bb:do_cve_check)
NOTE: recipe libunistring-1.2-r0: task do_cve_check: Started
NOTE: recipe libunistring-1.2-r0: task do_cve_check: Succeeded
NOTE: Running task 2801 of 4895 (/home/andrew/poky/meta/recipes-support/libunistring/libunistring_1.2.bb:do_rm_work)
NOTE: recipe libunistring-1.2-r0: task do_rm_work: Started
NOTE: recipe libunistring-1.2-r0: task do_rm_work: Succeeded
NOTE: Running task 2802 of 4895 (virtual:native:/home/andrew/poky/meta/recipes-support/re2c/re2c_3.1.bb:do_cve_check)
NOTE: recipe re2c-native-3.1-r0: task do_cve_check: Started
NOTE: recipe re2c-native-3.1-r0: task do_cve_check: Succeeded
NOTE: Running task 2803 of 4895 (virtual:native:/home/andrew/poky/meta/recipes-support/re2c/re2c_3.1.bb:do_rm_work)
NOTE: recipe re2c-native-3.1-r0: task do_rm_work: Started
NOTE: recipe re2c-native-3.1-r0: task do_rm_work: Succeeded
NOTE: Running task 2804 of 4895 (virtual:native:/home/andrew/poky/meta/recipes-gnome/gobject-introspection/gobject-introspection_1.78.1.bb:do_cve_check)
NOTE: recipe gobject-introspection-native-1.78.1-r0: task do_cve_check: Started
NOTE: recipe gobject-introspection-native-1.78.1-r0: task do_cve_check: Succeeded
NOTE: Running task 2805 of 4895 (/home/andrew/poky/meta/recipes-support/libffi/libffi_3.4.6.bb:do_cve_check)
NOTE: recipe libffi-3.4.6-r0: task do_cve_check: Started
NOTE: recipe libffi-3.4.6-r0: task do_cve_check: Succeeded
NOTE: Running task 2806 of 4895 (/home/andrew/poky/meta/recipes-support/libffi/libffi_3.4.6.bb:do_rm_work)
NOTE: recipe libffi-3.4.6-r0: task do_rm_work: Started
NOTE: recipe libffi-3.4.6-r0: task do_rm_work: Succeeded
NOTE: Running task 2807 of 4895 (/home/andrew/poky/meta/recipes-core/expat/expat_2.6.4.bb:do_cve_check)
NOTE: recipe expat-2.6.4-r0: task do_cve_check: Started
WARNING: expat-2.6.4-r0 do_cve_check: Found unpatched CVE (CVE-2025-66382 CVE-2026-32776 CVE-2026-32777 CVE-2026-32778), for more information check /home/andrew/build-rock5a/tmp-glibc/work/cortexa76-cortexa55-oe-linux/expat/2.6.4/temp/cve.log
NOTE: recipe expat-2.6.4-r0: task do_cve_check: Succeeded
NOTE: Running task 2808 of 4895 (/home/andrew/poky/meta/recipes-core/expat/expat_2.6.4.bb:do_rm_work)
NOTE: recipe expat-2.6.4-r0: task do_rm_work: Started
NOTE: recipe expat-2.6.4-r0: task do_rm_work: Succeeded
NOTE: Running task 2809 of 4895 (/home/andrew/poky/meta/recipes-support/libmicrohttpd/libmicrohttpd_1.0.1.bb:do_cve_check)
NOTE: recipe libmicrohttpd-1.0.1-r0: task do_cve_check: Started
NOTE: recipe libmicrohttpd-1.0.1-r0: task do_cve_check: Succeeded
NOTE: Running task 2810 of 4895 (/home/andrew/poky/meta/recipes-support/libmicrohttpd/libmicrohttpd_1.0.1.bb:do_rm_work)
NOTE: recipe libmicrohttpd-1.0.1-r0: task do_rm_work: Started
NOTE: recipe libmicrohttpd-1.0.1-r0: task do_rm_work: Succeeded
NOTE: Running task 2811 of 4895 (/home/andrew/poky/meta/recipes-extended/libarchive/libarchive_3.7.9.bb:do_cve_check)
NOTE: recipe libarchive-3.7.9-r0: task do_cve_check: Started
WARNING: libarchive-3.7.9-r0 do_cve_check: Found unpatched CVE (CVE-2026-5121), for more information check /home/andrew/build-rock5a/tmp-glibc/work/cortexa76-cortexa55-oe-linux/libarchive/3.7.9/temp/cve.log
NOTE: recipe libarchive-3.7.9-r0: task do_cve_check: Succeeded
NOTE: Running task 2812 of 4895 (/home/andrew/poky/meta/recipes-extended/libarchive/libarchive_3.7.9.bb:do_rm_work)
NOTE: recipe libarchive-3.7.9-r0: task do_rm_work: Started
NOTE: recipe libarchive-3.7.9-r0: task do_rm_work: Succeeded
NOTE: Running task 2813 of 4895 (/home/andrew/poky/meta/recipes-support/sqlite/sqlite3_3.45.3.bb:do_cve_check)
NOTE: recipe sqlite3-3_3.45.3-r0: task do_cve_check: Started
WARNING: sqlite3-3_3.45.3-r0 do_cve_check: Found unpatched CVE (CVE-2025-70873), for more information check /home/andrew/build-rock5a/tmp-glibc/work/cortexa76-cortexa55-oe-linux/sqlite3/3.45.3/temp/cve.log
NOTE: recipe sqlite3-3_3.45.3-r0: task do_cve_check: Succeeded
NOTE: Running task 2814 of 4895 (/home/andrew/poky/meta/recipes-support/sqlite/sqlite3_3.45.3.bb:do_rm_work)
NOTE: recipe sqlite3-3_3.45.3-r0: task do_rm_work: Started
NOTE: recipe sqlite3-3_3.45.3-r0: task do_rm_work: Succeeded
NOTE: Running task 2815 of 4895 (/home/andrew/poky/meta/recipes-extended/xz/xz_5.4.7.bb:do_cve_check)
NOTE: recipe xz-5.4.7-r0: task do_cve_check: Started
WARNING: xz-5.4.7-r0 do_cve_check: Found unpatched CVE (CVE-2026-34743), for more information check /home/andrew/build-rock5a/tmp-glibc/work/cortexa76-cortexa55-oe-linux/xz/5.4.7/temp/cve.log
NOTE: recipe xz-5.4.7-r0: task do_cve_check: Succeeded
NOTE: Running task 2816 of 4895 (/home/andrew/poky/meta/recipes-extended/xz/xz_5.4.7.bb:do_rm_work)
NOTE: recipe xz-5.4.7-r0: task do_rm_work: Started
NOTE: recipe xz-5.4.7-r0: task do_rm_work: Succeeded
NOTE: Running task 2817 of 4895 (/home/andrew/poky/meta/recipes-extended/bzip2/bzip2_1.0.8.bb:do_cve_check)
NOTE: recipe bzip2-1.0.8-r0: task do_cve_check: Started
NOTE: recipe bzip2-1.0.8-r0: task do_cve_check: Succeeded
NOTE: Running task 2818 of 4895 (/home/andrew/poky/meta/recipes-extended/bzip2/bzip2_1.0.8.bb:do_rm_work)
NOTE: recipe bzip2-1.0.8-r0: task do_rm_work: Started
NOTE: recipe bzip2-1.0.8-r0: task do_rm_work: Succeeded
NOTE: Running task 2819 of 4895 (virtual:native:/home/andrew/poky/meta/recipes-core/libxml/libxml2_2.12.10.bb:do_cve_check)
NOTE: recipe libxml2-native-2.12.10-r0: task do_cve_check: Started
NOTE: recipe libxml2-native-2.12.10-r0: task do_cve_check: Succeeded
NOTE: Running task 2820 of 4895 (virtual:native:/home/andrew/poky/meta/recipes-core/libxml/libxml2_2.12.10.bb:do_rm_work)
NOTE: recipe libxml2-native-2.12.10-r0: task do_rm_work: Started
NOTE: recipe libxml2-native-2.12.10-r0: task do_rm_work: Succeeded
NOTE: Running task 2821 of 4895 (/home/andrew/poky/meta/recipes-support/attr/attr_2.5.1.bb:do_cve_check)
NOTE: recipe attr-2.5.1-r0: task do_cve_check: Started
NOTE: recipe attr-2.5.1-r0: task do_cve_check: Succeeded
NOTE: Running task 2822 of 4895 (/home/andrew/poky/meta/recipes-support/attr/attr_2.5.1.bb:do_rm_work)
NOTE: recipe attr-2.5.1-r0: task do_rm_work: Started
NOTE: recipe attr-2.5.1-r0: task do_rm_work: Succeeded
NOTE: Running task 2823 of 4895 (virtual:native:/home/andrew/poky/meta/recipes-support/libbsd/libbsd_0.12.1.bb:do_cve_check)
NOTE: recipe libbsd-native-0.12.1-r0: task do_cve_check: Started
NOTE: recipe libbsd-native-0.12.1-r0: task do_cve_check: Succeeded
NOTE: Running task 2824 of 4895 (virtual:native:/home/andrew/poky/meta/recipes-support/libbsd/libbsd_0.12.1.bb:do_rm_work)
NOTE: recipe libbsd-native-0.12.1-r0: task do_rm_work: Started
NOTE: recipe libbsd-native-0.12.1-r0: task do_rm_work: Succeeded
NOTE: Running task 2825 of 4895 (virtual:native:/home/andrew/poky/meta/recipes-extended/libnsl/libnsl2_git.bb:do_cve_check)
NOTE: recipe libnsl2-native-2.0.1-r0: task do_cve_check: Started
NOTE: recipe libnsl2-native-2.0.1-r0: task do_cve_check: Succeeded
NOTE: Running task 2826 of 4895 (virtual:native:/home/andrew/poky/meta/recipes-extended/libnsl/libnsl2_git.bb:do_rm_work)
NOTE: recipe libnsl2-native-2.0.1-r0: task do_rm_work: Started
NOTE: recipe libnsl2-native-2.0.1-r0: task do_rm_work: Succeeded
NOTE: Running task 2827 of 4895 (virtual:native:/home/andrew/poky/meta/recipes-devtools/libedit/libedit_20230828-3.1.bb:do_cve_check)
NOTE: recipe libedit-native-20230828-3.1-r1: task do_cve_check: Started
NOTE: recipe libedit-native-20230828-3.1-r1: task do_cve_check: Succeeded
NOTE: Running task 2828 of 4895 (virtual:native:/home/andrew/poky/meta/recipes-devtools/libedit/libedit_20230828-3.1.bb:do_rm_work)
NOTE: recipe libedit-native-20230828-3.1-r1: task do_rm_work: Started
NOTE: recipe libedit-native-20230828-3.1-r1: task do_rm_work: Succeeded
NOTE: Running task 2829 of 4895 (virtual:native:/home/andrew/poky/meta/recipes-extended/libtirpc/libtirpc_1.3.4.bb:do_cve_check)
NOTE: recipe libtirpc-native-1.3.4-r0: task do_cve_check: Started
NOTE: recipe libtirpc-native-1.3.4-r0: task do_cve_check: Succeeded
NOTE: Running task 2830 of 4895 (virtual:native:/home/andrew/poky/meta/recipes-extended/libtirpc/libtirpc_1.3.4.bb:do_rm_work)
NOTE: recipe libtirpc-native-1.3.4-r0: task do_rm_work: Started
NOTE: recipe libtirpc-native-1.3.4-r0: task do_rm_work: Succeeded
NOTE: Running task 2831 of 4895 (virtual:native:/home/andrew/poky/meta/recipes-support/libffi/libffi_3.4.6.bb:do_cve_check)
NOTE: recipe libffi-native-3.4.6-r0: task do_cve_check: Started
NOTE: recipe libffi-native-3.4.6-r0: task do_cve_check: Succeeded
NOTE: Running task 2832 of 4895 (virtual:native:/home/andrew/poky/meta/recipes-support/libffi/libffi_3.4.6.bb:do_rm_work)
NOTE: recipe libffi-native-3.4.6-r0: task do_rm_work: Started
NOTE: recipe libffi-native-3.4.6-r0: task do_rm_work: Succeeded
NOTE: Running task 2833 of 4895 (virtual:native:/home/andrew/poky/meta/recipes-support/attr/acl_2.3.2.bb:do_cve_check)
NOTE: recipe acl-native-2.3.2-r0: task do_cve_check: Started
NOTE: recipe acl-native-2.3.2-r0: task do_cve_check: Succeeded
NOTE: Running task 2834 of 4895 (virtual:native:/home/andrew/poky/meta/recipes-support/attr/acl_2.3.2.bb:do_rm_work)
NOTE: recipe acl-native-2.3.2-r0: task do_rm_work: Started
NOTE: recipe acl-native-2.3.2-r0: task do_rm_work: Succeeded
NOTE: Running task 2835 of 4895 (virtual:native:/home/andrew/poky/meta/recipes-core/expat/expat_2.6.4.bb:do_cve_check)
NOTE: recipe expat-native-2.6.4-r0: task do_cve_check: Started
WARNING: expat-native-2.6.4-r0 do_cve_check: Found unpatched CVE (CVE-2025-66382 CVE-2026-32776 CVE-2026-32777 CVE-2026-32778), for more information check /home/andrew/build-rock5a/tmp-glibc/work/x86_64-linux/expat-native/2.6.4/temp/cve.log
NOTE: recipe expat-native-2.6.4-r0: task do_cve_check: Succeeded
NOTE: Running task 2836 of 4895 (virtual:native:/home/andrew/poky/meta/recipes-core/expat/expat_2.6.4.bb:do_rm_work)
NOTE: recipe expat-native-2.6.4-r0: task do_rm_work: Started
NOTE: recipe expat-native-2.6.4-r0: task do_rm_work: Succeeded
NOTE: Running task 2837 of 4895 (virtual:native:/home/andrew/poky/meta/recipes-devtools/perl-cross/perlcross_1.6.2.bb:do_cve_check)
NOTE: recipe perlcross-native-1.6.2-r0: task do_cve_check: Started
NOTE: recipe perlcross-native-1.6.2-r0: task do_cve_check: Succeeded
NOTE: Running task 2838 of 4895 (virtual:native:/home/andrew/poky/meta/recipes-devtools/perl-cross/perlcross_1.6.2.bb:do_rm_work)
NOTE: recipe perlcross-native-1.6.2-r0: task do_rm_work: Started
NOTE: recipe perlcross-native-1.6.2-r0: task do_rm_work: Succeeded
NOTE: Running task 2839 of 4895 (virtual:native:/home/andrew/poky/meta/recipes-support/gdbm/gdbm_1.23.bb:do_cve_check)
NOTE: recipe gdbm-native-1.23-r0: task do_cve_check: Started
NOTE: recipe gdbm-native-1.23-r0: task do_cve_check: Succeeded
NOTE: Running task 2840 of 4895 (virtual:native:/home/andrew/poky/meta/recipes-support/gdbm/gdbm_1.23.bb:do_rm_work)
NOTE: recipe gdbm-native-1.23-r0: task do_rm_work: Started
NOTE: recipe gdbm-native-1.23-r0: task do_rm_work: Succeeded
NOTE: Running task 2841 of 4895 (virtual:native:/home/andrew/poky/meta/recipes-devtools/make/make_4.4.1.bb:do_cve_check)
NOTE: recipe make-native-4.4.1-r0: task do_cve_check: Started
NOTE: recipe make-native-4.4.1-r0: task do_cve_check: Succeeded
NOTE: Running task 2842 of 4895 (virtual:native:/home/andrew/poky/meta/recipes-devtools/make/make_4.4.1.bb:do_rm_work)
NOTE: recipe make-native-4.4.1-r0: task do_rm_work: Started
NOTE: recipe make-native-4.4.1-r0: task do_rm_work: Succeeded
NOTE: Running task 2843 of 4895 (virtual:native:/home/andrew/poky/meta/recipes-extended/gperf/gperf_3.1.bb:do_cve_check)
NOTE: recipe gperf-native-3.1-r0: task do_cve_check: Started
NOTE: recipe gperf-native-3.1-r0: task do_cve_check: Succeeded
NOTE: Running task 2844 of 4895 (virtual:native:/home/andrew/poky/meta/recipes-extended/gperf/gperf_3.1.bb:do_rm_work)
NOTE: recipe gperf-native-3.1-r0: task do_rm_work: Started
NOTE: recipe gperf-native-3.1-r0: task do_rm_work: Succeeded
NOTE: Running task 2845 of 4895 (virtual:native:/home/andrew/poky/meta/recipes-support/libcap-ng/libcap-ng_0.8.5.bb:do_cve_check)
NOTE: recipe libcap-ng-native-0.8.5-r0: task do_cve_check: Started
NOTE: recipe libcap-ng-native-0.8.5-r0: task do_cve_check: Succeeded
NOTE: Running task 2846 of 4895 (virtual:native:/home/andrew/poky/meta/recipes-support/libcap-ng/libcap-ng_0.8.5.bb:do_rm_work)
NOTE: recipe libcap-ng-native-0.8.5-r0: task do_rm_work: Started
NOTE: recipe libcap-ng-native-0.8.5-r0: task do_rm_work: Succeeded
NOTE: Running task 2847 of 4895 (virtual:native:/home/andrew/poky/meta/recipes-core/util-linux/util-linux-libuuid_2.39.3.bb:do_cve_check)
NOTE: recipe util-linux-libuuid-native-2.39.3-r0: task do_cve_check: Started
NOTE: recipe util-linux-libuuid-native-2.39.3-r0: task do_cve_check: Succeeded
NOTE: Running task 2848 of 4895 (virtual:native:/home/andrew/poky/meta/recipes-core/util-linux/util-linux-libuuid_2.39.3.bb:do_rm_work)
NOTE: recipe util-linux-libuuid-native-2.39.3-r0: task do_rm_work: Started
NOTE: recipe util-linux-libuuid-native-2.39.3-r0: task do_rm_work: Succeeded
NOTE: Running task 2849 of 4895 (virtual:native:/home/andrew/poky/meta/recipes-support/libpcre/libpcre2_10.43.bb:do_cve_check)
NOTE: recipe libpcre2-native-10.43-r0: task do_cve_check: Started
NOTE: recipe libpcre2-native-10.43-r0: task do_cve_check: Succeeded
NOTE: Running task 2850 of 4895 (virtual:native:/home/andrew/poky/meta/recipes-support/libpcre/libpcre2_10.43.bb:do_rm_work)
NOTE: recipe libpcre2-native-10.43-r0: task do_rm_work: Started
NOTE: recipe libpcre2-native-10.43-r0: task do_rm_work: Succeeded
NOTE: Running task 2851 of 4895 (virtual:native:/home/andrew/poky/meta/recipes-support/curl/curl_8.7.1.bb:do_cve_check)
NOTE: recipe curl-native-8.7.1-r0: task do_cve_check: Started
WARNING: curl-native-8.7.1-r0 do_cve_check: Found unpatched CVE (CVE-2026-1965 CVE-2026-3783 CVE-2026-3784), for more information check /home/andrew/build-rock5a/tmp-glibc/work/x86_64-linux/curl-native/8.7.1/temp/cve.log
NOTE: recipe curl-native-8.7.1-r0: task do_cve_check: Succeeded
NOTE: Running task 2852 of 4895 (virtual:native:/home/andrew/poky/meta/recipes-support/curl/curl_8.7.1.bb:do_rm_work)
NOTE: recipe curl-native-8.7.1-r0: task do_rm_work: Started
NOTE: recipe curl-native-8.7.1-r0: task do_rm_work: Succeeded
NOTE: Running task 2853 of 4895 (virtual:native:/home/andrew/poky/meta/recipes-support/libmicrohttpd/libmicrohttpd_1.0.1.bb:do_cve_check)
NOTE: recipe libmicrohttpd-native-1.0.1-r0: task do_cve_check: Started
NOTE: recipe libmicrohttpd-native-1.0.1-r0: task do_cve_check: Succeeded
NOTE: Running task 2854 of 4895 (virtual:native:/home/andrew/poky/meta/recipes-support/libmicrohttpd/libmicrohttpd_1.0.1.bb:do_rm_work)
NOTE: recipe libmicrohttpd-native-1.0.1-r0: task do_rm_work: Started
NOTE: recipe libmicrohttpd-native-1.0.1-r0: task do_rm_work: Succeeded
NOTE: Running task 2855 of 4895 (virtual:native:/home/andrew/poky/meta/recipes-core/readline/readline_8.2.bb:do_cve_check)
NOTE: recipe readline-native-8.2-r0: task do_cve_check: Started
NOTE: recipe readline-native-8.2-r0: task do_cve_check: Succeeded
NOTE: Running task 2856 of 4895 (virtual:native:/home/andrew/poky/meta/recipes-core/readline/readline_8.2.bb:do_rm_work)
NOTE: recipe readline-native-8.2-r0: task do_rm_work: Started
NOTE: recipe readline-native-8.2-r0: task do_rm_work: Succeeded
NOTE: Running task 2857 of 4895 (virtual:native:/home/andrew/poky/meta/recipes-support/mpfr/mpfr_4.2.1.bb:do_cve_check)
NOTE: recipe mpfr-native-4.2.1-r0: task do_cve_check: Started
NOTE: recipe mpfr-native-4.2.1-r0: task do_cve_check: Succeeded
NOTE: Running task 2858 of 4895 (virtual:native:/home/andrew/poky/meta/recipes-support/mpfr/mpfr_4.2.1.bb:do_rm_work)
NOTE: recipe mpfr-native-4.2.1-r0: task do_rm_work: Started
NOTE: recipe mpfr-native-4.2.1-r0: task do_rm_work: Succeeded
NOTE: Running task 2859 of 4895 (virtual:native:/home/andrew/poky/meta/recipes-devtools/git/git_2.44.4.bb:do_cve_check)
NOTE: recipe git-native-2.44.4-r0: task do_cve_check: Started
NOTE: recipe git-native-2.44.4-r0: task do_cve_check: Succeeded
NOTE: Running task 2860 of 4895 (virtual:native:/home/andrew/poky/meta/recipes-devtools/git/git_2.44.4.bb:do_rm_work)
NOTE: recipe git-native-2.44.4-r0: task do_rm_work: Started
NOTE: recipe git-native-2.44.4-r0: task do_rm_work: Succeeded
NOTE: Running task 2861 of 4895 (virtual:native:/home/andrew/poky/meta/recipes-devtools/file/file_5.45.bb:do_cve_check)
NOTE: recipe file-native-5.45-r0: task do_cve_check: Started
NOTE: recipe file-native-5.45-r0: task do_cve_check: Succeeded
NOTE: Running task 2862 of 4895 (virtual:native:/home/andrew/poky/meta/recipes-devtools/file/file_5.45.bb:do_rm_work)
NOTE: recipe file-native-5.45-r0: task do_rm_work: Started
NOTE: recipe file-native-5.45-r0: task do_rm_work: Succeeded
NOTE: Running task 2863 of 4895 (virtual:native:/home/andrew/poky/meta/recipes-devtools/lua/lua_5.4.6.bb:do_cve_check)
NOTE: recipe lua-native-5.4.6-r0: task do_cve_check: Started
NOTE: recipe lua-native-5.4.6-r0: task do_cve_check: Succeeded
NOTE: Running task 2864 of 4895 (virtual:native:/home/andrew/poky/meta/recipes-devtools/lua/lua_5.4.6.bb:do_rm_work)
NOTE: recipe lua-native-5.4.6-r0: task do_rm_work: Started
NOTE: recipe lua-native-5.4.6-r0: task do_rm_work: Succeeded
NOTE: Running task 2865 of 4895 (/home/andrew/poky/meta/recipes-devtools/cmake/cmake-native_3.28.3.bb:do_cve_check)
NOTE: recipe cmake-native-3.28.3-r0: task do_cve_check: Started
NOTE: recipe cmake-native-3.28.3-r0: task do_cve_check: Succeeded
NOTE: Running task 2866 of 4895 (/home/andrew/poky/meta/recipes-devtools/cmake/cmake-native_3.28.3.bb:do_rm_work)
NOTE: recipe cmake-native-3.28.3-r0: task do_rm_work: Started
NOTE: recipe cmake-native-3.28.3-r0: task do_rm_work: Succeeded
NOTE: Running task 2867 of 4895 (virtual:native:/home/andrew/poky/meta/recipes-support/popt/popt_1.19.bb:do_cve_check)
NOTE: recipe popt-native-1.19-r0: task do_cve_check: Started
NOTE: recipe popt-native-1.19-r0: task do_cve_check: Succeeded
NOTE: Running task 2868 of 4895 (virtual:native:/home/andrew/poky/meta/recipes-support/popt/popt_1.19.bb:do_rm_work)
NOTE: recipe popt-native-1.19-r0: task do_rm_work: Started
NOTE: recipe popt-native-1.19-r0: task do_rm_work: Succeeded
NOTE: Running task 2869 of 4895 (virtual:native:/home/andrew/poky/meta/recipes-support/libgcrypt/libgcrypt_1.10.3.bb:do_cve_check)
NOTE: recipe libgcrypt-native-1.10.3-r0: task do_cve_check: Started
NOTE: recipe libgcrypt-native-1.10.3-r0: task do_cve_check: Succeeded
NOTE: Running task 2870 of 4895 (virtual:native:/home/andrew/poky/meta/recipes-support/libgcrypt/libgcrypt_1.10.3.bb:do_rm_work)
NOTE: recipe libgcrypt-native-1.10.3-r0: task do_rm_work: Started
NOTE: recipe libgcrypt-native-1.10.3-r0: task do_rm_work: Succeeded
NOTE: Running task 2871 of 4895 (virtual:native:/home/andrew/poky/meta/recipes-devtools/python/python3-pyproject-hooks_1.0.0.bb:do_cve_check)
NOTE: recipe python3-pyproject-hooks-native-1.0.0-r0: task do_cve_check: Started
NOTE: recipe python3-pyproject-hooks-native-1.0.0-r0: task do_cve_check: Succeeded
NOTE: Running task 2872 of 4895 (virtual:native:/home/andrew/poky/meta/recipes-devtools/python/python3-pyproject-hooks_1.0.0.bb:do_rm_work)
NOTE: recipe python3-pyproject-hooks-native-1.0.0-r0: task do_rm_work: Started
NOTE: recipe python3-pyproject-hooks-native-1.0.0-r0: task do_rm_work: Succeeded
NOTE: Running task 2873 of 4895 (virtual:native:/home/andrew/poky/meta/recipes-devtools/python/python3-pyparsing_3.1.1.bb:do_cve_check)
NOTE: recipe python3-pyparsing-native-3.1.1-r0: task do_cve_check: Started
NOTE: recipe python3-pyparsing-native-3.1.1-r0: task do_cve_check: Succeeded
NOTE: Running task 2874 of 4895 (virtual:native:/home/andrew/poky/meta/recipes-devtools/python/python3-pip_24.0.bb:do_cve_check)
NOTE: recipe python3-pip-native-24.0-r0: task do_cve_check: Started
NOTE: recipe python3-pip-native-24.0-r0: task do_cve_check: Succeeded
NOTE: Running task 2875 of 4895 (virtual:native:/home/andrew/poky/meta/recipes-devtools/python/python3-typing-extensions_4.10.0.bb:do_cve_check)
NOTE: recipe python3-typing-extensions-native-4.10.0-r0: task do_cve_check: Started
NOTE: recipe python3-typing-extensions-native-4.10.0-r0: task do_cve_check: Succeeded
NOTE: Running task 2876 of 4895 (virtual:native:/home/andrew/poky/meta/recipes-devtools/python/python3-packaging_23.2.bb:do_cve_check)
NOTE: recipe python3-packaging-native-23.2-r0: task do_cve_check: Started
NOTE: recipe python3-packaging-native-23.2-r0: task do_cve_check: Succeeded
NOTE: Running task 2877 of 4895 (virtual:native:/home/andrew/poky/meta/recipes-devtools/python/python3-packaging_23.2.bb:do_rm_work)
NOTE: recipe python3-packaging-native-23.2-r0: task do_rm_work: Started
NOTE: recipe python3-packaging-native-23.2-r0: task do_rm_work: Succeeded
NOTE: Running task 2878 of 4895 (virtual:native:/home/andrew/poky/meta/recipes-devtools/python/python3-tomli_2.0.1.bb:do_cve_check)
NOTE: recipe python3-tomli-native-2.0.1-r0: task do_cve_check: Started
NOTE: recipe python3-tomli-native-2.0.1-r0: task do_cve_check: Succeeded
NOTE: Running task 2879 of 4895 (/home/andrew/poky/meta/recipes-core/update-rc.d/update-rc.d_0.8.bb:do_cve_check)
NOTE: recipe update-rc.d-0.8+git-r0: task do_cve_check: Started
NOTE: recipe update-rc.d-0.8+git-r0: task do_cve_check: Succeeded
NOTE: Running task 2880 of 4895 (/home/andrew/poky/meta/recipes-core/initscripts/initscripts_1.0.bb:do_cve_check)
NOTE: recipe initscripts-1.0-r0: task do_cve_check: Started
NOTE: recipe initscripts-1.0-r0: task do_cve_check: Succeeded
NOTE: Running task 2881 of 4895 (/home/andrew/poky/meta/recipes-core/systemd/systemd-conf_1.0.bb:do_cve_check)
NOTE: recipe systemd-conf-1_1.0-r0: task do_cve_check: Started
NOTE: recipe systemd-conf-1_1.0-r0: task do_cve_check: Succeeded
NOTE: Running task 2882 of 4895 (/home/andrew/poky/meta/recipes-core/systemd/systemd-serialgetty.bb:do_cve_check)
NOTE: recipe systemd-serialgetty-1.0-r0: task do_cve_check: Started
NOTE: recipe systemd-serialgetty-1.0-r0: task do_cve_check: Succeeded
NOTE: Running task 2883 of 4895 (/home/andrew/poky/meta/recipes-devtools/e2fsprogs/e2fsprogs_1.47.0.bb:do_cve_check)
NOTE: recipe e2fsprogs-1.47.0-r0: task do_cve_check: Started
NOTE: recipe e2fsprogs-1.47.0-r0: task do_cve_check: Succeeded
NOTE: Running task 2884 of 4895 (/home/andrew/poky/meta/recipes-core/volatile-binds/volatile-binds.bb:do_cve_check)
NOTE: recipe volatile-binds-1.0-r0: task do_cve_check: Started
NOTE: recipe volatile-binds-1.0-r0: task do_cve_check: Succeeded
NOTE: Running task 2885 of 4895 (/home/andrew/poky/meta/recipes-core/kbd/kbd_2.6.4.bb:do_cve_check)
NOTE: recipe kbd-2.6.4-r0: task do_cve_check: Started
NOTE: recipe kbd-2.6.4-r0: task do_cve_check: Succeeded
NOTE: Running task 2886 of 4895 (/home/andrew/poky/meta/recipes-extended/tar/tar_1.35.bb:do_cve_check)
NOTE: recipe tar-1.35-r0: task do_cve_check: Started
WARNING: tar-1.35-r0 do_cve_check: Found unpatched CVE (CVE-2026-5704), for more information check /home/andrew/build-rock5a/tmp-glibc/work/cortexa76-cortexa55-oe-linux/tar/1.35/temp/cve.log
NOTE: recipe tar-1.35-r0: task do_cve_check: Succeeded
NOTE: Running task 2887 of 4895 (/home/andrew/poky/meta/recipes-core/systemd/systemd-compat-units.bb:do_cve_check)
NOTE: recipe systemd-compat-units-1.0-r0: task do_cve_check: Started
NOTE: recipe systemd-compat-units-1.0-r0: task do_cve_check: Succeeded
NOTE: Running task 2888 of 4895 (/home/andrew/poky/meta/recipes-core/os-release/os-release.bb:do_cve_check)
NOTE: recipe os-release-1.0-r0: task do_cve_check: Started
NOTE: recipe os-release-1.0-r0: task do_cve_check: Succeeded
NOTE: Running task 2889 of 4895 (/home/andrew/poky/meta/recipes-devtools/python/python3-packaging_23.2.bb:do_cve_check)
NOTE: recipe python3-packaging-23.2-r0: task do_cve_check: Started
NOTE: recipe python3-packaging-23.2-r0: task do_cve_check: Succeeded
NOTE: Running task 2890 of 4895 (/home/andrew/poky/meta/recipes-support/shared-mime-info/shared-mime-info_2.4.bb:do_cve_check)
NOTE: recipe shared-mime-info-2.4-r0: task do_cve_check: Started
NOTE: recipe shared-mime-info-2.4-r0: task do_cve_check: Succeeded
NOTE: Running task 2891 of 4895 (/home/andrew/poky/meta/recipes-core/coreutils/coreutils_9.4.bb:do_cve_check)
NOTE: recipe coreutils-9.4-r0: task do_cve_check: Started
NOTE: recipe coreutils-9.4-r0: task do_cve_check: Succeeded
NOTE: Running task 2892 of 4895 (/home/andrew/poky/meta/recipes-extended/shadow/shadow-securetty_4.6.bb:do_cve_check)
NOTE: recipe shadow-securetty-4.6-r0: task do_cve_check: Started
NOTE: recipe shadow-securetty-4.6-r0: task do_cve_check: Succeeded
NOTE: Running task 2893 of 4895 (virtual:native:/home/andrew/poky/meta/recipes-devtools/gnu-config/gnu-config_git.bb:do_cve_check)
NOTE: recipe gnu-config-native-20240101+git-r0: task do_cve_check: Started
NOTE: recipe gnu-config-native-20240101+git-r0: task do_cve_check: Succeeded
NOTE: Running task 2894 of 4895 (virtual:native:/home/andrew/poky/meta/recipes-devtools/gnu-config/gnu-config_git.bb:do_rm_work)
NOTE: recipe gnu-config-native-20240101+git-r0: task do_rm_work: Started
NOTE: recipe gnu-config-native-20240101+git-r0: task do_rm_work: Succeeded
NOTE: Running task 2895 of 4895 (/home/andrew/meta-selinux/recipes-security/selinux/selinux-python_3.7.bb:do_cve_check)
NOTE: recipe selinux-python-3.7-r0: task do_cve_check: Started
NOTE: recipe selinux-python-3.7-r0: task do_cve_check: Succeeded
NOTE: Running task 2896 of 4895 (/home/andrew/poky/meta/recipes-extended/findutils/findutils_4.9.0.bb:do_cve_check)
NOTE: recipe findutils-4.9.0-r0: task do_cve_check: Started
NOTE: recipe findutils-4.9.0-r0: task do_cve_check: Succeeded
NOTE: Running task 2897 of 4895 (/home/andrew/poky/meta/recipes-extended/grep/grep_3.11.bb:do_cve_check)
NOTE: recipe grep-3.11-r0: task do_cve_check: Started
NOTE: recipe grep-3.11-r0: task do_cve_check: Succeeded
NOTE: Running task 2898 of 4895 (/home/andrew/meta-rauc/recipes-core/rauc/rauc-conf.bb:do_cve_check)
WARNING: Recipe inherits features_check but doesn't use it
NOTE: recipe rauc-conf-1.0-r0: task do_cve_check: Started
NOTE: recipe rauc-conf-1.0-r0: task do_cve_check: Succeeded
NOTE: Running task 2899 of 4895 (/home/andrew/poky/meta/recipes-bsp/u-boot/libubootenv_0.3.5.bb:do_cve_check)
NOTE: recipe libubootenv-0.3.5-r0: task do_cve_check: Started
NOTE: recipe libubootenv-0.3.5-r0: task do_cve_check: Succeeded
NOTE: Running task 2900 of 4895 (/home/andrew/poky/meta/recipes-devtools/squashfs-tools/squashfs-tools_git.bb:do_cve_check)
NOTE: recipe squashfs-tools-4.6.1-r0: task do_cve_check: Started
NOTE: recipe squashfs-tools-4.6.1-r0: task do_cve_check: Succeeded
NOTE: Running task 2901 of 4895 (/home/andrew/poky/meta/recipes-devtools/perl/perl_5.38.4.bb:do_cve_check)
NOTE: recipe perl-5.38.4-r0: task do_cve_check: Started
WARNING: perl-5.38.4-r0 do_cve_check: Found unpatched CVE (CVE-2026-4176), for more information check /home/andrew/build-rock5a/tmp-glibc/work/cortexa76-cortexa55-oe-linux/perl/5.38.4/temp/cve.log
NOTE: recipe perl-5.38.4-r0: task do_cve_check: Succeeded
NOTE: Running task 2902 of 4895 (/home/andrew/poky/meta/recipes-kernel/kmod/kmod_31.bb:do_cve_check)
NOTE: recipe kmod-31-r0: task do_cve_check: Started
NOTE: recipe kmod-31-r0: task do_cve_check: Succeeded
NOTE: Running task 2903 of 4895 (/home/andrew/poky/meta/recipes-kernel/kmod/kmod_31.bb:do_rm_work)
NOTE: recipe kmod-31-r0: task do_rm_work: Started
NOTE: recipe kmod-31-r0: task do_rm_work: Succeeded
NOTE: Running task 2904 of 4895 (/home/andrew/poky/meta/recipes-core/busybox/busybox_1.36.1.bb:do_cve_check)
NOTE: recipe busybox-1.36.1-r0: task do_cve_check: Started
NOTE: recipe busybox-1.36.1-r0: task do_cve_check: Succeeded
NOTE: Running task 2905 of 4895 (/home/andrew/poky/meta/recipes-core/netbase/netbase_6.4.bb:do_cve_check)
NOTE: recipe netbase-1_6.4-r0: task do_cve_check: Started
NOTE: recipe netbase-1_6.4-r0: task do_cve_check: Succeeded
NOTE: Running task 2906 of 4895 (virtual:native:/home/andrew/poky/meta/recipes-devtools/python/python3-cython_3.0.8.bb:do_cve_check)
NOTE: recipe python3-cython-native-3.0.8-r0: task do_cve_check: Started
NOTE: recipe python3-cython-native-3.0.8-r0: task do_cve_check: Succeeded
NOTE: Running task 2907 of 4895 (virtual:native:/home/andrew/poky/meta/recipes-devtools/python/python3-flit-core_3.9.0.bb:do_cve_check)
NOTE: recipe python3-flit-core-native-3.9.0-r0: task do_cve_check: Started
NOTE: recipe python3-flit-core-native-3.9.0-r0: task do_cve_check: Succeeded
NOTE: Running task 2908 of 4895 (virtual:native:/home/andrew/poky/meta/recipes-devtools/python/python3-flit-core_3.9.0.bb:do_rm_work)
NOTE: recipe python3-flit-core-native-3.9.0-r0: task do_rm_work: Started
NOTE: recipe python3-flit-core-native-3.9.0-r0: task do_rm_work: Succeeded
NOTE: Running task 2909 of 4895 (virtual:native:/home/andrew/poky/meta/recipes-devtools/python/python3-wheel_0.42.0.bb:do_cve_check)
NOTE: recipe python3-wheel-native-0.42.0-r0: task do_cve_check: Started
NOTE: recipe python3-wheel-native-0.42.0-r0: task do_cve_check: Succeeded
NOTE: Running task 2910 of 4895 (virtual:native:/home/andrew/poky/meta/recipes-devtools/python/python3-wheel_0.42.0.bb:do_rm_work)
NOTE: recipe python3-wheel-native-0.42.0-r0: task do_rm_work: Started
NOTE: recipe python3-wheel-native-0.42.0-r0: task do_rm_work: Succeeded
NOTE: Running task 2911 of 4895 (virtual:native:/home/andrew/poky/meta/recipes-devtools/python/python3-build_1.1.1.bb:do_cve_check)
NOTE: recipe python3-build-native-1.1.1-r0: task do_cve_check: Started
NOTE: recipe python3-build-native-1.1.1-r0: task do_cve_check: Succeeded
NOTE: Running task 2912 of 4895 (virtual:native:/home/andrew/poky/meta/recipes-devtools/python/python3-build_1.1.1.bb:do_rm_work)
NOTE: recipe python3-build-native-1.1.1-r0: task do_rm_work: Started
NOTE: recipe python3-build-native-1.1.1-r0: task do_rm_work: Succeeded
NOTE: Running task 2913 of 4895 (virtual:native:/home/andrew/poky/meta/recipes-devtools/python/python3-installer_0.7.0.bb:do_cve_check)
NOTE: recipe python3-installer-native-0.7.0-r0: task do_cve_check: Started
NOTE: recipe python3-installer-native-0.7.0-r0: task do_cve_check: Succeeded
NOTE: Running task 2914 of 4895 (virtual:native:/home/andrew/poky/meta/recipes-devtools/python/python3-installer_0.7.0.bb:do_rm_work)
NOTE: recipe python3-installer-native-0.7.0-r0: task do_rm_work: Started
NOTE: recipe python3-installer-native-0.7.0-r0: task do_rm_work: Succeeded
NOTE: Running task 2915 of 4895 (/home/andrew/poky/meta/recipes-kernel/linux-libc-headers/linux-libc-headers_6.6.bb:do_cve_check)
NOTE: recipe linux-libc-headers-6.6-r0: task do_cve_check: Started
NOTE: recipe linux-libc-headers-6.6-r0: task do_cve_check: Succeeded
NOTE: Running task 2916 of 4895 (/home/andrew/poky/meta/recipes-kernel/linux-libc-headers/linux-libc-headers_6.6.bb:do_rm_work)
NOTE: recipe linux-libc-headers-6.6-r0: task do_rm_work: Started
NOTE: recipe linux-libc-headers-6.6-r0: task do_rm_work: Succeeded
NOTE: Running task 2917 of 4895 (virtual:native:/home/andrew/poky/meta/recipes-devtools/python/python3-setuptools_69.1.1.bb:do_cve_check)
NOTE: recipe python3-setuptools-native-69.1.1-r0: task do_cve_check: Started
NOTE: recipe python3-setuptools-native-69.1.1-r0: task do_cve_check: Succeeded
NOTE: Running task 2918 of 4895 (virtual:native:/home/andrew/poky/meta/recipes-devtools/python/python3-setuptools_69.1.1.bb:do_rm_work)
NOTE: recipe python3-setuptools-native-69.1.1-r0: task do_rm_work: Started
NOTE: recipe python3-setuptools-native-69.1.1-r0: task do_rm_work: Succeeded
NOTE: Running task 2919 of 4895 (/home/andrew/poky/meta/recipes-extended/tcp-wrappers/tcp-wrappers_7.6.bb:do_cve_check)
NOTE: recipe tcp-wrappers-7.6-r0: task do_cve_check: Started
NOTE: recipe tcp-wrappers-7.6-r0: task do_cve_check: Succeeded
NOTE: Running task 2920 of 4895 (/home/andrew/poky/meta/recipes-extended/tcp-wrappers/tcp-wrappers_7.6.bb:do_rm_work)
NOTE: recipe tcp-wrappers-7.6-r0: task do_rm_work: Started
NOTE: recipe tcp-wrappers-7.6-r0: task do_rm_work: Succeeded
NOTE: Running task 2921 of 4895 (virtual:native:/home/andrew/poky/meta/recipes-core/coreutils/coreutils_9.4.bb:do_cve_check)
NOTE: recipe coreutils-native-9.4-r0: task do_cve_check: Started
NOTE: recipe coreutils-native-9.4-r0: task do_cve_check: Succeeded
NOTE: Running task 2922 of 4895 (virtual:native:/home/andrew/poky/meta/recipes-core/coreutils/coreutils_9.4.bb:do_rm_work)
NOTE: recipe coreutils-native-9.4-r0: task do_rm_work: Started
NOTE: recipe coreutils-native-9.4-r0: task do_rm_work: Succeeded
NOTE: Running task 2923 of 4895 (virtual:native:/home/andrew/poky/meta/recipes-extended/bzip2/bzip2_1.0.8.bb:do_cve_check)
NOTE: recipe bzip2-native-1.0.8-r0: task do_cve_check: Started
NOTE: recipe bzip2-native-1.0.8-r0: task do_cve_check: Succeeded
NOTE: Running task 2924 of 4895 (virtual:native:/home/andrew/poky/meta/recipes-extended/bzip2/bzip2_1.0.8.bb:do_rm_work)
NOTE: recipe bzip2-native-1.0.8-r0: task do_rm_work: Started
NOTE: recipe bzip2-native-1.0.8-r0: task do_rm_work: Succeeded
NOTE: Running task 2925 of 4895 (virtual:native:/home/andrew/meta-selinux/recipes-security/selinux/semodule-utils_3.7.bb:do_cve_check)
NOTE: recipe semodule-utils-native-3.7-r0: task do_cve_check: Started
NOTE: recipe semodule-utils-native-3.7-r0: task do_cve_check: Succeeded
NOTE: Running task 2926 of 4895 (virtual:native:/home/andrew/meta-selinux/recipes-security/selinux/checkpolicy_3.7.bb:do_cve_check)
NOTE: recipe checkpolicy-native-3.7-r0: task do_cve_check: Started
NOTE: recipe checkpolicy-native-3.7-r0: task do_cve_check: Succeeded
NOTE: Running task 2927 of 4895 (/home/andrew/poky/meta/recipes-devtools/m4/m4-native_1.4.19.bb:do_cve_check)
NOTE: recipe m4-native-1.4.19-r0: task do_cve_check: Started
NOTE: recipe m4-native-1.4.19-r0: task do_cve_check: Succeeded
NOTE: Running task 2928 of 4895 (/home/andrew/poky/meta/recipes-devtools/m4/m4-native_1.4.19.bb:do_rm_work)
NOTE: recipe m4-native-1.4.19-r0: task do_rm_work: Started
NOTE: recipe m4-native-1.4.19-r0: task do_rm_work: Succeeded
NOTE: Running task 2929 of 4895 (/home/andrew/meta-selinux/recipes-security/selinux/libsemanage_3.7.bb:do_cve_check)
NOTE: recipe libsemanage-3.7-r0: task do_cve_check: Started
NOTE: recipe libsemanage-3.7-r0: task do_cve_check: Succeeded
NOTE: Running task 2930 of 4895 (/home/andrew/meta-selinux/recipes-security/selinux/libsemanage_3.7.bb:do_rm_work)
NOTE: recipe libsemanage-3.7-r0: task do_rm_work: Started
NOTE: recipe libsemanage-3.7-r0: task do_rm_work: Succeeded
NOTE: Running task 2931 of 4895 (/home/andrew/poky/meta/recipes-devtools/python/python3_3.12.12.bb:do_cve_check)
NOTE: recipe python3-3.12.12-r0: task do_cve_check: Started
WARNING: python3-3.12.12-r0 do_cve_check: Found unpatched CVE (CVE-2025-12781 CVE-2026-4519), for more information check /home/andrew/build-rock5a/tmp-glibc/work/cortexa76-cortexa55-oe-linux/python3/3.12.12/temp/cve.log
NOTE: recipe python3-3.12.12-r0: task do_cve_check: Succeeded
NOTE: Running task 2932 of 4895 (virtual:native:/home/andrew/poky/meta/recipes-devtools/swig/swig_4.2.1.bb:do_cve_check)
NOTE: recipe swig-native-4.2.1-r0: task do_cve_check: Started
NOTE: recipe swig-native-4.2.1-r0: task do_cve_check: Succeeded
NOTE: Running task 2933 of 4895 (virtual:native:/home/andrew/poky/meta/recipes-devtools/swig/swig_4.2.1.bb:do_rm_work)
NOTE: recipe swig-native-4.2.1-r0: task do_rm_work: Started
NOTE: recipe swig-native-4.2.1-r0: task do_rm_work: Succeeded
NOTE: Running task 2934 of 4895 (virtual:native:/home/andrew/poky/meta/recipes-devtools/python/python3-setuptools-scm_8.0.4.bb:do_cve_check)
NOTE: recipe python3-setuptools-scm-native-8.0.4-r0: task do_cve_check: Started
NOTE: recipe python3-setuptools-scm-native-8.0.4-r0: task do_cve_check: Succeeded
NOTE: Running task 2935 of 4895 (/home/andrew/poky/meta/recipes-support/libpcre/libpcre2_10.43.bb:do_cve_check)
NOTE: recipe libpcre2-10.43-r0: task do_cve_check: Started
NOTE: recipe libpcre2-10.43-r0: task do_cve_check: Succeeded
NOTE: Running task 2936 of 4895 (/home/andrew/poky/meta/recipes-support/libpcre/libpcre2_10.43.bb:do_rm_work)
NOTE: recipe libpcre2-10.43-r0: task do_rm_work: Started
NOTE: recipe libpcre2-10.43-r0: task do_rm_work: Succeeded
NOTE: Running task 2937 of 4895 (/home/andrew/meta-selinux/recipes-security/selinux/libsepol_3.7.bb:do_cve_check)
NOTE: recipe libsepol-3.7-r0: task do_cve_check: Started
NOTE: recipe libsepol-3.7-r0: task do_cve_check: Succeeded
NOTE: Running task 2938 of 4895 (/home/andrew/meta-selinux/recipes-security/selinux/libsepol_3.7.bb:do_rm_work)
NOTE: recipe libsepol-3.7-r0: task do_rm_work: Started
NOTE: recipe libsepol-3.7-r0: task do_rm_work: Succeeded
NOTE: Running task 2939 of 4895 (/home/andrew/poky/meta/recipes-support/libcap-ng/libcap-ng_0.8.5.bb:do_cve_check)
NOTE: recipe libcap-ng-0.8.5-r0: task do_cve_check: Started
NOTE: recipe libcap-ng-0.8.5-r0: task do_cve_check: Succeeded
NOTE: Running task 2940 of 4895 (/home/andrew/poky/meta/recipes-support/libcap-ng/libcap-ng_0.8.5.bb:do_rm_work)
NOTE: recipe libcap-ng-0.8.5-r0: task do_rm_work: Started
NOTE: recipe libcap-ng-0.8.5-r0: task do_rm_work: Succeeded
NOTE: Running task 2941 of 4895 (virtual:native:/home/andrew/poky/meta/recipes-gnome/gtk-doc/gtk-doc_1.33.2.bb:do_cve_check)
NOTE: recipe gtk-doc-native-1.33.2-r0: task do_cve_check: Started
NOTE: recipe gtk-doc-native-1.33.2-r0: task do_cve_check: Succeeded
NOTE: Running task 2942 of 4895 (virtual:native:/home/andrew/poky/meta/recipes-gnome/gtk-doc/gtk-doc_1.33.2.bb:do_rm_work)
NOTE: recipe gtk-doc-native-1.33.2-r0: task do_rm_work: Started
NOTE: recipe gtk-doc-native-1.33.2-r0: task do_rm_work: Succeeded
NOTE: Running task 2943 of 4895 (/home/andrew/poky/meta/recipes-core/util-linux/util-linux-libuuid_2.39.3.bb:do_cve_check)
NOTE: recipe util-linux-libuuid-2.39.3-r0: task do_cve_check: Started
NOTE: recipe util-linux-libuuid-2.39.3-r0: task do_cve_check: Succeeded
NOTE: Running task 2944 of 4895 (/home/andrew/poky/meta/recipes-core/util-linux/util-linux-libuuid_2.39.3.bb:do_rm_work)
NOTE: recipe util-linux-libuuid-2.39.3-r0: task do_rm_work: Started
NOTE: recipe util-linux-libuuid-2.39.3-r0: task do_rm_work: Succeeded
NOTE: Running task 2945 of 4895 (/home/andrew/poky/meta/recipes-core/systemd/systemd_255.21.bb:do_cve_check)
NOTE: recipe systemd-1_255.21-r0: task do_cve_check: Started
WARNING: systemd-1_255.21-r0 do_cve_check: Found unpatched CVE (CVE-2026-29111 CVE-2026-40226), for more information check /home/andrew/build-rock5a/tmp-glibc/work/cortexa76-cortexa55-oe-linux/systemd/255.21/temp/cve.log
NOTE: recipe systemd-1_255.21-r0: task do_cve_check: Succeeded
NOTE: Running task 2946 of 4895 (/home/andrew/meta-openembedded/meta-oe/recipes-support/onig/onig_6.9.9.bb:do_cve_check)
NOTE: recipe onig-6.9.9-r0: task do_cve_check: Started
NOTE: recipe onig-6.9.9-r0: task do_cve_check: Succeeded
NOTE: Running task 2947 of 4895 (/home/andrew/poky/meta/recipes-support/nghttp2/nghttp2_1.61.0.bb:do_cve_check)
NOTE: recipe nghttp2-1.61.0-r0: task do_cve_check: Started
WARNING: nghttp2-1.61.0-r0 do_cve_check: Found unpatched CVE (CVE-2026-27135), for more information check /home/andrew/build-rock5a/tmp-glibc/work/cortexa76-cortexa55-oe-linux/nghttp2/1.61.0/temp/cve.log
NOTE: recipe nghttp2-1.61.0-r0: task do_cve_check: Succeeded
NOTE: Running task 2948 of 4895 (/home/andrew/poky/meta/recipes-support/nghttp2/nghttp2_1.61.0.bb:do_rm_work)
NOTE: recipe nghttp2-1.61.0-r0: task do_rm_work: Started
NOTE: recipe nghttp2-1.61.0-r0: task do_rm_work: Succeeded
NOTE: Running task 2949 of 4895 (/home/andrew/poky/meta/recipes-extended/libidn/libidn2_2.3.7.bb:do_cve_check)
NOTE: recipe libidn2-2.3.7-r0: task do_cve_check: Started
NOTE: recipe libidn2-2.3.7-r0: task do_cve_check: Succeeded
NOTE: Running task 2950 of 4895 (/home/andrew/poky/meta/recipes-extended/libidn/libidn2_2.3.7.bb:do_rm_work)
NOTE: recipe libidn2-2.3.7-r0: task do_rm_work: Started
NOTE: recipe libidn2-2.3.7-r0: task do_rm_work: Succeeded
NOTE: Running task 2951 of 4895 (/home/andrew/poky/meta/recipes-core/ncurses/ncurses_6.4.bb:do_cve_check)
NOTE: recipe ncurses-6.4-r0: task do_cve_check: Started
WARNING: ncurses-6.4-r0 do_cve_check: Found unpatched CVE (CVE-2025-69720), for more information check /home/andrew/build-rock5a/tmp-glibc/work/cortexa76-cortexa55-oe-linux/ncurses/6.4/temp/cve.log
NOTE: recipe ncurses-6.4-r0: task do_cve_check: Succeeded
NOTE: Running task 2952 of 4895 (/home/andrew/poky/meta/recipes-core/ncurses/ncurses_6.4.bb:do_rm_work)
NOTE: recipe ncurses-6.4-r0: task do_rm_work: Started
NOTE: recipe ncurses-6.4-r0: task do_rm_work: Succeeded
NOTE: Running task 2953 of 4895 (virtual:native:/home/andrew/poky/meta/recipes-devtools/ninja/ninja_1.11.1.bb:do_cve_check)
NOTE: recipe ninja-native-1.11.1-r0: task do_cve_check: Started
NOTE: recipe ninja-native-1.11.1-r0: task do_cve_check: Succeeded
NOTE: Running task 2954 of 4895 (virtual:native:/home/andrew/poky/meta/recipes-devtools/ninja/ninja_1.11.1.bb:do_rm_work)
NOTE: recipe ninja-native-1.11.1-r0: task do_rm_work: Started
NOTE: recipe ninja-native-1.11.1-r0: task do_rm_work: Succeeded
NOTE: Running task 2955 of 4895 (virtual:native:/home/andrew/poky/meta/recipes-core/glib-2.0/glib-2.0_2.78.6.bb:do_cve_check)
NOTE: recipe glib-2.0-native-1_2.78.6-r0: task do_cve_check: Started
NOTE: recipe glib-2.0-native-1_2.78.6-r0: task do_cve_check: Succeeded
NOTE: Running task 2956 of 4895 (virtual:native:/home/andrew/poky/meta/recipes-core/glib-2.0/glib-2.0_2.78.6.bb:do_rm_work)
NOTE: recipe glib-2.0-native-1_2.78.6-r0: task do_rm_work: Started
NOTE: recipe glib-2.0-native-1_2.78.6-r0: task do_rm_work: Succeeded
NOTE: Running task 2957 of 4895 (/home/andrew/poky/meta/recipes-gnome/json-glib/json-glib_1.8.0.bb:do_cve_check)
NOTE: recipe json-glib-1.8.0-r0: task do_cve_check: Started
NOTE: recipe json-glib-1.8.0-r0: task do_cve_check: Succeeded
NOTE: Running task 2958 of 4895 (/home/andrew/poky/meta/recipes-core/glib-2.0/glib-2.0_2.78.6.bb:do_cve_check)
NOTE: recipe glib-2.0-1_2.78.6-r0: task do_cve_check: Started
NOTE: recipe glib-2.0-1_2.78.6-r0: task do_cve_check: Succeeded
NOTE: Running task 2959 of 4895 (/home/andrew/poky/meta/recipes-support/libnl/libnl_3.9.0.bb:do_cve_check)
NOTE: recipe libnl-1_3.9.0-r0: task do_cve_check: Started
NOTE: recipe libnl-1_3.9.0-r0: task do_cve_check: Succeeded
NOTE: Running task 2960 of 4895 (/home/andrew/poky/meta/recipes-core/dbus/dbus_1.14.10.bb:do_cve_check)
NOTE: recipe dbus-1.14.10-r0: task do_cve_check: Started
NOTE: recipe dbus-1.14.10-r0: task do_cve_check: Succeeded
NOTE: Running task 2961 of 4895 (virtual:native:/home/andrew/poky/meta/recipes-devtools/meson/meson_1.3.1.bb:do_cve_check)
NOTE: recipe meson-native-1.3.1-r0: task do_cve_check: Started
NOTE: recipe meson-native-1.3.1-r0: task do_cve_check: Succeeded
NOTE: Running task 2962 of 4895 (virtual:native:/home/andrew/poky/meta/recipes-devtools/meson/meson_1.3.1.bb:do_rm_work)
NOTE: recipe meson-native-1.3.1-r0: task do_rm_work: Started
NOTE: recipe meson-native-1.3.1-r0: task do_rm_work: Succeeded
NOTE: Running task 2963 of 4895 (/home/andrew/poky/meta/recipes-support/bash-completion/bash-completion_2.12.0.bb:do_cve_check)
NOTE: recipe bash-completion-2.12.0-r0: task do_cve_check: Started
NOTE: recipe bash-completion-2.12.0-r0: task do_cve_check: Succeeded
NOTE: Running task 2964 of 4895 (/home/andrew/poky/meta/recipes-devtools/elfutils/elfutils_0.191.bb:do_cve_check)
NOTE: recipe elfutils-0.191-r0: task do_cve_check: Started
NOTE: recipe elfutils-0.191-r0: task do_cve_check: Succeeded
NOTE: Running task 2965 of 4895 (/home/andrew/poky/meta/recipes-extended/libmnl/libmnl_1.0.5.bb:do_cve_check)
NOTE: recipe libmnl-1.0.5-r0: task do_cve_check: Started
NOTE: recipe libmnl-1.0.5-r0: task do_cve_check: Succeeded
NOTE: Running task 2966 of 4895 (/home/andrew/poky/meta/recipes-support/libcap/libcap_2.69.bb:do_cve_check)
NOTE: recipe libcap-2.69-r0: task do_cve_check: Started
NOTE: recipe libcap-2.69-r0: task do_cve_check: Succeeded
NOTE: Running task 2967 of 4895 (/home/andrew/poky/meta/recipes-support/libcap/libcap_2.69.bb:do_rm_work)
NOTE: recipe libcap-2.69-r0: task do_rm_work: Started
NOTE: recipe libcap-2.69-r0: task do_rm_work: Succeeded
NOTE: Running task 2968 of 4895 (virtual:native:/home/andrew/poky/meta/recipes-devtools/flex/flex_2.6.4.bb:do_cve_check)
NOTE: recipe flex-native-2.6.4-r0: task do_cve_check: Started
NOTE: recipe flex-native-2.6.4-r0: task do_cve_check: Succeeded
NOTE: Running task 2969 of 4895 (virtual:native:/home/andrew/poky/meta/recipes-devtools/flex/flex_2.6.4.bb:do_rm_work)
NOTE: recipe flex-native-2.6.4-r0: task do_rm_work: Started
NOTE: recipe flex-native-2.6.4-r0: task do_rm_work: Succeeded
NOTE: Running task 2970 of 4895 (/home/andrew/meta-openembedded/meta-oe/recipes-support/pps-tools/pps-tools_1.0.3.bb:do_cve_check)
NOTE: recipe pps-tools-1.0.3-r0: task do_cve_check: Started
NOTE: recipe pps-tools-1.0.3-r0: task do_cve_check: Succeeded
NOTE: Running task 2971 of 4895 (/home/andrew/poky/meta/recipes-devtools/libedit/libedit_20230828-3.1.bb:do_cve_check)
NOTE: recipe libedit-20230828-3.1-r1: task do_cve_check: Started
NOTE: recipe libedit-20230828-3.1-r1: task do_cve_check: Succeeded
NOTE: Running task 2972 of 4895 (/home/andrew/poky/meta/recipes-devtools/libedit/libedit_20230828-3.1.bb:do_rm_work)
NOTE: recipe libedit-20230828-3.1-r1: task do_rm_work: Started
NOTE: recipe libedit-20230828-3.1-r1: task do_rm_work: Succeeded
NOTE: Running task 2973 of 4895 (virtual:native:/home/andrew/poky/meta/recipes-support/debianutils/debianutils_5.16.bb:do_cve_check)
NOTE: recipe debianutils-native-5.16-r0: task do_cve_check: Started
NOTE: recipe debianutils-native-5.16-r0: task do_cve_check: Succeeded
NOTE: Running task 2974 of 4895 (/home/andrew/poky/meta/recipes-core/libxcrypt/libxcrypt_4.4.36.bb:do_cve_check)
NOTE: recipe libxcrypt-4.4.36-r0: task do_cve_check: Started
NOTE: recipe libxcrypt-4.4.36-r0: task do_cve_check: Succeeded
NOTE: Running task 2975 of 4895 (/home/andrew/poky/meta/recipes-core/libxcrypt/libxcrypt_4.4.36.bb:do_rm_work)
NOTE: recipe libxcrypt-4.4.36-r0: task do_rm_work: Started
NOTE: recipe libxcrypt-4.4.36-r0: task do_rm_work: Succeeded
NOTE: Running task 2976 of 4895 (/home/andrew/poky/meta/recipes-core/zlib/zlib_1.3.1.bb:do_cve_check)
NOTE: recipe zlib-1.3.1-r0: task do_cve_check: Started
NOTE: recipe zlib-1.3.1-r0: task do_cve_check: Succeeded
NOTE: Running task 2977 of 4895 (/home/andrew/poky/meta/recipes-core/zlib/zlib_1.3.1.bb:do_rm_work)
NOTE: recipe zlib-1.3.1-r0: task do_rm_work: Started
NOTE: recipe zlib-1.3.1-r0: task do_rm_work: Succeeded
NOTE: Running task 2978 of 4895 (/home/andrew/poky/meta/recipes-devtools/opkg-utils/opkg-utils_0.6.3.bb:do_cve_check)
NOTE: recipe opkg-utils-0.6.3-r0: task do_cve_check: Started
NOTE: recipe opkg-utils-0.6.3-r0: task do_cve_check: Succeeded
NOTE: Running task 2979 of 4895 (/home/andrew/poky/meta/recipes-devtools/libtool/libtool-cross_2.4.7.bb:do_cve_check)
NOTE: recipe libtool-cross-2.4.7-r0: task do_cve_check: Started
NOTE: recipe libtool-cross-2.4.7-r0: task do_cve_check: Succeeded
NOTE: Running task 2980 of 4895 (/home/andrew/poky/meta/recipes-devtools/libtool/libtool-cross_2.4.7.bb:do_rm_work)
NOTE: recipe libtool-cross-2.4.7-r0: task do_rm_work: Started
NOTE: recipe libtool-cross-2.4.7-r0: task do_rm_work: Succeeded
NOTE: Running task 2981 of 4895 (/home/andrew/poky/meta/recipes-core/base-files/base-files_3.0.14.bb:do_cve_check)
WARNING: Recipe inherits features_check but doesn't use it
NOTE: recipe base-files-3.0.14-r0: task do_cve_check: Started
NOTE: recipe base-files-3.0.14-r0: task do_cve_check: Succeeded
NOTE: Running task 2982 of 4895 (/home/andrew/poky/meta/recipes-core/base-files/base-files_3.0.14.bb:do_rm_work)
WARNING: Recipe inherits features_check but doesn't use it
NOTE: recipe base-files-3.0.14-r0: task do_rm_work: Started
NOTE: recipe base-files-3.0.14-r0: task do_rm_work: Succeeded
NOTE: Running task 2983 of 4895 (/home/andrew/poky/meta/recipes-extended/pam/libpam_1.5.3.bb:do_cve_check)
NOTE: recipe libpam-1.5.3-r0: task do_cve_check: Started
NOTE: recipe libpam-1.5.3-r0: task do_cve_check: Succeeded
NOTE: Running task 2984 of 4895 (/home/andrew/poky/meta/recipes-extended/shadow/shadow_4.14.2.bb:do_cve_check)
NOTE: recipe shadow-4.14.2-r0: task do_cve_check: Started
NOTE: recipe shadow-4.14.2-r0: task do_cve_check: Succeeded
NOTE: Running task 2985 of 4895 (/home/andrew/poky/meta/recipes-core/systemd/systemd-systemctl-native.bb:do_cve_check)
NOTE: recipe systemd-systemctl-native-1.0-r0: task do_cve_check: Started
NOTE: recipe systemd-systemctl-native-1.0-r0: task do_cve_check: Succeeded
NOTE: Running task 2986 of 4895 (/home/andrew/poky/meta/recipes-core/systemd/systemd-systemctl-native.bb:do_rm_work)
NOTE: recipe systemd-systemctl-native-1.0-r0: task do_rm_work: Started
NOTE: recipe systemd-systemctl-native-1.0-r0: task do_rm_work: Succeeded
NOTE: Running task 2987 of 4895 (/home/andrew/poky/meta/recipes-extended/shadow/shadow-sysroot_4.6.bb:do_cve_check)
NOTE: recipe shadow-sysroot-4.6-r0: task do_cve_check: Started
NOTE: recipe shadow-sysroot-4.6-r0: task do_cve_check: Succeeded
NOTE: Running task 2988 of 4895 (/home/andrew/poky/meta/recipes-extended/shadow/shadow-sysroot_4.6.bb:do_rm_work)
NOTE: recipe shadow-sysroot-4.6-r0: task do_rm_work: Started
NOTE: recipe shadow-sysroot-4.6-r0: task do_rm_work: Succeeded
NOTE: Running task 2989 of 4895 (virtual:native:/home/andrew/poky/meta/recipes-extended/shadow/shadow_4.14.2.bb:do_cve_check)
NOTE: recipe shadow-native-4.14.2-r0: task do_cve_check: Started
NOTE: recipe shadow-native-4.14.2-r0: task do_cve_check: Succeeded
NOTE: Running task 2990 of 4895 (virtual:native:/home/andrew/poky/meta/recipes-extended/shadow/shadow_4.14.2.bb:do_rm_work)
NOTE: recipe shadow-native-4.14.2-r0: task do_rm_work: Started
NOTE: recipe shadow-native-4.14.2-r0: task do_rm_work: Succeeded
NOTE: Running task 2991 of 4895 (/home/andrew/poky/meta/recipes-core/base-passwd/base-passwd_3.6.3.bb:do_cve_check)
NOTE: recipe base-passwd-3.6.3-r0: task do_cve_check: Started
NOTE: recipe base-passwd-3.6.3-r0: task do_cve_check: Succeeded
NOTE: Running task 2992 of 4895 (/home/andrew/poky/meta/recipes-core/base-passwd/base-passwd_3.6.3.bb:do_rm_work)
NOTE: recipe base-passwd-3.6.3-r0: task do_rm_work: Started
NOTE: recipe base-passwd-3.6.3-r0: task do_rm_work: Succeeded
NOTE: Running task 2993 of 4895 (/home/andrew/poky/meta/recipes-extended/texinfo-dummy-native/texinfo-dummy-native.bb:do_cve_check)
NOTE: recipe texinfo-dummy-native-1.0-r0: task do_cve_check: Started
NOTE: recipe texinfo-dummy-native-1.0-r0: task do_cve_check: Succeeded
NOTE: Running task 2994 of 4895 (/home/andrew/poky/meta/recipes-extended/texinfo-dummy-native/texinfo-dummy-native.bb:do_rm_work)
NOTE: recipe texinfo-dummy-native-1.0-r0: task do_rm_work: Started
NOTE: recipe texinfo-dummy-native-1.0-r0: task do_rm_work: Succeeded
NOTE: Running task 2995 of 4895 (virtual:native:/home/andrew/poky/meta/recipes-devtools/autoconf-archive/autoconf-archive_2023.02.20.bb:do_cve_check)
NOTE: recipe autoconf-archive-native-2023.02.20-r0: task do_cve_check: Started
NOTE: recipe autoconf-archive-native-2023.02.20-r0: task do_cve_check: Succeeded
NOTE: Running task 2996 of 4895 (virtual:native:/home/andrew/poky/meta/recipes-devtools/autoconf-archive/autoconf-archive_2023.02.20.bb:do_rm_work)
NOTE: recipe autoconf-archive-native-2023.02.20-r0: task do_rm_work: Started
NOTE: recipe autoconf-archive-native-2023.02.20-r0: task do_rm_work: Succeeded
NOTE: Running task 2997 of 4895 (/home/andrew/poky/meta/recipes-devtools/gcc/gcc-runtime_13.4.bb:do_cve_check)
NOTE: recipe gcc-runtime-13.4.0-r0: task do_cve_check: Started
NOTE: recipe gcc-runtime-13.4.0-r0: task do_cve_check: Succeeded
NOTE: Running task 2998 of 4895 (/home/andrew/poky/meta/recipes-devtools/gcc/gcc-runtime_13.4.bb:do_rm_work)
NOTE: recipe gcc-runtime-13.4.0-r0: task do_rm_work: Started
NOTE: recipe gcc-runtime-13.4.0-r0: task do_rm_work: Succeeded
NOTE: Running task 2999 of 4895 (/home/andrew/poky/meta/recipes-core/glibc/glibc_2.39.bb:do_cve_check)
NOTE: recipe glibc-2.39+git-r0: task do_cve_check: Started
WARNING: glibc-2.39+git-r0 do_cve_check: Found unpatched CVE (CVE-2010-4756 CVE-2026-4046 CVE-2026-4437 CVE-2026-4438), for more information check /home/andrew/build-rock5a/tmp-glibc/work/cortexa76-cortexa55-oe-linux/glibc/2.39+git/temp/cve.log
NOTE: recipe glibc-2.39+git-r0: task do_cve_check: Succeeded
NOTE: Running task 3000 of 4895 (/home/andrew/poky/meta/recipes-core/glibc/glibc_2.39.bb:do_rm_work)
NOTE: recipe glibc-2.39+git-r0: task do_rm_work: Started
NOTE: recipe glibc-2.39+git-r0: task do_rm_work: Succeeded
NOTE: Running task 3001 of 4895 (virtual:native:/home/andrew/meta-selinux/recipes-security/selinux/libsemanage_3.7.bb:do_cve_check)
NOTE: recipe libsemanage-native-3.7-r0: task do_cve_check: Started
NOTE: recipe libsemanage-native-3.7-r0: task do_cve_check: Succeeded
NOTE: Running task 3002 of 4895 (virtual:native:/home/andrew/meta-selinux/recipes-security/selinux/libsepol_3.7.bb:do_cve_check)
NOTE: recipe libsepol-native-3.7-r0: task do_cve_check: Started
NOTE: recipe libsepol-native-3.7-r0: task do_cve_check: Succeeded
NOTE: Running task 3003 of 4895 (virtual:native:/home/andrew/meta-selinux/recipes-security/selinux/libsepol_3.7.bb:do_rm_work)
NOTE: recipe libsepol-native-3.7-r0: task do_rm_work: Started
NOTE: recipe libsepol-native-3.7-r0: task do_rm_work: Succeeded
NOTE: Running task 3004 of 4895 (virtual:native:/home/andrew/poky/meta/recipes-devtools/python/python3_3.12.12.bb:do_cve_check)
NOTE: recipe python3-native-3.12.12-r0: task do_cve_check: Started
WARNING: python3-native-3.12.12-r0 do_cve_check: Found unpatched CVE (CVE-2025-12781 CVE-2026-4519), for more information check /home/andrew/build-rock5a/tmp-glibc/work/x86_64-linux/python3-native/3.12.12/temp/cve.log
NOTE: recipe python3-native-3.12.12-r0: task do_cve_check: Succeeded
NOTE: Running task 3005 of 4895 (virtual:native:/home/andrew/poky/meta/recipes-devtools/python/python3_3.12.12.bb:do_rm_work)
NOTE: recipe python3-native-3.12.12-r0: task do_rm_work: Started
NOTE: recipe python3-native-3.12.12-r0: task do_rm_work: Succeeded
NOTE: Running task 3006 of 4895 (virtual:native:/home/andrew/meta-selinux/recipes-security/selinux/libselinux_3.7.bb:do_cve_check)
NOTE: recipe libselinux-native-3.7-r0: task do_cve_check: Started
NOTE: recipe libselinux-native-3.7-r0: task do_cve_check: Succeeded
NOTE: Running task 3007 of 4895 (virtual:native:/home/andrew/poky/meta/recipes-core/gettext/gettext_0.22.5.bb:do_cve_check)
NOTE: recipe gettext-native-0.22.5-r0: task do_cve_check: Started
NOTE: recipe gettext-native-0.22.5-r0: task do_cve_check: Succeeded
NOTE: Running task 3008 of 4895 (virtual:native:/home/andrew/poky/meta/recipes-core/gettext/gettext_0.22.5.bb:do_rm_work)
NOTE: recipe gettext-native-0.22.5-r0: task do_rm_work: Started
NOTE: recipe gettext-native-0.22.5-r0: task do_rm_work: Succeeded
NOTE: Running task 3009 of 4895 (virtual:native:/home/andrew/poky/meta/recipes-core/zlib/zlib_1.3.1.bb:do_cve_check)
NOTE: recipe zlib-native-1.3.1-r0: task do_cve_check: Started
NOTE: recipe zlib-native-1.3.1-r0: task do_cve_check: Succeeded
NOTE: Running task 3010 of 4895 (virtual:native:/home/andrew/poky/meta/recipes-core/zlib/zlib_1.3.1.bb:do_rm_work)
NOTE: recipe zlib-native-1.3.1-r0: task do_rm_work: Started
NOTE: recipe zlib-native-1.3.1-r0: task do_rm_work: Succeeded
NOTE: Running task 3011 of 4895 (virtual:native:/home/andrew/poky/meta/recipes-extended/libarchive/libarchive_3.7.9.bb:do_cve_check)
NOTE: recipe libarchive-native-3.7.9-r0: task do_cve_check: Started
WARNING: libarchive-native-3.7.9-r0 do_cve_check: Found unpatched CVE (CVE-2026-5121), for more information check /home/andrew/build-rock5a/tmp-glibc/work/x86_64-linux/libarchive-native/3.7.9/temp/cve.log
NOTE: recipe libarchive-native-3.7.9-r0: task do_cve_check: Succeeded
NOTE: Running task 3012 of 4895 (virtual:native:/home/andrew/poky/meta/recipes-extended/libarchive/libarchive_3.7.9.bb:do_rm_work)
NOTE: recipe libarchive-native-3.7.9-r0: task do_rm_work: Started
NOTE: recipe libarchive-native-3.7.9-r0: task do_rm_work: Succeeded
NOTE: Running task 3013 of 4895 (virtual:native:/home/andrew/poky/meta/recipes-extended/libsolv/libsolv_0.7.28.bb:do_cve_check)
NOTE: recipe libsolv-native-0.7.28-r0: task do_cve_check: Started
NOTE: recipe libsolv-native-0.7.28-r0: task do_cve_check: Succeeded
NOTE: Running task 3014 of 4895 (virtual:native:/home/andrew/poky/meta/recipes-devtools/perl/perl_5.38.4.bb:do_cve_check)
NOTE: recipe perl-native-5.38.4-r0: task do_cve_check: Started
WARNING: perl-native-5.38.4-r0 do_cve_check: Found unpatched CVE (CVE-2026-4176), for more information check /home/andrew/build-rock5a/tmp-glibc/work/x86_64-linux/perl-native/5.38.4/temp/cve.log
NOTE: recipe perl-native-5.38.4-r0: task do_cve_check: Succeeded
NOTE: Running task 3015 of 4895 (virtual:native:/home/andrew/poky/meta/recipes-devtools/perl/perl_5.38.4.bb:do_rm_work)
NOTE: recipe perl-native-5.38.4-r0: task do_rm_work: Started
NOTE: recipe perl-native-5.38.4-r0: task do_rm_work: Succeeded
NOTE: Running task 3016 of 4895 (/home/andrew/poky/meta/recipes-devtools/qemu/qemu-native_8.2.7.bb:do_cve_check)
NOTE: recipe qemu-native-8.2.7-r0: task do_cve_check: Started
WARNING: qemu-native-8.2.7-r0 do_cve_check: Found unpatched CVE (CVE-2019-12067 CVE-2021-20255 CVE-2024-6519), for more information check /home/andrew/build-rock5a/tmp-glibc/work/x86_64-linux/qemu-native/8.2.7/temp/cve.log
NOTE: recipe qemu-native-8.2.7-r0: task do_cve_check: Succeeded
NOTE: Running task 3017 of 4895 (/home/andrew/poky/meta/recipes-devtools/qemu/qemu-native_8.2.7.bb:do_rm_work)
NOTE: recipe qemu-native-8.2.7-r0: task do_rm_work: Started
NOTE: recipe qemu-native-8.2.7-r0: task do_rm_work: Succeeded
NOTE: Running task 3018 of 4895 (/home/andrew/poky/meta/recipes-core/gettext/gettext-minimal-native_0.22.5.bb:do_cve_check)
NOTE: recipe gettext-minimal-native-0.22.5-r0: task do_cve_check: Started
NOTE: recipe gettext-minimal-native-0.22.5-r0: task do_cve_check: Succeeded
NOTE: Running task 3019 of 4895 (/home/andrew/poky/meta/recipes-core/gettext/gettext-minimal-native_0.22.5.bb:do_rm_work)
NOTE: recipe gettext-minimal-native-0.22.5-r0: task do_rm_work: Started
NOTE: recipe gettext-minimal-native-0.22.5-r0: task do_rm_work: Succeeded
NOTE: Running task 3020 of 4895 (/home/andrew/poky/meta/recipes-devtools/gcc/libgcc_13.4.bb:do_cve_check)
NOTE: recipe libgcc-13.4.0-r0: task do_cve_check: Started
NOTE: recipe libgcc-13.4.0-r0: task do_cve_check: Succeeded
NOTE: Running task 3021 of 4895 (/home/andrew/poky/meta/recipes-devtools/gcc/libgcc_13.4.bb:do_rm_work)
NOTE: recipe libgcc-13.4.0-r0: task do_rm_work: Started
NOTE: recipe libgcc-13.4.0-r0: task do_rm_work: Succeeded
NOTE: Running task 3022 of 4895 (virtual:native:/home/andrew/poky/meta/recipes-support/libmpc/libmpc_1.3.1.bb:do_cve_check)
NOTE: recipe libmpc-native-1.3.1-r0: task do_cve_check: Started
NOTE: recipe libmpc-native-1.3.1-r0: task do_cve_check: Succeeded
NOTE: Running task 3023 of 4895 (virtual:native:/home/andrew/poky/meta/recipes-support/libmpc/libmpc_1.3.1.bb:do_rm_work)
NOTE: recipe libmpc-native-1.3.1-r0: task do_rm_work: Started
NOTE: recipe libmpc-native-1.3.1-r0: task do_rm_work: Succeeded
NOTE: Running task 3024 of 4895 (virtual:native:/home/andrew/poky/meta/recipes-support/gmp/gmp_6.3.0.bb:do_cve_check)
NOTE: recipe gmp-native-6.3.0-r0: task do_cve_check: Started
NOTE: recipe gmp-native-6.3.0-r0: task do_cve_check: Succeeded
NOTE: Running task 3025 of 4895 (virtual:native:/home/andrew/poky/meta/recipes-support/gmp/gmp_6.3.0.bb:do_rm_work)
NOTE: recipe gmp-native-6.3.0-r0: task do_rm_work: Started
NOTE: recipe gmp-native-6.3.0-r0: task do_rm_work: Succeeded
NOTE: Running task 3026 of 4895 (virtual:native:/home/andrew/poky/meta/recipes-connectivity/openssl/openssl_3.5.5.bb:do_cve_check)
NOTE: recipe openssl-native-3.5.5-r0: task do_cve_check: Started
NOTE: recipe openssl-native-3.5.5-r0: task do_cve_check: Succeeded
NOTE: Running task 3027 of 4895 (virtual:native:/home/andrew/poky/meta/recipes-connectivity/openssl/openssl_3.5.5.bb:do_rm_work)
NOTE: recipe openssl-native-3.5.5-r0: task do_rm_work: Started
NOTE: recipe openssl-native-3.5.5-r0: task do_rm_work: Succeeded
NOTE: Running task 3028 of 4895 (virtual:native:/home/andrew/poky/meta/recipes-core/util-linux/util-linux_2.39.3.bb:do_cve_check)
NOTE: recipe util-linux-native-2.39.3-r0: task do_cve_check: Started
WARNING: util-linux-native-2.39.3-r0 do_cve_check: Found unpatched CVE (CVE-2026-27456), for more information check /home/andrew/build-rock5a/tmp-glibc/work/x86_64-linux/util-linux-native/2.39.3/temp/cve.log
NOTE: recipe util-linux-native-2.39.3-r0: task do_cve_check: Succeeded
NOTE: Running task 3029 of 4895 (virtual:native:/home/andrew/poky/meta/recipes-core/util-linux/util-linux_2.39.3.bb:do_rm_work)
NOTE: recipe util-linux-native-2.39.3-r0: task do_rm_work: Started
NOTE: recipe util-linux-native-2.39.3-r0: task do_rm_work: Succeeded
NOTE: Running task 3030 of 4895 (virtual:native:/home/andrew/poky/meta/recipes-devtools/elfutils/elfutils_0.191.bb:do_cve_check)
NOTE: recipe elfutils-native-0.191-r0: task do_cve_check: Started
NOTE: recipe elfutils-native-0.191-r0: task do_cve_check: Succeeded
NOTE: Running task 3031 of 4895 (virtual:native:/home/andrew/poky/meta/recipes-devtools/elfutils/elfutils_0.191.bb:do_rm_work)
NOTE: recipe elfutils-native-0.191-r0: task do_rm_work: Started
NOTE: recipe elfutils-native-0.191-r0: task do_rm_work: Succeeded
NOTE: Running task 3032 of 4895 (virtual:native:/home/andrew/poky/meta/recipes-devtools/bison/bison_3.8.2.bb:do_cve_check)
NOTE: recipe bison-native-3.8.2-r0: task do_cve_check: Started
NOTE: recipe bison-native-3.8.2-r0: task do_cve_check: Succeeded
NOTE: Running task 3033 of 4895 (virtual:native:/home/andrew/poky/meta/recipes-devtools/bison/bison_3.8.2.bb:do_rm_work)
NOTE: recipe bison-native-3.8.2-r0: task do_rm_work: Started
NOTE: recipe bison-native-3.8.2-r0: task do_rm_work: Succeeded
NOTE: Running task 3034 of 4895 (virtual:native:/home/andrew/poky/meta/recipes-extended/bc/bc_1.07.1.bb:do_cve_check)
NOTE: recipe bc-native-1.07.1-r0: task do_cve_check: Started
NOTE: recipe bc-native-1.07.1-r0: task do_cve_check: Succeeded
NOTE: Running task 3035 of 4895 (virtual:native:/home/andrew/poky/meta/recipes-extended/bc/bc_1.07.1.bb:do_rm_work)
NOTE: recipe bc-native-1.07.1-r0: task do_rm_work: Started
NOTE: recipe bc-native-1.07.1-r0: task do_rm_work: Succeeded
NOTE: Running task 3036 of 4895 (/home/andrew/poky/meta/recipes-devtools/gcc/gcc-cross_13.4.bb:do_cve_check)
NOTE: recipe gcc-cross-aarch64-13.4.0-r0: task do_cve_check: Started
NOTE: recipe gcc-cross-aarch64-13.4.0-r0: task do_cve_check: Succeeded
NOTE: Running task 3037 of 4895 (/home/andrew/poky/meta/recipes-devtools/gcc/gcc-cross_13.4.bb:do_rm_work)
NOTE: recipe gcc-cross-aarch64-13.4.0-r0: task do_rm_work: Started
NOTE: recipe gcc-cross-aarch64-13.4.0-r0: task do_rm_work: Succeeded
NOTE: Running task 3038 of 4895 (/home/andrew/poky/meta/recipes-kernel/kern-tools/kern-tools-native_git.bb:do_cve_check)
NOTE: recipe kern-tools-native-0.3+git-r0: task do_cve_check: Started
NOTE: recipe kern-tools-native-0.3+git-r0: task do_cve_check: Succeeded
NOTE: Running task 3039 of 4895 (/home/andrew/poky/meta/recipes-kernel/kern-tools/kern-tools-native_git.bb:do_rm_work)
NOTE: recipe kern-tools-native-0.3+git-r0: task do_rm_work: Started
NOTE: recipe kern-tools-native-0.3+git-r0: task do_rm_work: Succeeded
NOTE: Running task 3040 of 4895 (virtual:native:/home/andrew/poky/meta/recipes-core/ncurses/ncurses_6.4.bb:do_cve_check)
NOTE: recipe ncurses-native-6.4-r0: task do_cve_check: Started
WARNING: ncurses-native-6.4-r0 do_cve_check: Found unpatched CVE (CVE-2025-69720), for more information check /home/andrew/build-rock5a/tmp-glibc/work/x86_64-linux/ncurses-native/6.4/temp/cve.log
NOTE: recipe ncurses-native-6.4-r0: task do_cve_check: Succeeded
NOTE: Running task 3041 of 4895 (virtual:native:/home/andrew/poky/meta/recipes-core/ncurses/ncurses_6.4.bb:do_rm_work)
NOTE: recipe ncurses-native-6.4-r0: task do_rm_work: Started
NOTE: recipe ncurses-native-6.4-r0: task do_rm_work: Succeeded
NOTE: Running task 3042 of 4895 (virtual:native:/home/andrew/poky/meta/recipes-extended/zstd/zstd_1.5.5.bb:do_cve_check)
NOTE: recipe zstd-native-1.5.5-r0: task do_cve_check: Started
NOTE: recipe zstd-native-1.5.5-r0: task do_cve_check: Succeeded
NOTE: Running task 3043 of 4895 (virtual:native:/home/andrew/poky/meta/recipes-extended/zstd/zstd_1.5.5.bb:do_rm_work)
NOTE: recipe zstd-native-1.5.5-r0: task do_rm_work: Started
NOTE: recipe zstd-native-1.5.5-r0: task do_rm_work: Succeeded
NOTE: Running task 3044 of 4895 (virtual:native:/home/andrew/poky/meta/recipes-kernel/kmod/kmod_31.bb:do_cve_check)
NOTE: recipe kmod-native-31-r0: task do_cve_check: Started
NOTE: recipe kmod-native-31-r0: task do_cve_check: Succeeded
NOTE: Running task 3045 of 4895 (virtual:native:/home/andrew/poky/meta/recipes-kernel/kmod/kmod_31.bb:do_rm_work)
NOTE: recipe kmod-native-31-r0: task do_rm_work: Started
NOTE: recipe kmod-native-31-r0: task do_rm_work: Succeeded
NOTE: Running task 3046 of 4895 (virtual:native:/home/andrew/poky/meta/recipes-devtools/dwarfsrcfiles/dwarfsrcfiles.bb:do_cve_check)
NOTE: recipe dwarfsrcfiles-native-1.0-r0: task do_cve_check: Started
NOTE: recipe dwarfsrcfiles-native-1.0-r0: task do_cve_check: Succeeded
NOTE: Running task 3047 of 4895 (virtual:native:/home/andrew/poky/meta/recipes-devtools/dwarfsrcfiles/dwarfsrcfiles.bb:do_rm_work)
NOTE: recipe dwarfsrcfiles-native-1.0-r0: task do_rm_work: Started
NOTE: recipe dwarfsrcfiles-native-1.0-r0: task do_rm_work: Succeeded
NOTE: Running task 3048 of 4895 (virtual:native:/home/andrew/poky/meta/recipes-devtools/rpm/rpm_4.19.1.1.bb:do_cve_check)
NOTE: recipe rpm-native-1_4.19.1.1-r0: task do_cve_check: Started
NOTE: recipe rpm-native-1_4.19.1.1-r0: task do_cve_check: Succeeded
NOTE: Running task 3049 of 4895 (virtual:native:/home/andrew/poky/meta/recipes-devtools/rpm/rpm_4.19.1.1.bb:do_rm_work)
NOTE: recipe rpm-native-1_4.19.1.1-r0: task do_rm_work: Started
NOTE: recipe rpm-native-1_4.19.1.1-r0: task do_rm_work: Succeeded
NOTE: Running task 3050 of 4895 (/home/andrew/poky/meta/recipes-devtools/binutils/binutils-cross_2.42.bb:do_cve_check)
NOTE: recipe binutils-cross-aarch64-2.42-r0: task do_cve_check: Started
WARNING: binutils-cross-aarch64-2.42-r0 do_cve_check: Found unpatched CVE (CVE-2025-69644 CVE-2025-69647 CVE-2025-69648 CVE-2025-69649 CVE-2025-69650 CVE-2025-69651 CVE-2025-69652 CVE-2026-3441 CVE-2026-3442 CVE-2026-4647), for more information check /home/andrew/build-rock5a/tmp-glibc/work/x86_64-linux/binutils-cross-aarch64/2.42/temp/cve.log
NOTE: recipe binutils-cross-aarch64-2.42-r0: task do_cve_check: Succeeded
NOTE: Running task 3051 of 4895 (/home/andrew/poky/meta/recipes-devtools/binutils/binutils-cross_2.42.bb:do_rm_work)
NOTE: recipe binutils-cross-aarch64-2.42-r0: task do_rm_work: Started
NOTE: recipe binutils-cross-aarch64-2.42-r0: task do_rm_work: Succeeded
NOTE: Running task 3052 of 4895 (virtual:native:/home/andrew/poky/meta/recipes-devtools/pkgconfig/pkgconfig_git.bb:do_cve_check)
NOTE: recipe pkgconfig-native-0.29.2+git-r0: task do_cve_check: Started
NOTE: recipe pkgconfig-native-0.29.2+git-r0: task do_cve_check: Succeeded
NOTE: Running task 3053 of 4895 (virtual:native:/home/andrew/poky/meta/recipes-devtools/pkgconfig/pkgconfig_git.bb:do_rm_work)
NOTE: recipe pkgconfig-native-0.29.2+git-r0: task do_rm_work: Started
NOTE: recipe pkgconfig-native-0.29.2+git-r0: task do_rm_work: Succeeded
NOTE: Running task 3054 of 4895 (virtual:native:/home/andrew/poky/meta/recipes-support/sqlite/sqlite3_3.45.3.bb:do_cve_check)
NOTE: recipe sqlite3-native-3_3.45.3-r0: task do_cve_check: Started
WARNING: sqlite3-native-3_3.45.3-r0 do_cve_check: Found unpatched CVE (CVE-2025-70873), for more information check /home/andrew/build-rock5a/tmp-glibc/work/x86_64-linux/sqlite3-native/3.45.3/temp/cve.log
NOTE: recipe sqlite3-native-3_3.45.3-r0: task do_cve_check: Succeeded
NOTE: Running task 3055 of 4895 (virtual:native:/home/andrew/poky/meta/recipes-support/sqlite/sqlite3_3.45.3.bb:do_rm_work)
NOTE: recipe sqlite3-native-3_3.45.3-r0: task do_rm_work: Started
NOTE: recipe sqlite3-native-3_3.45.3-r0: task do_rm_work: Succeeded
NOTE: Running task 3056 of 4895 (virtual:native:/home/andrew/poky/meta/recipes-devtools/automake/automake_1.16.5.bb:do_cve_check)
NOTE: recipe automake-native-1.16.5-r0: task do_cve_check: Started
NOTE: recipe automake-native-1.16.5-r0: task do_cve_check: Succeeded
NOTE: Running task 3057 of 4895 (virtual:native:/home/andrew/poky/meta/recipes-devtools/automake/automake_1.16.5.bb:do_rm_work)
NOTE: recipe automake-native-1.16.5-r0: task do_rm_work: Started
NOTE: recipe automake-native-1.16.5-r0: task do_rm_work: Succeeded
NOTE: Running task 3058 of 4895 (virtual:native:/home/andrew/poky/meta/recipes-support/attr/attr_2.5.1.bb:do_cve_check)
NOTE: recipe attr-native-2.5.1-r0: task do_cve_check: Started
NOTE: recipe attr-native-2.5.1-r0: task do_cve_check: Succeeded
NOTE: Running task 3059 of 4895 (virtual:native:/home/andrew/poky/meta/recipes-support/attr/attr_2.5.1.bb:do_rm_work)
NOTE: recipe attr-native-2.5.1-r0: task do_rm_work: Started
NOTE: recipe attr-native-2.5.1-r0: task do_rm_work: Succeeded
NOTE: Running task 3060 of 4895 (/home/andrew/poky/meta/recipes-devtools/libtool/libtool-native_2.4.7.bb:do_cve_check)
NOTE: recipe libtool-native-2.4.7-r0: task do_cve_check: Started
NOTE: recipe libtool-native-2.4.7-r0: task do_cve_check: Succeeded
NOTE: Running task 3061 of 4895 (/home/andrew/poky/meta/recipes-devtools/libtool/libtool-native_2.4.7.bb:do_rm_work)
NOTE: recipe libtool-native-2.4.7-r0: task do_rm_work: Started
NOTE: recipe libtool-native-2.4.7-r0: task do_rm_work: Succeeded
NOTE: Running task 3062 of 4895 (virtual:native:/home/andrew/poky/meta/recipes-devtools/autoconf/autoconf_2.72e.bb:do_cve_check)
NOTE: recipe autoconf-native-2.72e-r0: task do_cve_check: Started
NOTE: recipe autoconf-native-2.72e-r0: task do_cve_check: Succeeded
NOTE: Running task 3063 of 4895 (virtual:native:/home/andrew/poky/meta/recipes-devtools/autoconf/autoconf_2.72e.bb:do_rm_work)
NOTE: recipe autoconf-native-2.72e-r0: task do_rm_work: Started
NOTE: recipe autoconf-native-2.72e-r0: task do_rm_work: Succeeded
NOTE: Running task 3064 of 4895 (/home/andrew/poky/meta/recipes-core/glibc/glibc-locale_2.39.bb:do_cve_check)
NOTE: recipe glibc-locale-2.39+git-r0: task do_cve_check: Started
NOTE: recipe glibc-locale-2.39+git-r0: task do_cve_check: Succeeded
NOTE: Running task 3065 of 4895 (/home/andrew/poky/meta/recipes-core/packagegroups/packagegroup-core-ssh-openssh.bb:do_cve_check)
NOTE: recipe packagegroup-core-ssh-openssh-1.0-r0: task do_cve_check: Started
NOTE: recipe packagegroup-core-ssh-openssh-1.0-r0: task do_cve_check: Succeeded
NOTE: Running task 3066 of 4895 (/home/andrew/poky/meta/recipes-devtools/run-postinsts/run-postinsts_1.0.bb:do_cve_check)
NOTE: recipe run-postinsts-1.0-r0: task do_cve_check: Started
NOTE: recipe run-postinsts-1.0-r0: task do_cve_check: Succeeded
NOTE: Running task 3067 of 4895 (/home/andrew/meta-openembedded/meta-oe/recipes-security/audit/audit_4.0.2.bb:do_cve_check)
NOTE: recipe audit-4.0.2-r0: task do_cve_check: Started
NOTE: recipe audit-4.0.2-r0: task do_cve_check: Succeeded
NOTE: Running task 3068 of 4895 (/home/andrew/meta-selinux/recipes-security/refpolicy/refpolicy-targeted_git.bb:do_cve_check)
NOTE: recipe refpolicy-targeted-2.20240226+git-r0: task do_cve_check: Started
NOTE: recipe refpolicy-targeted-2.20240226+git-r0: task do_cve_check: Succeeded
NOTE: Running task 3069 of 4895 (/home/andrew/meta-selinux/recipes-security/selinux-scripts/selinux-autorelabel_0.1.bb:do_cve_check)
NOTE: recipe selinux-autorelabel-0.1-r0: task do_cve_check: Started
NOTE: recipe selinux-autorelabel-0.1-r0: task do_cve_check: Succeeded
NOTE: Running task 3070 of 4895 (/home/andrew/meta-selinux/recipes-security/selinux/policycoreutils_3.7.bb:do_cve_check)
NOTE: recipe policycoreutils-3.7-r0: task do_cve_check: Started
NOTE: recipe policycoreutils-3.7-r0: task do_cve_check: Succeeded
NOTE: Running task 3071 of 4895 (/home/andrew/meta-selinux/recipes-security/selinux/libselinux-python_3.7.bb:do_cve_check)
NOTE: recipe libselinux-python-3.7-r0: task do_cve_check: Started
NOTE: recipe libselinux-python-3.7-r0: task do_cve_check: Succeeded
NOTE: Running task 3072 of 4895 (/home/andrew/meta-selinux/recipes-security/selinux/libselinux_3.7.bb:do_cve_check)
NOTE: recipe libselinux-3.7-r0: task do_cve_check: Started
NOTE: recipe libselinux-3.7-r0: task do_cve_check: Succeeded
NOTE: Running task 3073 of 4895 (/home/andrew/meta-selinux/recipes-security/selinux/libselinux_3.7.bb:do_rm_work)
NOTE: recipe libselinux-3.7-r0: task do_rm_work: Started
NOTE: recipe libselinux-3.7-r0: task do_rm_work: Succeeded
NOTE: Running task 3074 of 4895 (/home/andrew/poky/meta/recipes-core/util-linux/util-linux_2.39.3.bb:do_cve_check)
NOTE: recipe util-linux-2.39.3-r0: task do_cve_check: Started
WARNING: util-linux-2.39.3-r0 do_cve_check: Found unpatched CVE (CVE-2026-27456), for more information check /home/andrew/build-rock5a/tmp-glibc/work/cortexa76-cortexa55-oe-linux/util-linux/2.39.3/temp/cve.log
NOTE: recipe util-linux-2.39.3-r0: task do_cve_check: Succeeded
NOTE: Running task 3075 of 4895 (/home/andrew/poky/meta/recipes-core/util-linux/util-linux_2.39.3.bb:do_rm_work)
NOTE: recipe util-linux-2.39.3-r0: task do_rm_work: Started
NOTE: recipe util-linux-2.39.3-r0: task do_rm_work: Succeeded
NOTE: Running task 3076 of 4895 (/home/andrew/poky/meta/recipes-extended/procps/procps_4.0.4.bb:do_cve_check)
NOTE: recipe procps-4.0.4-r0: task do_cve_check: Started
NOTE: recipe procps-4.0.4-r0: task do_cve_check: Succeeded
NOTE: Running task 3077 of 4895 (/home/andrew/meta-openembedded/meta-oe/recipes-devtools/jq/jq_1.7.1.bb:do_cve_check)
NOTE: recipe jq-1.7.1-r0: task do_cve_check: Started
WARNING: jq-1.7.1-r0 do_cve_check: Found unpatched CVE (CVE-2026-32316 CVE-2026-33947 CVE-2026-33948), for more information check /home/andrew/build-rock5a/tmp-glibc/work/cortexa76-cortexa55-oe-linux/jq/1.7.1/temp/cve.log
NOTE: recipe jq-1.7.1-r0: task do_cve_check: Succeeded
NOTE: Running task 3078 of 4895 (/home/andrew/poky/meta/recipes-support/curl/curl_8.7.1.bb:do_cve_check)
NOTE: recipe curl-8.7.1-r0: task do_cve_check: Started
WARNING: curl-8.7.1-r0 do_cve_check: Found unpatched CVE (CVE-2026-1965 CVE-2026-3783 CVE-2026-3784), for more information check /home/andrew/build-rock5a/tmp-glibc/work/cortexa76-cortexa55-oe-linux/curl/8.7.1/temp/cve.log
NOTE: recipe curl-8.7.1-r0: task do_cve_check: Succeeded
NOTE: Running task 3079 of 4895 (/home/andrew/poky/meta/recipes-extended/bash/bash_5.2.21.bb:do_cve_check)
NOTE: recipe bash-5.2.21-r0: task do_cve_check: Started
NOTE: recipe bash-5.2.21-r0: task do_cve_check: Succeeded
NOTE: Running task 3080 of 4895 (/home/andrew/meta-rauc/recipes-core/rauc/rauc_1.15.2.bb:do_cve_check)
NOTE: recipe rauc-1.15.2-r0: task do_cve_check: Started
NOTE: recipe rauc-1.15.2-r0: task do_cve_check: Succeeded
NOTE: Running task 3081 of 4895 (/home/andrew/tactiq-os/recipes-core/tactiq-release/tactiq-release_2.0.0.bb:do_cve_check)
NOTE: recipe tactiq-release-2.0.0-r0: task do_cve_check: Started
NOTE: recipe tactiq-release-2.0.0-r0: task do_cve_check: Succeeded
NOTE: Running task 3082 of 4895 (/home/andrew/tactiq-os/recipes-core/tactiq-config/tactiq-config_2.0.0.bb:do_cve_check)
NOTE: recipe tactiq-config-2.0.0-r0: task do_cve_check: Started
NOTE: recipe tactiq-config-2.0.0-r0: task do_cve_check: Succeeded
NOTE: Running task 3083 of 4895 (/home/andrew/tactiq-os/recipes-core/tactiq-agent/tactiq-agent_2.0.0.bb:do_cve_check)
NOTE: recipe tactiq-agent-2.0.0-r0: task do_cve_check: Started
NOTE: recipe tactiq-agent-2.0.0-r0: task do_cve_check: Succeeded
NOTE: Running task 3084 of 4895 (/home/andrew/poky/meta/recipes-extended/iptables/iptables_1.8.10.bb:do_cve_check)
NOTE: recipe iptables-1.8.10-r0: task do_cve_check: Started
NOTE: recipe iptables-1.8.10-r0: task do_cve_check: Succeeded
NOTE: Running task 3085 of 4895 (/home/andrew/poky/meta/recipes-connectivity/iproute2/iproute2_6.7.0.bb:do_cve_check)
NOTE: recipe iproute2-6.7.0-r0: task do_cve_check: Started
NOTE: recipe iproute2-6.7.0-r0: task do_cve_check: Succeeded
NOTE: Running task 3086 of 4895 (/home/andrew/meta-openembedded/meta-networking/recipes-support/chrony/chrony_4.5.bb:do_cve_check)
NOTE: recipe chrony-4.5-r0: task do_cve_check: Started
NOTE: recipe chrony-4.5-r0: task do_cve_check: Succeeded
NOTE: Running task 3087 of 4895 (/home/andrew/poky/meta/recipes-support/ca-certificates/ca-certificates_20250419.bb:do_cve_check)
NOTE: recipe ca-certificates-20250419-r0: task do_cve_check: Started
NOTE: recipe ca-certificates-20250419-r0: task do_cve_check: Succeeded
NOTE: Running task 3088 of 4895 (/home/andrew/poky/meta/recipes-connectivity/openssl/openssl_3.5.5.bb:do_cve_check)
NOTE: recipe openssl-3.5.5-r0: task do_cve_check: Started
NOTE: recipe openssl-3.5.5-r0: task do_cve_check: Succeeded
NOTE: Running task 3089 of 4895 (/home/andrew/poky/meta/recipes-connectivity/openssh/openssh_9.6p1.bb:do_cve_check)
NOTE: recipe openssh-9.6p1-r0: task do_cve_check: Started
WARNING: openssh-9.6p1-r0 do_cve_check: Found unpatched CVE (CVE-2026-35414), for more information check /home/andrew/build-rock5a/tmp-glibc/work/cortexa76-cortexa55-oe-linux/openssh/9.6p1/temp/cve.log
NOTE: recipe openssh-9.6p1-r0: task do_cve_check: Succeeded
NOTE: Running task 3090 of 4895 (/home/andrew/poky/meta/recipes-core/packagegroups/packagegroup-base.bb:do_cve_check)
NOTE: recipe packagegroup-base-1.0-r0: task do_cve_check: Started
NOTE: recipe packagegroup-base-1.0-r0: task do_cve_check: Succeeded
NOTE: Running task 3091 of 4895 (/home/andrew/poky/meta/recipes-core/packagegroups/packagegroup-core-boot.bb:do_cve_check)
NOTE: recipe packagegroup-core-boot-1.0-r0: task do_cve_check: Started
NOTE: recipe packagegroup-core-boot-1.0-r0: task do_cve_check: Succeeded
NOTE: Running task 3092 of 4895 (/home/andrew/poky/meta/recipes-kernel/kmod/depmodwrapper-cross_1.0.bb:do_cve_check)
NOTE: recipe depmodwrapper-cross-1.0-r0: task do_cve_check: Started
NOTE: recipe depmodwrapper-cross-1.0-r0: task do_cve_check: Succeeded
NOTE: Running task 3093 of 4895 (virtual:native:/home/andrew/poky/meta/recipes-devtools/e2fsprogs/e2fsprogs_1.47.0.bb:do_cve_check)
NOTE: recipe e2fsprogs-native-1.47.0-r0: task do_cve_check: Started
NOTE: recipe e2fsprogs-native-1.47.0-r0: task do_cve_check: Succeeded
NOTE: Running task 3094 of 4895 (virtual:native:/home/andrew/poky/meta/recipes-devtools/e2fsprogs/e2fsprogs_1.47.0.bb:do_rm_work)
NOTE: recipe e2fsprogs-native-1.47.0-r0: task do_rm_work: Started
NOTE: recipe e2fsprogs-native-1.47.0-r0: task do_rm_work: Succeeded
NOTE: Running task 3095 of 4895 (virtual:native:/home/andrew/meta-selinux/recipes-security/selinux/policycoreutils_3.7.bb:do_cve_check)
NOTE: recipe policycoreutils-native-3.7-r0: task do_cve_check: Started
NOTE: recipe policycoreutils-native-3.7-r0: task do_cve_check: Succeeded
NOTE: Running task 3096 of 4895 (virtual:native:/home/andrew/poky/meta/recipes-extended/pigz/pigz_2.8.bb:do_cve_check)
NOTE: recipe pigz-native-2.8-r0: task do_cve_check: Started
NOTE: recipe pigz-native-2.8-r0: task do_cve_check: Succeeded
NOTE: Running task 3097 of 4895 (virtual:native:/home/andrew/poky/meta/recipes-devtools/opkg/opkg_0.6.3.bb:do_cve_check)
NOTE: recipe opkg-native-1_0.6.3-r0: task do_cve_check: Started
NOTE: recipe opkg-native-1_0.6.3-r0: task do_cve_check: Succeeded
NOTE: Running task 3098 of 4895 (virtual:native:/home/andrew/poky/meta/recipes-core/update-rc.d/update-rc.d_0.8.bb:do_cve_check)
NOTE: recipe update-rc.d-native-0.8+git-r0: task do_cve_check: Started
NOTE: recipe update-rc.d-native-0.8+git-r0: task do_cve_check: Succeeded
NOTE: Running task 3099 of 4895 (virtual:native:/home/andrew/poky/meta/recipes-devtools/opkg-utils/opkg-utils_0.6.3.bb:do_cve_check)
NOTE: recipe opkg-utils-native-0.6.3-r0: task do_cve_check: Started
NOTE: recipe opkg-utils-native-0.6.3-r0: task do_cve_check: Succeeded
NOTE: Running task 3100 of 4895 (virtual:native:/home/andrew/poky/meta/recipes-devtools/opkg-utils/opkg-utils_0.6.3.bb:do_rm_work)
NOTE: recipe opkg-utils-native-0.6.3-r0: task do_rm_work: Started
NOTE: recipe opkg-utils-native-0.6.3-r0: task do_rm_work: Succeeded
NOTE: Running task 3101 of 4895 (/home/andrew/poky/meta/recipes-core/glibc/ldconfig-native_2.12.1.bb:do_cve_check)
NOTE: recipe ldconfig-native-2.12.1-r0: task do_cve_check: Started
NOTE: recipe ldconfig-native-2.12.1-r0: task do_cve_check: Succeeded
NOTE: Running task 3102 of 4895 (virtual:native:/home/andrew/poky/meta/recipes-devtools/makedevs/makedevs_1.0.1.bb:do_cve_check)
NOTE: recipe makedevs-native-1.0.1-r0: task do_cve_check: Started
NOTE: recipe makedevs-native-1.0.1-r0: task do_cve_check: Succeeded
NOTE: Running task 3103 of 4895 (/home/andrew/poky/meta/recipes-devtools/qemu/qemuwrapper-cross_1.0.bb:do_cve_check)
NOTE: recipe qemuwrapper-cross-1.0-r0: task do_cve_check: Started
NOTE: recipe qemuwrapper-cross-1.0-r0: task do_cve_check: Succeeded
NOTE: Running task 3104 of 4895 (/home/andrew/poky/meta/recipes-core/glibc/cross-localedef-native_2.39.bb:do_cve_check)
NOTE: recipe cross-localedef-native-2.39+git-r0: task do_cve_check: Started
NOTE: recipe cross-localedef-native-2.39+git-r0: task do_cve_check: Succeeded
NOTE: Running task 3105 of 4895 (virtual:native:/home/andrew/poky/meta/recipes-extended/xz/xz_5.4.7.bb:do_cve_check)
NOTE: recipe xz-native-5.4.7-r0: task do_cve_check: Started
WARNING: xz-native-5.4.7-r0 do_cve_check: Found unpatched CVE (CVE-2026-34743), for more information check /home/andrew/build-rock5a/tmp-glibc/work/x86_64-linux/xz-native/5.4.7/temp/cve.log
NOTE: recipe xz-native-5.4.7-r0: task do_cve_check: Succeeded
NOTE: Running task 3106 of 4895 (virtual:native:/home/andrew/poky/meta/recipes-extended/xz/xz_5.4.7.bb:do_rm_work)
NOTE: recipe xz-native-5.4.7-r0: task do_rm_work: Started
NOTE: recipe xz-native-5.4.7-r0: task do_rm_work: Succeeded
NOTE: Running task 3107 of 4895 (/home/andrew/poky/meta/recipes-core/meta/cve-update-nvd2-native.bb:do_cve_check)
NOTE: recipe cve-update-nvd2-native-1.0-r0: task do_cve_check: Started
NOTE: recipe cve-update-nvd2-native-1.0-r0: task do_cve_check: Succeeded
NOTE: Running task 3108 of 4895 (virtual:native:/home/andrew/poky/meta/recipes-devtools/pseudo/pseudo_git.bb:do_cve_check)
NOTE: recipe pseudo-native-1.9.3+git-r0: task do_cve_check: Started
NOTE: recipe pseudo-native-1.9.3+git-r0: task do_cve_check: Succeeded
NOTE: Running task 3109 of 4895 (virtual:native:/home/andrew/poky/meta/recipes-devtools/pseudo/pseudo_git.bb:do_rm_work)
NOTE: recipe pseudo-native-1.9.3+git-r0: task do_rm_work: Started
NOTE: recipe pseudo-native-1.9.3+git-r0: task do_rm_work: Succeeded
NOTE: Running task 3110 of 4895 (virtual:native:/home/andrew/poky/meta/recipes-devtools/patch/patch_2.7.6.bb:do_cve_check)
NOTE: recipe patch-native-2.7.6-r0: task do_cve_check: Started
NOTE: recipe patch-native-2.7.6-r0: task do_cve_check: Succeeded
NOTE: Running task 3111 of 4895 (virtual:native:/home/andrew/poky/meta/recipes-devtools/patch/patch_2.7.6.bb:do_rm_work)
NOTE: recipe patch-native-2.7.6-r0: task do_rm_work: Started
NOTE: recipe patch-native-2.7.6-r0: task do_rm_work: Succeeded
NOTE: Running task 3112 of 4895 (/home/andrew/poky/meta/recipes-devtools/quilt/quilt-native_0.67.bb:do_cve_check)
NOTE: recipe quilt-native-0.67-r0: task do_cve_check: Started
NOTE: recipe quilt-native-0.67-r0: task do_cve_check: Succeeded
NOTE: Running task 3113 of 4895 (/home/andrew/poky/meta/recipes-devtools/quilt/quilt-native_0.67.bb:do_rm_work)
NOTE: recipe quilt-native-0.67-r0: task do_rm_work: Started
NOTE: recipe quilt-native-0.67-r0: task do_rm_work: Succeeded
NOTE: Running task 3114 of 4895 (/home/andrew/poky/meta/recipes-devtools/gcc/libgcc-initial_13.4.bb:do_cve_check)
NOTE: recipe libgcc-initial-13.4.0-r0: task do_cve_check: Started
NOTE: recipe libgcc-initial-13.4.0-r0: task do_cve_check: Succeeded
NOTE: Running task 3115 of 4895 (/home/andrew/poky/meta/recipes-devtools/gcc/gcc-source_13.4.bb:do_cve_check)
NOTE: recipe gcc-source-13.4.0-13.4.0-r0: task do_cve_check: Started
NOTE: recipe gcc-source-13.4.0-13.4.0-r0: task do_cve_check: Succeeded
NOTE: Running task 3116 of 4895 (/home/andrew/poky/meta/recipes-kernel/linux/linux-yocto_6.6.bb:do_cve_check)
NOTE: recipe linux-yocto-6.6.123+git-r0: task do_cve_check: Started
WARNING: linux-yocto-6.6.123+git-r0 do_cve_check: Found unpatched CVE (CVE-1999-0524 CVE-2008-4609 CVE-2010-4563 CVE-2019-14899 CVE-2021-3714 CVE-2021-3864 CVE-2022-0400 CVE-2022-1247 CVE-2022-38096 CVE-2022-4543 CVE-2023-3079 CVE-2023-3397 CVE-2023-3640 CVE-2023-39176 CVE-2023-39179 CVE-2023-39180 CVE-2023-4010 CVE-2023-52485 CVE-2023-52585 CVE-2023-52586 CVE-2023-52590 CVE-2023-52624 CVE-2023-52625 CVE-2023-52634 CVE-2023-52904 CVE-2023-52920 CVE-2023-6238 CVE-2023-6240 CVE-2023-6535 CVE-2024-23848 CVE-2024-24859 CVE-2024-24864 CVE-2024-25739 CVE-2024-25740 CVE-2024-25741 CVE-2024-26596 CVE-2024-26672 CVE-2024-26686 CVE-2024-26699 CVE-2024-26756 CVE-2024-26757 CVE-2024-26758 CVE-2024-26785 CVE-2024-26811 CVE-2024-26900 CVE-2024-26944 CVE-2024-26945 CVE-2024-26948 CVE-2024-26949 CVE-2024-26954 CVE-2024-26962 CVE-2024-27010 CVE-2024-27011 CVE-2024-27012 CVE-2024-27017 CVE-2024-27079 CVE-2024-35794 CVE-2024-35808 CVE-2024-35843 CVE-2024-35931 CVE-2024-35968 CVE-2024-36024 CVE-2024-36288 CVE-2024-36478 CVE-2024-38595 CVE-2024-38608 CVE-2024-39472 CVE-2024-40965 CVE-2024-40979 CVE-2024-40999 CVE-2024-41008 CVE-2024-41023 CVE-2024-41045 CVE-2024-41067 CVE-2024-41080 CVE-2024-41082 CVE-2024-41085 CVE-2024-41932 CVE-2024-42064 CVE-2024-42065 CVE-2024-42066 CVE-2024-42071 CVE-2024-42075 CVE-2024-42078 CVE-2024-42081 CVE-2024-42083 CVE-2024-42107 CVE-2024-42118 CVE-2024-42122 CVE-2024-42123 CVE-2024-42134 CVE-2024-42139 CVE-2024-42151 CVE-2024-42155 CVE-2024-42156 CVE-2024-42158 CVE-2024-42162 CVE-2024-42227 CVE-2024-42252 CVE-2024-42317 CVE-2024-43819 CVE-2024-43824 CVE-2024-43826 CVE-2024-43835 CVE-2024-43840 CVE-2024-43857 CVE-2024-43872 CVE-2024-43884 CVE-2024-43886 CVE-2024-43899 CVE-2024-43901 CVE-2024-43904 CVE-2024-43911 CVE-2024-43913 CVE-2024-44950 CVE-2024-44951 CVE-2024-44956 CVE-2024-44963 CVE-2024-46681 CVE-2024-46698 CVE-2024-46701 CVE-2024-46705 CVE-2024-46710 CVE-2024-46727 CVE-2024-46729 CVE-2024-46730 CVE-2024-46751 CVE-2024-46754 CVE-2024-46772 CVE-2024-46774 CVE-2024-46775 CVE-2024-46778 CVE-2024-46808 CVE-2024-46813 CVE-2024-46823 CVE-2024-46833 CVE-2024-46834 CVE-2024-46841 CVE-2024-46842 CVE-2024-46870 CVE-2024-47661 CVE-2024-47662 CVE-2024-47702 CVE-2024-47703 CVE-2024-47726 CVE-2024-47736 CVE-2024-47794 CVE-2024-49885 CVE-2024-49888 CVE-2024-49891 CVE-2024-49893 CVE-2024-49897 CVE-2024-49898 CVE-2024-49899 CVE-2024-49904 CVE-2024-49906 CVE-2024-49908 CVE-2024-49909 CVE-2024-49910 CVE-2024-49911 CVE-2024-49914 CVE-2024-49915 CVE-2024-49916 CVE-2024-49917 CVE-2024-49918 CVE-2024-49919 CVE-2024-49920 CVE-2024-49921 CVE-2024-49922 CVE-2024-49923 CVE-2024-49926 CVE-2024-49928 CVE-2024-49932 CVE-2024-49934 CVE-2024-49940 CVE-2024-49945 CVE-2024-49968 CVE-2024-49970 CVE-2024-49971 CVE-2024-49972 CVE-2024-49974 CVE-2024-49990 CVE-2024-49994 CVE-2024-49998 CVE-2024-50004 CVE-2024-50009 CVE-2024-50010 CVE-2024-50014 CVE-2024-50017 CVE-2024-50027 CVE-2024-50028 CVE-2024-50067 CVE-2024-50090 CVE-2024-50091 CVE-2024-50102 CVE-2024-50106 CVE-2024-50137 CVE-2024-50138 CVE-2024-50146 CVE-2024-50157 CVE-2024-50177 CVE-2024-50178 CVE-2024-50217 CVE-2024-50221 CVE-2024-50225 CVE-2024-50277 CVE-2024-50289 CVE-2024-50304 CVE-2024-52559 CVE-2024-52560 CVE-2024-53050 CVE-2024-53051 CVE-2024-53056 CVE-2024-53084 CVE-2024-53085 CVE-2024-53089 CVE-2024-53090 CVE-2024-53098 CVE-2024-53114 CVE-2024-53124 CVE-2024-53128 CVE-2024-53133 CVE-2024-53147 CVE-2024-53170 CVE-2024-53187 CVE-2024-53201 CVE-2024-53203 CVE-2024-53204 CVE-2024-53205 CVE-2024-53209 CVE-2024-53219 CVE-2024-53221 CVE-2024-53222 CVE-2024-56544 CVE-2024-56549 CVE-2024-56588 CVE-2024-56591 CVE-2024-56599 CVE-2024-56608 CVE-2024-56620 CVE-2024-56647 CVE-2024-56702 CVE-2024-56712 CVE-2024-56742 CVE-2024-56757 CVE-2024-56758 CVE-2024-56759 CVE-2024-56761 CVE-2024-56775 CVE-2024-56782 CVE-2024-56784 CVE-2024-57795 CVE-2024-57804 CVE-2024-57809 CVE-2024-57857 CVE-2024-57872 CVE-2024-57875 CVE-2024-57898 CVE-2024-57950 CVE-2024-57974 CVE-2024-57975 CVE-2024-57976 CVE-2024-57977 CVE-2024-57982 CVE-2024-57994 CVE-2024-57999 CVE-2024-58006 CVE-2024-58012 CVE-2024-58015 CVE-2024-58089 CVE-2024-58093 CVE-2024-58094 CVE-2024-58095 CVE-2024-58096 CVE-2024-58097 CVE-2024-58241 CVE-2025-21634 CVE-2025-21635 CVE-2025-21649 CVE-2025-21650 CVE-2025-21651 CVE-2025-21672 CVE-2025-21682 CVE-2025-21693 CVE-2025-21696 CVE-2025-21714 CVE-2025-21722 CVE-2025-21723 CVE-2025-21729 CVE-2025-21732 CVE-2025-21739 CVE-2025-21751 CVE-2025-21768 CVE-2025-21786 CVE-2025-21801 CVE-2025-21825 CVE-2025-21833 CVE-2025-21861 CVE-2025-21868 CVE-2025-21870 CVE-2025-21885 CVE-2025-21888 CVE-2025-21892 CVE-2025-21907 CVE-2025-21927 CVE-2025-21949 CVE-2025-21961 CVE-2025-21972 CVE-2025-21976 CVE-2025-21985 CVE-2025-22022 CVE-2025-22026 CVE-2025-22037 CVE-2025-22039 CVE-2025-22062 CVE-2025-22070 CVE-2025-22101 CVE-2025-22103 CVE-2025-22104 CVE-2025-22105 CVE-2025-22107 CVE-2025-22108 CVE-2025-22109 CVE-2025-22111 CVE-2025-22113 CVE-2025-22115 CVE-2025-22121 CVE-2025-22124 CVE-2025-22125 CVE-2025-22127 CVE-2025-23129 CVE-2025-23130 CVE-2025-23131 CVE-2025-23132 CVE-2025-23133 CVE-2025-23135 CVE-2025-23155 CVE-2025-37743 CVE-2025-37745 CVE-2025-37747 CVE-2025-37750 CVE-2025-37759 CVE-2025-37802 CVE-2025-37806 CVE-2025-37807 CVE-2025-37822 CVE-2025-37826 CVE-2025-37833 CVE-2025-37834 CVE-2025-37856 CVE-2025-37860 CVE-2025-37861 CVE-2025-37870 CVE-2025-37877 CVE-2025-37880 CVE-2025-37882 CVE-2025-37899 CVE-2025-37907 CVE-2025-37920 CVE-2025-37926 CVE-2025-37945 CVE-2025-37977 CVE-2025-38011 CVE-2025-38022 CVE-2025-38029 CVE-2025-38038 CVE-2025-38041 CVE-2025-38042 CVE-2025-38057 CVE-2025-38060 CVE-2025-38064 CVE-2025-38069 CVE-2025-38096 CVE-2025-38099 CVE-2025-38104 CVE-2025-38125 CVE-2025-38129 CVE-2025-38132 CVE-2025-38140 CVE-2025-38162 CVE-2025-38164 CVE-2025-38189 CVE-2025-38199 CVE-2025-38201 CVE-2025-38203 CVE-2025-38204 CVE-2025-38206 CVE-2025-38207 CVE-2025-38232 CVE-2025-38234 CVE-2025-38237 CVE-2025-38248 CVE-2025-38261 CVE-2025-38264 CVE-2025-38269 CVE-2025-38272 CVE-2025-38279 CVE-2025-38292 CVE-2025-38303 CVE-2025-38311 CVE-2025-38333 CVE-2025-38359 CVE-2025-38361 CVE-2025-38408 CVE-2025-38414 CVE-2025-38426 CVE-2025-38438 CVE-2025-38507 CVE-2025-38531 CVE-2025-38556 CVE-2025-38582 CVE-2025-38584 CVE-2025-38585 CVE-2025-38591 CVE-2025-38595 CVE-2025-38597 CVE-2025-38605 CVE-2025-38627 CVE-2025-38636 CVE-2025-38656 CVE-2025-38660 CVE-2025-38704 CVE-2025-38705 CVE-2025-38710 CVE-2025-38717 CVE-2025-38722 CVE-2025-39677 CVE-2025-39705 CVE-2025-39707 CVE-2025-39732 CVE-2025-39745 CVE-2025-39746 CVE-2025-39747 CVE-2025-39748 CVE-2025-39754 CVE-2025-39762 CVE-2025-39764 CVE-2025-39779 CVE-2025-39789 CVE-2025-39805 CVE-2025-39810 CVE-2025-39829 CVE-2025-39833 CVE-2025-39850 CVE-2025-39851 CVE-2025-39859 CVE-2025-39862 CVE-2025-39901 CVE-2025-39905 CVE-2025-39910 CVE-2025-39925 CVE-2025-39927 CVE-2025-39932 CVE-2025-39933 CVE-2025-39940 CVE-2025-39948 CVE-2025-39958 CVE-2025-40005 CVE-2025-40082 CVE-2025-40325 CVE-2025-4598 CVE-2025-68358 CVE-2025-68823 CVE-2025-71072 CVE-2025-71073 CVE-2025-71074 CVE-2025-71109 CVE-2025-71152 CVE-2025-71161 CVE-2025-71184 CVE-2025-71202 CVE-2025-71203 CVE-2025-71204 CVE-2025-71220 CVE-2025-71221 CVE-2025-71222 CVE-2025-71223 CVE-2025-71225 CVE-2025-71227 CVE-2025-71229 CVE-2025-71232 CVE-2025-71233 CVE-2025-71235 CVE-2025-71236 CVE-2025-71237 CVE-2025-71238 CVE-2026-22996 CVE-2026-23000 CVE-2026-23004 CVE-2026-23066 CVE-2026-23100 CVE-2026-23111 CVE-2026-23112 CVE-2026-23118 CVE-2026-23137 CVE-2026-23138 CVE-2026-23154 CVE-2026-23157 CVE-2026-23169 CVE-2026-23171 CVE-2026-23187 CVE-2026-23190 CVE-2026-23191 CVE-2026-23193 CVE-2026-23198 CVE-2026-23200 CVE-2026-23202 CVE-2026-23204 CVE-2026-23205 CVE-2026-23206 CVE-2026-23207 CVE-2026-23208 CVE-2026-23209 CVE-2026-23213 CVE-2026-23214 CVE-2026-23216 CVE-2026-23220 CVE-2026-23221 CVE-2026-23222 CVE-2026-23226 CVE-2026-23227 CVE-2026-23228 CVE-2026-23229 CVE-2026-23230 CVE-2026-23231 CVE-2026-23233 CVE-2026-23234 CVE-2026-23235 CVE-2026-23236 CVE-2026-23237 CVE-2026-23238), for more information check /home/andrew/build-rock5a/tmp-glibc/work/tactiq_rock5a-oe-linux/linux-yocto/6.6.123+git/temp/cve.log
NOTE: recipe linux-yocto-6.6.123+git-r0: task do_cve_check: Succeeded
NOTE: Running task 3117 of 4895 (/home/andrew/poky/meta/recipes-core/meta/cve-update-nvd2-native.bb:do_collect_spdx_deps)
NOTE: recipe cve-update-nvd2-native-1.0-r0: task do_collect_spdx_deps: Started
NOTE: recipe cve-update-nvd2-native-1.0-r0: task do_collect_spdx_deps: Succeeded
NOTE: Running task 3118 of 4895 (/home/andrew/poky/meta/recipes-core/meta/cve-update-nvd2-native.bb:do_create_spdx)
NOTE: recipe cve-update-nvd2-native-1.0-r0: task do_create_spdx: Started
NOTE: recipe cve-update-nvd2-native-1.0-r0: task do_create_spdx: Succeeded
NOTE: Running task 3119 of 4895 (/home/andrew/poky/meta/recipes-core/meta/cve-update-nvd2-native.bb:do_create_runtime_spdx)
NOTE: recipe cve-update-nvd2-native-1.0-r0: task do_create_runtime_spdx: Started
NOTE: recipe cve-update-nvd2-native-1.0-r0: task do_create_runtime_spdx: Succeeded
NOTE: Running task 3120 of 4895 (/home/andrew/poky/meta/recipes-core/meta/cve-update-nvd2-native.bb:do_rm_work)
NOTE: recipe cve-update-nvd2-native-1.0-r0: task do_rm_work: Started
NOTE: recipe cve-update-nvd2-native-1.0-r0: task do_rm_work: Succeeded
NOTE: Running task 3122 of 4895 (/home/andrew/poky/meta/recipes-devtools/elfutils/elfutils_0.191.bb:do_fetch)
NOTE: recipe elfutils-0.191-r0: task do_fetch: Started
NOTE: recipe elfutils-0.191-r0: task do_fetch: Succeeded
NOTE: Running task 3124 of 4895 (/home/andrew/poky/meta/recipes-devtools/elfutils/elfutils_0.191.bb:do_unpack)
NOTE: recipe elfutils-0.191-r0: task do_unpack: Started
NOTE: recipe elfutils-0.191-r0: task do_unpack: Succeeded
NOTE: Running task 3127 of 4895 (/home/andrew/poky/meta/recipes-devtools/elfutils/elfutils_0.191.bb:do_collect_spdx_deps)
NOTE: recipe elfutils-0.191-r0: task do_collect_spdx_deps: Started
NOTE: recipe elfutils-0.191-r0: task do_collect_spdx_deps: Succeeded
NOTE: Running task 3138 of 4895 (/home/andrew/poky/meta/recipes-devtools/elfutils/elfutils_0.191.bb:do_create_spdx)
NOTE: recipe elfutils-0.191-r0: task do_create_spdx: Started
NOTE: recipe elfutils-0.191-r0: task do_create_spdx: Succeeded
NOTE: Running task 3139 of 4895 (/home/andrew/poky/meta/recipes-devtools/elfutils/elfutils_0.191.bb:do_create_runtime_spdx)
NOTE: recipe elfutils-0.191-r0: task do_create_runtime_spdx: Started
NOTE: recipe elfutils-0.191-r0: task do_create_runtime_spdx: Succeeded
NOTE: Running task 3141 of 4895 (/home/andrew/poky/meta/recipes-devtools/elfutils/elfutils_0.191.bb:do_rm_work)
NOTE: recipe elfutils-0.191-r0: task do_rm_work: Started
NOTE: recipe elfutils-0.191-r0: task do_rm_work: Succeeded
NOTE: Running task 3156 of 4895 (virtual:native:/home/andrew/poky/meta/recipes-devtools/python/python3-typing-extensions_4.10.0.bb:do_rm_work)
NOTE: recipe python3-typing-extensions-native-4.10.0-r0: task do_rm_work: Started
NOTE: recipe python3-typing-extensions-native-4.10.0-r0: task do_rm_work: Succeeded
NOTE: Running task 3171 of 4895 (virtual:native:/home/andrew/poky/meta/recipes-devtools/python/python3-tomli_2.0.1.bb:do_rm_work)
NOTE: recipe python3-tomli-native-2.0.1-r0: task do_rm_work: Started
NOTE: recipe python3-tomli-native-2.0.1-r0: task do_rm_work: Succeeded
NOTE: Running task 3186 of 4895 (virtual:native:/home/andrew/poky/meta/recipes-devtools/docbook-xml/docbook-xml-dtd4_4.5.bb:do_rm_work)
NOTE: recipe docbook-xml-dtd4-native-4.5-r0: task do_rm_work: Started
NOTE: recipe docbook-xml-dtd4-native-4.5-r0: task do_rm_work: Succeeded
NOTE: Running task 3201 of 4895 (virtual:native:/home/andrew/poky/meta/recipes-devtools/docbook-xml/docbook-xsl-stylesheets_1.79.1.bb:do_rm_work)
NOTE: recipe docbook-xsl-stylesheets-native-1.79.1-r0: task do_rm_work: Started
NOTE: recipe docbook-xsl-stylesheets-native-1.79.1-r0: task do_rm_work: Succeeded
NOTE: Running task 3216 of 4895 (virtual:native:/home/andrew/poky/meta/recipes-support/libxslt/libxslt_1.1.43.bb:do_rm_work)
NOTE: recipe libxslt-native-1.1.43-r0: task do_rm_work: Started
NOTE: recipe libxslt-native-1.1.43-r0: task do_rm_work: Succeeded
NOTE: Running task 3218 of 4895 (/home/andrew/poky/meta/recipes-extended/bash/bash_5.2.21.bb:do_fetch)
NOTE: recipe bash-5.2.21-r0: task do_fetch: Started
NOTE: recipe bash-5.2.21-r0: task do_fetch: Succeeded
NOTE: Running task 3220 of 4895 (/home/andrew/poky/meta/recipes-extended/bash/bash_5.2.21.bb:do_unpack)
NOTE: recipe bash-5.2.21-r0: task do_unpack: Started
NOTE: recipe bash-5.2.21-r0: task do_unpack: Succeeded
NOTE: Running task 3223 of 4895 (/home/andrew/poky/meta/recipes-extended/bash/bash_5.2.21.bb:do_collect_spdx_deps)
NOTE: recipe bash-5.2.21-r0: task do_collect_spdx_deps: Started
NOTE: recipe bash-5.2.21-r0: task do_collect_spdx_deps: Succeeded
NOTE: Running task 3238 of 4895 (/home/andrew/poky/meta/recipes-extended/bash/bash_5.2.21.bb:do_create_spdx)
NOTE: recipe bash-5.2.21-r0: task do_create_spdx: Started
NOTE: recipe bash-5.2.21-r0: task do_create_spdx: Succeeded
NOTE: Running task 3239 of 4895 (/home/andrew/poky/meta/recipes-support/bash-completion/bash-completion_2.12.0.bb:do_create_runtime_spdx)
NOTE: recipe bash-completion-2.12.0-r0: task do_create_runtime_spdx: Started
NOTE: recipe bash-completion-2.12.0-r0: task do_create_runtime_spdx: Succeeded
NOTE: Running task 3240 of 4895 (/home/andrew/poky/meta/recipes-support/bash-completion/bash-completion_2.12.0.bb:do_rm_work)
NOTE: recipe bash-completion-2.12.0-r0: task do_rm_work: Started
NOTE: recipe bash-completion-2.12.0-r0: task do_rm_work: Succeeded
NOTE: Running task 3241 of 4895 (/home/andrew/poky/meta/recipes-devtools/opkg-utils/opkg-utils_0.6.3.bb:do_create_runtime_spdx)
NOTE: recipe opkg-utils-0.6.3-r0: task do_create_runtime_spdx: Started
NOTE: recipe opkg-utils-0.6.3-r0: task do_create_runtime_spdx: Succeeded
NOTE: Running task 3242 of 4895 (/home/andrew/poky/meta/recipes-devtools/opkg-utils/opkg-utils_0.6.3.bb:do_rm_work)
NOTE: recipe opkg-utils-0.6.3-r0: task do_rm_work: Started
NOTE: recipe opkg-utils-0.6.3-r0: task do_rm_work: Succeeded
NOTE: Running task 3243 of 4895 (/home/andrew/poky/meta/recipes-extended/bash/bash_5.2.21.bb:do_create_runtime_spdx)
NOTE: recipe bash-5.2.21-r0: task do_create_runtime_spdx: Started
NOTE: recipe bash-5.2.21-r0: task do_create_runtime_spdx: Succeeded
NOTE: Running task 3245 of 4895 (/home/andrew/poky/meta/recipes-extended/bash/bash_5.2.21.bb:do_rm_work)
NOTE: recipe bash-5.2.21-r0: task do_rm_work: Started
NOTE: recipe bash-5.2.21-r0: task do_rm_work: Succeeded
NOTE: Running task 3247 of 4895 (/home/andrew/poky/meta/recipes-core/dbus/dbus_1.14.10.bb:do_fetch)
NOTE: recipe dbus-1.14.10-r0: task do_fetch: Started
NOTE: recipe dbus-1.14.10-r0: task do_fetch: Succeeded
NOTE: Running task 3249 of 4895 (/home/andrew/poky/meta/recipes-core/dbus/dbus_1.14.10.bb:do_unpack)
NOTE: recipe dbus-1.14.10-r0: task do_unpack: Started
NOTE: recipe dbus-1.14.10-r0: task do_unpack: Succeeded
NOTE: Running task 3252 of 4895 (/home/andrew/poky/meta/recipes-core/dbus/dbus_1.14.10.bb:do_collect_spdx_deps)
NOTE: recipe dbus-1.14.10-r0: task do_collect_spdx_deps: Started
NOTE: recipe dbus-1.14.10-r0: task do_collect_spdx_deps: Succeeded
NOTE: Running task 3262 of 4895 (/home/andrew/poky/meta/recipes-core/dbus/dbus_1.14.10.bb:do_create_spdx)
NOTE: recipe dbus-1.14.10-r0: task do_create_spdx: Started
NOTE: recipe dbus-1.14.10-r0: task do_create_spdx: Succeeded
NOTE: Running task 3263 of 4895 (/home/andrew/poky/meta/recipes-core/dbus/dbus_1.14.10.bb:do_create_runtime_spdx)
NOTE: recipe dbus-1.14.10-r0: task do_create_runtime_spdx: Started
NOTE: recipe dbus-1.14.10-r0: task do_create_runtime_spdx: Succeeded
NOTE: Running task 3281 of 4895 (virtual:native:/home/andrew/poky/meta/recipes-gnome/gobject-introspection/gobject-introspection_1.78.1.bb:do_rm_work)
NOTE: recipe gobject-introspection-native-1.78.1-r0: task do_rm_work: Started
NOTE: recipe gobject-introspection-native-1.78.1-r0: task do_rm_work: Succeeded
NOTE: Running task 3283 of 4895 (/home/andrew/poky/meta/recipes-gnome/json-glib/json-glib_1.8.0.bb:do_fetch)
NOTE: recipe json-glib-1.8.0-r0: task do_fetch: Started
NOTE: recipe json-glib-1.8.0-r0: task do_fetch: Succeeded
NOTE: Running task 3285 of 4895 (/home/andrew/poky/meta/recipes-gnome/json-glib/json-glib_1.8.0.bb:do_unpack)
NOTE: recipe json-glib-1.8.0-r0: task do_unpack: Started
NOTE: recipe json-glib-1.8.0-r0: task do_unpack: Succeeded
NOTE: Running task 3288 of 4895 (/home/andrew/poky/meta/recipes-gnome/json-glib/json-glib_1.8.0.bb:do_collect_spdx_deps)
NOTE: recipe json-glib-1.8.0-r0: task do_collect_spdx_deps: Started
NOTE: recipe json-glib-1.8.0-r0: task do_collect_spdx_deps: Succeeded
NOTE: Running task 3299 of 4895 (/home/andrew/poky/meta/recipes-gnome/json-glib/json-glib_1.8.0.bb:do_create_spdx)
NOTE: recipe json-glib-1.8.0-r0: task do_create_spdx: Started
NOTE: recipe json-glib-1.8.0-r0: task do_create_spdx: Succeeded
NOTE: Running task 3300 of 4895 (/home/andrew/poky/meta/recipes-gnome/json-glib/json-glib_1.8.0.bb:do_create_runtime_spdx)
NOTE: recipe json-glib-1.8.0-r0: task do_create_runtime_spdx: Started
NOTE: recipe json-glib-1.8.0-r0: task do_create_runtime_spdx: Succeeded
NOTE: Running task 3302 of 4895 (/home/andrew/poky/meta/recipes-gnome/json-glib/json-glib_1.8.0.bb:do_rm_work)
NOTE: recipe json-glib-1.8.0-r0: task do_rm_work: Started
NOTE: recipe json-glib-1.8.0-r0: task do_rm_work: Succeeded
NOTE: Running task 3304 of 4895 (/home/andrew/poky/meta/recipes-support/libnl/libnl_3.9.0.bb:do_fetch)
NOTE: recipe libnl-1_3.9.0-r0: task do_fetch: Started
NOTE: recipe libnl-1_3.9.0-r0: task do_fetch: Succeeded
NOTE: Running task 3306 of 4895 (/home/andrew/poky/meta/recipes-support/libnl/libnl_3.9.0.bb:do_unpack)
NOTE: recipe libnl-1_3.9.0-r0: task do_unpack: Started
NOTE: recipe libnl-1_3.9.0-r0: task do_unpack: Succeeded
NOTE: Running task 3309 of 4895 (/home/andrew/poky/meta/recipes-support/libnl/libnl_3.9.0.bb:do_collect_spdx_deps)
NOTE: recipe libnl-1_3.9.0-r0: task do_collect_spdx_deps: Started
NOTE: recipe libnl-1_3.9.0-r0: task do_collect_spdx_deps: Succeeded
NOTE: Running task 3320 of 4895 (/home/andrew/poky/meta/recipes-support/libnl/libnl_3.9.0.bb:do_create_spdx)
NOTE: recipe libnl-1_3.9.0-r0: task do_create_spdx: Started
NOTE: recipe libnl-1_3.9.0-r0: task do_create_spdx: Succeeded
NOTE: Running task 3321 of 4895 (/home/andrew/poky/meta/recipes-support/libnl/libnl_3.9.0.bb:do_create_runtime_spdx)
NOTE: recipe libnl-1_3.9.0-r0: task do_create_runtime_spdx: Started
NOTE: recipe libnl-1_3.9.0-r0: task do_create_runtime_spdx: Succeeded
NOTE: Running task 3323 of 4895 (/home/andrew/poky/meta/recipes-support/libnl/libnl_3.9.0.bb:do_rm_work)
NOTE: recipe libnl-1_3.9.0-r0: task do_rm_work: Started
NOTE: recipe libnl-1_3.9.0-r0: task do_rm_work: Succeeded
NOTE: Running task 3325 of 4895 (/home/andrew/poky/meta/recipes-support/lz4/lz4_1.9.4.bb:do_fetch)
NOTE: recipe lz4-1_1.9.4-r0: task do_fetch: Started
NOTE: recipe lz4-1_1.9.4-r0: task do_fetch: Succeeded
NOTE: Running task 3327 of 4895 (/home/andrew/poky/meta/recipes-support/lz4/lz4_1.9.4.bb:do_unpack)
NOTE: recipe lz4-1_1.9.4-r0: task do_unpack: Started
NOTE: recipe lz4-1_1.9.4-r0: task do_unpack: Succeeded
NOTE: Running task 3330 of 4895 (/home/andrew/poky/meta/recipes-support/lz4/lz4_1.9.4.bb:do_collect_spdx_deps)
NOTE: recipe lz4-1_1.9.4-r0: task do_collect_spdx_deps: Started
NOTE: recipe lz4-1_1.9.4-r0: task do_collect_spdx_deps: Succeeded
NOTE: Running task 3341 of 4895 (/home/andrew/poky/meta/recipes-support/lz4/lz4_1.9.4.bb:do_create_spdx)
NOTE: recipe lz4-1_1.9.4-r0: task do_create_spdx: Started
NOTE: recipe lz4-1_1.9.4-r0: task do_create_spdx: Succeeded
NOTE: Running task 3342 of 4895 (/home/andrew/poky/meta/recipes-support/lz4/lz4_1.9.4.bb:do_create_runtime_spdx)
NOTE: recipe lz4-1_1.9.4-r0: task do_create_runtime_spdx: Started
NOTE: recipe lz4-1_1.9.4-r0: task do_create_runtime_spdx: Succeeded
NOTE: Running task 3344 of 4895 (/home/andrew/poky/meta/recipes-support/lz4/lz4_1.9.4.bb:do_rm_work)
NOTE: recipe lz4-1_1.9.4-r0: task do_rm_work: Started
NOTE: recipe lz4-1_1.9.4-r0: task do_rm_work: Succeeded
NOTE: Running task 3346 of 4895 (/home/andrew/poky/meta/recipes-support/lzo/lzo_2.10.bb:do_fetch)
NOTE: recipe lzo-2.10-r0: task do_fetch: Started
NOTE: recipe lzo-2.10-r0: task do_fetch: Succeeded
NOTE: Running task 3348 of 4895 (/home/andrew/poky/meta/recipes-support/lzo/lzo_2.10.bb:do_unpack)
NOTE: recipe lzo-2.10-r0: task do_unpack: Started
NOTE: recipe lzo-2.10-r0: task do_unpack: Succeeded
NOTE: Running task 3351 of 4895 (/home/andrew/poky/meta/recipes-support/lzo/lzo_2.10.bb:do_collect_spdx_deps)
NOTE: recipe lzo-2.10-r0: task do_collect_spdx_deps: Started
NOTE: recipe lzo-2.10-r0: task do_collect_spdx_deps: Succeeded
NOTE: Running task 3362 of 4895 (/home/andrew/poky/meta/recipes-support/lzo/lzo_2.10.bb:do_create_spdx)
NOTE: recipe lzo-2.10-r0: task do_create_spdx: Started
NOTE: recipe lzo-2.10-r0: task do_create_spdx: Succeeded
NOTE: Running task 3363 of 4895 (/home/andrew/poky/meta/recipes-support/lzo/lzo_2.10.bb:do_create_runtime_spdx)
NOTE: recipe lzo-2.10-r0: task do_create_runtime_spdx: Started
NOTE: recipe lzo-2.10-r0: task do_create_runtime_spdx: Succeeded
NOTE: Running task 3365 of 4895 (/home/andrew/poky/meta/recipes-support/lzo/lzo_2.10.bb:do_rm_work)
NOTE: recipe lzo-2.10-r0: task do_rm_work: Started
NOTE: recipe lzo-2.10-r0: task do_rm_work: Succeeded
NOTE: Running task 3367 of 4895 (/home/andrew/poky/meta/recipes-core/readline/readline_8.2.bb:do_fetch)
NOTE: recipe readline-8.2-r0: task do_fetch: Started
NOTE: recipe readline-8.2-r0: task do_fetch: Succeeded
NOTE: Running task 3369 of 4895 (/home/andrew/poky/meta/recipes-core/readline/readline_8.2.bb:do_unpack)
NOTE: recipe readline-8.2-r0: task do_unpack: Started
NOTE: recipe readline-8.2-r0: task do_unpack: Succeeded
NOTE: Running task 3372 of 4895 (/home/andrew/poky/meta/recipes-core/readline/readline_8.2.bb:do_collect_spdx_deps)
NOTE: recipe readline-8.2-r0: task do_collect_spdx_deps: Started
NOTE: recipe readline-8.2-r0: task do_collect_spdx_deps: Succeeded
NOTE: Running task 3383 of 4895 (/home/andrew/poky/meta/recipes-core/readline/readline_8.2.bb:do_create_spdx)
NOTE: recipe readline-8.2-r0: task do_create_spdx: Started
NOTE: recipe readline-8.2-r0: task do_create_spdx: Succeeded
NOTE: Running task 3384 of 4895 (/home/andrew/poky/meta/recipes-core/readline/readline_8.2.bb:do_create_runtime_spdx)
NOTE: recipe readline-8.2-r0: task do_create_runtime_spdx: Started
NOTE: recipe readline-8.2-r0: task do_create_runtime_spdx: Succeeded
NOTE: Running task 3386 of 4895 (/home/andrew/poky/meta/recipes-core/readline/readline_8.2.bb:do_rm_work)
NOTE: recipe readline-8.2-r0: task do_rm_work: Started
NOTE: recipe readline-8.2-r0: task do_rm_work: Succeeded
NOTE: Running task 3388 of 4895 (/home/andrew/poky/meta/recipes-support/libyaml/libyaml_0.2.5.bb:do_fetch)
NOTE: recipe libyaml-0.2.5-r0: task do_fetch: Started
NOTE: recipe libyaml-0.2.5-r0: task do_fetch: Succeeded
NOTE: Running task 3390 of 4895 (/home/andrew/poky/meta/recipes-support/libyaml/libyaml_0.2.5.bb:do_unpack)
NOTE: recipe libyaml-0.2.5-r0: task do_unpack: Started
NOTE: recipe libyaml-0.2.5-r0: task do_unpack: Succeeded
NOTE: Running task 3391 of 4895 (/home/andrew/poky/meta/recipes-support/libyaml/libyaml_0.2.5.bb:do_collect_spdx_deps)
NOTE: recipe libyaml-0.2.5-r0: task do_collect_spdx_deps: Started
NOTE: recipe libyaml-0.2.5-r0: task do_collect_spdx_deps: Succeeded
NOTE: Running task 3402 of 4895 (/home/andrew/poky/meta/recipes-support/libyaml/libyaml_0.2.5.bb:do_create_spdx)
NOTE: recipe libyaml-0.2.5-r0: task do_create_spdx: Started
NOTE: recipe libyaml-0.2.5-r0: task do_create_spdx: Succeeded
NOTE: Running task 3403 of 4895 (/home/andrew/poky/meta/recipes-support/libyaml/libyaml_0.2.5.bb:do_create_runtime_spdx)
NOTE: recipe libyaml-0.2.5-r0: task do_create_runtime_spdx: Started
NOTE: recipe libyaml-0.2.5-r0: task do_create_runtime_spdx: Succeeded
NOTE: Running task 3405 of 4895 (/home/andrew/poky/meta/recipes-support/libyaml/libyaml_0.2.5.bb:do_rm_work)
NOTE: recipe libyaml-0.2.5-r0: task do_rm_work: Started
NOTE: recipe libyaml-0.2.5-r0: task do_rm_work: Succeeded
NOTE: Running task 3407 of 4895 (/home/andrew/poky/meta/recipes-core/libxml/libxml2_2.12.10.bb:do_fetch)
NOTE: recipe libxml2-2.12.10-r0: task do_fetch: Started
NOTE: recipe libxml2-2.12.10-r0: task do_fetch: Succeeded
NOTE: Running task 3409 of 4895 (/home/andrew/poky/meta/recipes-core/libxml/libxml2_2.12.10.bb:do_unpack)
NOTE: recipe libxml2-2.12.10-r0: task do_unpack: Started
NOTE: recipe libxml2-2.12.10-r0: task do_unpack: Succeeded
NOTE: Running task 3410 of 4895 (/home/andrew/poky/meta/recipes-core/libxml/libxml2_2.12.10.bb:do_collect_spdx_deps)
NOTE: recipe libxml2-2.12.10-r0: task do_collect_spdx_deps: Started
NOTE: recipe libxml2-2.12.10-r0: task do_collect_spdx_deps: Succeeded
NOTE: Running task 3421 of 4895 (/home/andrew/poky/meta/recipes-core/libxml/libxml2_2.12.10.bb:do_create_spdx)
NOTE: recipe libxml2-2.12.10-r0: task do_create_spdx: Started
NOTE: recipe libxml2-2.12.10-r0: task do_create_spdx: Succeeded
NOTE: Running task 3422 of 4895 (/home/andrew/poky/meta/recipes-core/libxml/libxml2_2.12.10.bb:do_create_runtime_spdx)
NOTE: recipe libxml2-2.12.10-r0: task do_create_runtime_spdx: Started
NOTE: recipe libxml2-2.12.10-r0: task do_create_runtime_spdx: Succeeded
NOTE: Running task 3424 of 4895 (/home/andrew/poky/meta/recipes-core/libxml/libxml2_2.12.10.bb:do_rm_work)
NOTE: recipe libxml2-2.12.10-r0: task do_rm_work: Started
NOTE: recipe libxml2-2.12.10-r0: task do_rm_work: Succeeded
NOTE: Running task 3426 of 4895 (/home/andrew/poky/meta/recipes-extended/iptables/iptables_1.8.10.bb:do_fetch)
NOTE: recipe iptables-1.8.10-r0: task do_fetch: Started
NOTE: recipe iptables-1.8.10-r0: task do_fetch: Succeeded
NOTE: Running task 3428 of 4895 (/home/andrew/poky/meta/recipes-extended/iptables/iptables_1.8.10.bb:do_unpack)
NOTE: recipe iptables-1.8.10-r0: task do_unpack: Started
NOTE: recipe iptables-1.8.10-r0: task do_unpack: Succeeded
NOTE: Running task 3431 of 4895 (/home/andrew/poky/meta/recipes-extended/iptables/iptables_1.8.10.bb:do_collect_spdx_deps)
NOTE: recipe iptables-1.8.10-r0: task do_collect_spdx_deps: Started
NOTE: recipe iptables-1.8.10-r0: task do_collect_spdx_deps: Succeeded
NOTE: Running task 3440 of 4895 (/home/andrew/poky/meta/recipes-extended/iptables/iptables_1.8.10.bb:do_create_spdx)
NOTE: recipe iptables-1.8.10-r0: task do_create_spdx: Started
NOTE: recipe iptables-1.8.10-r0: task do_create_spdx: Succeeded
NOTE: Running task 3443 of 4895 (/home/andrew/poky/meta/recipes-extended/libmnl/libmnl_1.0.5.bb:do_fetch)
NOTE: recipe libmnl-1.0.5-r0: task do_fetch: Started
NOTE: recipe libmnl-1.0.5-r0: task do_fetch: Succeeded
NOTE: Running task 3445 of 4895 (/home/andrew/poky/meta/recipes-extended/libmnl/libmnl_1.0.5.bb:do_unpack)
NOTE: recipe libmnl-1.0.5-r0: task do_unpack: Started
NOTE: recipe libmnl-1.0.5-r0: task do_unpack: Succeeded
NOTE: Running task 3448 of 4895 (/home/andrew/poky/meta/recipes-extended/libmnl/libmnl_1.0.5.bb:do_collect_spdx_deps)
NOTE: recipe libmnl-1.0.5-r0: task do_collect_spdx_deps: Started
NOTE: recipe libmnl-1.0.5-r0: task do_collect_spdx_deps: Succeeded
NOTE: Running task 3459 of 4895 (/home/andrew/poky/meta/recipes-extended/libmnl/libmnl_1.0.5.bb:do_create_spdx)
NOTE: recipe libmnl-1.0.5-r0: task do_create_spdx: Started
NOTE: recipe libmnl-1.0.5-r0: task do_create_spdx: Succeeded
NOTE: Running task 3460 of 4895 (/home/andrew/poky/meta/recipes-extended/libmnl/libmnl_1.0.5.bb:do_create_runtime_spdx)
NOTE: recipe libmnl-1.0.5-r0: task do_create_runtime_spdx: Started
NOTE: recipe libmnl-1.0.5-r0: task do_create_runtime_spdx: Succeeded
NOTE: Running task 3462 of 4895 (/home/andrew/poky/meta/recipes-extended/libmnl/libmnl_1.0.5.bb:do_rm_work)
NOTE: recipe libmnl-1.0.5-r0: task do_rm_work: Started
NOTE: recipe libmnl-1.0.5-r0: task do_rm_work: Succeeded
NOTE: Running task 3464 of 4895 (/home/andrew/meta-openembedded/meta-oe/recipes-support/pps-tools/pps-tools_1.0.3.bb:do_fetch)
NOTE: recipe pps-tools-1.0.3-r0: task do_fetch: Started
NOTE: recipe pps-tools-1.0.3-r0: task do_fetch: Succeeded
NOTE: Running task 3466 of 4895 (/home/andrew/meta-openembedded/meta-oe/recipes-support/pps-tools/pps-tools_1.0.3.bb:do_unpack)
NOTE: recipe pps-tools-1.0.3-r0: task do_unpack: Started
NOTE: recipe pps-tools-1.0.3-r0: task do_unpack: Succeeded
NOTE: Running task 3469 of 4895 (/home/andrew/meta-openembedded/meta-oe/recipes-support/pps-tools/pps-tools_1.0.3.bb:do_collect_spdx_deps)
NOTE: recipe pps-tools-1.0.3-r0: task do_collect_spdx_deps: Started
NOTE: recipe pps-tools-1.0.3-r0: task do_collect_spdx_deps: Succeeded
NOTE: Running task 3480 of 4895 (/home/andrew/meta-openembedded/meta-oe/recipes-support/pps-tools/pps-tools_1.0.3.bb:do_create_spdx)
NOTE: recipe pps-tools-1.0.3-r0: task do_create_spdx: Started
NOTE: recipe pps-tools-1.0.3-r0: task do_create_spdx: Succeeded
NOTE: Running task 3481 of 4895 (/home/andrew/meta-openembedded/meta-oe/recipes-support/pps-tools/pps-tools_1.0.3.bb:do_create_runtime_spdx)
NOTE: recipe pps-tools-1.0.3-r0: task do_create_runtime_spdx: Started
NOTE: recipe pps-tools-1.0.3-r0: task do_create_runtime_spdx: Succeeded
NOTE: Running task 3483 of 4895 (/home/andrew/meta-openembedded/meta-oe/recipes-support/pps-tools/pps-tools_1.0.3.bb:do_rm_work)
NOTE: recipe pps-tools-1.0.3-r0: task do_rm_work: Started
NOTE: recipe pps-tools-1.0.3-r0: task do_rm_work: Succeeded
NOTE: Running task 3485 of 4895 (/home/andrew/meta-openembedded/meta-oe/recipes-support/onig/onig_6.9.9.bb:do_fetch)
NOTE: recipe onig-6.9.9-r0: task do_fetch: Started
NOTE: recipe onig-6.9.9-r0: task do_fetch: Succeeded
NOTE: Running task 3487 of 4895 (/home/andrew/meta-openembedded/meta-oe/recipes-support/onig/onig_6.9.9.bb:do_unpack)
NOTE: recipe onig-6.9.9-r0: task do_unpack: Started
NOTE: recipe onig-6.9.9-r0: task do_unpack: Succeeded
NOTE: Running task 3488 of 4895 (/home/andrew/meta-openembedded/meta-oe/recipes-support/onig/onig_6.9.9.bb:do_collect_spdx_deps)
NOTE: recipe onig-6.9.9-r0: task do_collect_spdx_deps: Started
NOTE: recipe onig-6.9.9-r0: task do_collect_spdx_deps: Succeeded
NOTE: Running task 3499 of 4895 (/home/andrew/meta-openembedded/meta-oe/recipes-support/onig/onig_6.9.9.bb:do_create_spdx)
NOTE: recipe onig-6.9.9-r0: task do_create_spdx: Started
NOTE: recipe onig-6.9.9-r0: task do_create_spdx: Succeeded
NOTE: Running task 3500 of 4895 (/home/andrew/meta-openembedded/meta-oe/recipes-support/onig/onig_6.9.9.bb:do_create_runtime_spdx)
NOTE: recipe onig-6.9.9-r0: task do_create_runtime_spdx: Started
NOTE: recipe onig-6.9.9-r0: task do_create_runtime_spdx: Succeeded
NOTE: Running task 3502 of 4895 (/home/andrew/meta-openembedded/meta-oe/recipes-support/onig/onig_6.9.9.bb:do_rm_work)
NOTE: recipe onig-6.9.9-r0: task do_rm_work: Started
NOTE: recipe onig-6.9.9-r0: task do_rm_work: Succeeded
NOTE: Running task 3531 of 4895 (virtual:native:/home/andrew/poky/meta/recipes-devtools/python/python3-pip_24.0.bb:do_rm_work)
NOTE: recipe python3-pip-native-24.0-r0: task do_rm_work: Started
NOTE: recipe python3-pip-native-24.0-r0: task do_rm_work: Succeeded
NOTE: Running task 3547 of 4895 (virtual:native:/home/andrew/poky/meta/recipes-devtools/python/python3-pyparsing_3.1.1.bb:do_rm_work)
NOTE: recipe python3-pyparsing-native-3.1.1-r0: task do_rm_work: Started
NOTE: recipe python3-pyparsing-native-3.1.1-r0: task do_rm_work: Succeeded
NOTE: Running task 3549 of 4895 (virtual:native:/home/andrew/poky/meta/recipes-devtools/python/python3-setuptools-scm_8.0.4.bb:do_rm_work)
NOTE: recipe python3-setuptools-scm-native-8.0.4-r0: task do_rm_work: Started
NOTE: recipe python3-setuptools-scm-native-8.0.4-r0: task do_rm_work: Succeeded
NOTE: Running task 3566 of 4895 (virtual:native:/home/andrew/poky/meta/recipes-devtools/xmlto/xmlto_0.0.28.bb:do_rm_work)
NOTE: recipe xmlto-native-0.0.28+0.0.29+git-r0: task do_rm_work: Started
NOTE: recipe xmlto-native-0.0.28+0.0.29+git-r0: task do_rm_work: Succeeded
NOTE: Running task 3581 of 4895 (virtual:native:/home/andrew/meta-selinux/recipes-security/selinux/libselinux_3.7.bb:do_rm_work)
NOTE: recipe libselinux-native-3.7-r0: task do_rm_work: Started
NOTE: recipe libselinux-native-3.7-r0: task do_rm_work: Succeeded
NOTE: Running task 3603 of 4895 (/home/andrew/poky/meta/recipes-devtools/python/python3_3.12.12.bb:do_create_runtime_spdx)
NOTE: recipe python3-3.12.12-r0: task do_create_runtime_spdx: Started
NOTE: recipe python3-3.12.12-r0: task do_create_runtime_spdx: Succeeded
NOTE: Running task 3604 of 4895 (/home/andrew/poky/meta/recipes-devtools/python/python3_3.12.12.bb:do_rm_work)
NOTE: recipe python3-3.12.12-r0: task do_rm_work: Started
NOTE: recipe python3-3.12.12-r0: task do_rm_work: Succeeded
NOTE: Running task 3605 of 4895 (/home/andrew/poky/meta/recipes-support/curl/curl_8.7.1.bb:do_create_runtime_spdx)
NOTE: recipe curl-8.7.1-r0: task do_create_runtime_spdx: Started
NOTE: recipe curl-8.7.1-r0: task do_create_runtime_spdx: Succeeded
NOTE: Running task 3606 of 4895 (/home/andrew/poky/meta/recipes-support/curl/curl_8.7.1.bb:do_rm_work)
NOTE: recipe curl-8.7.1-r0: task do_rm_work: Started
NOTE: recipe curl-8.7.1-r0: task do_rm_work: Succeeded
NOTE: Running task 3625 of 4895 (virtual:native:/home/andrew/poky/meta/recipes-core/update-rc.d/update-rc.d_0.8.bb:do_rm_work)
NOTE: recipe update-rc.d-native-0.8+git-r0: task do_rm_work: Started
NOTE: recipe update-rc.d-native-0.8+git-r0: task do_rm_work: Succeeded
NOTE: Running task 3627 of 4895 (/home/andrew/meta-openembedded/meta-oe/recipes-security/audit/audit_4.0.2.bb:do_rm_work)
NOTE: recipe audit-4.0.2-r0: task do_rm_work: Started
NOTE: recipe audit-4.0.2-r0: task do_rm_work: Succeeded
NOTE: Running task 3629 of 4895 (/home/andrew/poky/meta/recipes-core/dbus/dbus_1.14.10.bb:do_rm_work)
NOTE: recipe dbus-1.14.10-r0: task do_rm_work: Started
NOTE: recipe dbus-1.14.10-r0: task do_rm_work: Succeeded
NOTE: Running task 3631 of 4895 (/home/andrew/meta-selinux/recipes-security/selinux/libselinux-python_3.7.bb:do_fetch)
NOTE: recipe libselinux-python-3.7-r0: task do_fetch: Started
NOTE: recipe libselinux-python-3.7-r0: task do_fetch: Succeeded
NOTE: Running task 3633 of 4895 (/home/andrew/meta-selinux/recipes-security/selinux/libselinux-python_3.7.bb:do_unpack)
NOTE: recipe libselinux-python-3.7-r0: task do_unpack: Started
NOTE: recipe libselinux-python-3.7-r0: task do_unpack: Succeeded
NOTE: Running task 3634 of 4895 (/home/andrew/meta-selinux/recipes-security/selinux/libselinux-python_3.7.bb:do_collect_spdx_deps)
NOTE: recipe libselinux-python-3.7-r0: task do_collect_spdx_deps: Started
NOTE: recipe libselinux-python-3.7-r0: task do_collect_spdx_deps: Succeeded
NOTE: Running task 3645 of 4895 (/home/andrew/meta-selinux/recipes-security/selinux/libselinux-python_3.7.bb:do_create_spdx)
NOTE: recipe libselinux-python-3.7-r0: task do_create_spdx: Started
NOTE: recipe libselinux-python-3.7-r0: task do_create_spdx: Succeeded
NOTE: Running task 3646 of 4895 (/home/andrew/meta-selinux/recipes-security/selinux/libselinux-python_3.7.bb:do_create_runtime_spdx)
NOTE: recipe libselinux-python-3.7-r0: task do_create_runtime_spdx: Started
NOTE: recipe libselinux-python-3.7-r0: task do_create_runtime_spdx: Succeeded
NOTE: Running task 3648 of 4895 (/home/andrew/meta-selinux/recipes-security/selinux/libselinux-python_3.7.bb:do_rm_work)
NOTE: recipe libselinux-python-3.7-r0: task do_rm_work: Started
NOTE: recipe libselinux-python-3.7-r0: task do_rm_work: Succeeded
NOTE: Running task 3650 of 4895 (/home/andrew/poky/meta/recipes-extended/findutils/findutils_4.9.0.bb:do_fetch)
NOTE: recipe findutils-4.9.0-r0: task do_fetch: Started
NOTE: recipe findutils-4.9.0-r0: task do_fetch: Succeeded
NOTE: Running task 3652 of 4895 (/home/andrew/poky/meta/recipes-extended/findutils/findutils_4.9.0.bb:do_unpack)
NOTE: recipe findutils-4.9.0-r0: task do_unpack: Started
NOTE: recipe findutils-4.9.0-r0: task do_unpack: Succeeded
NOTE: Running task 3655 of 4895 (/home/andrew/poky/meta/recipes-extended/findutils/findutils_4.9.0.bb:do_collect_spdx_deps)
NOTE: recipe findutils-4.9.0-r0: task do_collect_spdx_deps: Started
NOTE: recipe findutils-4.9.0-r0: task do_collect_spdx_deps: Succeeded
NOTE: Running task 3666 of 4895 (/home/andrew/poky/meta/recipes-extended/findutils/findutils_4.9.0.bb:do_create_spdx)
NOTE: recipe findutils-4.9.0-r0: task do_create_spdx: Started
NOTE: recipe findutils-4.9.0-r0: task do_create_spdx: Succeeded
NOTE: Running task 3667 of 4895 (/home/andrew/poky/meta/recipes-extended/findutils/findutils_4.9.0.bb:do_create_runtime_spdx)
NOTE: recipe findutils-4.9.0-r0: task do_create_runtime_spdx: Started
NOTE: recipe findutils-4.9.0-r0: task do_create_runtime_spdx: Succeeded
NOTE: Running task 3669 of 4895 (/home/andrew/poky/meta/recipes-extended/findutils/findutils_4.9.0.bb:do_rm_work)
NOTE: recipe findutils-4.9.0-r0: task do_rm_work: Started
NOTE: recipe findutils-4.9.0-r0: task do_rm_work: Succeeded
NOTE: Running task 3671 of 4895 (/home/andrew/poky/meta/recipes-bsp/u-boot/libubootenv_0.3.5.bb:do_fetch)
NOTE: recipe libubootenv-0.3.5-r0: task do_fetch: Started
NOTE: recipe libubootenv-0.3.5-r0: task do_fetch: Succeeded
NOTE: Running task 3673 of 4895 (/home/andrew/poky/meta/recipes-bsp/u-boot/libubootenv_0.3.5.bb:do_unpack)
NOTE: recipe libubootenv-0.3.5-r0: task do_unpack: Started
NOTE: recipe libubootenv-0.3.5-r0: task do_unpack: Succeeded
NOTE: Running task 3676 of 4895 (/home/andrew/poky/meta/recipes-bsp/u-boot/libubootenv_0.3.5.bb:do_collect_spdx_deps)
NOTE: recipe libubootenv-0.3.5-r0: task do_collect_spdx_deps: Started
NOTE: recipe libubootenv-0.3.5-r0: task do_collect_spdx_deps: Succeeded
NOTE: Running task 3688 of 4895 (/home/andrew/poky/meta/recipes-bsp/u-boot/libubootenv_0.3.5.bb:do_create_spdx)
NOTE: recipe libubootenv-0.3.5-r0: task do_create_spdx: Started
NOTE: recipe libubootenv-0.3.5-r0: task do_create_spdx: Succeeded
NOTE: Running task 3689 of 4895 (/home/andrew/poky/meta/recipes-bsp/u-boot/libubootenv_0.3.5.bb:do_create_runtime_spdx)
NOTE: recipe libubootenv-0.3.5-r0: task do_create_runtime_spdx: Started
NOTE: recipe libubootenv-0.3.5-r0: task do_create_runtime_spdx: Succeeded
NOTE: Running task 3691 of 4895 (/home/andrew/poky/meta/recipes-bsp/u-boot/libubootenv_0.3.5.bb:do_rm_work)
NOTE: recipe libubootenv-0.3.5-r0: task do_rm_work: Started
NOTE: recipe libubootenv-0.3.5-r0: task do_rm_work: Succeeded
NOTE: Running task 3693 of 4895 (/home/andrew/meta-selinux/recipes-security/selinux/policycoreutils_3.7.bb:do_fetch)
NOTE: recipe policycoreutils-3.7-r0: task do_fetch: Started
NOTE: recipe policycoreutils-3.7-r0: task do_fetch: Succeeded
NOTE: Running task 3695 of 4895 (/home/andrew/meta-selinux/recipes-security/selinux/policycoreutils_3.7.bb:do_unpack)
NOTE: recipe policycoreutils-3.7-r0: task do_unpack: Started
NOTE: recipe policycoreutils-3.7-r0: task do_unpack: Succeeded
NOTE: Running task 3698 of 4895 (/home/andrew/meta-selinux/recipes-security/selinux/policycoreutils_3.7.bb:do_collect_spdx_deps)
NOTE: recipe policycoreutils-3.7-r0: task do_collect_spdx_deps: Started
NOTE: recipe policycoreutils-3.7-r0: task do_collect_spdx_deps: Succeeded
NOTE: Running task 3707 of 4895 (/home/andrew/meta-selinux/recipes-security/selinux/policycoreutils_3.7.bb:do_create_spdx)
NOTE: recipe policycoreutils-3.7-r0: task do_create_spdx: Started
NOTE: recipe policycoreutils-3.7-r0: task do_create_spdx: Succeeded
NOTE: Running task 3725 of 4895 (virtual:native:/home/andrew/poky/meta/recipes-support/shared-mime-info/shared-mime-info_2.4.bb:do_rm_work)
NOTE: recipe shared-mime-info-native-2.4-r0: task do_rm_work: Started
NOTE: recipe shared-mime-info-native-2.4-r0: task do_rm_work: Succeeded
NOTE: Running task 3744 of 4895 (/home/andrew/poky/meta/recipes-devtools/qemu/qemuwrapper-cross_1.0.bb:do_rm_work)
NOTE: recipe qemuwrapper-cross-1.0-r0: task do_rm_work: Started
NOTE: recipe qemuwrapper-cross-1.0-r0: task do_rm_work: Succeeded
NOTE: Running task 3754 of 4895 (/home/andrew/poky/meta/recipes-core/glibc/glibc-locale_2.39.bb:do_collect_spdx_deps)
NOTE: recipe glibc-locale-2.39+git-r0: task do_collect_spdx_deps: Started
NOTE: recipe glibc-locale-2.39+git-r0: task do_collect_spdx_deps: Succeeded
NOTE: Running task 3762 of 4895 (/home/andrew/poky/meta/recipes-core/glibc/cross-localedef-native_2.39.bb:do_rm_work)
NOTE: recipe cross-localedef-native-2.39+git-r0: task do_rm_work: Started
NOTE: recipe cross-localedef-native-2.39+git-r0: task do_rm_work: Succeeded
NOTE: Running task 3770 of 4895 (/home/andrew/poky/meta/recipes-core/glibc/glibc-locale_2.39.bb:do_create_spdx)
NOTE: recipe glibc-locale-2.39+git-r0: task do_create_spdx: Started
NOTE: recipe glibc-locale-2.39+git-r0: task do_create_spdx: Succeeded
NOTE: Running task 3771 of 4895 (/home/andrew/poky/meta/recipes-core/glibc/glibc-locale_2.39.bb:do_create_runtime_spdx)
NOTE: recipe glibc-locale-2.39+git-r0: task do_create_runtime_spdx: Started
NOTE: recipe glibc-locale-2.39+git-r0: task do_create_runtime_spdx: Succeeded
NOTE: Running task 3789 of 4895 (virtual:native:/home/andrew/meta-selinux/recipes-security/selinux/libsemanage_3.7.bb:do_rm_work)
NOTE: recipe libsemanage-native-3.7-r0: task do_rm_work: Started
NOTE: recipe libsemanage-native-3.7-r0: task do_rm_work: Succeeded
NOTE: Running task 3804 of 4895 (virtual:native:/home/andrew/poky/meta/recipes-devtools/python/python3-cython_3.0.8.bb:do_rm_work)
NOTE: recipe python3-cython-native-3.0.8-r0: task do_rm_work: Started
NOTE: recipe python3-cython-native-3.0.8-r0: task do_rm_work: Succeeded
NOTE: Running task 3806 of 4895 (/home/andrew/meta-rauc/recipes-core/rauc/rauc_1.15.2.bb:do_fetch)
NOTE: recipe rauc-1.15.2-r0: task do_fetch: Started
NOTE: recipe rauc-1.15.2-r0: task do_fetch: Succeeded
NOTE: Running task 3808 of 4895 (/home/andrew/meta-rauc/recipes-core/rauc/rauc_1.15.2.bb:do_unpack)
NOTE: recipe rauc-1.15.2-r0: task do_unpack: Started
NOTE: recipe rauc-1.15.2-r0: task do_unpack: Succeeded
NOTE: Running task 3811 of 4895 (/home/andrew/meta-rauc/recipes-core/rauc/rauc_1.15.2.bb:do_collect_spdx_deps)
NOTE: recipe rauc-1.15.2-r0: task do_collect_spdx_deps: Started
NOTE: recipe rauc-1.15.2-r0: task do_collect_spdx_deps: Succeeded
NOTE: Running task 3820 of 4895 (/home/andrew/meta-rauc/recipes-core/rauc/rauc_1.15.2.bb:do_create_spdx)
NOTE: recipe rauc-1.15.2-r0: task do_create_spdx: Started
NOTE: recipe rauc-1.15.2-r0: task do_create_spdx: Succeeded
NOTE: Running task 3823 of 4895 (/home/andrew/meta-selinux/recipes-security/selinux/selinux-python_3.7.bb:do_fetch)
NOTE: recipe selinux-python-3.7-r0: task do_fetch: Started
NOTE: recipe selinux-python-3.7-r0: task do_fetch: Succeeded
NOTE: Running task 3825 of 4895 (/home/andrew/meta-selinux/recipes-security/selinux/selinux-python_3.7.bb:do_unpack)
NOTE: recipe selinux-python-3.7-r0: task do_unpack: Started
NOTE: recipe selinux-python-3.7-r0: task do_unpack: Succeeded
NOTE: Running task 3828 of 4895 (/home/andrew/meta-selinux/recipes-security/selinux/selinux-python_3.7.bb:do_collect_spdx_deps)
NOTE: recipe selinux-python-3.7-r0: task do_collect_spdx_deps: Started
NOTE: recipe selinux-python-3.7-r0: task do_collect_spdx_deps: Succeeded
NOTE: Running task 3837 of 4895 (/home/andrew/meta-selinux/recipes-security/selinux/selinux-python_3.7.bb:do_create_spdx)
NOTE: recipe selinux-python-3.7-r0: task do_create_spdx: Started
NOTE: recipe selinux-python-3.7-r0: task do_create_spdx: Succeeded
NOTE: Running task 3840 of 4895 (/home/andrew/poky/meta/recipes-extended/grep/grep_3.11.bb:do_fetch)
NOTE: recipe grep-3.11-r0: task do_fetch: Started
NOTE: recipe grep-3.11-r0: task do_fetch: Succeeded
NOTE: Running task 3842 of 4895 (/home/andrew/poky/meta/recipes-extended/grep/grep_3.11.bb:do_unpack)
NOTE: recipe grep-3.11-r0: task do_unpack: Started
NOTE: recipe grep-3.11-r0: task do_unpack: Succeeded
NOTE: Running task 3845 of 4895 (/home/andrew/poky/meta/recipes-extended/grep/grep_3.11.bb:do_collect_spdx_deps)
NOTE: recipe grep-3.11-r0: task do_collect_spdx_deps: Started
NOTE: recipe grep-3.11-r0: task do_collect_spdx_deps: Succeeded
NOTE: Running task 3858 of 4895 (/home/andrew/poky/meta/recipes-extended/grep/grep_3.11.bb:do_create_spdx)
NOTE: recipe grep-3.11-r0: task do_create_spdx: Started
NOTE: recipe grep-3.11-r0: task do_create_spdx: Succeeded
NOTE: Running task 3859 of 4895 (/home/andrew/poky/meta/recipes-extended/grep/grep_3.11.bb:do_create_runtime_spdx)
NOTE: recipe grep-3.11-r0: task do_create_runtime_spdx: Started
NOTE: recipe grep-3.11-r0: task do_create_runtime_spdx: Succeeded
NOTE: Running task 3860 of 4895 (/home/andrew/meta-selinux/recipes-security/selinux/policycoreutils_3.7.bb:do_create_runtime_spdx)
NOTE: recipe policycoreutils-3.7-r0: task do_create_runtime_spdx: Started
NOTE: recipe policycoreutils-3.7-r0: task do_create_runtime_spdx: Succeeded
NOTE: Running task 3861 of 4895 (/home/andrew/meta-selinux/recipes-security/selinux/policycoreutils_3.7.bb:do_rm_work)
NOTE: recipe policycoreutils-3.7-r0: task do_rm_work: Started
NOTE: recipe policycoreutils-3.7-r0: task do_rm_work: Succeeded
NOTE: Running task 3863 of 4895 (/home/andrew/poky/meta/recipes-extended/grep/grep_3.11.bb:do_rm_work)
NOTE: recipe grep-3.11-r0: task do_rm_work: Started
NOTE: recipe grep-3.11-r0: task do_rm_work: Succeeded
NOTE: Running task 3865 of 4895 (/home/andrew/poky/meta/recipes-devtools/squashfs-tools/squashfs-tools_git.bb:do_fetch)
NOTE: recipe squashfs-tools-4.6.1-r0: task do_fetch: Started
NOTE: recipe squashfs-tools-4.6.1-r0: task do_fetch: Succeeded
NOTE: Running task 3867 of 4895 (/home/andrew/poky/meta/recipes-devtools/squashfs-tools/squashfs-tools_git.bb:do_unpack)
NOTE: recipe squashfs-tools-4.6.1-r0: task do_unpack: Started
NOTE: recipe squashfs-tools-4.6.1-r0: task do_unpack: Succeeded
NOTE: Running task 3870 of 4895 (/home/andrew/poky/meta/recipes-devtools/squashfs-tools/squashfs-tools_git.bb:do_collect_spdx_deps)
NOTE: recipe squashfs-tools-4.6.1-r0: task do_collect_spdx_deps: Started
NOTE: recipe squashfs-tools-4.6.1-r0: task do_collect_spdx_deps: Succeeded
NOTE: Running task 3881 of 4895 (/home/andrew/poky/meta/recipes-devtools/squashfs-tools/squashfs-tools_git.bb:do_create_spdx)
NOTE: recipe squashfs-tools-4.6.1-r0: task do_create_spdx: Started
NOTE: recipe squashfs-tools-4.6.1-r0: task do_create_spdx: Succeeded
NOTE: Running task 3882 of 4895 (/home/andrew/poky/meta/recipes-devtools/squashfs-tools/squashfs-tools_git.bb:do_create_runtime_spdx)
NOTE: recipe squashfs-tools-4.6.1-r0: task do_create_runtime_spdx: Started
NOTE: recipe squashfs-tools-4.6.1-r0: task do_create_runtime_spdx: Succeeded
NOTE: Running task 3884 of 4895 (/home/andrew/poky/meta/recipes-devtools/squashfs-tools/squashfs-tools_git.bb:do_rm_work)
NOTE: recipe squashfs-tools-4.6.1-r0: task do_rm_work: Started
NOTE: recipe squashfs-tools-4.6.1-r0: task do_rm_work: Succeeded
NOTE: Running task 3886 of 4895 (/home/andrew/poky/meta/recipes-devtools/perl/perl_5.38.4.bb:do_fetch)
NOTE: recipe perl-5.38.4-r0: task do_fetch: Started
NOTE: recipe perl-5.38.4-r0: task do_fetch: Succeeded
NOTE: Running task 3888 of 4895 (/home/andrew/poky/meta/recipes-devtools/perl/perl_5.38.4.bb:do_unpack)
NOTE: recipe perl-5.38.4-r0: task do_unpack: Started
NOTE: recipe perl-5.38.4-r0: task do_unpack: Succeeded
NOTE: Running task 3891 of 4895 (/home/andrew/poky/meta/recipes-devtools/perl/perl_5.38.4.bb:do_collect_spdx_deps)
NOTE: recipe perl-5.38.4-r0: task do_collect_spdx_deps: Started
NOTE: recipe perl-5.38.4-r0: task do_collect_spdx_deps: Succeeded
NOTE: Running task 3904 of 4895 (/home/andrew/poky/meta/recipes-devtools/perl/perl_5.38.4.bb:do_create_spdx)
NOTE: recipe perl-5.38.4-r0: task do_create_spdx: Started
NOTE: recipe perl-5.38.4-r0: task do_create_spdx: Succeeded
NOTE: Running task 3905 of 4895 (/home/andrew/poky/meta/recipes-devtools/perl/perl_5.38.4.bb:do_create_runtime_spdx)
NOTE: recipe perl-5.38.4-r0: task do_create_runtime_spdx: Started
NOTE: recipe perl-5.38.4-r0: task do_create_runtime_spdx: Succeeded
NOTE: Running task 3906 of 4895 (/home/andrew/poky/meta/recipes-connectivity/openssl/openssl_3.5.5.bb:do_create_runtime_spdx)
NOTE: recipe openssl-3.5.5-r0: task do_create_runtime_spdx: Started
NOTE: recipe openssl-3.5.5-r0: task do_create_runtime_spdx: Succeeded
NOTE: Running task 3907 of 4895 (/home/andrew/poky/meta/recipes-connectivity/openssl/openssl_3.5.5.bb:do_rm_work)
NOTE: recipe openssl-3.5.5-r0: task do_rm_work: Started
NOTE: recipe openssl-3.5.5-r0: task do_rm_work: Succeeded
NOTE: Running task 3909 of 4895 (/home/andrew/poky/meta/recipes-devtools/perl/perl_5.38.4.bb:do_rm_work)
NOTE: recipe perl-5.38.4-r0: task do_rm_work: Started
NOTE: recipe perl-5.38.4-r0: task do_rm_work: Succeeded
NOTE: Running task 3911 of 4895 (/home/andrew/poky/meta/recipes-core/initscripts/init-system-helpers_1.66.bb:do_fetch)
NOTE: recipe init-system-helpers-1.66-r0: task do_fetch: Started
NOTE: recipe init-system-helpers-1.66-r0: task do_fetch: Succeeded
NOTE: Running task 3913 of 4895 (/home/andrew/poky/meta/recipes-core/initscripts/init-system-helpers_1.66.bb:do_unpack)
NOTE: recipe init-system-helpers-1.66-r0: task do_unpack: Started
NOTE: recipe init-system-helpers-1.66-r0: task do_unpack: Succeeded
NOTE: Running task 3916 of 4895 (/home/andrew/poky/meta/recipes-core/initscripts/init-system-helpers_1.66.bb:do_collect_spdx_deps)
NOTE: recipe init-system-helpers-1.66-r0: task do_collect_spdx_deps: Started
NOTE: recipe init-system-helpers-1.66-r0: task do_collect_spdx_deps: Succeeded
NOTE: Running task 3927 of 4895 (/home/andrew/poky/meta/recipes-core/initscripts/init-system-helpers_1.66.bb:do_create_spdx)
NOTE: recipe init-system-helpers-1.66-r0: task do_create_spdx: Started
NOTE: recipe init-system-helpers-1.66-r0: task do_create_spdx: Succeeded
NOTE: Running task 3928 of 4895 (/home/andrew/poky/meta/recipes-core/initscripts/init-system-helpers_1.66.bb:do_create_runtime_spdx)
NOTE: recipe init-system-helpers-1.66-r0: task do_create_runtime_spdx: Started
NOTE: recipe init-system-helpers-1.66-r0: task do_create_runtime_spdx: Succeeded
NOTE: Running task 3930 of 4895 (/home/andrew/poky/meta/recipes-core/initscripts/init-system-helpers_1.66.bb:do_rm_work)
NOTE: recipe init-system-helpers-1.66-r0: task do_rm_work: Started
NOTE: recipe init-system-helpers-1.66-r0: task do_rm_work: Succeeded
NOTE: Running task 3932 of 4895 (/home/andrew/poky/meta/recipes-extended/gawk/gawk_5.3.0.bb:do_fetch)
NOTE: recipe gawk-5.3.0-r0: task do_fetch: Started
NOTE: recipe gawk-5.3.0-r0: task do_fetch: Succeeded
NOTE: Running task 3934 of 4895 (/home/andrew/poky/meta/recipes-extended/gawk/gawk_5.3.0.bb:do_unpack)
NOTE: recipe gawk-5.3.0-r0: task do_unpack: Started
NOTE: recipe gawk-5.3.0-r0: task do_unpack: Succeeded
NOTE: Running task 3937 of 4895 (/home/andrew/poky/meta/recipes-extended/gawk/gawk_5.3.0.bb:do_collect_spdx_deps)
NOTE: recipe gawk-5.3.0-r0: task do_collect_spdx_deps: Started
NOTE: recipe gawk-5.3.0-r0: task do_collect_spdx_deps: Succeeded
NOTE: Running task 3948 of 4895 (/home/andrew/poky/meta/recipes-extended/gawk/gawk_5.3.0.bb:do_create_spdx)
NOTE: recipe gawk-5.3.0-r0: task do_create_spdx: Started
NOTE: recipe gawk-5.3.0-r0: task do_create_spdx: Succeeded
NOTE: Running task 3949 of 4895 (/home/andrew/poky/meta/recipes-extended/gawk/gawk_5.3.0.bb:do_create_runtime_spdx)
NOTE: recipe gawk-5.3.0-r0: task do_create_runtime_spdx: Started
NOTE: recipe gawk-5.3.0-r0: task do_create_runtime_spdx: Succeeded
NOTE: Running task 3951 of 4895 (/home/andrew/poky/meta/recipes-extended/gawk/gawk_5.3.0.bb:do_rm_work)
NOTE: recipe gawk-5.3.0-r0: task do_rm_work: Started
NOTE: recipe gawk-5.3.0-r0: task do_rm_work: Succeeded
NOTE: Running task 3953 of 4895 (/home/andrew/poky/meta/recipes-devtools/binutils/binutils_2.42.bb:do_fetch)
NOTE: recipe binutils-2.42-r0: task do_fetch: Started
NOTE: recipe binutils-2.42-r0: task do_fetch: Succeeded
NOTE: Running task 3955 of 4895 (/home/andrew/poky/meta/recipes-devtools/binutils/binutils_2.42.bb:do_unpack)
NOTE: recipe binutils-2.42-r0: task do_unpack: Started
NOTE: recipe binutils-2.42-r0: task do_unpack: Succeeded
NOTE: Running task 3958 of 4895 (/home/andrew/poky/meta/recipes-devtools/binutils/binutils_2.42.bb:do_collect_spdx_deps)
NOTE: recipe binutils-2.42-r0: task do_collect_spdx_deps: Started
NOTE: recipe binutils-2.42-r0: task do_collect_spdx_deps: Succeeded
NOTE: Running task 3969 of 4895 (/home/andrew/poky/meta/recipes-devtools/binutils/binutils_2.42.bb:do_create_spdx)
NOTE: recipe binutils-2.42-r0: task do_create_spdx: Started
NOTE: recipe binutils-2.42-r0: task do_create_spdx: Succeeded
NOTE: Running task 3970 of 4895 (/home/andrew/poky/meta/recipes-devtools/binutils/binutils_2.42.bb:do_create_runtime_spdx)
NOTE: recipe binutils-2.42-r0: task do_create_runtime_spdx: Started
NOTE: recipe binutils-2.42-r0: task do_create_runtime_spdx: Succeeded
NOTE: Running task 3972 of 4895 (/home/andrew/poky/meta/recipes-devtools/binutils/binutils_2.42.bb:do_rm_work)
NOTE: recipe binutils-2.42-r0: task do_rm_work: Started
NOTE: recipe binutils-2.42-r0: task do_rm_work: Succeeded
NOTE: Running task 3974 of 4895 (/home/andrew/meta-selinux/recipes-security/setools/setools_4.5.1.bb:do_fetch)
NOTE: recipe setools-4.5.1-r0: task do_fetch: Started
NOTE: recipe setools-4.5.1-r0: task do_fetch: Succeeded
NOTE: Running task 3976 of 4895 (/home/andrew/meta-selinux/recipes-security/setools/setools_4.5.1.bb:do_unpack)
NOTE: recipe setools-4.5.1-r0: task do_unpack: Started
NOTE: recipe setools-4.5.1-r0: task do_unpack: Succeeded
NOTE: Running task 3979 of 4895 (/home/andrew/meta-selinux/recipes-security/setools/setools_4.5.1.bb:do_collect_spdx_deps)
NOTE: recipe setools-4.5.1-r0: task do_collect_spdx_deps: Started
NOTE: recipe setools-4.5.1-r0: task do_collect_spdx_deps: Succeeded
NOTE: Running task 3988 of 4895 (/home/andrew/meta-selinux/recipes-security/setools/setools_4.5.1.bb:do_create_spdx)
NOTE: recipe setools-4.5.1-r0: task do_create_spdx: Started
NOTE: recipe setools-4.5.1-r0: task do_create_spdx: Succeeded
NOTE: Running task 4010 of 4895 (/home/andrew/poky/meta/recipes-core/update-rc.d/update-rc.d_0.8.bb:do_rm_work)
NOTE: recipe update-rc.d-0.8+git-r0: task do_rm_work: Started
NOTE: recipe update-rc.d-0.8+git-r0: task do_rm_work: Succeeded
NOTE: Running task 4029 of 4895 (/home/andrew/poky/meta/recipes-core/initscripts/initscripts_1.0.bb:do_create_runtime_spdx)
NOTE: recipe initscripts-1.0-r0: task do_create_runtime_spdx: Started
NOTE: recipe initscripts-1.0-r0: task do_create_runtime_spdx: Succeeded
NOTE: Running task 4031 of 4895 (/home/andrew/poky/meta/recipes-core/initscripts/initscripts_1.0.bb:do_rm_work)
NOTE: recipe initscripts-1.0-r0: task do_rm_work: Started
NOTE: recipe initscripts-1.0-r0: task do_rm_work: Succeeded
NOTE: Running task 4033 of 4895 (/home/andrew/poky/meta/recipes-core/systemd/systemd-serialgetty.bb:do_fetch)
NOTE: recipe systemd-serialgetty-1.0-r0: task do_fetch: Started
NOTE: recipe systemd-serialgetty-1.0-r0: task do_fetch: Succeeded
NOTE: Running task 4035 of 4895 (/home/andrew/poky/meta/recipes-core/systemd/systemd-serialgetty.bb:do_unpack)
NOTE: recipe systemd-serialgetty-1.0-r0: task do_unpack: Started
NOTE: recipe systemd-serialgetty-1.0-r0: task do_unpack: Succeeded
NOTE: Running task 4038 of 4895 (/home/andrew/poky/meta/recipes-core/systemd/systemd-serialgetty.bb:do_collect_spdx_deps)
NOTE: recipe systemd-serialgetty-1.0-r0: task do_collect_spdx_deps: Started
NOTE: recipe systemd-serialgetty-1.0-r0: task do_collect_spdx_deps: Succeeded
NOTE: Running task 4049 of 4895 (/home/andrew/poky/meta/recipes-core/systemd/systemd-serialgetty.bb:do_create_spdx)
NOTE: recipe systemd-serialgetty-1.0-r0: task do_create_spdx: Started
NOTE: recipe systemd-serialgetty-1.0-r0: task do_create_spdx: Succeeded
NOTE: Running task 4050 of 4895 (/home/andrew/poky/meta/recipes-core/systemd/systemd-serialgetty.bb:do_create_runtime_spdx)
NOTE: recipe systemd-serialgetty-1.0-r0: task do_create_runtime_spdx: Started
NOTE: recipe systemd-serialgetty-1.0-r0: task do_create_runtime_spdx: Succeeded
NOTE: Running task 4052 of 4895 (/home/andrew/poky/meta/recipes-core/systemd/systemd-serialgetty.bb:do_rm_work)
NOTE: recipe systemd-serialgetty-1.0-r0: task do_rm_work: Started
NOTE: recipe systemd-serialgetty-1.0-r0: task do_rm_work: Succeeded
NOTE: Running task 4054 of 4895 (/home/andrew/poky/meta/recipes-devtools/e2fsprogs/e2fsprogs_1.47.0.bb:do_fetch)
NOTE: recipe e2fsprogs-1.47.0-r0: task do_fetch: Started
NOTE: recipe e2fsprogs-1.47.0-r0: task do_fetch: Succeeded
NOTE: Running task 4056 of 4895 (/home/andrew/poky/meta/recipes-devtools/e2fsprogs/e2fsprogs_1.47.0.bb:do_unpack)
NOTE: recipe e2fsprogs-1.47.0-r0: task do_unpack: Started
NOTE: recipe e2fsprogs-1.47.0-r0: task do_unpack: Succeeded
NOTE: Running task 4059 of 4895 (/home/andrew/poky/meta/recipes-devtools/e2fsprogs/e2fsprogs_1.47.0.bb:do_collect_spdx_deps)
NOTE: recipe e2fsprogs-1.47.0-r0: task do_collect_spdx_deps: Started
NOTE: recipe e2fsprogs-1.47.0-r0: task do_collect_spdx_deps: Succeeded
NOTE: Running task 4070 of 4895 (/home/andrew/poky/meta/recipes-devtools/e2fsprogs/e2fsprogs_1.47.0.bb:do_create_spdx)
NOTE: recipe e2fsprogs-1.47.0-r0: task do_create_spdx: Started
NOTE: recipe e2fsprogs-1.47.0-r0: task do_create_spdx: Succeeded
NOTE: Running task 4071 of 4895 (/home/andrew/poky/meta/recipes-devtools/e2fsprogs/e2fsprogs_1.47.0.bb:do_create_runtime_spdx)
NOTE: recipe e2fsprogs-1.47.0-r0: task do_create_runtime_spdx: Started
NOTE: recipe e2fsprogs-1.47.0-r0: task do_create_runtime_spdx: Succeeded
NOTE: Running task 4073 of 4895 (/home/andrew/poky/meta/recipes-devtools/e2fsprogs/e2fsprogs_1.47.0.bb:do_rm_work)
NOTE: recipe e2fsprogs-1.47.0-r0: task do_rm_work: Started
NOTE: recipe e2fsprogs-1.47.0-r0: task do_rm_work: Succeeded
NOTE: Running task 4075 of 4895 (/home/andrew/poky/meta/recipes-core/kbd/kbd_2.6.4.bb:do_fetch)
NOTE: recipe kbd-2.6.4-r0: task do_fetch: Started
NOTE: recipe kbd-2.6.4-r0: task do_fetch: Succeeded
NOTE: Running task 4077 of 4895 (/home/andrew/poky/meta/recipes-core/kbd/kbd_2.6.4.bb:do_unpack)
NOTE: recipe kbd-2.6.4-r0: task do_unpack: Started
NOTE: recipe kbd-2.6.4-r0: task do_unpack: Succeeded
NOTE: Running task 4080 of 4895 (/home/andrew/poky/meta/recipes-core/kbd/kbd_2.6.4.bb:do_collect_spdx_deps)
NOTE: recipe kbd-2.6.4-r0: task do_collect_spdx_deps: Started
NOTE: recipe kbd-2.6.4-r0: task do_collect_spdx_deps: Succeeded
NOTE: Running task 4091 of 4895 (/home/andrew/poky/meta/recipes-core/kbd/kbd_2.6.4.bb:do_create_spdx)
NOTE: recipe kbd-2.6.4-r0: task do_create_spdx: Started
NOTE: recipe kbd-2.6.4-r0: task do_create_spdx: Succeeded
NOTE: Running task 4092 of 4895 (/home/andrew/poky/meta/recipes-core/kbd/kbd_2.6.4.bb:do_create_runtime_spdx)
NOTE: recipe kbd-2.6.4-r0: task do_create_runtime_spdx: Started
NOTE: recipe kbd-2.6.4-r0: task do_create_runtime_spdx: Succeeded
NOTE: Running task 4094 of 4895 (/home/andrew/poky/meta/recipes-core/kbd/kbd_2.6.4.bb:do_rm_work)
NOTE: recipe kbd-2.6.4-r0: task do_rm_work: Started
NOTE: recipe kbd-2.6.4-r0: task do_rm_work: Succeeded
NOTE: Running task 4096 of 4895 (/home/andrew/poky/meta/recipes-extended/tar/tar_1.35.bb:do_fetch)
NOTE: recipe tar-1.35-r0: task do_fetch: Started
NOTE: recipe tar-1.35-r0: task do_fetch: Succeeded
NOTE: Running task 4098 of 4895 (/home/andrew/poky/meta/recipes-extended/tar/tar_1.35.bb:do_unpack)
NOTE: recipe tar-1.35-r0: task do_unpack: Started
NOTE: recipe tar-1.35-r0: task do_unpack: Succeeded
NOTE: Running task 4101 of 4895 (/home/andrew/poky/meta/recipes-extended/tar/tar_1.35.bb:do_collect_spdx_deps)
NOTE: recipe tar-1.35-r0: task do_collect_spdx_deps: Started
NOTE: recipe tar-1.35-r0: task do_collect_spdx_deps: Succeeded
NOTE: Running task 4112 of 4895 (/home/andrew/poky/meta/recipes-extended/tar/tar_1.35.bb:do_create_spdx)
NOTE: recipe tar-1.35-r0: task do_create_spdx: Started
NOTE: recipe tar-1.35-r0: task do_create_spdx: Succeeded
NOTE: Running task 4113 of 4895 (/home/andrew/poky/meta/recipes-extended/tar/tar_1.35.bb:do_create_runtime_spdx)
NOTE: recipe tar-1.35-r0: task do_create_runtime_spdx: Started
NOTE: recipe tar-1.35-r0: task do_create_runtime_spdx: Succeeded
NOTE: Running task 4115 of 4895 (/home/andrew/poky/meta/recipes-extended/tar/tar_1.35.bb:do_rm_work)
NOTE: recipe tar-1.35-r0: task do_rm_work: Started
NOTE: recipe tar-1.35-r0: task do_rm_work: Succeeded
NOTE: Running task 4117 of 4895 (/home/andrew/poky/meta/recipes-support/shared-mime-info/shared-mime-info_2.4.bb:do_fetch)
NOTE: recipe shared-mime-info-2.4-r0: task do_fetch: Started
NOTE: recipe shared-mime-info-2.4-r0: task do_fetch: Succeeded
NOTE: Running task 4119 of 4895 (/home/andrew/poky/meta/recipes-support/shared-mime-info/shared-mime-info_2.4.bb:do_unpack)
NOTE: recipe shared-mime-info-2.4-r0: task do_unpack: Started
NOTE: recipe shared-mime-info-2.4-r0: task do_unpack: Succeeded
NOTE: Running task 4122 of 4895 (/home/andrew/poky/meta/recipes-support/shared-mime-info/shared-mime-info_2.4.bb:do_collect_spdx_deps)
NOTE: recipe shared-mime-info-2.4-r0: task do_collect_spdx_deps: Started
NOTE: recipe shared-mime-info-2.4-r0: task do_collect_spdx_deps: Succeeded
NOTE: Running task 4133 of 4895 (/home/andrew/poky/meta/recipes-support/shared-mime-info/shared-mime-info_2.4.bb:do_create_spdx)
NOTE: recipe shared-mime-info-2.4-r0: task do_create_spdx: Started
NOTE: recipe shared-mime-info-2.4-r0: task do_create_spdx: Succeeded
NOTE: Running task 4134 of 4895 (/home/andrew/poky/meta/recipes-support/shared-mime-info/shared-mime-info_2.4.bb:do_create_runtime_spdx)
NOTE: recipe shared-mime-info-2.4-r0: task do_create_runtime_spdx: Started
NOTE: recipe shared-mime-info-2.4-r0: task do_create_runtime_spdx: Succeeded
NOTE: Running task 4136 of 4895 (/home/andrew/poky/meta/recipes-support/shared-mime-info/shared-mime-info_2.4.bb:do_rm_work)
NOTE: recipe shared-mime-info-2.4-r0: task do_rm_work: Started
NOTE: recipe shared-mime-info-2.4-r0: task do_rm_work: Succeeded
NOTE: Running task 4138 of 4895 (/home/andrew/poky/meta/recipes-core/coreutils/coreutils_9.4.bb:do_fetch)
NOTE: recipe coreutils-9.4-r0: task do_fetch: Started
NOTE: recipe coreutils-9.4-r0: task do_fetch: Succeeded
NOTE: Running task 4140 of 4895 (/home/andrew/poky/meta/recipes-core/coreutils/coreutils_9.4.bb:do_unpack)
NOTE: recipe coreutils-9.4-r0: task do_unpack: Started
NOTE: recipe coreutils-9.4-r0: task do_unpack: Succeeded
NOTE: Running task 4143 of 4895 (/home/andrew/poky/meta/recipes-core/coreutils/coreutils_9.4.bb:do_collect_spdx_deps)
NOTE: recipe coreutils-9.4-r0: task do_collect_spdx_deps: Started
NOTE: recipe coreutils-9.4-r0: task do_collect_spdx_deps: Succeeded
NOTE: Running task 4156 of 4895 (/home/andrew/poky/meta/recipes-core/coreutils/coreutils_9.4.bb:do_create_spdx)
NOTE: recipe coreutils-9.4-r0: task do_create_spdx: Started
NOTE: recipe coreutils-9.4-r0: task do_create_spdx: Succeeded
NOTE: Running task 4157 of 4895 (/home/andrew/poky/meta/recipes-core/coreutils/coreutils_9.4.bb:do_create_runtime_spdx)
NOTE: recipe coreutils-9.4-r0: task do_create_runtime_spdx: Started
NOTE: recipe coreutils-9.4-r0: task do_create_runtime_spdx: Succeeded
NOTE: Running task 4158 of 4895 (/home/andrew/poky/meta/recipes-extended/pam/libpam_1.5.3.bb:do_create_runtime_spdx)
NOTE: recipe libpam-1.5.3-r0: task do_create_runtime_spdx: Started
NOTE: recipe libpam-1.5.3-r0: task do_create_runtime_spdx: Succeeded
NOTE: Running task 4159 of 4895 (/home/andrew/poky/meta/recipes-extended/pam/libpam_1.5.3.bb:do_rm_work)
NOTE: recipe libpam-1.5.3-r0: task do_rm_work: Started
NOTE: recipe libpam-1.5.3-r0: task do_rm_work: Succeeded
NOTE: Running task 4161 of 4895 (/home/andrew/poky/meta/recipes-core/coreutils/coreutils_9.4.bb:do_rm_work)
NOTE: recipe coreutils-9.4-r0: task do_rm_work: Started
NOTE: recipe coreutils-9.4-r0: task do_rm_work: Succeeded
NOTE: Running task 4163 of 4895 (/home/andrew/poky/meta/recipes-connectivity/openssh/openssh_9.6p1.bb:do_fetch)
NOTE: recipe openssh-9.6p1-r0: task do_fetch: Started
NOTE: recipe openssh-9.6p1-r0: task do_fetch: Succeeded
NOTE: Running task 4165 of 4895 (/home/andrew/poky/meta/recipes-connectivity/openssh/openssh_9.6p1.bb:do_unpack)
NOTE: recipe openssh-9.6p1-r0: task do_unpack: Started
NOTE: recipe openssh-9.6p1-r0: task do_unpack: Succeeded
NOTE: Running task 4166 of 4895 (/home/andrew/poky/meta/recipes-connectivity/openssh/openssh_9.6p1.bb:do_collect_spdx_deps)
NOTE: recipe openssh-9.6p1-r0: task do_collect_spdx_deps: Started
NOTE: recipe openssh-9.6p1-r0: task do_collect_spdx_deps: Succeeded
NOTE: Running task 4178 of 4895 (/home/andrew/poky/meta/recipes-connectivity/openssh/openssh_9.6p1.bb:do_create_spdx)
NOTE: recipe openssh-9.6p1-r0: task do_create_spdx: Started
NOTE: recipe openssh-9.6p1-r0: task do_create_spdx: Succeeded
NOTE: Running task 4179 of 4895 (/home/andrew/poky/meta/recipes-connectivity/openssh/openssh_9.6p1.bb:do_create_runtime_spdx)
NOTE: recipe openssh-9.6p1-r0: task do_create_runtime_spdx: Started
NOTE: recipe openssh-9.6p1-r0: task do_create_runtime_spdx: Succeeded
NOTE: Running task 4181 of 4895 (/home/andrew/poky/meta/recipes-connectivity/openssh/openssh_9.6p1.bb:do_rm_work)
NOTE: recipe openssh-9.6p1-r0: task do_rm_work: Started
NOTE: recipe openssh-9.6p1-r0: task do_rm_work: Succeeded
NOTE: Running task 4201 of 4895 (/home/andrew/meta-rauc/recipes-core/rauc/rauc_1.15.2.bb:do_create_runtime_spdx)
NOTE: recipe rauc-1.15.2-r0: task do_create_runtime_spdx: Started
NOTE: recipe rauc-1.15.2-r0: task do_create_runtime_spdx: Succeeded
NOTE: Running task 4202 of 4895 (/home/andrew/meta-rauc/recipes-core/rauc/rauc_1.15.2.bb:do_rm_work)
NOTE: recipe rauc-1.15.2-r0: task do_rm_work: Started
NOTE: recipe rauc-1.15.2-r0: task do_rm_work: Succeeded
NOTE: Running task 4204 of 4895 (/home/andrew/meta-rauc/recipes-core/rauc/rauc-conf.bb:do_rm_work)
WARNING: Recipe inherits features_check but doesn't use it
NOTE: recipe rauc-conf-1.0-r0: task do_rm_work: Started
NOTE: recipe rauc-conf-1.0-r0: task do_rm_work: Succeeded
NOTE: Running task 4206 of 4895 (/home/andrew/meta-openembedded/meta-python/recipes-devtools/python/python3-decorator_5.1.1.bb:do_fetch)
NOTE: recipe python3-decorator-5.1.1-r0: task do_fetch: Started
NOTE: recipe python3-decorator-5.1.1-r0: task do_fetch: Succeeded
NOTE: Running task 4208 of 4895 (/home/andrew/meta-openembedded/meta-python/recipes-devtools/python/python3-decorator_5.1.1.bb:do_unpack)
NOTE: recipe python3-decorator-5.1.1-r0: task do_unpack: Started
NOTE: recipe python3-decorator-5.1.1-r0: task do_unpack: Succeeded
NOTE: Running task 4209 of 4895 (/home/andrew/meta-openembedded/meta-python/recipes-devtools/python/python3-decorator_5.1.1.bb:do_collect_spdx_deps)
NOTE: recipe python3-decorator-5.1.1-r0: task do_collect_spdx_deps: Started
NOTE: recipe python3-decorator-5.1.1-r0: task do_collect_spdx_deps: Succeeded
NOTE: Running task 4220 of 4895 (/home/andrew/meta-openembedded/meta-python/recipes-devtools/python/python3-decorator_5.1.1.bb:do_create_spdx)
NOTE: recipe python3-decorator-5.1.1-r0: task do_create_spdx: Started
NOTE: recipe python3-decorator-5.1.1-r0: task do_create_spdx: Succeeded
NOTE: Running task 4221 of 4895 (/home/andrew/meta-openembedded/meta-python/recipes-devtools/python/python3-decorator_5.1.1.bb:do_create_runtime_spdx)
NOTE: recipe python3-decorator-5.1.1-r0: task do_create_runtime_spdx: Started
NOTE: recipe python3-decorator-5.1.1-r0: task do_create_runtime_spdx: Succeeded
NOTE: Running task 4223 of 4895 (/home/andrew/meta-openembedded/meta-python/recipes-devtools/python/python3-decorator_5.1.1.bb:do_rm_work)
NOTE: recipe python3-decorator-5.1.1-r0: task do_rm_work: Started
NOTE: recipe python3-decorator-5.1.1-r0: task do_rm_work: Succeeded
NOTE: Running task 4225 of 4895 (/home/andrew/meta-openembedded/meta-python/recipes-devtools/python/python3-networkx_3.1.bb:do_fetch)
NOTE: recipe python3-networkx-3.1-r0: task do_fetch: Started
NOTE: recipe python3-networkx-3.1-r0: task do_fetch: Succeeded
NOTE: Running task 4227 of 4895 (/home/andrew/meta-openembedded/meta-python/recipes-devtools/python/python3-networkx_3.1.bb:do_unpack)
NOTE: recipe python3-networkx-3.1-r0: task do_unpack: Started
NOTE: recipe python3-networkx-3.1-r0: task do_unpack: Succeeded
NOTE: Running task 4228 of 4895 (/home/andrew/meta-openembedded/meta-python/recipes-devtools/python/python3-networkx_3.1.bb:do_collect_spdx_deps)
NOTE: recipe python3-networkx-3.1-r0: task do_collect_spdx_deps: Started
NOTE: recipe python3-networkx-3.1-r0: task do_collect_spdx_deps: Succeeded
NOTE: Running task 4239 of 4895 (/home/andrew/meta-openembedded/meta-python/recipes-devtools/python/python3-networkx_3.1.bb:do_create_spdx)
NOTE: recipe python3-networkx-3.1-r0: task do_create_spdx: Started
NOTE: recipe python3-networkx-3.1-r0: task do_create_spdx: Succeeded
NOTE: Running task 4240 of 4895 (/home/andrew/meta-openembedded/meta-python/recipes-devtools/python/python3-networkx_3.1.bb:do_create_runtime_spdx)
NOTE: recipe python3-networkx-3.1-r0: task do_create_runtime_spdx: Started
NOTE: recipe python3-networkx-3.1-r0: task do_create_runtime_spdx: Succeeded
NOTE: Running task 4242 of 4895 (/home/andrew/meta-openembedded/meta-python/recipes-devtools/python/python3-networkx_3.1.bb:do_rm_work)
NOTE: recipe python3-networkx-3.1-r0: task do_rm_work: Started
NOTE: recipe python3-networkx-3.1-r0: task do_rm_work: Succeeded
NOTE: Running task 4244 of 4895 (/home/andrew/poky/meta/recipes-devtools/python/python3-setuptools_69.1.1.bb:do_fetch)
NOTE: recipe python3-setuptools-69.1.1-r0: task do_fetch: Started
NOTE: recipe python3-setuptools-69.1.1-r0: task do_fetch: Succeeded
NOTE: Running task 4246 of 4895 (/home/andrew/poky/meta/recipes-devtools/python/python3-setuptools_69.1.1.bb:do_unpack)
NOTE: recipe python3-setuptools-69.1.1-r0: task do_unpack: Started
NOTE: recipe python3-setuptools-69.1.1-r0: task do_unpack: Succeeded
NOTE: Running task 4247 of 4895 (/home/andrew/poky/meta/recipes-devtools/python/python3-setuptools_69.1.1.bb:do_collect_spdx_deps)
NOTE: recipe python3-setuptools-69.1.1-r0: task do_collect_spdx_deps: Started
NOTE: recipe python3-setuptools-69.1.1-r0: task do_collect_spdx_deps: Succeeded
NOTE: Running task 4260 of 4895 (/home/andrew/poky/meta/recipes-devtools/python/python3-setuptools_69.1.1.bb:do_create_spdx)
NOTE: recipe python3-setuptools-69.1.1-r0: task do_create_spdx: Started
NOTE: recipe python3-setuptools-69.1.1-r0: task do_create_spdx: Succeeded
NOTE: Running task 4261 of 4895 (/home/andrew/poky/meta/recipes-devtools/python/python3-setuptools_69.1.1.bb:do_create_runtime_spdx)
NOTE: recipe python3-setuptools-69.1.1-r0: task do_create_runtime_spdx: Started
NOTE: recipe python3-setuptools-69.1.1-r0: task do_create_runtime_spdx: Succeeded
NOTE: Running task 4262 of 4895 (/home/andrew/meta-selinux/recipes-security/setools/setools_4.5.1.bb:do_create_runtime_spdx)
NOTE: recipe setools-4.5.1-r0: task do_create_runtime_spdx: Started
NOTE: recipe setools-4.5.1-r0: task do_create_runtime_spdx: Succeeded
NOTE: Running task 4263 of 4895 (/home/andrew/meta-selinux/recipes-security/setools/setools_4.5.1.bb:do_rm_work)
NOTE: recipe setools-4.5.1-r0: task do_rm_work: Started
NOTE: recipe setools-4.5.1-r0: task do_rm_work: Succeeded
NOTE: Running task 4265 of 4895 (/home/andrew/poky/meta/recipes-devtools/python/python3-setuptools_69.1.1.bb:do_rm_work)
NOTE: recipe python3-setuptools-69.1.1-r0: task do_rm_work: Started
NOTE: recipe python3-setuptools-69.1.1-r0: task do_rm_work: Succeeded
NOTE: Running task 4267 of 4895 (/home/andrew/meta-openembedded/meta-python/recipes-devtools/python/python3-ipy_1.01.bb:do_fetch)
NOTE: recipe python3-ipy-1.01-r0: task do_fetch: Started
NOTE: recipe python3-ipy-1.01-r0: task do_fetch: Succeeded
NOTE: Running task 4269 of 4895 (/home/andrew/meta-openembedded/meta-python/recipes-devtools/python/python3-ipy_1.01.bb:do_unpack)
NOTE: recipe python3-ipy-1.01-r0: task do_unpack: Started
NOTE: recipe python3-ipy-1.01-r0: task do_unpack: Succeeded
NOTE: Running task 4270 of 4895 (/home/andrew/meta-openembedded/meta-python/recipes-devtools/python/python3-ipy_1.01.bb:do_collect_spdx_deps)
NOTE: recipe python3-ipy-1.01-r0: task do_collect_spdx_deps: Started
NOTE: recipe python3-ipy-1.01-r0: task do_collect_spdx_deps: Succeeded
NOTE: Running task 4281 of 4895 (/home/andrew/meta-openembedded/meta-python/recipes-devtools/python/python3-ipy_1.01.bb:do_create_spdx)
NOTE: recipe python3-ipy-1.01-r0: task do_create_spdx: Started
NOTE: recipe python3-ipy-1.01-r0: task do_create_spdx: Succeeded
NOTE: Running task 4282 of 4895 (/home/andrew/meta-openembedded/meta-python/recipes-devtools/python/python3-ipy_1.01.bb:do_create_runtime_spdx)
NOTE: recipe python3-ipy-1.01-r0: task do_create_runtime_spdx: Started
NOTE: recipe python3-ipy-1.01-r0: task do_create_runtime_spdx: Succeeded
NOTE: Running task 4284 of 4895 (/home/andrew/meta-openembedded/meta-python/recipes-devtools/python/python3-ipy_1.01.bb:do_rm_work)
NOTE: recipe python3-ipy-1.01-r0: task do_rm_work: Started
NOTE: recipe python3-ipy-1.01-r0: task do_rm_work: Succeeded
NOTE: Running task 4286 of 4895 (/home/andrew/meta-openembedded/meta-python/recipes-devtools/python/python3-distro_1.9.0.bb:do_fetch)
NOTE: recipe python3-distro-1.9.0-r0: task do_fetch: Started
NOTE: recipe python3-distro-1.9.0-r0: task do_fetch: Succeeded
NOTE: Running task 4288 of 4895 (/home/andrew/meta-openembedded/meta-python/recipes-devtools/python/python3-distro_1.9.0.bb:do_unpack)
NOTE: recipe python3-distro-1.9.0-r0: task do_unpack: Started
NOTE: recipe python3-distro-1.9.0-r0: task do_unpack: Succeeded
NOTE: Running task 4289 of 4895 (/home/andrew/meta-openembedded/meta-python/recipes-devtools/python/python3-distro_1.9.0.bb:do_collect_spdx_deps)
NOTE: recipe python3-distro-1.9.0-r0: task do_collect_spdx_deps: Started
NOTE: recipe python3-distro-1.9.0-r0: task do_collect_spdx_deps: Succeeded
NOTE: Running task 4302 of 4895 (/home/andrew/meta-openembedded/meta-python/recipes-devtools/python/python3-distro_1.9.0.bb:do_create_spdx)
NOTE: recipe python3-distro-1.9.0-r0: task do_create_spdx: Started
NOTE: recipe python3-distro-1.9.0-r0: task do_create_spdx: Succeeded
NOTE: Running task 4303 of 4895 (/home/andrew/meta-openembedded/meta-python/recipes-devtools/python/python3-distro_1.9.0.bb:do_create_runtime_spdx)
NOTE: recipe python3-distro-1.9.0-r0: task do_create_runtime_spdx: Started
NOTE: recipe python3-distro-1.9.0-r0: task do_create_runtime_spdx: Succeeded
NOTE: Running task 4304 of 4895 (/home/andrew/meta-selinux/recipes-security/selinux/selinux-python_3.7.bb:do_create_runtime_spdx)
NOTE: recipe selinux-python-3.7-r0: task do_create_runtime_spdx: Started
NOTE: recipe selinux-python-3.7-r0: task do_create_runtime_spdx: Succeeded
NOTE: Running task 4305 of 4895 (/home/andrew/meta-selinux/recipes-security/selinux/selinux-python_3.7.bb:do_rm_work)
NOTE: recipe selinux-python-3.7-r0: task do_rm_work: Started
NOTE: recipe selinux-python-3.7-r0: task do_rm_work: Succeeded
NOTE: Running task 4307 of 4895 (/home/andrew/meta-openembedded/meta-python/recipes-devtools/python/python3-distro_1.9.0.bb:do_rm_work)
NOTE: recipe python3-distro-1.9.0-r0: task do_rm_work: Started
NOTE: recipe python3-distro-1.9.0-r0: task do_rm_work: Succeeded
NOTE: Running task 4309 of 4895 (/home/andrew/poky/meta/recipes-core/systemd/systemd-conf_1.0.bb:do_fetch)
NOTE: recipe systemd-conf-1_1.0-r0: task do_fetch: Started
NOTE: recipe systemd-conf-1_1.0-r0: task do_fetch: Succeeded
NOTE: Running task 4311 of 4895 (/home/andrew/poky/meta/recipes-core/systemd/systemd-conf_1.0.bb:do_unpack)
NOTE: recipe systemd-conf-1_1.0-r0: task do_unpack: Started
NOTE: recipe systemd-conf-1_1.0-r0: task do_unpack: Succeeded
NOTE: Running task 4312 of 4895 (/home/andrew/poky/meta/recipes-core/systemd/systemd-conf_1.0.bb:do_collect_spdx_deps)
NOTE: recipe systemd-conf-1_1.0-r0: task do_collect_spdx_deps: Started
NOTE: recipe systemd-conf-1_1.0-r0: task do_collect_spdx_deps: Succeeded
NOTE: Running task 4323 of 4895 (/home/andrew/poky/meta/recipes-core/systemd/systemd-conf_1.0.bb:do_create_spdx)
NOTE: recipe systemd-conf-1_1.0-r0: task do_create_spdx: Started
NOTE: recipe systemd-conf-1_1.0-r0: task do_create_spdx: Succeeded
NOTE: Running task 4324 of 4895 (/home/andrew/poky/meta/recipes-core/systemd/systemd-conf_1.0.bb:do_create_runtime_spdx)
NOTE: recipe systemd-conf-1_1.0-r0: task do_create_runtime_spdx: Started
NOTE: recipe systemd-conf-1_1.0-r0: task do_create_runtime_spdx: Succeeded
NOTE: Running task 4326 of 4895 (/home/andrew/poky/meta/recipes-core/systemd/systemd-conf_1.0.bb:do_rm_work)
NOTE: recipe systemd-conf-1_1.0-r0: task do_rm_work: Started
NOTE: recipe systemd-conf-1_1.0-r0: task do_rm_work: Succeeded
NOTE: Running task 4345 of 4895 (/home/andrew/poky/meta/recipes-core/volatile-binds/volatile-binds.bb:do_rm_work)
NOTE: recipe volatile-binds-1.0-r0: task do_rm_work: Started
NOTE: recipe volatile-binds-1.0-r0: task do_rm_work: Succeeded
NOTE: Running task 4362 of 4895 (/home/andrew/poky/meta/recipes-core/systemd/systemd-compat-units.bb:do_create_runtime_spdx)
NOTE: recipe systemd-compat-units-1.0-r0: task do_create_runtime_spdx: Started
NOTE: recipe systemd-compat-units-1.0-r0: task do_create_runtime_spdx: Succeeded
NOTE: Running task 4364 of 4895 (/home/andrew/poky/meta/recipes-core/systemd/systemd-compat-units.bb:do_rm_work)
NOTE: recipe systemd-compat-units-1.0-r0: task do_rm_work: Started
NOTE: recipe systemd-compat-units-1.0-r0: task do_rm_work: Succeeded
NOTE: Running task 4383 of 4895 (/home/andrew/poky/meta/recipes-core/os-release/os-release.bb:do_rm_work)
NOTE: recipe os-release-1.0-r0: task do_rm_work: Started
NOTE: recipe os-release-1.0-r0: task do_rm_work: Succeeded
NOTE: Running task 4385 of 4895 (/home/andrew/poky/meta/recipes-devtools/python/python3-packaging_23.2.bb:do_fetch)
NOTE: recipe python3-packaging-23.2-r0: task do_fetch: Started
NOTE: recipe python3-packaging-23.2-r0: task do_fetch: Succeeded
NOTE: Running task 4387 of 4895 (/home/andrew/poky/meta/recipes-devtools/python/python3-packaging_23.2.bb:do_unpack)
NOTE: recipe python3-packaging-23.2-r0: task do_unpack: Started
NOTE: recipe python3-packaging-23.2-r0: task do_unpack: Succeeded
NOTE: Running task 4388 of 4895 (/home/andrew/poky/meta/recipes-devtools/python/python3-packaging_23.2.bb:do_collect_spdx_deps)
NOTE: recipe python3-packaging-23.2-r0: task do_collect_spdx_deps: Started
NOTE: recipe python3-packaging-23.2-r0: task do_collect_spdx_deps: Succeeded
NOTE: Running task 4401 of 4895 (/home/andrew/poky/meta/recipes-devtools/python/python3-packaging_23.2.bb:do_create_spdx)
NOTE: recipe python3-packaging-23.2-r0: task do_create_spdx: Started
NOTE: recipe python3-packaging-23.2-r0: task do_create_spdx: Succeeded
NOTE: Running task 4402 of 4895 (/home/andrew/poky/meta/recipes-devtools/python/python3-packaging_23.2.bb:do_create_runtime_spdx)
NOTE: recipe python3-packaging-23.2-r0: task do_create_runtime_spdx: Started
NOTE: recipe python3-packaging-23.2-r0: task do_create_runtime_spdx: Succeeded
NOTE: Running task 4403 of 4895 (/home/andrew/poky/meta/recipes-core/glib-2.0/glib-2.0_2.78.6.bb:do_create_runtime_spdx)
NOTE: recipe glib-2.0-1_2.78.6-r0: task do_create_runtime_spdx: Started
NOTE: recipe glib-2.0-1_2.78.6-r0: task do_create_runtime_spdx: Succeeded
NOTE: Running task 4404 of 4895 (/home/andrew/poky/meta/recipes-core/glib-2.0/glib-2.0_2.78.6.bb:do_rm_work)
NOTE: recipe glib-2.0-1_2.78.6-r0: task do_rm_work: Started
NOTE: recipe glib-2.0-1_2.78.6-r0: task do_rm_work: Succeeded
NOTE: Running task 4406 of 4895 (/home/andrew/poky/meta/recipes-devtools/python/python3-packaging_23.2.bb:do_rm_work)
NOTE: recipe python3-packaging-23.2-r0: task do_rm_work: Started
NOTE: recipe python3-packaging-23.2-r0: task do_rm_work: Succeeded
NOTE: Running task 4426 of 4895 (/home/andrew/poky/meta/recipes-extended/shadow/shadow_4.14.2.bb:do_create_runtime_spdx)
NOTE: recipe shadow-4.14.2-r0: task do_create_runtime_spdx: Started
NOTE: recipe shadow-4.14.2-r0: task do_create_runtime_spdx: Succeeded
NOTE: Running task 4427 of 4895 (/home/andrew/poky/meta/recipes-extended/shadow/shadow_4.14.2.bb:do_rm_work)
NOTE: recipe shadow-4.14.2-r0: task do_rm_work: Started
NOTE: recipe shadow-4.14.2-r0: task do_rm_work: Succeeded
NOTE: Running task 4429 of 4895 (/home/andrew/poky/meta/recipes-extended/shadow/shadow-securetty_4.6.bb:do_rm_work)
NOTE: recipe shadow-securetty-4.6-r0: task do_rm_work: Started
NOTE: recipe shadow-securetty-4.6-r0: task do_rm_work: Succeeded
NOTE: Running task 4446 of 4895 (virtual:native:/home/andrew/meta-selinux/recipes-security/selinux/policycoreutils_3.7.bb:do_rm_work)
NOTE: recipe policycoreutils-native-3.7-r0: task do_rm_work: Started
NOTE: recipe policycoreutils-native-3.7-r0: task do_rm_work: Succeeded
NOTE: Running task 4463 of 4895 (virtual:native:/home/andrew/meta-selinux/recipes-security/selinux/semodule-utils_3.7.bb:do_rm_work)
NOTE: recipe semodule-utils-native-3.7-r0: task do_rm_work: Started
NOTE: recipe semodule-utils-native-3.7-r0: task do_rm_work: Succeeded
NOTE: Running task 4480 of 4895 (virtual:native:/home/andrew/meta-selinux/recipes-security/selinux/checkpolicy_3.7.bb:do_rm_work)
NOTE: recipe checkpolicy-native-3.7-r0: task do_rm_work: Started
NOTE: recipe checkpolicy-native-3.7-r0: task do_rm_work: Succeeded
NOTE: Running task 4482 of 4895 (/home/andrew/meta-selinux/recipes-security/refpolicy/refpolicy-targeted_git.bb:do_fetch)
NOTE: recipe refpolicy-targeted-2.20240226+git-r0: task do_fetch: Started
NOTE: recipe refpolicy-targeted-2.20240226+git-r0: task do_fetch: Succeeded
NOTE: Running task 4484 of 4895 (/home/andrew/meta-selinux/recipes-security/refpolicy/refpolicy-targeted_git.bb:do_unpack)
NOTE: recipe refpolicy-targeted-2.20240226+git-r0: task do_unpack: Started
NOTE: recipe refpolicy-targeted-2.20240226+git-r0: task do_unpack: Succeeded
NOTE: Running task 4487 of 4895 (/home/andrew/meta-selinux/recipes-security/refpolicy/refpolicy-targeted_git.bb:do_collect_spdx_deps)
NOTE: recipe refpolicy-targeted-2.20240226+git-r0: task do_collect_spdx_deps: Started
NOTE: recipe refpolicy-targeted-2.20240226+git-r0: task do_collect_spdx_deps: Succeeded
NOTE: Running task 4498 of 4895 (/home/andrew/meta-selinux/recipes-security/refpolicy/refpolicy-targeted_git.bb:do_create_spdx)
NOTE: recipe refpolicy-targeted-2.20240226+git-r0: task do_create_spdx: Started
NOTE: recipe refpolicy-targeted-2.20240226+git-r0: task do_create_spdx: Succeeded
NOTE: Running task 4499 of 4895 (/home/andrew/meta-selinux/recipes-security/refpolicy/refpolicy-targeted_git.bb:do_create_runtime_spdx)
NOTE: recipe refpolicy-targeted-2.20240226+git-r0: task do_create_runtime_spdx: Started
NOTE: recipe refpolicy-targeted-2.20240226+git-r0: task do_create_runtime_spdx: Succeeded
NOTE: Running task 4501 of 4895 (/home/andrew/meta-selinux/recipes-security/refpolicy/refpolicy-targeted_git.bb:do_rm_work)
NOTE: recipe refpolicy-targeted-2.20240226+git-r0: task do_rm_work: Started
NOTE: recipe refpolicy-targeted-2.20240226+git-r0: task do_rm_work: Succeeded
NOTE: Running task 4503 of 4895 (/home/andrew/poky/meta/recipes-extended/procps/procps_4.0.4.bb:do_fetch)
NOTE: recipe procps-4.0.4-r0: task do_fetch: Started
NOTE: recipe procps-4.0.4-r0: task do_fetch: Succeeded
NOTE: Running task 4505 of 4895 (/home/andrew/poky/meta/recipes-extended/procps/procps_4.0.4.bb:do_unpack)
NOTE: recipe procps-4.0.4-r0: task do_unpack: Started
NOTE: recipe procps-4.0.4-r0: task do_unpack: Succeeded
NOTE: Running task 4508 of 4895 (/home/andrew/poky/meta/recipes-extended/procps/procps_4.0.4.bb:do_collect_spdx_deps)
NOTE: recipe procps-4.0.4-r0: task do_collect_spdx_deps: Started
NOTE: recipe procps-4.0.4-r0: task do_collect_spdx_deps: Succeeded
NOTE: Running task 4519 of 4895 (/home/andrew/poky/meta/recipes-extended/procps/procps_4.0.4.bb:do_create_spdx)
NOTE: recipe procps-4.0.4-r0: task do_create_spdx: Started
NOTE: recipe procps-4.0.4-r0: task do_create_spdx: Succeeded
NOTE: Running task 4520 of 4895 (/home/andrew/poky/meta/recipes-extended/procps/procps_4.0.4.bb:do_create_runtime_spdx)
NOTE: recipe procps-4.0.4-r0: task do_create_runtime_spdx: Started
NOTE: recipe procps-4.0.4-r0: task do_create_runtime_spdx: Succeeded
NOTE: Running task 4522 of 4895 (/home/andrew/poky/meta/recipes-extended/procps/procps_4.0.4.bb:do_rm_work)
NOTE: recipe procps-4.0.4-r0: task do_rm_work: Started
NOTE: recipe procps-4.0.4-r0: task do_rm_work: Succeeded
NOTE: Running task 4524 of 4895 (/home/andrew/poky/meta/recipes-connectivity/iproute2/iproute2_6.7.0.bb:do_fetch)
NOTE: recipe iproute2-6.7.0-r0: task do_fetch: Started
NOTE: recipe iproute2-6.7.0-r0: task do_fetch: Succeeded
NOTE: Running task 4526 of 4895 (/home/andrew/poky/meta/recipes-connectivity/iproute2/iproute2_6.7.0.bb:do_unpack)
NOTE: recipe iproute2-6.7.0-r0: task do_unpack: Started
NOTE: recipe iproute2-6.7.0-r0: task do_unpack: Succeeded
NOTE: Running task 4529 of 4895 (/home/andrew/poky/meta/recipes-connectivity/iproute2/iproute2_6.7.0.bb:do_collect_spdx_deps)
NOTE: recipe iproute2-6.7.0-r0: task do_collect_spdx_deps: Started
NOTE: recipe iproute2-6.7.0-r0: task do_collect_spdx_deps: Succeeded
NOTE: Running task 4540 of 4895 (/home/andrew/poky/meta/recipes-connectivity/iproute2/iproute2_6.7.0.bb:do_create_spdx)
NOTE: recipe iproute2-6.7.0-r0: task do_create_spdx: Started
NOTE: recipe iproute2-6.7.0-r0: task do_create_spdx: Succeeded
NOTE: Running task 4541 of 4895 (/home/andrew/poky/meta/recipes-connectivity/iproute2/iproute2_6.7.0.bb:do_create_runtime_spdx)
NOTE: recipe iproute2-6.7.0-r0: task do_create_runtime_spdx: Started
NOTE: recipe iproute2-6.7.0-r0: task do_create_runtime_spdx: Succeeded
NOTE: Running task 4543 of 4895 (/home/andrew/poky/meta/recipes-connectivity/iproute2/iproute2_6.7.0.bb:do_rm_work)
NOTE: recipe iproute2-6.7.0-r0: task do_rm_work: Started
NOTE: recipe iproute2-6.7.0-r0: task do_rm_work: Succeeded
NOTE: Running task 4545 of 4895 (/home/andrew/meta-openembedded/meta-networking/recipes-support/chrony/chrony_4.5.bb:do_fetch)
NOTE: recipe chrony-4.5-r0: task do_fetch: Started
NOTE: recipe chrony-4.5-r0: task do_fetch: Succeeded
NOTE: Running task 4547 of 4895 (/home/andrew/meta-openembedded/meta-networking/recipes-support/chrony/chrony_4.5.bb:do_unpack)
NOTE: recipe chrony-4.5-r0: task do_unpack: Started
NOTE: recipe chrony-4.5-r0: task do_unpack: Succeeded
NOTE: Running task 4550 of 4895 (/home/andrew/meta-openembedded/meta-networking/recipes-support/chrony/chrony_4.5.bb:do_collect_spdx_deps)
NOTE: recipe chrony-4.5-r0: task do_collect_spdx_deps: Started
NOTE: recipe chrony-4.5-r0: task do_collect_spdx_deps: Succeeded
NOTE: Running task 4561 of 4895 (/home/andrew/meta-openembedded/meta-networking/recipes-support/chrony/chrony_4.5.bb:do_create_spdx)
NOTE: recipe chrony-4.5-r0: task do_create_spdx: Started
NOTE: recipe chrony-4.5-r0: task do_create_spdx: Succeeded
NOTE: Running task 4562 of 4895 (/home/andrew/meta-openembedded/meta-networking/recipes-support/chrony/chrony_4.5.bb:do_create_runtime_spdx)
NOTE: recipe chrony-4.5-r0: task do_create_runtime_spdx: Started
NOTE: recipe chrony-4.5-r0: task do_create_runtime_spdx: Succeeded
NOTE: Running task 4564 of 4895 (/home/andrew/meta-openembedded/meta-networking/recipes-support/chrony/chrony_4.5.bb:do_rm_work)
NOTE: recipe chrony-4.5-r0: task do_rm_work: Started
NOTE: recipe chrony-4.5-r0: task do_rm_work: Succeeded
NOTE: Running task 4583 of 4895 (/home/andrew/poky/meta/recipes-devtools/run-postinsts/run-postinsts_1.0.bb:do_rm_work)
NOTE: recipe run-postinsts-1.0-r0: task do_rm_work: Started
NOTE: recipe run-postinsts-1.0-r0: task do_rm_work: Succeeded
NOTE: Running task 4585 of 4895 (/home/andrew/meta-selinux/recipes-security/selinux-scripts/selinux-autorelabel_0.1.bb:do_fetch)
NOTE: recipe selinux-autorelabel-0.1-r0: task do_fetch: Started
NOTE: recipe selinux-autorelabel-0.1-r0: task do_fetch: Succeeded
NOTE: Running task 4587 of 4895 (/home/andrew/meta-selinux/recipes-security/selinux-scripts/selinux-autorelabel_0.1.bb:do_unpack)
NOTE: recipe selinux-autorelabel-0.1-r0: task do_unpack: Started
NOTE: recipe selinux-autorelabel-0.1-r0: task do_unpack: Succeeded
NOTE: Running task 4588 of 4895 (/home/andrew/meta-selinux/recipes-security/selinux-scripts/selinux-autorelabel_0.1.bb:do_collect_spdx_deps)
NOTE: recipe selinux-autorelabel-0.1-r0: task do_collect_spdx_deps: Started
NOTE: recipe selinux-autorelabel-0.1-r0: task do_collect_spdx_deps: Succeeded
NOTE: Running task 4599 of 4895 (/home/andrew/meta-selinux/recipes-security/selinux-scripts/selinux-autorelabel_0.1.bb:do_create_spdx)
NOTE: recipe selinux-autorelabel-0.1-r0: task do_create_spdx: Started
NOTE: recipe selinux-autorelabel-0.1-r0: task do_create_spdx: Succeeded
NOTE: Running task 4600 of 4895 (/home/andrew/meta-selinux/recipes-security/selinux-scripts/selinux-autorelabel_0.1.bb:do_create_runtime_spdx)
NOTE: recipe selinux-autorelabel-0.1-r0: task do_create_runtime_spdx: Started
NOTE: recipe selinux-autorelabel-0.1-r0: task do_create_runtime_spdx: Succeeded
NOTE: Running task 4602 of 4895 (/home/andrew/meta-selinux/recipes-security/selinux-scripts/selinux-autorelabel_0.1.bb:do_rm_work)
NOTE: recipe selinux-autorelabel-0.1-r0: task do_rm_work: Started
NOTE: recipe selinux-autorelabel-0.1-r0: task do_rm_work: Succeeded
NOTE: Running task 4604 of 4895 (/home/andrew/meta-openembedded/meta-oe/recipes-devtools/jq/jq_1.7.1.bb:do_fetch)
NOTE: recipe jq-1.7.1-r0: task do_fetch: Started
NOTE: recipe jq-1.7.1-r0: task do_fetch: Succeeded
NOTE: Running task 4606 of 4895 (/home/andrew/meta-openembedded/meta-oe/recipes-devtools/jq/jq_1.7.1.bb:do_unpack)
NOTE: recipe jq-1.7.1-r0: task do_unpack: Started
NOTE: recipe jq-1.7.1-r0: task do_unpack: Succeeded
NOTE: Running task 4607 of 4895 (/home/andrew/meta-openembedded/meta-oe/recipes-devtools/jq/jq_1.7.1.bb:do_collect_spdx_deps)
NOTE: recipe jq-1.7.1-r0: task do_collect_spdx_deps: Started
NOTE: recipe jq-1.7.1-r0: task do_collect_spdx_deps: Succeeded
NOTE: Running task 4618 of 4895 (/home/andrew/meta-openembedded/meta-oe/recipes-devtools/jq/jq_1.7.1.bb:do_create_spdx)
NOTE: recipe jq-1.7.1-r0: task do_create_spdx: Started
NOTE: recipe jq-1.7.1-r0: task do_create_spdx: Succeeded
NOTE: Running task 4619 of 4895 (/home/andrew/meta-openembedded/meta-oe/recipes-devtools/jq/jq_1.7.1.bb:do_create_runtime_spdx)
NOTE: recipe jq-1.7.1-r0: task do_create_runtime_spdx: Started
NOTE: recipe jq-1.7.1-r0: task do_create_runtime_spdx: Succeeded
NOTE: Running task 4621 of 4895 (/home/andrew/meta-openembedded/meta-oe/recipes-devtools/jq/jq_1.7.1.bb:do_rm_work)
NOTE: recipe jq-1.7.1-r0: task do_rm_work: Started
NOTE: recipe jq-1.7.1-r0: task do_rm_work: Succeeded
NOTE: Running task 4623 of 4895 (/home/andrew/tactiq-os/recipes-core/tactiq-release/tactiq-release_2.0.0.bb:do_fetch)
NOTE: recipe tactiq-release-2.0.0-r0: task do_fetch: Started
NOTE: recipe tactiq-release-2.0.0-r0: task do_fetch: Succeeded
NOTE: Running task 4625 of 4895 (/home/andrew/tactiq-os/recipes-core/tactiq-release/tactiq-release_2.0.0.bb:do_unpack)
NOTE: recipe tactiq-release-2.0.0-r0: task do_unpack: Started
NOTE: recipe tactiq-release-2.0.0-r0: task do_unpack: Succeeded
NOTE: Running task 4626 of 4895 (/home/andrew/tactiq-os/recipes-core/tactiq-release/tactiq-release_2.0.0.bb:do_collect_spdx_deps)
NOTE: recipe tactiq-release-2.0.0-r0: task do_collect_spdx_deps: Started
NOTE: recipe tactiq-release-2.0.0-r0: task do_collect_spdx_deps: Succeeded
NOTE: Running task 4637 of 4895 (/home/andrew/tactiq-os/recipes-core/tactiq-release/tactiq-release_2.0.0.bb:do_create_spdx)
NOTE: recipe tactiq-release-2.0.0-r0: task do_create_spdx: Started
NOTE: recipe tactiq-release-2.0.0-r0: task do_create_spdx: Succeeded
NOTE: Running task 4638 of 4895 (/home/andrew/tactiq-os/recipes-core/tactiq-release/tactiq-release_2.0.0.bb:do_create_runtime_spdx)
NOTE: recipe tactiq-release-2.0.0-r0: task do_create_runtime_spdx: Started
NOTE: recipe tactiq-release-2.0.0-r0: task do_create_runtime_spdx: Succeeded
NOTE: Running task 4640 of 4895 (/home/andrew/tactiq-os/recipes-core/tactiq-release/tactiq-release_2.0.0.bb:do_rm_work)
NOTE: recipe tactiq-release-2.0.0-r0: task do_rm_work: Started
NOTE: recipe tactiq-release-2.0.0-r0: task do_rm_work: Succeeded
NOTE: Running task 4642 of 4895 (/home/andrew/tactiq-os/recipes-core/tactiq-config/tactiq-config_2.0.0.bb:do_fetch)
NOTE: recipe tactiq-config-2.0.0-r0: task do_fetch: Started
NOTE: recipe tactiq-config-2.0.0-r0: task do_fetch: Succeeded
NOTE: Running task 4644 of 4895 (/home/andrew/tactiq-os/recipes-core/tactiq-config/tactiq-config_2.0.0.bb:do_unpack)
NOTE: recipe tactiq-config-2.0.0-r0: task do_unpack: Started
NOTE: recipe tactiq-config-2.0.0-r0: task do_unpack: Succeeded
NOTE: Running task 4645 of 4895 (/home/andrew/tactiq-os/recipes-core/tactiq-config/tactiq-config_2.0.0.bb:do_collect_spdx_deps)
NOTE: recipe tactiq-config-2.0.0-r0: task do_collect_spdx_deps: Started
NOTE: recipe tactiq-config-2.0.0-r0: task do_collect_spdx_deps: Succeeded
NOTE: Running task 4656 of 4895 (/home/andrew/tactiq-os/recipes-core/tactiq-config/tactiq-config_2.0.0.bb:do_create_spdx)
NOTE: recipe tactiq-config-2.0.0-r0: task do_create_spdx: Started
NOTE: recipe tactiq-config-2.0.0-r0: task do_create_spdx: Succeeded
NOTE: Running task 4657 of 4895 (/home/andrew/tactiq-os/recipes-core/tactiq-config/tactiq-config_2.0.0.bb:do_create_runtime_spdx)
NOTE: recipe tactiq-config-2.0.0-r0: task do_create_runtime_spdx: Started
NOTE: recipe tactiq-config-2.0.0-r0: task do_create_runtime_spdx: Succeeded
NOTE: Running task 4659 of 4895 (/home/andrew/tactiq-os/recipes-core/tactiq-config/tactiq-config_2.0.0.bb:do_rm_work)
NOTE: recipe tactiq-config-2.0.0-r0: task do_rm_work: Started
NOTE: recipe tactiq-config-2.0.0-r0: task do_rm_work: Succeeded
NOTE: Running task 4661 of 4895 (/home/andrew/tactiq-os/recipes-core/tactiq-agent/tactiq-agent_2.0.0.bb:do_fetch)
NOTE: recipe tactiq-agent-2.0.0-r0: task do_fetch: Started
NOTE: recipe tactiq-agent-2.0.0-r0: task do_fetch: Succeeded
NOTE: Running task 4663 of 4895 (/home/andrew/tactiq-os/recipes-core/tactiq-agent/tactiq-agent_2.0.0.bb:do_unpack)
NOTE: recipe tactiq-agent-2.0.0-r0: task do_unpack: Started
NOTE: recipe tactiq-agent-2.0.0-r0: task do_unpack: Succeeded
NOTE: Running task 4664 of 4895 (/home/andrew/tactiq-os/recipes-core/tactiq-agent/tactiq-agent_2.0.0.bb:do_collect_spdx_deps)
NOTE: recipe tactiq-agent-2.0.0-r0: task do_collect_spdx_deps: Started
NOTE: recipe tactiq-agent-2.0.0-r0: task do_collect_spdx_deps: Succeeded
NOTE: Running task 4675 of 4895 (/home/andrew/tactiq-os/recipes-core/tactiq-agent/tactiq-agent_2.0.0.bb:do_create_spdx)
NOTE: recipe tactiq-agent-2.0.0-r0: task do_create_spdx: Started
NOTE: recipe tactiq-agent-2.0.0-r0: task do_create_spdx: Succeeded
NOTE: Running task 4676 of 4895 (/home/andrew/tactiq-os/recipes-core/tactiq-agent/tactiq-agent_2.0.0.bb:do_create_runtime_spdx)
NOTE: recipe tactiq-agent-2.0.0-r0: task do_create_runtime_spdx: Started
NOTE: recipe tactiq-agent-2.0.0-r0: task do_create_runtime_spdx: Succeeded
NOTE: Running task 4678 of 4895 (/home/andrew/tactiq-os/recipes-core/tactiq-agent/tactiq-agent_2.0.0.bb:do_rm_work)
NOTE: recipe tactiq-agent-2.0.0-r0: task do_rm_work: Started
NOTE: recipe tactiq-agent-2.0.0-r0: task do_rm_work: Succeeded
NOTE: Running task 4680 of 4895 (/home/andrew/poky/meta/recipes-core/busybox/busybox_1.36.1.bb:do_fetch)
NOTE: recipe busybox-1.36.1-r0: task do_fetch: Started
NOTE: recipe busybox-1.36.1-r0: task do_fetch: Succeeded
NOTE: Running task 4682 of 4895 (/home/andrew/poky/meta/recipes-core/busybox/busybox_1.36.1.bb:do_unpack)
NOTE: recipe busybox-1.36.1-r0: task do_unpack: Started
NOTE: recipe busybox-1.36.1-r0: task do_unpack: Succeeded
NOTE: Running task 4685 of 4895 (/home/andrew/poky/meta/recipes-core/busybox/busybox_1.36.1.bb:do_collect_spdx_deps)
NOTE: recipe busybox-1.36.1-r0: task do_collect_spdx_deps: Started
NOTE: recipe busybox-1.36.1-r0: task do_collect_spdx_deps: Succeeded
NOTE: Running task 4696 of 4895 (/home/andrew/poky/meta/recipes-core/busybox/busybox_1.36.1.bb:do_create_spdx)
NOTE: recipe busybox-1.36.1-r0: task do_create_spdx: Started
NOTE: recipe busybox-1.36.1-r0: task do_create_spdx: Succeeded
NOTE: Running task 4697 of 4895 (/home/andrew/poky/meta/recipes-core/busybox/busybox_1.36.1.bb:do_create_runtime_spdx)
NOTE: recipe busybox-1.36.1-r0: task do_create_runtime_spdx: Started
NOTE: recipe busybox-1.36.1-r0: task do_create_runtime_spdx: Succeeded
NOTE: Running task 4699 of 4895 (/home/andrew/poky/meta/recipes-core/busybox/busybox_1.36.1.bb:do_rm_work)
NOTE: recipe busybox-1.36.1-r0: task do_rm_work: Started
NOTE: recipe busybox-1.36.1-r0: task do_rm_work: Succeeded
NOTE: Running task 4721 of 4895 (/home/andrew/poky/meta/recipes-core/netbase/netbase_6.4.bb:do_rm_work)
NOTE: recipe netbase-1_6.4-r0: task do_rm_work: Started
NOTE: recipe netbase-1_6.4-r0: task do_rm_work: Succeeded
NOTE: Running task 4736 of 4895 (/home/andrew/poky/meta/recipes-kernel/kmod/depmodwrapper-cross_1.0.bb:do_rm_work)
NOTE: recipe depmodwrapper-cross-1.0-r0: task do_rm_work: Started
NOTE: recipe depmodwrapper-cross-1.0-r0: task do_rm_work: Succeeded
NOTE: Running task 4752 of 4895 (virtual:native:/home/andrew/poky/meta/recipes-extended/libsolv/libsolv_0.7.28.bb:do_rm_work)
NOTE: recipe libsolv-native-0.7.28-r0: task do_rm_work: Started
NOTE: recipe libsolv-native-0.7.28-r0: task do_rm_work: Succeeded
NOTE: Running task 4769 of 4895 (virtual:native:/home/andrew/poky/meta/recipes-support/debianutils/debianutils_5.16.bb:do_rm_work)
NOTE: recipe debianutils-native-5.16-r0: task do_rm_work: Started
NOTE: recipe debianutils-native-5.16-r0: task do_rm_work: Succeeded
NOTE: Running task 4771 of 4895 (/home/andrew/poky/meta/recipes-support/ca-certificates/ca-certificates_20250419.bb:do_rm_work)
NOTE: recipe ca-certificates-20250419-r0: task do_rm_work: Started
NOTE: recipe ca-certificates-20250419-r0: task do_rm_work: Succeeded
NOTE: Running task 4788 of 4895 (virtual:native:/home/andrew/poky/meta/recipes-devtools/opkg/opkg_0.6.3.bb:do_rm_work)
NOTE: recipe opkg-native-1_0.6.3-r0: task do_rm_work: Started
NOTE: recipe opkg-native-1_0.6.3-r0: task do_rm_work: Succeeded
NOTE: Running task 4805 of 4895 (/home/andrew/poky/meta/recipes-core/glibc/ldconfig-native_2.12.1.bb:do_rm_work)
NOTE: recipe ldconfig-native-2.12.1-r0: task do_rm_work: Started
NOTE: recipe ldconfig-native-2.12.1-r0: task do_rm_work: Succeeded
NOTE: Running task 4822 of 4895 (virtual:native:/home/andrew/poky/meta/recipes-devtools/makedevs/makedevs_1.0.1.bb:do_rm_work)
NOTE: recipe makedevs-native-1.0.1-r0: task do_rm_work: Started
NOTE: recipe makedevs-native-1.0.1-r0: task do_rm_work: Succeeded
NOTE: Running task 4837 of 4895 (virtual:native:/home/andrew/poky/meta/recipes-extended/pigz/pigz_2.8.bb:do_rm_work)
NOTE: recipe pigz-native-2.8-r0: task do_rm_work: Started
NOTE: recipe pigz-native-2.8-r0: task do_rm_work: Succeeded
NOTE: Running noexec task 4839 of 4895 (/home/andrew/tactiq-os/recipes-core/images/tactiq-image.bb:do_fetch)
NOTE: Running task 4840 of 4895 (/home/andrew/tactiq-os/recipes-core/images/tactiq-image.bb:do_prepare_recipe_sysroot)
NOTE: recipe tactiq-image-1.0-r0: task do_prepare_recipe_sysroot: Started
NOTE: recipe tactiq-image-1.0-r0: task do_prepare_recipe_sysroot: Succeeded
NOTE: Running task 4846 of 4895 (/home/andrew/poky/meta/recipes-core/glibc/glibc-locale_2.39.bb:do_rm_work)
NOTE: recipe glibc-locale-2.39+git-r0: task do_rm_work: Started
NOTE: recipe glibc-locale-2.39+git-r0: task do_rm_work: Succeeded
NOTE: Running task 4849 of 4895 (/home/andrew/poky/meta/recipes-core/packagegroups/packagegroup-core-ssh-openssh.bb:do_rm_work)
NOTE: recipe packagegroup-core-ssh-openssh-1.0-r0: task do_rm_work: Started
NOTE: recipe packagegroup-core-ssh-openssh-1.0-r0: task do_rm_work: Succeeded
NOTE: Running task 4853 of 4895 (/home/andrew/poky/meta/recipes-core/packagegroups/packagegroup-core-boot.bb:do_rm_work)
NOTE: recipe packagegroup-core-boot-1.0-r0: task do_rm_work: Started
NOTE: recipe packagegroup-core-boot-1.0-r0: task do_rm_work: Succeeded
Bitbake still alive (no events for 600s). Active tasks:
/home/andrew/poky/meta/recipes-kernel/linux/linux-yocto_6.6.bb:do_compile
Bitbake still alive (no events for 1200s). Active tasks:
/home/andrew/poky/meta/recipes-kernel/linux/linux-yocto_6.6.bb:do_compile
Bitbake still alive (no events for 1800s). Active tasks:
/home/andrew/poky/meta/recipes-kernel/linux/linux-yocto_6.6.bb:do_compile
NOTE: recipe linux-yocto-6.6.123+git-r0: task do_compile: Succeeded
NOTE: Running task 4854 of 4895 (/home/andrew/poky/meta/recipes-kernel/linux/linux-yocto_6.6.bb:do_transform_kernel)
NOTE: Running task 4855 of 4895 (/home/andrew/poky/meta/recipes-kernel/linux/linux-yocto_6.6.bb:do_kernel_link_images)
NOTE: recipe linux-yocto-6.6.123+git-r0: task do_transform_kernel: Started
NOTE: recipe linux-yocto-6.6.123+git-r0: task do_kernel_link_images: Started
NOTE: recipe linux-yocto-6.6.123+git-r0: task do_transform_kernel: Succeeded
NOTE: Running task 4856 of 4895 (/home/andrew/poky/meta/recipes-kernel/linux/linux-yocto_6.6.bb:do_shared_workdir)
NOTE: recipe linux-yocto-6.6.123+git-r0: task do_kernel_link_images: Succeeded
NOTE: recipe linux-yocto-6.6.123+git-r0: task do_shared_workdir: Started
NOTE: recipe linux-yocto-6.6.123+git-r0: task do_shared_workdir: Succeeded
NOTE: Running task 4857 of 4895 (/home/andrew/poky/meta/recipes-kernel/linux/linux-yocto_6.6.bb:do_compile_kernelmodules)
NOTE: recipe linux-yocto-6.6.123+git-r0: task do_compile_kernelmodules: Started
Bitbake still alive (no events for 600s). Active tasks:
/home/andrew/poky/meta/recipes-kernel/linux/linux-yocto_6.6.bb:do_compile_kernelmodules
Bitbake still alive (no events for 1200s). Active tasks:
/home/andrew/poky/meta/recipes-kernel/linux/linux-yocto_6.6.bb:do_compile_kernelmodules
Bitbake still alive (no events for 1800s). Active tasks:
/home/andrew/poky/meta/recipes-kernel/linux/linux-yocto_6.6.bb:do_compile_kernelmodules
Bitbake still alive (no events for 2400s). Active tasks:
/home/andrew/poky/meta/recipes-kernel/linux/linux-yocto_6.6.bb:do_compile_kernelmodules
Bitbake still alive (no events for 3000s). Active tasks:
/home/andrew/poky/meta/recipes-kernel/linux/linux-yocto_6.6.bb:do_compile_kernelmodules
Bitbake still alive (no events for 3600s). Active tasks:
/home/andrew/poky/meta/recipes-kernel/linux/linux-yocto_6.6.bb:do_compile_kernelmodules
Bitbake still alive (no events for 4200s). Active tasks:
/home/andrew/poky/meta/recipes-kernel/linux/linux-yocto_6.6.bb:do_compile_kernelmodules
Bitbake still alive (no events for 4800s). Active tasks:
/home/andrew/poky/meta/recipes-kernel/linux/linux-yocto_6.6.bb:do_compile_kernelmodules
NOTE: recipe linux-yocto-6.6.123+git-r0: task do_compile_kernelmodules: Succeeded
NOTE: Running task 4858 of 4895 (/home/andrew/poky/meta/recipes-kernel/linux/linux-yocto_6.6.bb:do_strip)
NOTE: recipe linux-yocto-6.6.123+git-r0: task do_strip: Started
NOTE: recipe linux-yocto-6.6.123+git-r0: task do_strip: Succeeded
NOTE: Running task 4859 of 4895 (/home/andrew/poky/meta/recipes-kernel/linux/linux-yocto_6.6.bb:do_sizecheck)
NOTE: recipe linux-yocto-6.6.123+git-r0: task do_sizecheck: Started
NOTE: recipe linux-yocto-6.6.123+git-r0: task do_sizecheck: Succeeded
NOTE: Running task 4860 of 4895 (/home/andrew/poky/meta/recipes-kernel/linux/linux-yocto_6.6.bb:do_install)
NOTE: recipe linux-yocto-6.6.123+git-r0: task do_install: Started
NOTE: recipe linux-yocto-6.6.123+git-r0: task do_install: Succeeded
NOTE: Running task 4861 of 4895 (/home/andrew/poky/meta/recipes-kernel/linux/linux-yocto_6.6.bb:do_bundle_initramfs)
NOTE: Running task 4870 of 4895 (/home/andrew/poky/meta/recipes-core/packagegroups/packagegroup-base.bb:do_rm_work)
NOTE: recipe linux-yocto-6.6.123+git-r0: task do_bundle_initramfs: Started
NOTE: recipe linux-yocto-6.6.123+git-r0: task do_bundle_initramfs: Succeeded
NOTE: Running task 4873 of 4895 (/home/andrew/poky/meta/recipes-kernel/linux/linux-yocto_6.6.bb:do_create_spdx)
NOTE: recipe packagegroup-base-1.0-r0: task do_rm_work: Started
NOTE: recipe packagegroup-base-1.0-r0: task do_rm_work: Succeeded
NOTE: recipe linux-yocto-6.6.123+git-r0: task do_create_spdx: Started
NOTE: recipe linux-yocto-6.6.123+git-r0: task do_create_spdx: Succeeded
NOTE: Running task 4875 of 4895 (/home/andrew/tactiq-os/recipes-core/images/tactiq-image.bb:do_create_runtime_spdx)
NOTE: Running task 4876 of 4895 (/home/andrew/poky/meta/recipes-core/systemd/systemd_255.21.bb:do_create_runtime_spdx)
NOTE: recipe systemd-1_255.21-r0: task do_create_runtime_spdx: Started
NOTE: recipe tactiq-image-1.0-r0: task do_create_runtime_spdx: Started
NOTE: recipe tactiq-image-1.0-r0: task do_create_runtime_spdx: Succeeded
NOTE: Running task 4877 of 4895 (/home/andrew/poky/meta/recipes-extended/iptables/iptables_1.8.10.bb:do_create_runtime_spdx)
NOTE: recipe iptables-1.8.10-r0: task do_create_runtime_spdx: Started
NOTE: recipe systemd-1_255.21-r0: task do_create_runtime_spdx: Succeeded
NOTE: Running task 4878 of 4895 (/home/andrew/poky/meta/recipes-core/systemd/systemd_255.21.bb:do_rm_work)
NOTE: recipe systemd-1_255.21-r0: task do_rm_work: Started
NOTE: recipe systemd-1_255.21-r0: task do_rm_work: Succeeded
NOTE: Running task 4879 of 4895 (/home/andrew/poky/meta/recipes-kernel/linux/linux-yocto_6.6.bb:do_create_runtime_spdx)
NOTE: recipe iptables-1.8.10-r0: task do_create_runtime_spdx: Succeeded
NOTE: Running task 4880 of 4895 (/home/andrew/poky/meta/recipes-extended/iptables/iptables_1.8.10.bb:do_rm_work)
NOTE: recipe iptables-1.8.10-r0: task do_rm_work: Started
NOTE: recipe linux-yocto-6.6.123+git-r0: task do_create_runtime_spdx: Started
NOTE: recipe iptables-1.8.10-r0: task do_rm_work: Succeeded
NOTE: Running task 4881 of 4895 (/home/andrew/poky/meta/recipes-kernel/linux/linux-yocto_6.6.bb:do_create_kernel_config_spdx)
NOTE: recipe linux-yocto-6.6.123+git-r0: task do_create_kernel_config_spdx: Started
NOTE: recipe linux-yocto-6.6.123+git-r0: task do_create_kernel_config_spdx: Succeeded
NOTE: Running task 4882 of 4895 (/home/andrew/poky/meta/recipes-kernel/linux/linux-yocto_6.6.bb:do_populate_lic)
NOTE: recipe linux-yocto-6.6.123+git-r0: task do_populate_lic: Started
NOTE: recipe linux-yocto-6.6.123+git-r0: task do_populate_lic: Succeeded
NOTE: Running task 4883 of 4895 (/home/andrew/poky/meta/recipes-kernel/linux/linux-yocto_6.6.bb:do_deploy)
NOTE: recipe linux-yocto-6.6.123+git-r0: task do_deploy: Started
NOTE: recipe linux-yocto-6.6.123+git-r0: task do_create_runtime_spdx: Succeeded
NOTE: Running task 4884 of 4895 (/home/andrew/poky/meta/recipes-kernel/linux/linux-yocto_6.6.bb:do_rm_work)
NOTE: recipe linux-yocto-6.6.123+git-r0: task do_rm_work: Started
NOTE: recipe linux-yocto-6.6.123+git-r0: task do_rm_work: Succeeded
NOTE: Running task 4885 of 4895 (/home/andrew/tactiq-os/recipes-core/images/tactiq-image.bb:do_rootfs)
NOTE: recipe tactiq-image-1.0-r0: task do_rootfs: Started
NOTE: recipe linux-yocto-6.6.123+git-r0: task do_deploy: Succeeded
Image CVE report stored in: /home/andrew/build-rock5a/tmp-glibc/work/tactiq_rock5a-oe-linux/tactiq-image/1.0/deploy-tactiq-image-image-complete/tactiq-image-tactiq-rock5a.rootfs-20260422223733.cve
Image CVE JSON report stored in: /home/andrew/build-rock5a/tmp-glibc/work/tactiq_rock5a-oe-linux/tactiq-image/1.0/deploy-tactiq-image-image-complete/tactiq-image-tactiq-rock5a.rootfs-20260422223733.json
NOTE: recipe tactiq-image-1.0-r0: task do_rootfs: Succeeded
NOTE: Running task 4886 of 4895 (/home/andrew/tactiq-os/recipes-core/images/tactiq-image.bb:do_flush_pseudodb)
NOTE: recipe tactiq-image-1.0-r0: task do_flush_pseudodb: Started
NOTE: recipe tactiq-image-1.0-r0: task do_flush_pseudodb: Succeeded
NOTE: Running task 4887 of 4895 (/home/andrew/tactiq-os/recipes-core/images/tactiq-image.bb:do_image_qa)
NOTE: recipe tactiq-image-1.0-r0: task do_image_qa: Started
NOTE: recipe tactiq-image-1.0-r0: task do_image_qa: Succeeded
NOTE: Running task 4888 of 4895 (/home/andrew/tactiq-os/recipes-core/images/tactiq-image.bb:do_image)
NOTE: recipe tactiq-image-1.0-r0: task do_image: Started
NOTE: recipe tactiq-image-1.0-r0: task do_image: Succeeded
NOTE: Running task 4889 of 4895 (/home/andrew/tactiq-os/recipes-core/images/tactiq-image.bb:do_image_ext4)
NOTE: Running task 4890 of 4895 (/home/andrew/tactiq-os/recipes-core/images/tactiq-image.bb:do_image_tar)
NOTE: recipe tactiq-image-1.0-r0: task do_image_ext4: Started
NOTE: recipe tactiq-image-1.0-r0: task do_image_tar: Started
NOTE: recipe tactiq-image-1.0-r0: task do_image_ext4: Succeeded
NOTE: recipe tactiq-image-1.0-r0: task do_image_tar: Succeeded
NOTE: Running task 4891 of 4895 (/home/andrew/tactiq-os/recipes-core/images/tactiq-image.bb:do_image_complete)
NOTE: recipe tactiq-image-1.0-r0: task do_image_complete: Started
NOTE: recipe tactiq-image-1.0-r0: task do_image_complete: Succeeded
NOTE: Running task 4892 of 4895 (/home/andrew/tactiq-os/recipes-core/images/tactiq-image.bb:do_populate_lic_deploy)
NOTE: recipe tactiq-image-1.0-r0: task do_populate_lic_deploy: Started
NOTE: recipe tactiq-image-1.0-r0: task do_populate_lic_deploy: Succeeded
NOTE: Running task 4893 of 4895 (/home/andrew/tactiq-os/recipes-core/images/tactiq-image.bb:do_rm_work)
NOTE: recipe tactiq-image-1.0-r0: task do_rm_work: Started
NOTE: recipe tactiq-image-1.0-r0: task do_rm_work: Succeeded
NOTE: Running noexec task 4894 of 4895 (/home/andrew/tactiq-os/recipes-core/images/tactiq-image.bb:do_rm_work_all)
NOTE: Running noexec task 4895 of 4895 (/home/andrew/tactiq-os/recipes-core/images/tactiq-image.bb:do_build)
NOTE: Tasks Summary: Attempted 4895 tasks of which 3814 didn't need to be rerun and all succeeded.
Complete CVE report summary created at: /home/andrew/build-rock5a/tmp-glibc/log/cve/cve-summary
NOTE: Generating JSON CVE summary
Complete CVE JSON report summary created at: /home/andrew/build-rock5a/tmp-glibc/log/cve/cve-summary.json

Summary: There were 800 WARNING messages.
