=== run 3: + shell_exec_t ===
2026-08-06T17:48:09Z
(allow tactiq_rauc_t shell_exec_t (file (execute execute_no_trans open read getattr ioctl map)))
libsemanage.semanage_reload_policy: load_policy returned error code 1. (No such file or directory).
libsemanage.semanage_reload_policy: load_policy returned error code 1. (No such file or directory).
semodule:  Failed!
semodule rc=1
0+1 records in
0+1 records out
load rc=0
allow tactiq_rauc_t shell_exec_t:file { execute execute_no_trans getattr ioctl map open read };
--- install:
installing
  0% Installing
  0% Determining slot states
 10% Determining slot states done.
 10% Checking bundle
 10% Verifying signature
 20% Verifying signature done.
 20% Checking bundle done.
 20% Checking manifest contents
 30% Checking manifest contents done.
 30% Determining target install group
 40% Determining target install group done.
100% Installing failed.
LastError: Install-check hook failed: failed to start bundle hook: Failed to execute child process “/run/rauc/mnt/bundle/hook” (Permission denied)
Installing `/var/lib/tactiq/rauc/bundles/hooktest.raucb` failed
rc=1
--- avc:
Aug 06 17:48:09 tactiq-rock5a audit[740]: AVC avc:  denied  { getattr } for  pid=740 comm="semodule" name="/" dev="mmcblk1p2" ino=2 scontext=unconfined_u:unconfined_r:semanage_t:s0-s0:c0.c1023 tcontext=system_u:object_r:fs_t:s0 tclass=filesystem permissive=0
Aug 06 17:48:09 tactiq-rock5a audit[740]: AVC avc:  denied  { getattr } for  pid=740 comm="semodule" name="/" dev="devtmpfs" ino=1 scontext=unconfined_u:unconfined_r:semanage_t:s0-s0:c0.c1023 tcontext=system_u:object_r:device_t:s0 tclass=filesystem permissive=0
Aug 06 17:48:09 tactiq-rock5a audit[740]: AVC avc:  denied  { getattr } for  pid=740 comm="semodule" name="/" dev="tmpfs" ino=1 scontext=unconfined_u:unconfined_r:semanage_t:s0-s0:c0.c1023 tcontext=system_u:object_r:tmpfs_t:s0 tclass=filesystem permissive=0
Aug 06 17:48:09 tactiq-rock5a audit[740]: AVC avc:  denied  { getattr } for  pid=740 comm="semodule" name="/" dev="devpts" ino=1 scontext=unconfined_u:unconfined_r:semanage_t:s0-s0:c0.c1023 tcontext=system_u:object_r:devpts_t:s0 tclass=filesystem permissive=0
Aug 06 17:48:09 tactiq-rock5a audit[740]: AVC avc:  denied  { getattr } for  pid=740 comm="semodule" name="/" dev="tmpfs" ino=1 scontext=unconfined_u:unconfined_r:semanage_t:s0-s0:c0.c1023 tcontext=system_u:object_r:tmpfs_t:s0 tclass=filesystem permissive=0
Aug 06 17:48:09 tactiq-rock5a audit[740]: AVC avc:  denied  { getattr } for  pid=740 comm="semodule" name="/" dev="cgroup2" ino=1 scontext=unconfined_u:unconfined_r:semanage_t:s0-s0:c0.c1023 tcontext=system_u:object_r:cgroup_t:s0 tclass=filesystem permissive=0
Aug 06 17:48:09 tactiq-rock5a audit[740]: AVC avc:  denied  { getattr } for  pid=740 comm="semodule" name="/" dev="mqueue" ino=5121 scontext=unconfined_u:unconfined_r:semanage_t:s0-s0:c0.c1023 tcontext=system_u:object_r:tmpfs_t:s0 tclass=filesystem permissive=0
Aug 06 17:48:09 tactiq-rock5a audit[740]: AVC avc:  denied  { getattr } for  pid=740 comm="semodule" name="/" dev="debugfs" ino=1 scontext=unconfined_u:unconfined_r:semanage_t:s0-s0:c0.c1023 tcontext=system_u:object_r:debugfs_t:s0 tclass=filesystem permissive=0
Aug 06 17:48:09 tactiq-rock5a audit[740]: AVC avc:  denied  { getattr } for  pid=740 comm="semodule" name="/" dev="hugetlbfs" ino=16603 scontext=unconfined_u:unconfined_r:semanage_t:s0-s0:c0.c1023 tcontext=system_u:object_r:hugetlbfs_t:s0 tclass=filesystem permissive=0
Aug 06 17:48:09 tactiq-rock5a audit[740]: AVC avc:  denied  { getattr } for  pid=740 comm="semodule" name="/" dev="tmpfs" ino=1 scontext=unconfined_u:unconfined_r:semanage_t:s0-s0:c0.c1023 tcontext=system_u:object_r:tmpfs_t:s0 tclass=filesystem permissive=0
Aug 06 17:48:09 tactiq-rock5a audit[740]: AVC avc:  denied  { getattr } for  pid=740 comm="semodule" name="/" dev="tmpfs" ino=1 scontext=unconfined_u:unconfined_r:semanage_t:s0-s0:c0.c1023 tcontext=system_u:object_r:tmpfs_t:s0 tclass=filesystem permissive=0
Aug 06 17:48:09 tactiq-rock5a audit[740]: AVC avc:  denied  { getattr } for  pid=740 comm="semodule" name="/" dev="tmpfs" ino=1 scontext=unconfined_u:unconfined_r:semanage_t:s0-s0:c0.c1023 tcontext=system_u:object_r:tmpfs_t:s0 tclass=filesystem permissive=0
Aug 06 17:48:09 tactiq-rock5a audit[740]: AVC avc:  denied  { getattr } for  pid=740 comm="semodule" name="/" dev="tmpfs" ino=1 scontext=unconfined_u:unconfined_r:semanage_t:s0-s0:c0.c1023 tcontext=system_u:object_r:tmpfs_t:s0 tclass=filesystem permissive=0
Aug 06 17:48:09 tactiq-rock5a audit[740]: AVC avc:  denied  { getattr } for  pid=740 comm="semodule" name="/" dev="tmpfs" ino=1 scontext=unconfined_u:unconfined_r:semanage_t:s0-s0:c0.c1023 tcontext=system_u:object_r:tmpfs_t:s0 tclass=filesystem permissive=0
Aug 06 17:48:09 tactiq-rock5a audit[740]: AVC avc:  denied  { getattr } for  pid=740 comm="semodule" name="/" dev="tmpfs" ino=1 scontext=unconfined_u:unconfined_r:semanage_t:s0-s0:c0.c1023 tcontext=system_u:object_r:tmpfs_t:s0 tclass=filesystem permissive=0
Aug 06 17:48:09 tactiq-rock5a audit[740]: AVC avc:  denied  { getattr } for  pid=740 comm="semodule" name="/" dev="tmpfs" ino=1 scontext=unconfined_u:unconfined_r:semanage_t:s0-s0:c0.c1023 tcontext=system_u:object_r:tmpfs_t:s0 tclass=filesystem permissive=0
Aug 06 17:48:09 tactiq-rock5a audit[740]: AVC avc:  denied  { relabelfrom } for  pid=740 comm="semodule" name="policy.kern" dev="mmcblk1p2" ino=8612 scontext=unconfined_u:unconfined_r:semanage_t:s0-s0:c0.c1023 tcontext=unconfined_u:object_r:semanage_store_t:s0 tclass=file permissive=0
Aug 06 17:48:09 tactiq-rock5a audit[740]: AVC avc:  denied  { relabelfrom } for  pid=740 comm="semodule" name="users_extra.linked" dev="mmcblk1p2" ino=8613 scontext=unconfined_u:unconfined_r:semanage_t:s0-s0:c0.c1023 tcontext=unconfined_u:object_r:semanage_store_t:s0 tclass=file permissive=0
Aug 06 17:48:09 tactiq-rock5a audit[740]: AVC avc:  denied  { relabelfrom } for  pid=740 comm="semodule" name="users_extra" dev="mmcblk1p2" ino=8614 scontext=unconfined_u:unconfined_r:semanage_t:s0-s0:c0.c1023 tcontext=unconfined_u:object_r:semanage_store_t:s0 tclass=file permissive=0
Aug 06 17:48:09 tactiq-rock5a audit[740]: AVC avc:  denied  { relabelfrom } for  pid=740 comm="semodule" name="policy.linked" dev="mmcblk1p2" ino=8615 scontext=unconfined_u:unconfined_r:semanage_t:s0-s0:c0.c1023 tcontext=unconfined_u:object_r:semanage_store_t:s0 tclass=file permissive=0
Aug 06 17:48:09 tactiq-rock5a audit[740]: AVC avc:  denied  { relabelfrom } for  pid=740 comm="semodule" name="seusers" dev="mmcblk1p2" ino=8616 scontext=unconfined_u:unconfined_r:semanage_t:s0-s0:c0.c1023 tcontext=unconfined_u:object_r:semanage_store_t:s0 tclass=file permissive=0
Aug 06 17:48:09 tactiq-rock5a audit[740]: AVC avc:  denied  { relabelfrom } for  pid=740 comm="semodule" name="seusers.linked" dev="mmcblk1p2" ino=8617 scontext=unconfined_u:unconfined_r:semanage_t:s0-s0:c0.c1023 tcontext=unconfined_u:object_r:semanage_store_t:s0 tclass=file permissive=0
Aug 06 17:48:09 tactiq-rock5a audit[740]: AVC avc:  denied  { relabelfrom } for  pid=740 comm="semodule" name="modules_checksum" dev="mmcblk1p2" ino=8618 scontext=unconfined_u:unconfined_r:semanage_t:s0-s0:c0.c1023 tcontext=unconfined_u:object_r:semanage_store_t:s0 tclass=file permissive=0
Aug 06 17:48:09 tactiq-rock5a audit[740]: AVC avc:  denied  { relabelfrom } for  pid=740 comm="semodule" name="commit_num" dev="mmcblk1p2" ino=8619 scontext=unconfined_u:unconfined_r:semanage_t:s0-s0:c0.c1023 tcontext=unconfined_u:object_r:semanage_store_t:s0 tclass=file permissive=0
Aug 06 17:48:09 tactiq-rock5a audit[740]: AVC avc:  denied  { relabelfrom } for  pid=740 comm="semodule" name="file_contexts.homedirs" dev="mmcblk1p2" ino=8620 scontext=unconfined_u:unconfined_r:semanage_t:s0-s0:c0.c1023 tcontext=unconfined_u:object_r:semanage_store_t:s0 tclass=file permissive=0
Aug 06 17:48:09 tactiq-rock5a audit[740]: AVC avc:  denied  { relabelfrom } for  pid=740 comm="semodule" name="homedir_template" dev="mmcblk1p2" ino=8621 scontext=unconfined_u:unconfined_r:semanage_t:s0-s0:c0.c1023 tcontext=unconfined_u:object_r:semanage_store_t:s0 tclass=file permissive=0
Aug 06 17:48:09 tactiq-rock5a audit[740]: AVC avc:  denied  { relabelfrom } for  pid=740 comm="semodule" name="file_contexts" dev="mmcblk1p2" ino=8622 scontext=unconfined_u:unconfined_r:semanage_t:s0-s0:c0.c1023 tcontext=unconfined_u:object_r:semanage_store_t:s0 tclass=file permissive=0
Aug 06 17:48:09 tactiq-rock5a audit[740]: AVC avc:  denied  { relabelfrom } for  pid=740 comm="semodule" name="lang_ext" dev="mmcblk1p2" ino=8626 scontext=unconfined_u:unconfined_r:semanage_t:s0-s0:c0.c1023 tcontext=unconfined_u:object_r:semanage_store_t:s0 tclass=file permissive=0
Aug 06 17:48:09 tactiq-rock5a audit[740]: AVC avc:  denied  { relabelfrom } for  pid=740 comm="semodule" name="cil" dev="mmcblk1p2" ino=8627 scontext=unconfined_u:unconfined_r:semanage_t:s0-s0:c0.c1023 tcontext=unconfined_u:object_r:semanage_store_t:s0 tclass=file permissive=0
Aug 06 17:48:09 tactiq-rock5a audit[740]: AVC avc:  denied  { relabelfrom } for  pid=740 comm="semodule" name="hll" dev="mmcblk1p2" ino=8628 scontext=unconfined_u:unconfined_r:semanage_t:s0-s0:c0.c1023 tcontext=unconfined_u:object_r:semanage_store_t:s0 tclass=file permissive=0
Aug 06 17:48:09 tactiq-rock5a audit[740]: AVC avc:  denied  { relabelfrom } for  pid=740 comm="semodule" name="lsm" dev="mmcblk1p2" ino=8625 scontext=unconfined_u:unconfined_r:semanage_t:s0-s0:c0.c1023 tcontext=unconfined_u:object_r:semanage_store_t:s0 tclass=dir permissive=0
Aug 06 17:48:09 tactiq-rock5a audit[740]: AVC avc:  denied  { relabelfrom } for  pid=740 comm="semodule" name="lang_ext" dev="mmcblk1p2" ino=8630 scontext=unconfined_u:unconfined_r:semanage_t:s0-s0:c0.c1023 tcontext=unconfined_u:object_r:semanage_store_t:s0 tclass=file permissive=0
Aug 06 17:48:09 tactiq-rock5a audit[740]: AVC avc:  denied  { relabelfrom } for  pid=740 comm="semodule" name="cil" dev="mmcblk1p2" ino=8631 scontext=unconfined_u:unconfined_r:semanage_t:s0-s0:c0.c1023 tcontext=unconfined_u:object_r:semanage_store_t:s0 tclass=file permissive=0
Aug 06 17:48:09 tactiq-rock5a audit[740]: AVC avc:  denied  { relabelfrom } for  pid=740 comm="semodule" name="hll" dev="mmcblk1p2" ino=8632 scontext=unconfined_u:unconfined_r:semanage_t:s0-s0:c0.c1023 tcontext=unconfined_u:object_r:semanage_store_t:s0 tclass=file permissive=0
Aug 06 17:48:09 tactiq-rock5a audit[740]: AVC avc:  denied  { relabelfrom } for  pid=740 comm="semodule" name="avahi" dev="mmcblk1p2" ino=8629 scontext=unconfined_u:unconfined_r:semanage_t:s0-s0:c0.c1023 tcontext=unconfined_u:object_r:semanage_store_t:s0 tclass=dir permissive=0
Aug 06 17:48:09 tactiq-rock5a audit[740]: AVC avc:  denied  { relabelfrom } for  pid=740 comm="semodule" name="lang_ext" dev="mmcblk1p2" ino=8634 scontext=unconfined_u:unconfined_r:semanage_t:s0-s0:c0.c1023 tcontext=unconfined_u:object_r:semanage_store_t:s0 tclass=file permissive=0
Aug 06 17:48:09 tactiq-rock5a audit[740]: AVC avc:  denied  { relabelfrom } for  pid=740 comm="semodule" name="cil" dev="mmcblk1p2" ino=8635 scontext=unconfined_u:unconfined_r:semanage_t:s0-s0:c0.c1023 tcontext=unconfined_u:object_r:semanage_store_t:s0 tclass=file permissive=0
Aug 06 17:48:09 tactiq-rock5a audit[740]: AVC avc:  denied  { relabelfrom } for  pid=740 comm="semodule" name="hll" dev="mmcblk1p2" ino=8636 scontext=unconfined_u:unconfined_r:semanage_t:s0-s0:c0.c1023 tcontext=unconfined_u:object_r:semanage_store_t:s0 tclass=file permissive=0
Aug 06 17:48:09 tactiq-rock5a audit[740]: AVC avc:  denied  { relabelfrom } for  pid=740 comm="semodule" name="mrtg" dev="mmcblk1p2" ino=8633 scontext=unconfined_u:unconfined_r:semanage_t:s0-s0:c0.c1023 tcontext=unconfined_u:object_r:semanage_store_t:s0 tclass=dir permissive=0
Aug 06 17:48:09 tactiq-rock5a audit[740]: AVC avc:  denied  { relabelfrom } for  pid=740 comm="semodule" name="lang_ext" dev="mmcblk1p2" ino=8638 scontext=unconfined_u:unconfined_r:semanage_t:s0-s0:c0.c1023 tcontext=unconfined_u:object_r:semanage_store_t:s0 tclass=file permissive=0
Aug 06 17:48:09 tactiq-rock5a audit[740]: AVC avc:  denied  { relabelfrom } for  pid=740 comm="semodule" name="cil" dev="mmcblk1p2" ino=8639 scontext=unconfined_u:unconfined_r:semanage_t:s0-s0:c0.c1023 tcontext=unconfined_u:object_r:semanage_store_t:s0 tclass=file permissive=0
Aug 06 17:48:09 tactiq-rock5a audit[740]: AVC avc:  denied  { relabelfrom } for  pid=740 comm="semodule" name="hll" dev="mmcblk1p2" ino=8640 scontext=unconfined_u:unconfined_r:semanage_t:s0-s0:c0.c1023 tcontext=unconfined_u:object_r:semanage_store_t:s0 tclass=file permissive=0
Aug 06 17:48:09 tactiq-rock5a audit[740]: AVC avc:  denied  { relabelfrom } for  pid=740 comm="semodule" name="vnstatd" dev="mmcblk1p2" ino=8637 scontext=unconfined_u:unconfined_r:semanage_t:s0-s0:c0.c1023 tcontext=unconfined_u:object_r:semanage_store_t:s0 tclass=dir permissive=0
Aug 06 17:48:09 tactiq-rock5a audit[740]: AVC avc:  denied  { relabelfrom } for  pid=740 comm="semodule" name="lang_ext" dev="mmcblk1p2" ino=8642 scontext=unconfined_u:unconfined_r:semanage_t:s0-s0:c0.c1023 tcontext=unconfined_u:object_r:semanage_store_t:s0 tclass=file permissive=0
Aug 06 17:48:09 tactiq-rock5a audit[740]: AVC avc:  denied  { relabelfrom } for  pid=740 comm="semodule" name="cil" dev="mmcblk1p2" ino=8643 scontext=unconfined_u:unconfined_r:semanage_t:s0-s0:c0.c1023 tcontext=unconfined_u:object_r:semanage_store_t:s0 tclass=file permissive=0
Aug 06 17:48:09 tactiq-rock5a audit[740]: AVC avc:  denied  { relabelfrom } for  pid=740 comm="semodule" name="hll" dev="mmcblk1p2" ino=8644 scontext=unconfined_u:unconfined_r:semanage_t:s0-s0:c0.c1023 tcontext=unconfined_u:object_r:semanage_store_t:s0 tclass=file permissive=0
Aug 06 17:48:09 tactiq-rock5a audit[740]: AVC avc:  denied  { relabelfrom } for  pid=740 comm="semodule" name="wayland" dev="mmcblk1p2" ino=8641 scontext=unconfined_u:unconfined_r:semanage_t:s0-s0:c0.c1023 tcontext=unconfined_u:object_r:semanage_store_t:s0 tclass=dir permissive=0
Aug 06 17:48:09 tactiq-rock5a audit[740]: AVC avc:  denied  { relabelfrom } for  pid=740 comm="semodule" name="lang_ext" dev="mmcblk1p2" ino=8646 scontext=unconfined_u:unconfined_r:semanage_t:s0-s0:c0.c1023 tcontext=unconfined_u:object_r:semanage_store_t:s0 tclass=file permissive=0
Aug 06 17:48:09 tactiq-rock5a audit[740]: AVC avc:  denied  { relabelfrom } for  pid=740 comm="semodule" name="cil" dev="mmcblk1p2" ino=8647 scontext=unconfined_u:unconfined_r:semanage_t:s0-s0:c0.c1023 tcontext=unconfined_u:object_r:semanage_store_t:s0 tclass=file permissive=0
Aug 06 17:48:09 tactiq-rock5a audit[740]: AVC avc:  denied  { relabelfrom } for  pid=740 comm="semodule" name="hll" dev="mmcblk1p2" ino=8648 scontext=unconfined_u:unconfined_r:semanage_t:s0-s0:c0.c1023 tcontext=unconfined_u:object_r:semanage_store_t:s0 tclass=file permissive=0
Aug 06 17:48:09 tactiq-rock5a audit[740]: AVC avc:  denied  { relabelfrom } for  pid=740 comm="semodule" name="afs" dev="mmcblk1p2" ino=8645 scontext=unconfined_u:unconfined_r:semanage_t:s0-s0:c0.c1023 tcontext=unconfined_u:object_r:semanage_store_t:s0 tclass=dir permissive=0
Aug 06 17:48:09 tactiq-rock5a audit[740]: AVC avc:  denied  { relabelfrom } for  pid=740 comm="semodule" name="lang_ext" dev="mmcblk1p2" ino=8650 scontext=unconfined_u:unconfined_r:semanage_t:s0-s0:c0.c1023 tcontext=unconfined_u:object_r:semanage_store_t:s0 tclass=file permissive=0
Aug 06 17:48:09 tactiq-rock5a audit[740]: AVC avc:  denied  { relabelfrom } for  pid=740 comm="semodule" name="cil" dev="mmcblk1p2" ino=8651 scontext=unconfined_u:unconfined_r:semanage_t:s0-s0:c0.c1023 tcontext=unconfined_u:object_r:semanage_store_t:s0 tclass=file permissive=0
Aug 06 17:48:09 tactiq-rock5a audit[740]: AVC avc:  denied  { relabelfrom } for  pid=740 comm="semodule" name="hll" dev="mmcblk1p2" ino=8652 scontext=unconfined_u:unconfined_r:semanage_t:s0-s0:c0.c1023 tcontext=unconfined_u:object_r:semanage_store_t:s0 tclass=file permissive=0
Aug 06 17:48:09 tactiq-rock5a audit[740]: AVC avc:  denied  { relabelfrom } for  pid=740 comm="semodule" name="lightsquid" dev="mmcblk1p2" ino=8649 scontext=unconfined_u:unconfined_r:semanage_t:s0-s0:c0.c1023 tcontext=unconfined_u:object_r:semanage_store_t:s0 tclass=dir permissive=0
Aug 06 17:48:09 tactiq-rock5a audit[740]: AVC avc:  denied  { relabelfrom } for  pid=740 comm="semodule" name="lang_ext" dev="mmcblk1p2" ino=8654 scontext=unconfined_u:unconfined_r:semanage_t:s0-s0:c0.c1023 tcontext=unconfined_u:object_r:semanage_store_t:s0 tclass=file permissive=0
Aug 06 17:48:09 tactiq-rock5a audit[740]: AVC avc:  denied  { relabelfrom } for  pid=740 comm="semodule" name="cil" dev="mmcblk1p2" ino=8655 scontext=unconfined_u:unconfined_r:semanage_t:s0-s0:c0.c1023 tcontext=unconfined_u:object_r:semanage_store_t:s0 tclass=file permissive=0
Aug 06 17:48:09 tactiq-rock5a audit[740]: AVC avc:  denied  { relabelfrom } for  pid=740 comm="semodule" name="hll" dev="mmcblk1p2" ino=8656 scontext=unconfined_u:unconfined_r:semanage_t:s0-s0:c0.c1023 tcontext=unconfined_u:object_r:semanage_store_t:s0 tclass=file permissive=0
Aug 06 17:48:09 tactiq-rock5a audit[740]: AVC avc:  denied  { relabelfrom } for  pid=740 comm="semodule" name="wine" dev="mmcblk1p2" ino=8653 scontext=unconfined_u:unconfined_r:semanage_t:s0-s0:c0.c1023 tcontext=unconfined_u:object_r:semanage_store_t:s0 tclass=dir permissive=0
Aug 06 17:48:09 tactiq-rock5a audit[740]: AVC avc:  denied  { relabelfrom } for  pid=740 comm="semodule" name="lang_ext" dev="mmcblk1p2" ino=8658 scontext=unconfined_u:unconfined_r:semanage_t:s0-s0:c0.c1023 tcontext=unconfined_u:object_r:semanage_store_t:s0 tclass=file permissive=0
Aug 06 17:48:09 tactiq-rock5a audit[740]: AVC avc:  denied  { relabelfrom } for  pid=740 comm="semodule" name="cil" dev="mmcblk1p2" ino=8659 scontext=unconfined_u:unconfined_r:semanage_t:s0-s0:c0.c1023 tcontext=unconfined_u:object_r:semanage_store_t:s0 tclass=file permissive=0
Aug 06 17:48:09 tactiq-rock5a audit[740]: AVC avc:  denied  { relabelfrom } for  pid=740 comm="semodule" name="hll" dev="mmcblk1p2" ino=8660 scontext=unconfined_u:unconfined_r:semanage_t:s0-s0:c0.c1023 tcontext=unconfined_u:object_r:semanage_store_t:s0 tclass=file permissive=0
Aug 06 17:48:09 tactiq-rock5a audit[740]: AVC avc:  denied  { relabelfrom } for  pid=740 comm="semodule" name="uml" dev="mmcblk1p2" ino=8657 scontext=unconfined_u:unconfined_r:semanage_t:s0-s0:c0.c1023 tcontext=unconfined_u:object_r:semanage_store_t:s0 tclass=dir permissive=0
Aug 06 17:48:09 tactiq-rock5a audit[740]: AVC avc:  denied  { relabelfrom } for  pid=740 comm="semodule" name="lang_ext" dev="mmcblk1p2" ino=8662 scontext=unconfined_u:unconfined_r:semanage_t:s0-s0:c0.c1023 tcontext=unconfined_u:object_r:semanage_store_t:s0 tclass=file permissive=0
Aug 06 17:48:09 tactiq-rock5a audit[740]: AVC avc:  denied  { relabelfrom } for  pid=740 comm="semodule" name="cil" dev="mmcblk1p2" ino=8663 scontext=unconfined_u:unconfined_r:semanage_t:s0-s0:c0.c1023 tcontext=unconfined_u:object_r:semanage_store_t:s0 tclass=file permissive=0
Aug 06 17:48:09 tactiq-rock5a audit[740]: AVC avc:  denied  { relabelfrom } for  pid=740 comm="semodule" name="hll" dev="mmcblk1p2" ino=8664 scontext=unconfined_u:unconfined_r:semanage_t:s0-s0:c0.c1023 tcontext=unconfined_u:object_r:semanage_store_t:s0 tclass=file permissive=0
Aug 06 17:48:09 tactiq-rock5a audit[740]: AVC avc:  denied  { relabelfrom } for  pid=740 comm="semodule" name="slpd" dev="mmcblk1p2" ino=8661 scontext=unconfined_u:unconfined_r:semanage_t:s0-s0:c0.c1023 tcontext=unconfined_u:object_r:semanage_store_t:s0 tclass=dir permissive=0
Aug 06 17:48:09 tactiq-rock5a audit[740]: AVC avc:  denied  { relabelfrom } for  pid=740 comm="semodule" name="lang_ext" dev="mmcblk1p2" ino=8666 scontext=unconfined_u:unconfined_r:semanage_t:s0-s0:c0.c1023 tcontext=unconfined_u:object_r:semanage_store_t:s0 tclass=file permissive=0
Aug 06 17:48:09 tactiq-rock5a audit[740]: AVC avc:  denied  { relabelfrom } for  pid=740 comm="semodule" name="cil" dev="mmcblk1p2" ino=8667 scontext=unconfined_u:unconfined_r:semanage_t:s0-s0:c0.c1023 tcontext=unconfined_u:object_r:semanage_store_t:s0 tclass=file permissive=0
Aug 06 17:48:09 tactiq-rock5a audit[740]: AVC avc:  denied  { relabelfrom } for  pid=740 comm="semodule" name="hll" dev="mmcblk1p2" ino=8668 scontext=unconfined_u:unconfined_r:semanage_t:s0-s0:c0.c1023 tcontext=unconfined_u:object_r:semanage_store_t:s0 tclass=file permissive=0
Aug 06 17:48:09 tactiq-rock5a audit[740]: AVC avc:  denied  { relabelfrom } for  pid=740 comm="semodule" name="syncthing" dev="mmcblk1p2" ino=8665 scontext=unconfined_u:unconfined_r:semanage_t:s0-s0:c0.c1023 tcontext=unconfined_u:object_r:semanage_store_t:s0 tclass=dir permissive=0
Aug 06 17:48:09 tactiq-rock5a audit[740]: AVC avc:  denied  { relabelfrom } for  pid=740 comm="semodule" name="lang_ext" dev="mmcblk1p2" ino=8670 scontext=unconfined_u:unconfined_r:semanage_t:s0-s0:c0.c1023 tcontext=unconfined_u:object_r:semanage_store_t:s0 tclass=file permissive=0
Aug 06 17:48:09 tactiq-rock5a audit[740]: AVC avc:  denied  { relabelfrom } for  pid=740 comm="semodule" name="cil" dev="mmcblk1p2" ino=8671 scontext=unconfined_u:unconfined_r:semanage_t:s0-s0:c0.c1023 tcontext=unconfined_u:object_r:semanage_store_t:s0 tclass=file permissive=0
Aug 06 17:48:09 tactiq-rock5a audit[740]: AVC avc:  denied  { relabelfrom } for  pid=740 comm="semodule" name="hll" dev="mmcblk1p2" ino=8672 scontext=unconfined_u:unconfined_r:semanage_t:s0-s0:c0.c1023 tcontext=unconfined_u:object_r:semanage_store_t:s0 tclass=file permissive=0
Aug 06 17:48:09 tactiq-rock5a audit[740]: AVC avc:  denied  { relabelfrom } for  pid=740 comm="semodule" name="sanlock" dev="mmcblk1p2" ino=8669 scontext=unconfined_u:unconfined_r:semanage_t:s0-s0:c0.c1023 tcontext=unconfined_u:object_r:semanage_store_t:s0 tclass=dir permissive=0
Aug 06 17:48:09 tactiq-rock5a audit[740]: AVC avc:  denied  { relabelfrom } for  pid=740 comm="semodule" name="lang_ext" dev="mmcblk1p2" ino=8674 scontext=unconfined_u:unconfined_r:semanage_t:s0-s0:c0.c1023 tcontext=unconfined_u:object_r:semanage_store_t:s0 tclass=file permissive=0
Aug 06 17:48:09 tactiq-rock5a audit[740]: AVC avc:  denied  { relabelfrom } for  pid=740 comm="semodule" name="cil" dev="mmcblk1p2" ino=8675 scontext=unconfined_u:unconfined_r:semanage_t:s0-s0:c0.c1023 tcontext=unconfined_u:object_r:semanage_store_t:s0 tclass=file permissive=0
Aug 06 17:48:09 tactiq-rock5a audit[740]: AVC avc:  denied  { relabelfrom } for  pid=740 comm="semodule" name="hll" dev="mmcblk1p2" ino=8676 scontext=unconfined_u:unconfined_r:semanage_t:s0-s0:c0.c1023 tcontext=unconfined_u:object_r:semanage_store_t:s0 tclass=file permissive=0
Aug 06 17:48:09 tactiq-rock5a audit[740]: AVC avc:  denied  { relabelfrom } for  pid=740 comm="semodule" name="lircd" dev="mmcblk1p2" ino=8673 scontext=unconfined_u:unconfined_r:semanage_t:s0-s0:c0.c1023 tcontext=unconfined_u:object_r:semanage_store_t:s0 tclass=dir permissive=0
Aug 06 17:48:09 tactiq-rock5a audit[740]: AVC avc:  denied  { relabelfrom } for  pid=740 comm="semodule" name="lang_ext" dev="mmcblk1p2" ino=8678 scontext=unconfined_u:unconfined_r:semanage_t:s0-s0:c0.c1023 tcontext=unconfined_u:object_r:semanage_store_t:s0 tclass=file permissive=0
Aug 06 17:48:09 tactiq-rock5a audit[740]: AVC avc:  denied  { relabelfrom } for  pid=740 comm="semodule" name="cil" dev="mmcblk1p2" ino=8679 scontext=unconfined_u:unconfined_r:semanage_t:s0-s0:c0.c1023 tcontext=unconfined_u:object_r:semanage_store_t:s0 tclass=file permissive=0
Aug 06 17:48:09 tactiq-rock5a audit[740]: AVC avc:  denied  { relabelfrom } for  pid=740 comm="semodule" name="hll" dev="mmcblk1p2" ino=8680 scontext=unconfined_u:unconfined_r:semanage_t:s0-s0:c0.c1023 tcontext=unconfined_u:object_r:semanage_store_t:s0 tclass=file permissive=0
Aug 06 17:48:09 tactiq-rock5a audit[740]: AVC avc:  denied  { relabelfrom } for  pid=740 comm="semodule" name="rkhunter" dev="mmcblk1p2" ino=8677 scontext=unconfined_u:unconfined_r:semanage_t:s0-s0:c0.c1023 tcontext=unconfined_u:object_r:semanage_store_t:s0 tclass=dir permissive=0
Aug 06 17:48:09 tactiq-rock5a audit[740]: AVC avc:  denied  { relabelfrom } for  pid=740 comm="semodule" name="lang_ext" dev="mmcblk1p2" ino=8682 scontext=unconfined_u:unconfined_r:semanage_t:s0-s0:c0.c1023 tcontext=unconfined_u:object_r:semanage_store_t:s0 tclass=file permissive=0
Aug 06 17:48:09 tactiq-rock5a audit[740]: AVC avc:  denied  { relabelfrom } for  pid=740 comm="semodule" name="cil" dev="mmcblk1p2" ino=8683 scontext=unconfined_u:unconfined_r:semanage_t:s0-s0:c0.c1023 tcontext=unconfined_u:object_r:semanage_store_t:s0 tclass=file permissive=0
Aug 06 17:48:09 tactiq-rock5a audit[740]: AVC avc:  denied  { relabelfrom } for  pid=740 comm="semodule" name="hll" dev="mmcblk1p2" ino=8684 scontext=unconfined_u:unconfined_r:semanage_t:s0-s0:c0.c1023 tcontext=unconfined_u:object_r:semanage_store_t:s0 tclass=file permissive=0
Aug 06 17:48:09 tactiq-rock5a audit[740]: AVC avc:  denied  { relabelfrom } for  pid=740 comm="semodule" name="ircd" dev="mmcblk1p2" ino=8681 scontext=unconfined_u:unconfined_r:semanage_t:s0-s0:c0.c1023 tcontext=unconfined_u:object_r:semanage_store_t:s0 tclass=dir permissive=0
Aug 06 17:48:09 tactiq-rock5a audit[740]: AVC avc:  denied  { relabelfrom } for  pid=740 comm="semodule" name="lang_ext" dev="mmcblk1p2" ino=8686 scontext=unconfined_u:unconfined_r:semanage_t:s0-s0:c0.c1023 tcontext=unconfined_u:object_r:semanage_store_t:s0 tclass=file permissive=0
Aug 06 17:48:09 tactiq-rock5a audit[740]: AVC avc:  denied  { relabelfrom } for  pid=740 comm="semodule" name="cil" dev="mmcblk1p2" ino=8687 scontext=unconfined_u:unconfined_r:semanage_t:s0-s0:c0.c1023 tcontext=unconfined_u:object_r:semanage_store_t:s0 tclass=file permissive=0
Aug 06 17:48:09 tactiq-rock5a audit[740]: AVC avc:  denied  { relabelfrom } for  pid=740 comm="semodule" name="hll" dev="mmcblk1p2" ino=8688 scontext=unconfined_u:unconfined_r:semanage_t:s0-s0:c0.c1023 tcontext=unconfined_u:object_r:semanage_store_t:s0 tclass=file permissive=0
Aug 06 17:48:09 tactiq-rock5a audit[740]: AVC avc:  denied  { relabelfrom } for  pid=740 comm="semodule" name="openvpn" dev="mmcblk1p2" ino=8685 scontext=unconfined_u:unconfined_r:semanage_t:s0-s0:c0.c1023 tcontext=unconfined_u:object_r:semanage_store_t:s0 tclass=dir permissive=0
Aug 06 17:48:09 tactiq-rock5a audit[740]: AVC avc:  denied  { relabelfrom } for  pid=740 comm="semodule" name="lang_ext" dev="mmcblk1p2" ino=8690 scontext=unconfined_u:unconfined_r:semanage_t:s0-s0:c0.c1023 tcontext=unconfined_u:object_r:semanage_store_t:s0 tclass=file permissive=0
Aug 06 17:48:09 tactiq-rock5a audit[740]: AVC avc:  denied  { relabelfrom } for  pid=740 comm="semodule" name="cil" dev="mmcblk1p2" ino=8691 scontext=unconfined_u:unconfined_r:semanage_t:s0-s0:c0.c1023 tcontext=unconfined_u:object_r:semanage_store_t:s0 tclass=file permissive=0
Aug 06 17:48:09 tactiq-rock5a audit[740]: AVC avc:  denied  { relabelfrom } for  pid=740 comm="semodule" name="hll" dev="mmcblk1p2" ino=8692 scontext=unconfined_u:unconfined_r:semanage_t:s0-s0:c0.c1023 tcontext=unconfined_u:object_r:semanage_store_t:s0 tclass=file permissive=0
Aug 06 17:48:09 tactiq-rock5a audit[740]: AVC avc:  denied  { relabelfrom } for  pid=740 comm="semodule" name="slrnpull" dev="mmcblk1p2" ino=8689 scontext=unconfined_u:unconfined_r:semanage_t:s0-s0:c0.c1023 tcontext=unconfined_u:object_r:semanage_store_t:s0 tclass=dir permissive=0
Aug 06 17:48:09 tactiq-rock5a audit[740]: AVC avc:  denied  { relabelfrom } for  pid=740 comm="semodule" name="lang_ext" dev="mmcblk1p2" ino=8694 scontext=unconfined_u:unconfined_r:semanage_t:s0-s0:c0.c1023 tcontext=unconfined_u:object_r:semanage_store_t:s0 tclass=file permissive=0
Aug 06 17:48:09 tactiq-rock5a audit[740]: AVC avc:  denied  { relabelfrom } for  pid=740 comm="semodule" name="cil" dev="mmcblk1p2" ino=8695 scontext=unconfined_u:unconfined_r:semanage_t:s0-s0:c0.c1023 tcontext=unconfined_u:object_r:semanage_store_t:s0 tclass=file permissive=0
Aug 06 17:48:09 tactiq-rock5a audit[740]: AVC avc:  denied  { relabelfrom } for  pid=740 comm="semodule" name="hll" dev="mmcblk1p2" ino=8696 scontext=unconfined_u:unconfined_r:semanage_t:s0-s0:c0.c1023 tcontext=unconfined_u:object_r:semanage_store_t:s0 tclass=file permissive=0
Aug 06 17:48:09 tactiq-rock5a audit[740]: AVC avc:  denied  { relabelfrom } for  pid=740 comm="semodule" name="isns" dev="mmcblk1p2" ino=8693 scontext=unconfined_u:unconfined_r:semanage_t:s0-s0:c0.c1023 tcontext=unconfined_u:object_r:semanage_store_t:s0 tclass=dir permissive=0
Aug 06 17:48:09 tactiq-rock5a audit[740]: AVC avc:  denied  { relabelfrom } for  pid=740 comm="semodule" name="lang_ext" dev="mmcblk1p2" ino=8698 scontext=unconfined_u:unconfined_r:semanage_t:s0-s0:c0.c1023 tcontext=unconfined_u:object_r:semanage_store_t:s0 tclass=file permissive=0
Aug 06 17:48:09 tactiq-rock5a audit[740]: AVC avc:  denied  { relabelfrom } for  pid=740 comm="semodule" name="cil" dev="mmcblk1p2" ino=8699 scontext=unconfined_u:unconfined_r:semanage_t:s0-s0:c0.c1023 tcontext=unconfined_u:object_r:semanage_store_t:s0 tclass=file permissive=0
Aug 06 17:48:09 tactiq-rock5a audit[740]: AVC avc:  denied  { relabelfrom } for  pid=740 comm="semodule" name="hll" dev="mmcblk1p2" ino=8700 scontext=unconfined_u:unconfined_r:semanage_t:s0-s0:c0.c1023 tcontext=unconfined_u:object_r:semanage_store_t:s0 tclass=file permissive=0
Aug 06 17:48:09 tactiq-rock5a audit[740]: AVC avc:  denied  { relabelfrom } for  pid=740 comm="semodule" name="ddclient" dev="mmcblk1p2" ino=8697 scontext=unconfined_u:unconfined_r:semanage_t:s0-s0:c0.c1023 tcontext=unconfined_u:object_r:semanage_store_t:s0 tclass=dir permissive=0
Aug 06 17:48:09 tactiq-rock5a audit[740]: AVC avc:  denied  { relabelfrom } for  pid=740 comm="semodule" name="lang_ext" dev="mmcblk1p2" ino=8702 scontext=unconfined_u:unconfined_r:semanage_t:s0-s0:c0.c1023 tcontext=unconfined_u:object_r:semanage_store_t:s0 tclass=file permissive=0
Aug 06 17:48:09 tactiq-rock5a audit[740]: AVC avc:  denied  { relabelfrom } for  pid=740 comm="semodule" name="cil" dev="mmcblk1p2" ino=8703 scontext=unconfined_u:unconfined_r:semanage_t:s0-s0:c0.c1023 tcontext=unconfined_u:object_r:semanage_store_t:s0 tclass=file permissive=0
Aug 06 17:48:09 tactiq-rock5a audit[740]: AVC avc:  denied  { relabelfrom } for  pid=740 comm="semodule" name="hll" dev="mmcblk1p2" ino=8704 scontext=unconfined_u:unconfined_r:semanage_t:s0-s0:c0.c1023 tcontext=unconfined_u:object_r:semanage_store_t:s0 tclass=file permissive=0
Aug 06 17:48:09 tactiq-rock5a audit[740]: AVC avc:  denied  { relabelfrom } for  pid=740 comm="semodule" name="corosync" dev="mmcblk1p2" ino=8701 scontext=unconfined_u:unconfined_r:semanage_t:s0-s0:c0.c1023 tcontext=unconfined_u:object_r:semanage_store_t:s0 tclass=dir permissive=0
Aug 06 17:48:09 tactiq-rock5a audit[740]: AVC avc:  denied  { relabelfrom } for  pid=740 comm="semodule" name="lang_ext" dev="mmcblk1p2" ino=8706 scontext=unconfined_u:unconfined_r:semanage_t:s0-s0:c0.c1023 tcontext=unconfined_u:object_r:semanage_store_t:s0 tclass=file permissive=0
Aug 06 17:48:09 tactiq-rock5a audit[740]: AVC avc:  denied  { relabelfrom } for  pid=740 comm="semodule" name="cil" dev="mmcblk1p2" ino=8707 scontext=unconfined_u:unconfined_r:semanage_t:s0-s0:c0.c1023 tcontext=unconfined_u:object_r:semanage_store_t:s0 tclass=file permissive=0
Aug 06 17:48:09 tactiq-rock5a audit[740]: AVC avc:  denied  { relabelfrom } for  pid=740 comm="semodule" name="hll" dev="mmcblk1p2" ino=8708 scontext=unconfined_u:unconfined_r:semanage_t:s0-s0:c0.c1023 tcontext=unconfined_u:object_r:semanage_store_t:s0 tclass=file permissive=0
Aug 06 17:48:09 tactiq-rock5a audit[740]: AVC avc:  denied  { relabelfrom } for  pid=740 comm="semodule" name="nx" dev="mmcblk1p2" ino=8705 scontext=unconfined_u:unconfined_r:semanage_t:s0-s0:c0.c1023 tcontext=unconfined_u:object_r:semanage_store_t:s0 tclass=dir permissive=0
Aug 06 17:48:09 tactiq-rock5a audit[740]: AVC avc:  denied  { relabelfrom } for  pid=740 comm="semodule" name="lang_ext" dev="mmcblk1p2" ino=8710 scontext=unconfined_u:unconfined_r:semanage_t:s0-s0:c0.c1023 tcontext=unconfined_u:object_r:semanage_store_t:s0 tclass=file permissive=0
Aug 06 17:48:09 tactiq-rock5a audit[740]: AVC avc:  denied  { relabelfrom } for  pid=740 comm="semodule" name="cil" dev="mmcblk1p2" ino=8711 scontext=unconfined_u:unconfined_r:semanage_t:s0-s0:c0.c1023 tcontext=unconfined_u:object_r:semanage_store_t:s0 tclass=file permissive=0
Aug 06 17:48:09 tactiq-rock5a audit[740]: AVC avc:  denied  { relabelfrom } for  pid=740 comm="semodule" name="hll" dev="mmcblk1p2" ino=8712 scontext=unconfined_u:unconfined_r:semanage_t:s0-s0:c0.c1023 tcontext=unconfined_u:object_r:semanage_store_t:s0 tclass=file permissive=0
Aug 06 17:48:09 tactiq-rock5a audit[740]: AVC avc:  denied  { relabelfrom } for  pid=740 comm="semodule" name="hostapd" dev="mmcblk1p2" ino=8709 scontext=unconfined_u:unconfined_r:semanage_t:s0-s0:c0.c1023 tcontext=unconfined_u:object_r:semanage_store_t:s0 tclass=dir permissive=0
Aug 06 17:48:09 tactiq-rock5a audit[740]: AVC avc:  denied  { relabelfrom } for  pid=740 comm="semodule" name="lang_ext" dev="mmcblk1p2" ino=8714 scontext=unconfined_u:unconfined_r:semanage_t:s0-s0:c0.c1023 tcontext=unconfined_u:object_r:semanage_store_t:s0 tclass=file permissive=0
Aug 06 17:48:09 tactiq-rock5a audit[740]: AVC avc:  denied  { relabelfrom } for  pid=740 comm="semodule" name="cil" dev="mmcblk1p2" ino=8715 scontext=unconfined_u:unconfined_r:semanage_t:s0-s0:c0.c1023 tcontext=unconfined_u:object_r:semanage_store_t:s0 tclass=file permissive=0
Aug 06 17:48:09 tactiq-rock5a audit[740]: AVC avc:  denied  { relabelfrom } for  pid=740 comm="semodule" name="hll" dev="mmcblk1p2" ino=8716 scontext=unconfined_u:unconfined_r:semanage_t:s0-s0:c0.c1023 tcontext=unconfined_u:object_r:semanage_store_t:s0 tclass=file permissive=0
Aug 06 17:48:09 tactiq-rock5a audit[740]: AVC avc:  denied  { relabelfrom } for  pid=740 comm="semodule" name="glance" dev="mmcblk1p2" ino=8713 scontext=unconfined_u:unconfined_r:semanage_t:s0-s0:c0.c1023 tcontext=unconfined_u:object_r:semanage_store_t:s0 tclass=dir permissive=0
Aug 06 17:48:09 tactiq-rock5a audit[740]: AVC avc:  denied  { relabelfrom } for  pid=740 comm="semodule" name="lang_ext" dev="mmcblk1p2" ino=8718 scontext=unconfined_u:unconfined_r:semanage_t:s0-s0:c0.c1023 tcontext=unconfined_u:object_r:semanage_store_t:s0 tclass=file permissive=0
Aug 06 17:48:09 tactiq-rock5a audit[740]: AVC avc:  denied  { relabelfrom } for  pid=740 comm="semodule" name="cil" dev="mmcblk1p2" ino=8719 scontext=unconfined_u:unconfined_r:semanage_t:s0-s0:c0.c1023 tcontext=unconfined_u:object_r:semanage_store_t:s0 tclass=file permissive=0
Aug 06 17:48:09 tactiq-rock5a audit[740]: AVC avc:  denied  { relabelfrom } for  pid=740 comm="semodule" name="hll" dev="mmcblk1p2" ino=8720 scontext=unconfined_u:unconfined_r:semanage_t:s0-s0:c0.c1023 tcontext=unconfined_u:object_r:semanage_store_t:s0 tclass=file permissive=0
Aug 06 17:48:09 tactiq-rock5a audit[740]: AVC avc:  denied  { relabelfrom } for  pid=740 comm="semodule" name="ntop" dev="mmcblk1p2" ino=8717 scontext=unconfined_u:unconfined_r:semanage_t:s0-s0:c0.c1023 tcontext=unconfined_u:object_r:semanage_store_t:s0 tclass=dir permissive=0
Aug 06 17:48:09 tactiq-rock5a audit[740]: AVC avc:  denied  { relabelfrom } for  pid=740 comm="semodule" name="lang_ext" dev="mmcblk1p2" ino=8722 scontext=unconfined_u:unconfined_r:semanage_t:s0-s0:c0.c1023 tcontext=unconfined_u:object_r:semanage_store_t:s0 tclass=file permissive=0
Aug 06 17:48:09 tactiq-rock5a audit[740]: AVC avc:  denied  { relabelfrom } for  pid=740 comm="semodule" name="cil" dev="mmcblk1p2" ino=8723 scontext=unconfined_u:unconfined_r:semanage_t:s0-s0:c0.c1023 tcontext=unconfined_u:object_r:semanage_store_t:s0 tclass=file permissive=0
Aug 06 17:48:09 tactiq-rock5a audit[740]: AVC avc:  denied  { relabelfrom } for  pid=740 comm="semodule" name="hll" dev="mmcblk1p2" ino=8724 scontext=unconfined_u:unconfined_r:semanage_t:s0-s0:c0.c1023 tcontext=unconfined_u:object_r:semanage_store_t:s0 tclass=file permissive=0
Aug 06 17:48:09 tactiq-rock5a audit[740]: AVC avc:  denied  { relabelfrom } for  pid=740 comm="semodule" name="tcpd" dev="mmcblk1p2" ino=8721 scontext=unconfined_u:unconfined_r:semanage_t:s0-s0:c0.c1023 tcontext=unconfined_u:object_r:semanage_store_t:s0 tclass=dir permissive=0
Aug 06 17:48:09 tactiq-rock5a audit[740]: AVC avc:  denied  { relabelfrom } for  pid=740 comm="semodule" name="lang_ext" dev="mmcblk1p2" ino=8726 scontext=unconfined_u:unconfined_r:semanage_t:s0-s0:c0.c1023 tcontext=unconfined_u:object_r:semanage_store_t:s0 tclass=file permissive=0
Aug 06 17:48:09 tactiq-rock5a audit[740]: AVC avc:  denied  { relabelfrom } for  pid=740 comm="semodule" name="cil" dev="mmcblk1p2" ino=8727 scontext=unconfined_u:unconfined_r:semanage_t:s0-s0:c0.c1023 tcontext=unconfined_u:object_r:semanage_store_t:s0 tclass=file permissive=0
Aug 06 17:48:09 tactiq-rock5a audit[740]: AVC avc:  denied  { relabelfrom } for  pid=740 comm="semodule" name="hll" dev="mmcblk1p2" ino=8728 scontext=unconfined_u:unconfined_r:semanage_t:s0-s0:c0.c1023 tcontext=unconfined_u:object_r:semanage_store_t:s0 tclass=file permissive=0
Aug 06 17:48:09 tactiq-rock5a audit[740]: AVC avc:  denied  { relabelfrom } for  pid=740 comm="semodule" name="colord" dev="mmcblk1p2" ino=8725 scontext=unconfined_u:unconfined_r:semanage_t:s0-s0:c0.c1023 tcontext=unconfined_u:object_r:semanage_store_t:s0 tclass=dir permissive=0
Aug 06 17:48:09 tactiq-rock5a audit[740]: AVC avc:  denied  { relabelfrom } for  pid=740 comm="semodule" name="lang_ext" dev="mmcblk1p2" ino=8730 scontext=unconfined_u:unconfined_r:semanage_t:s0-s0:c0.c1023 tcontext=unconfined_u:object_r:semanage_store_t:s0 tclass=file permissive=0
Aug 06 17:48:09 tactiq-rock5a audit[740]: AVC avc:  denied  { relabelfrom } for  pid=740 comm="semodule" name="cil" dev="mmcblk1p2" ino=8731 scontext=unconfined_u:unconfined_r:semanage_t:s0-s0:c0.c1023 tcontext=unconfined_u:object_r:semanage_store_t:s0 tclass=file permissive=0
Aug 06 17:48:09 tactiq-rock5a audit[740]: AVC avc:  denied  { relabelfrom } for  pid=740 comm="semodule" name="hll" dev="mmcblk1p2" ino=8732 scontext=unconfined_u:unconfined_r:semanage_t:s0-s0:c0.c1023 tcontext=unconfined_u:object_r:semanage_store_t:s0 tclass=file permissive=0
Aug 06 17:48:09 tactiq-rock5a audit[740]: AVC avc:  denied  { relabelfrom } for  pid=740 comm="semodule" name="raid" dev="mmcblk1p2" ino=8729 scontext=unconfined_u:unconfined_r:semanage_t:s0-s0:c0.c1023 tcontext=unconfined_u:object_r:semanage_store_t:s0 tclass=dir permissive=0
Aug 06 17:48:09 tactiq-rock5a audit[740]: AVC avc:  denied  { relabelfrom } for  pid=740 comm="semodule" name="lang_ext" dev="mmcblk1p2" ino=8734 scontext=unconfined_u:unconfined_r:semanage_t:s0-s0:c0.c1023 tcontext=unconfined_u:object_r:semanage_store_t:s0 tclass=file permissive=0
Aug 06 17:48:09 tactiq-rock5a audit[740]: AVC avc:  denied  { relabelfrom } for  pid=740 comm="semodule" name="cil" dev="mmcblk1p2" ino=8735 scontext=unconfined_u:unconfined_r:semanage_t:s0-s0:c0.c1023 tcontext=unconfined_u:object_r:semanage_store_t:s0 tclass=file permissive=0
Aug 06 17:48:09 tactiq-rock5a audit[740]: AVC avc:  denied  { relabelfrom } for  pid=740 comm="semodule" name="hll" dev="mmcblk1p2" ino=8736 scontext=unconfined_u:unconfined_r:semanage_t:s0-s0:c0.c1023 tcontext=unconfined_u:object_r:semanage_store_t:s0 tclass=file permissive=0
Aug 06 17:48:09 tactiq-rock5a audit[740]: AVC avc:  denied  { relabelfrom } for  pid=740 comm="semodule" name="radius" dev="mmcblk1p2" ino=8733 scontext=unconfined_u:unconfined_r:semanage_t:s0-s0:c0.c1023 tcontext=unconfined_u:object_r:semanage_store_t:s0 tclass=dir permissive=0
Aug 06 17:48:09 tactiq-rock5a audit[740]: AVC avc:  denied  { relabelfrom } for  pid=740 comm="semodule" name="lang_ext" dev="mmcblk1p2" ino=8738 scontext=unconfined_u:unconfined_r:semanage_t:s0-s0:c0.c1023 tcontext=unconfined_u:object_r:semanage_store_t:s0 tclass=file permissive=0
Aug 06 17:48:09 tactiq-rock5a audit[740]: AVC avc:  denied  { relabelfrom } for  pid=740 comm="semodule" name="cil" dev="mmcblk1p2" ino=8739 scontext=unconfined_u:unconfined_r:semanage_t:s0-s0:c0.c1023 tcontext=unconfined_u:object_r:semanage_store_t:s0 tclass=file permissive=0
Aug 06 17:48:09 tactiq-rock5a audit[740]: AVC avc:  denied  { relabelfrom } for  pid=740 comm="semodule" name="hll" dev="mmcblk1p2" ino=8740 scontext=unconfined_u:unconfined_r:semanage_t:s0-s0:c0.c1023 tcontext=unconfined_u:object_r:semanage_store_t:s0 tclass=file permissive=0
Aug 06 17:48:09 tactiq-rock5a audit[740]: AVC avc:  denied  { relabelfrom } for  pid=740 comm="semodule" name="hypervkvp" dev="mmcblk1p2" ino=8737 scontext=unconfined_u:unconfined_r:semanage_t:s0-s0:c0.c1023 tcontext=unconfined_u:object_r:semanage_store_t:s0 tclass=dir permissive=0
Aug 06 17:48:09 tactiq-rock5a audit[740]: AVC avc:  denied  { relabelfrom } for  pid=740 comm="semodule" name="lang_ext" dev="mmcblk1p2" ino=8742 scontext=unconfined_u:unconfined_r:semanage_t:s0-s0:c0.c1023 tcontext=unconfined_u:object_r:semanage_store_t:s0 tclass=file permissive=0
Aug 06 17:48:09 tactiq-rock5a audit[740]: AVC avc:  denied  { relabelfrom } for  pid=740 comm="semodule" name="cil" dev="mmcblk1p2" ino=8743 scontext=unconfined_u:unconfined_r:semanage_t:s0-s0:c0.c1023 tcontext=unconfined_u:object_r:semanage_store_t:s0 tclass=file permissive=0
Aug 06 17:48:09 tactiq-rock5a audit[740]: AVC avc:  denied  { relabelfrom } for  pid=740 comm="semodule" name="hll" dev="mmcblk1p2" ino=8744 scontext=unconfined_u:unconfined_r:semanage_t:s0-s0:c0.c1023 tcontext=unconfined_u:object_r:semanage_store_t:s0 tclass=file permissive=0
Aug 06 17:48:09 tactiq-rock5a audit[740]: AVC avc:  denied  { relabelfrom } for  pid=740 comm="semodule" name="smstools" dev="mmcblk1p2" ino=8741 scontext=unconfined_u:unconfined_r:semanage_t:s0-s0:c0.c1023 tcontext=unconfined_u:object_r:semanage_store_t:s0 tclass=dir permissive=0
Aug 06 17:48:09 tactiq-rock5a audit[740]: AVC avc:  denied  { relabelfrom } for  pid=740 comm="semodule" name="lang_ext" dev="mmcblk1p2" ino=8746 scontext=unconfined_u:unconfined_r:semanage_t:s0-s0:c0.c1023 tcontext=unconfined_u:object_r:semanage_store_t:s0 tclass=file permissive=0
Aug 06 17:48:09 tactiq-rock5a audit[740]: AVC avc:  denied  { relabelfrom } for  pid=740 comm="semodule" name="cil" dev="mmcblk1p2" ino=8747 scontext=unconfined_u:unconfined_r:semanage_t:s0-s0:c0.c1023 tcontext=unconfined_u:object_r:semanage_store_t:s0 tclass=file permissive=0
Aug 06 17:48:09 tactiq-rock5a audit[740]: AVC avc:  denied  { relabelfrom } for  pid=740 comm="semodule" name="hll" dev="mmcblk1p2" ino=8748 scontext=unconfined_u:unconfined_r:semanage_t:s0-s0:c0.c1023 tcontext=unconfined_u:object_r:semanage_store_t:s0 tclass=file permissive=0
Aug 06 17:48:09 tactiq-rock5a audit[740]: AVC avc:  denied  { relabelfrom } for  pid=740 comm="semodule" name="rasdaemon" dev="mmcblk1p2" ino=8745 scontext=unconfined_u:unconfined_r:semanage_t:s0-s0:c0.c1023 tcontext=unconfined_u:object_r:semanage_store_t:s0 tclass=dir permissive=0
Aug 06 17:48:09 tactiq-rock5a audit[740]: AVC avc:  denied  { relabelfrom } for  pid=740 comm="semodule" name="lang_ext" dev="mmcblk1p2" ino=8750 scontext=unconfined_u:unconfined_r:semanage_t:s0-s0:c0.c1023 tcontext=unconfined_u:object_r:semanage_store_t:s0 tclass=file permissive=0
Aug 06 17:48:09 tactiq-rock5a audit[740]: AVC avc:  denied  { relabelfrom } for  pid=740 comm="semodule" name="cil" dev="mmcblk1p2" ino=8751 scontext=unconfined_u:unconfined_r:semanage_t:s0-s0:c0.c1023 tcontext=unconfined_u:object_r:semanage_store_t:s0 tclass=file permissive=0
Aug 06 17:48:09 tactiq-rock5a audit[740]: AVC avc:  denied  { relabelfrom } for  pid=740 comm="semodule" name="hll" dev="mmcblk1p2" ino=8752 scontext=unconfined_u:unconfined_r:semanage_t:s0-s0:c0.c1023 tcontext=unconfined_u:object_r:semanage_store_t:s0 tclass=file permissive=0
Aug 06 17:48:09 tactiq-rock5a audit[740]: AVC avc:  denied  { relabelfrom } for  pid=740 comm="semodule" name="rlogin" dev="mmcblk1p2" ino=8749 scontext=unconfined_u:unconfined_r:semanage_t:s0-s0:c0.c1023 tcontext=unconfined_u:object_r:semanage_store_t:s0 tclass=dir permissive=0
Aug 06 17:48:09 tactiq-rock5a audit[740]: AVC avc:  denied  { relabelfrom } for  pid=740 comm="semodule" name="lang_ext" dev="mmcblk1p2" ino=8754 scontext=unconfined_u:unconfined_r:semanage_t:s0-s0:c0.c1023 tcontext=unconfined_u:object_r:semanage_store_t:s0 tclass=file permissive=0
Aug 06 17:48:09 tactiq-rock5a audit[740]: AVC avc:  denied  { relabelfrom } for  pid=740 comm="semodule" name="cil" dev="mmcblk1p2" ino=8755 scontext=unconfined_u:unconfined_r:semanage_t:s0-s0:c0.c1023 tcontext=unconfined_u:object_r:semanage_store_t:s0 tclass=file permissive=0
Aug 06 17:48:09 tactiq-rock5a audit[740]: AVC avc:  denied  { relabelfrom } for  pid=740 comm="semodule" name="hll" dev="mmcblk1p2" ino=8756 scontext=unconfined_u:unconfined_r:semanage_t:s0-s0:c0.c1023 tcontext=unconfined_u:object_r:semanage_store_t:s0 tclass=file permissive=0
Aug 06 17:48:09 tactiq-rock5a audit[740]: AVC avc:  denied  { relabelfrom } for  pid=740 comm="semodule" name="ncftool" dev="mmcblk1p2" ino=8753 scontext=unconfined_u:unconfined_r:semanage_t:s0-s0:c0.c1023 tcontext=unconfined_u:object_r:semanage_store_t:s0 tclass=dir permissive=0
Aug 06 17:48:09 tactiq-rock5a audit[740]: AVC avc:  denied  { relabelfrom } for  pid=740 comm="semodule" name="lang_ext" dev="mmcblk1p2" ino=8758 scontext=unconfined_u:unconfined_r:semanage_t:s0-s0:c0.c1023 tcontext=unconfined_u:object_r:semanage_store_t:s0 tclass=file permissive=0
Aug 06 17:48:09 tactiq-rock5a audit[740]: AVC avc:  denied  { relabelfrom } for  pid=740 comm="semodule" name="cil" dev="mmcblk1p2" ino=8759 scontext=unconfined_u:unconfined_r:semanage_t:s0-s0:c0.c1023 tcontext=unconfined_u:object_r:semanage_store_t:s0 tclass=file permissive=0
Aug 06 17:48:09 tactiq-rock5a audit[740]: AVC avc:  denied  { relabelfrom } for  pid=740 comm="semodule" name="hll" dev="mmcblk1p2" ino=8760 scontext=unconfined_u:unconfined_r:semanage_t:s0-s0:c0.c1023 tcontext=unconfined_u:object_r:semanage_store_t:s0 tclass=file permissive=0
Aug 06 17:48:09 tactiq-rock5a audit[740]: AVC avc:  denied  { relabelfrom } for  pid=740 comm="semodule" name="bind" dev="mmcblk1p2" ino=8757 scontext=unconfined_u:unconfined_r:semanage_t:s0-s0:c0.c1023 tcontext=unconfined_u:object_r:semanage_store_t:s0 tclass=dir permissive=0
Aug 06 17:48:09 tactiq-rock5a audit[740]: AVC avc:  denied  { relabelfrom } for  pid=740 comm="semodule" name="lang_ext" dev="mmcblk1p2" ino=8762 scontext=unconfined_u:unconfined_r:semanage_t:s0-s0:c0.c1023 tcontext=unconfined_u:object_r:semanage_store_t:s0 tclass=file permissive=0
Aug 06 17:48:09 tactiq-rock5a audit[740]: AVC avc:  denied  { relabelfrom } for  pid=740 comm="semodule" name="cil" dev="mmcblk1p2" ino=8763 scontext=unconfined_u:unconfined_r:semanage_t:s0-s0:c0.c1023 tcontext=unconfined_u:object_r:semanage_store_t:s0 tclass=file permissive=0
Aug 06 17:48:09 tactiq-rock5a audit[740]: AVC avc:  denied  { relabelfrom } for  pid=740 comm="semodule" name="hll" dev="mmcblk1p2" ino=8764 scontext=unconfined_u:unconfined_r:semanage_t:s0-s0:c0.c1023 tcontext=unconfined_u:object_r:semanage_store_t:s0 tclass=file permissive=0
Aug 06 17:48:09 tactiq-rock5a audit[740]: AVC avc:  denied  { relabelfrom } for  pid=740 comm="semodule" name="vpn" dev="mmcblk1p2" ino=8761 scontext=unconfined_u:unconfined_r:semanage_t:s0-s0:c0.c1023 tcontext=unconfined_u:object_r:semanage_store_t:s0 tclass=dir permissive=0
Aug 06 17:48:09 tactiq-rock5a audit[740]: AVC avc:  denied  { relabelfrom } for  pid=740 comm="semodule" name="lang_ext" dev="mmcblk1p2" ino=8766 scontext=unconfined_u:unconfined_r:semanage_t:s0-s0:c0.c1023 tcontext=unconfined_u:object_r:semanage_store_t:s0 tclass=file permissive=0
Aug 06 17:48:09 tactiq-rock5a audit[740]: AVC avc:  denied  { relabelfrom } for  pid=740 comm="semodule" name="cil" dev="mmcblk1p2" ino=8767 scontext=unconfined_u:unconfined_r:semanage_t:s0-s0:c0.c1023 tcontext=unconfined_u:object_r:semanage_store_t:s0 tclass=file permissive=0
Aug 06 17:48:09 tactiq-rock5a audit[740]: AVC avc:  denied  { relabelfrom } for  pid=740 comm="semodule" name="hll" dev="mmcblk1p2" ino=8768 scontext=unconfined_u:unconfined_r:semanage_t:s0-s0:c0.c1023 tcontext=unconfined_u:object_r:semanage_store_t:s0 tclass=file permissive=0
Aug 06 17:48:09 tactiq-rock5a audit[740]: AVC avc:  denied  { relabelfrom } for  pid=740 comm="semodule" name="loadkeys" dev="mmcblk1p2" ino=8765 scontext=unconfined_u:unconfined_r:semanage_t:s0-s0:c0.c1023 tcontext=unconfined_u:object_r:semanage_store_t:s0 tclass=dir permissive=0
Aug 06 17:48:09 tactiq-rock5a audit[740]: AVC avc:  denied  { relabelfrom } for  pid=740 comm="semodule" name="lang_ext" dev="mmcblk1p2" ino=8770 scontext=unconfined_u:unconfined_r:semanage_t:s0-s0:c0.c1023 tcontext=unconfined_u:object_r:semanage_store_t:s0 tclass=file permissive=0
Aug 06 17:48:09 tactiq-rock5a audit[740]: AVC avc:  denied  { relabelfrom } for  pid=740 comm="semodule" name="cil" dev="mmcblk1p2" ino=8771 scontext=unconfined_u:unconfined_r:semanage_t:s0-s0:c0.c1023 tcontext=unconfined_u:object_r:semanage_store_t:s0 tclass=file permissive=0
Aug 06 17:48:09 tactiq-rock5a audit[740]: AVC avc:  denied  { relabelfrom } for  pid=740 comm="semodule" name="hll" dev="mmcblk1p2" ino=8772 scontext=unconfined_u:unconfined_r:semanage_t:s0-s0:c0.c1023 tcontext=unconfined_u:object_r:semanage_store_t:s0 tclass=file permissive=0
Aug 06 17:48:09 tactiq-rock5a audit[740]: AVC avc:  denied  { relabelfrom } for  pid=740 comm="semodule" name="obfs4proxy" dev="mmcblk1p2" ino=8769 scontext=unconfined_u:unconfined_r:semanage_t:s0-s0:c0.c1023 tcontext=unconfined_u:object_r:semanage_store_t:s0 tclass=dir permissive=0
Aug 06 17:48:09 tactiq-rock5a audit[740]: AVC avc:  denied  { relabelfrom } for  pid=740 comm="semodule" name="lang_ext" dev="mmcblk1p2" ino=8774 scontext=unconfined_u:unconfined_r:semanage_t:s0-s0:c0.c1023 tcontext=unconfined_u:object_r:semanage_store_t:s0 tclass=file permissive=0
Aug 06 17:48:09 tactiq-rock5a audit[740]: AVC avc:  denied  { relabelfrom } for  pid=740 comm="semodule" name="cil" dev="mmcblk1p2" ino=8775 scontext=unconfined_u:unconfined_r:semanage_t:s0-s0:c0.c1023 tcontext=unconfined_u:object_r:semanage_store_t:s0 tclass=file permissive=0
Aug 06 17:48:09 tactiq-rock5a audit[740]: AVC avc:  denied  { relabelfrom } for  pid=740 comm="semodule" name="hll" dev="mmcblk1p2" ino=8776 scontext=unconfined_u:unconfined_r:semanage_t:s0-s0:c0.c1023 tcontext=unconfined_u:object_r:semanage_store_t:s0 tclass=file permissive=0
Aug 06 17:48:09 tactiq-rock5a audit[740]: AVC avc:  denied  { relabelfrom } for  pid=740 comm="semodule" name="monop" dev="mmcblk1p2" ino=8773 scontext=unconfined_u:unconfined_r:semanage_t:s0-s0:c0.c1023 tcontext=unconfined_u:object_r:semanage_store_t:s0 tclass=dir permissive=0
Aug 06 17:48:09 tactiq-rock5a audit[740]: AVC avc:  denied  { relabelfrom } for  pid=740 comm="semodule" name="lang_ext" dev="mmcblk1p2" ino=8778 scontext=unconfined_u:unconfined_r:semanage_t:s0-s0:c0.c1023 tcontext=unconfined_u:object_r:semanage_store_t:s0 tclass=file permissive=0
Aug 06 17:48:09 tactiq-rock5a audit[740]: AVC avc:  denied  { relabelfrom } for  pid=740 comm="semodule" name="cil" dev="mmcblk1p2" ino=8779 scontext=unconfined_u:unconfined_r:semanage_t:s0-s0:c0.c1023 tcontext=unconfined_u:object_r:semanage_store_t:s0 tclass=file permissive=0
Aug 06 17:48:09 tactiq-rock5a audit[740]: AVC avc:  denied  { relabelfrom } for  pid=740 comm="semodule" name="hll" dev="mmcblk1p2" ino=8780 scontext=unconfined_u:unconfined_r:semanage_t:s0-s0:c0.c1023 tcontext=unconfined_u:object_r:semanage_store_t:s0 tclass=file permissive=0
Aug 06 17:48:09 tactiq-rock5a audit[740]: AVC avc:  denied  { relabelfrom } for  pid=740 comm="semodule" name="nut" dev="mmcblk1p2" ino=8777 scontext=unconfined_u:unconfined_r:semanage_t:s0-s0:c0.c1023 tcontext=unconfined_u:object_r:semanage_store_t:s0 tclass=dir permissive=0
Aug 06 17:48:09 tactiq-rock5a audit[740]: AVC avc:  denied  { relabelfrom } for  pid=740 comm="semodule" name="lang_ext" dev="mmcblk1p2" ino=8782 scontext=unconfined_u:unconfined_r:semanage_t:s0-s0:c0.c1023 tcontext=unconfined_u:object_r:semanage_store_t:s0 tclass=file permissive=0
Aug 06 17:48:09 tactiq-rock5a audit[740]: AVC avc:  denied  { relabelfrom } for  pid=740 comm="semodule" name="cil" dev="mmcblk1p2" ino=8783 scontext=unconfined_u:unconfined_r:semanage_t:s0-s0:c0.c1023 tcontext=unconfined_u:object_r:semanage_store_t:s0 tclass=file permissive=0
Aug 06 17:48:09 tactiq-rock5a audit[740]: AVC avc:  denied  { relabelfrom } for  pid=740 comm="semodule" name="hll" dev="mmcblk1p2" ino=8784 scontext=unconfined_u:unconfined_r:semanage_t:s0-s0:c0.c1023 tcontext=unconfined_u:object_r:semanage_store_t:s0 tclass=file permissive=0
Aug 06 17:48:09 tactiq-rock5a audit[740]: AVC avc:  denied  { relabelfrom } for  pid=740 comm="semodule" name="zfs" dev="mmcblk1p2" ino=8781 scontext=unconfined_u:unconfined_r:semanage_t:s0-s0:c0.c1023 tcontext=unconfined_u:object_r:semanage_store_t:s0 tclass=dir permissive=0
Aug 06 17:48:09 tactiq-rock5a audit[740]: AVC avc:  denied  { relabelfrom } for  pid=740 comm="semodule" name="lang_ext" dev="mmcblk1p2" ino=8786 scontext=unconfined_u:unconfined_r:semanage_t:s0-s0:c0.c1023 tcontext=unconfined_u:object_r:semanage_store_t:s0 tclass=file permissive=0
Aug 06 17:48:09 tactiq-rock5a audit[740]: AVC avc:  denied  { relabelfrom } for  pid=740 comm="semodule" name="cil" dev="mmcblk1p2" ino=8787 scontext=unconfined_u:unconfined_r:semanage_t:s0-s0:c0.c1023 tcontext=unconfined_u:object_r:semanage_store_t:s0 tclass=file permissive=0
Aug 06 17:48:09 tactiq-rock5a audit[740]: AVC avc:  denied  { relabelfrom } for  pid=740 comm="semodule" name="hll" dev="mmcblk1p2" ino=8788 scontext=unconfined_u:unconfined_r:semanage_t:s0-s0:c0.c1023 tcontext=unconfined_u:object_r:semanage_store_t:s0 tclass=file permissive=0
Aug 06 17:48:09 tactiq-rock5a audit[740]: AVC avc:  denied  { relabelfrom } for  pid=740 comm="semodule" name="rhsmcertd" dev="mmcblk1p2" ino=8785 scontext=unconfined_u:unconfined_r:semanage_t:s0-s0:c0.c1023 tcontext=unconfined_u:object_r:semanage_store_t:s0 tclass=dir permissive=0
Aug 06 17:48:09 tactiq-rock5a audit[740]: AVC avc:  denied  { relabelfrom } for  pid=740 comm="semodule" name="lang_ext" dev="mmcblk1p2" ino=8790 scontext=unconfined_u:unconfined_r:semanage_t:s0-s0:c0.c1023 tcontext=unconfined_u:object_r:semanage_store_t:s0 tclass=file permissive=0
Aug 06 17:48:09 tactiq-rock5a audit[740]: AVC avc:  denied  { relabelfrom } for  pid=740 comm="semodule" name="cil" dev="mmcblk1p2" ino=8791 scontext=unconfined_u:unconfined_r:semanage_t:s0-s0:c0.c1023 tcontext=unconfined_u:object_r:semanage_store_t:s0 tclass=file permissive=0
Aug 06 17:48:09 tactiq-rock5a audit[740]: AVC avc:  denied  { relabelfrom } for  pid=740 comm="semodule" name="hll" dev="mmcblk1p2" ino=8792 scontext=unconfined_u:unconfined_r:semanage_t:s0-s0:c0.c1023 tcontext=unconfined_u:object_r:semanage_store_t:s0 tclass=file permissive=0
Aug 06 17:48:09 tactiq-rock5a audit[740]: AVC avc:  denied  { relabelfrom } for  pid=740 comm="semodule" name="nsd" dev="mmcblk1p2" ino=8789 scontext=unconfined_u:unconfined_r:semanage_t:s0-s0:c0.c1023 tcontext=unconfined_u:object_r:semanage_store_t:s0 tclass=dir permissive=0
Aug 06 17:48:09 tactiq-rock5a audit[740]: AVC avc:  denied  { relabelfrom } for  pid=740 comm="semodule" name="lang_ext" dev="mmcblk1p2" ino=8794 scontext=unconfined_u:unconfined_r:semanage_t:s0-s0:c0.c1023 tcontext=unconfined_u:object_r:semanage_store_t:s0 tclass=file permissive=0
Aug 06 17:48:09 tactiq-rock5a audit[740]: AVC avc:  denied  { relabelfrom } for  pid=740 comm="semodule" name="cil" dev="mmcblk1p2" ino=8795 scontext=unconfined_u:unconfined_r:semanage_t:s0-s0:c0.c1023 tcontext=unconfined_u:object_r:semanage_store_t:s0 tclass=file permissive=0
Aug 06 17:48:09 tactiq-rock5a audit[740]: AVC avc:  denied  { relabelfrom } for  pid=740 comm="semodule" name="hll" dev="mmcblk1p2" ino=8796 scontext=unconfined_u:unconfined_r:semanage_t:s0-s0:c0.c1023 tcontext=unconfined_u:object_r:semanage_store_t:s0 tclass=file permissive=0
Aug 06 17:48:09 tactiq-rock5a audit[740]: AVC avc:  denied  { relabelfrom } for  pid=740 comm="semodule" name="pacemaker" dev="mmcblk1p2" ino=8793 scontext=unconfined_u:unconfined_r:semanage_t:s0-s0:c0.c1023 tcontext=unconfined_u:object_r:semanage_store_t:s0 tclass=dir permissive=0
Aug 06 17:48:09 tactiq-rock5a audit[740]: AVC avc:  denied  { relabelfrom } for  pid=740 comm="semodule" name="lang_ext" dev="mmcblk1p2" ino=8798 scontext=unconfined_u:unconfined_r:semanage_t:s0-s0:c0.c1023 tcontext=unconfined_u:object_r:semanage_store_t:s0 tclass=file permissive=0
Aug 06 17:48:09 tactiq-rock5a audit[740]: AVC avc:  denied  { relabelfrom } for  pid=740 comm="semodule" name="cil" dev="mmcblk1p2" ino=8799 scontext=unconfined_u:unconfined_r:semanage_t:s0-s0:c0.c1023 tcontext=unconfined_u:object_r:semanage_store_t:s0 tclass=file permissive=0
Aug 06 17:48:09 tactiq-rock5a audit[740]: AVC avc:  denied  { relabelfrom } for  pid=740 comm="semodule" name="hll" dev="mmcblk1p2" ino=8800 scontext=unconfined_u:unconfined_r:semanage_t:s0-s0:c0.c1023 tcontext=unconfined_u:object_r:semanage_store_t:s0 tclass=file permissive=0
Aug 06 17:48:09 tactiq-rock5a audit[740]: AVC avc:  denied  { relabelfrom } for  pid=740 comm="semodule" name="quota" dev="mmcblk1p2" ino=8797 scontext=unconfined_u:unconfined_r:semanage_t:s0-s0:c0.c1023 tcontext=unconfined_u:object_r:semanage_store_t:s0 tclass=dir permissive=0
Aug 06 17:48:09 tactiq-rock5a audit[740]: AVC avc:  denied  { relabelfrom } for  pid=740 comm="semodule" name="lang_ext" dev="mmcblk1p2" ino=8802 scontext=unconfined_u:unconfined_r:semanage_t:s0-s0:c0.c1023 tcontext=unconfined_u:object_r:semanage_store_t:s0 tclass=file permissive=0
Aug 06 17:48:09 tactiq-rock5a audit[740]: AVC avc:  denied  { relabelfrom } for  pid=740 comm="semodule" name="cil" dev="mmcblk1p2" ino=8803 scontext=unconfined_u:unconfined_r:semanage_t:s0-s0:c0.c1023 tcontext=unconfined_u:object_r:semanage_store_t:s0 tclass=file permissive=0
Aug 06 17:48:09 tactiq-rock5a audit[740]: AVC avc:  denied  { relabelfrom } for  pid=740 comm="semodule" name="hll" dev="mmcblk1p2" ino=8804 scontext=unconfined_u:unconfined_r:semanage_t:s0-s0:c0.c1023 tcontext=unconfined_u:object_r:semanage_store_t:s0 tclass=file permissive=0
Aug 06 17:48:09 tactiq-rock5a audit[740]: AVC avc:  denied  { relabelfrom } for  pid=740 comm="semodule" name="oident" dev="mmcblk1p2" ino=8801 scontext=unconfined_u:unconfined_r:semanage_t:s0-s0:c0.c1023 tcontext=unconfined_u:object_r:semanage_store_t:s0 tclass=dir permissive=0
Aug 06 17:48:09 tactiq-rock5a audit[740]: AVC avc:  denied  { relabelfrom } for  pid=740 comm="semodule" name="lang_ext" dev="mmcblk1p2" ino=8806 scontext=unconfined_u:unconfined_r:semanage_t:s0-s0:c0.c1023 tcontext=unconfined_u:object_r:semanage_store_t:s0 tclass=file permissive=0
Aug 06 17:48:09 tactiq-rock5a audit[740]: AVC avc:  denied  { relabelfrom } for  pid=740 comm="semodule" name="cil" dev="mmcblk1p2" ino=8807 scontext=unconfined_u:unconfined_r:semanage_t:s0-s0:c0.c1023 tcontext=unconfined_u:object_r:semanage_store_t:s0 tclass=file permissive=0
Aug 06 17:48:09 tactiq-rock5a audit[740]: AVC avc:  denied  { relabelfrom } for  pid=740 comm="semodule" name="hll" dev="mmcblk1p2" ino=8808 scontext=unconfined_u:unconfined_r:semanage_t:s0-s0:c0.c1023 tcontext=unconfined_u:object_r:semanage_store_t:s0 tclass=file permissive=0
Aug 06 17:48:09 tactiq-rock5a audit[740]: AVC avc:  denied  { relabelfrom } for  pid=740 comm="semodule" name="alsa" dev="mmcblk1p2" ino=8805 scontext=unconfined_u:unconfined_r:semanage_t:s0-s0:c0.c1023 tcontext=unconfined_u:object_r:semanage_store_t:s0 tclass=dir permissive=0
Aug 06 17:48:09 tactiq-rock5a audit[740]: AVC avc:  denied  { relabelfrom } for  pid=740 comm="semodule" name="lang_ext" dev="mmcblk1p2" ino=8810 scontext=unconfined_u:unconfined_r:semanage_t:s0-s0:c0.c1023 tcontext=unconfined_u:object_r:semanage_store_t:s0 tclass=file permissive=0
Aug 06 17:48:09 tactiq-rock5a audit[740]: AVC avc:  denied  { relabelfrom } for  pid=740 comm="semodule" name="cil" dev="mmcblk1p2" ino=8811 scontext=unconfined_u:unconfined_r:semanage_t:s0-s0:c0.c1023 tcontext=unconfined_u:object_r:semanage_store_t:s0 tclass=file permissive=0
Aug 06 17:48:09 tactiq-rock5a audit[740]: AVC avc:  denied  { relabelfrom } for  pid=740 comm="semodule" name="hll" dev="mmcblk1p2" ino=8812 scontext=unconfined_u:unconfined_r:semanage_t:s0-s0:c0.c1023 tcontext=unconfined_u:object_r:semanage_store_t:s0 tclass=file permissive=0
Aug 06 17:48:09 tactiq-rock5a audit[740]: AVC avc:  denied  { relabelfrom } for  pid=740 comm="semodule" name="powerprofiles" dev="mmcblk1p2" ino=8809 scontext=unconfined_u:unconfined_r:semanage_t:s0-s0:c0.c1023 tcontext=unconfined_u:object_r:semanage_store_t:s0 tclass=dir permissive=0
Aug 06 17:48:09 tactiq-rock5a audit[740]: AVC avc:  denied  { relabelfrom } for  pid=740 comm="semodule" name="lang_ext" dev="mmcblk1p2" ino=8814 scontext=unconfined_u:unconfined_r:semanage_t:s0-s0:c0.c1023 tcontext=unconfined_u:object_r:semanage_store_t:s0 tclass=file permissive=0
Aug 06 17:48:09 tactiq-rock5a audit[740]: AVC avc:  denied  { relabelfrom } for  pid=740 comm="semodule" name="cil" dev="mmcblk1p2" ino=8815 scontext=unconfined_u:unconfined_r:semanage_t:s0-s0:c0.c1023 tcontext=unconfined_u:object_r:semanage_store_t:s0 tclass=file permissive=0
Aug 06 17:48:09 tactiq-rock5a audit[740]: AVC avc:  denied  { relabelfrom } for  pid=740 comm="semodule" name="hll" dev="mmcblk1p2" ino=8816 scontext=unconfined_u:unconfined_r:semanage_t:s0-s0:c0.c1023 tcontext=unconfined_u:object_r:semanage_store_t:s0 tclass=file permissive=0
Aug 06 17:48:09 tactiq-rock5a audit[740]: AVC avc:  denied  { relabelfrom } for  pid=740 comm="semodule" name="setrans" dev="mmcblk1p2" ino=8813 scontext=unconfined_u:unconfined_r:semanage_t:s0-s0:c0.c1023 tcontext=unconfined_u:object_r:semanage_store_t:s0 tclass=dir permissive=0
Aug 06 17:48:09 tactiq-rock5a audit[740]: AVC avc:  denied  { relabelfrom } for  pid=740 comm="semodule" name="lang_ext" dev="mmcblk1p2" ino=8818 scontext=unconfined_u:unconfined_r:semanage_t:s0-s0:c0.c1023 tcontext=unconfined_u:object_r:semanage_store_t:s0 tclass=file permissive=0
Aug 06 17:48:09 tactiq-rock5a audit[740]: AVC avc:  denied  { relabelfrom } for  pid=740 comm="semodule" name="cil" dev="mmcblk1p2" ino=8819 scontext=unconfined_u:unconfined_r:semanage_t:s0-s0:c0.c1023 tcontext=unconfined_u:object_r:semanage_store_t:s0 tclass=file permissive=0
Aug 06 17:48:09 tactiq-rock5a audit[740]: AVC avc:  denied  { relabelfrom } for  pid=740 comm="semodule" name="hll" dev="mmcblk1p2" ino=8820 scontext=unconfined_u:unconfined_r:semanage_t:s0-s0:c0.c1023 tcontext=unconfined_u:object_r:semanage_store_t:s0 tclass=file permissive=0
Aug 06 17:48:09 tactiq-rock5a audit[740]: AVC avc:  denied  { relabelfrom } for  pid=740 comm="semodule" name="minidlna" dev="mmcblk1p2" ino=8817 scontext=unconfined_u:unconfined_r:semanage_t:s0-s0:c0.c1023 tcontext=unconfined_u:object_r:semanage_store_t:s0 tclass=dir permissive=0
Aug 06 17:48:09 tactiq-rock5a audit[740]: AVC avc:  denied  { relabelfrom } for  pid=740 comm="semodule" name="lang_ext" dev="mmcblk1p2" ino=8822 scontext=unconfined_u:unconfined_r:semanage_t:s0-s0:c0.c1023 tcontext=unconfined_u:object_r:semanage_store_t:s0 tclass=file permissive=0
Aug 06 17:48:09 tactiq-rock5a audit[740]: AVC avc:  denied  { relabelfrom } for  pid=740 comm="semodule" name="cil" dev="mmcblk1p2" ino=8823 scontext=unconfined_u:unconfined_r:semanage_t:s0-s0:c0.c1023 tcontext=unconfined_u:object_r:semanage_store_t:s0 tclass=file permissive=0
Aug 06 17:48:09 tactiq-rock5a audit[740]: AVC avc:  denied  { relabelfrom } for  pid=740 comm="semodule" name="hll" dev="mmcblk1p2" ino=8824 scontext=unconfined_u:unconfined_r:semanage_t:s0-s0:c0.c1023 tcontext=unconfined_u:object_r:semanage_store_t:s0 tclass=file permissive=0
Aug 06 17:48:09 tactiq-rock5a audit[740]: AVC avc:  denied  { relabelfrom } for  pid=740 comm="semodule" name="smartmon" dev="mmcblk1p2" ino=8821 scontext=unconfined_u:unconfined_r:semanage_t:s0-s0:c0.c1023 tcontext=unconfined_u:object_r:semanage_store_t:s0 tclass=dir permissive=0
Aug 06 17:48:09 tactiq-rock5a audit[740]: AVC avc:  denied  { relabelfrom } for  pid=740 comm="semodule" name="lang_ext" dev="mmcblk1p2" ino=8826 scontext=unconfined_u:unconfined_r:semanage_t:s0-s0:c0.c1023 tcontext=unconfined_u:object_r:semanage_store_t:s0 tclass=file permissive=0
Aug 06 17:48:09 tactiq-rock5a audit[740]: AVC avc:  denied  { relabelfrom } for  pid=740 comm="semodule" name="cil" dev="mmcblk1p2" ino=8827 scontext=unconfined_u:unconfined_r:semanage_t:s0-s0:c0.c1023 tcontext=unconfined_u:object_r:semanage_store_t:s0 tclass=file permissive=0
Aug 06 17:48:09 tactiq-rock5a audit[740]: AVC avc:  denied  { relabelfrom } for  pid=740 comm="semodule" name="hll" dev="mmcblk1p2" ino=8828 scontext=unconfined_u:unconfined_r:semanage_t:s0-s0:c0.c1023 tcontext=unconfined_u:object_r:semanage_store_t:s0 tclass=file permissive=0
Aug 06 17:48:09 tactiq-rock5a audit[740]: AVC avc:  denied  { relabelfrom } for  pid=740 comm="semodule" name="mongodb" dev="mmcblk1p2" ino=8825 scontext=unconfined_u:unconfined_r:semanage_t:s0-s0:c0.c1023 tcontext=unconfined_u:object_r:semanage_store_t:s0 tclass=dir permissive=0
Aug 06 17:48:09 tactiq-rock5a audit[740]: AVC avc:  denied  { relabelfrom } for  pid=740 comm="semodule" name="lang_ext" dev="mmcblk1p2" ino=8830 scontext=unconfined_u:unconfined_r:semanage_t:s0-s0:c0.c1023 tcontext=unconfined_u:object_r:semanage_store_t:s0 tclass=file permissive=0
Aug 06 17:48:09 tactiq-rock5a audit[740]: AVC avc:  denied  { relabelfrom } for  pid=740 comm="semodule" name="cil" dev="mmcblk1p2" ino=8831 scontext=unconfined_u:unconfined_r:semanage_t:s0-s0:c0.c1023 tcontext=unconfined_u:object_r:semanage_store_t:s0 tclass=file permissive=0
Aug 06 17:48:09 tactiq-rock5a audit[740]: AVC avc:  denied  { relabelfrom } for  pid=740 comm="semodule" name="hll" dev="mmcblk1p2" ino=8832 scontext=unconfined_u:unconfined_r:semanage_t:s0-s0:c0.c1023 tcontext=unconfined_u:object_r:semanage_store_t:s0 tclass=file permissive=0
Aug 06 17:48:09 tactiq-rock5a audit[740]: AVC avc:  denied  { relabelfrom } for  pid=740 comm="semodule" name="amtu" dev="mmcblk1p2" ino=8829 scontext=unconfined_u:unconfined_r:semanage_t:s0-s0:c0.c1023 tcontext=unconfined_u:object_r:semanage_store_t:s0 tclass=dir permissive=0
Aug 06 17:48:09 tactiq-rock5a audit[740]: AVC avc:  denied  { relabelfrom } for  pid=740 comm="semodule" name="lang_ext" dev="mmcblk1p2" ino=8834 scontext=unconfined_u:unconfined_r:semanage_t:s0-s0:c0.c1023 tcontext=unconfined_u:object_r:semanage_store_t:s0 tclass=file permissive=0
Aug 06 17:48:09 tactiq-rock5a audit[740]: AVC avc:  denied  { relabelfrom } for  pid=740 comm="semodule" name="cil" dev="mmcblk1p2" ino=8835 scontext=unconfined_u:unconfined_r:semanage_t:s0-s0:c0.c1023 tcontext=unconfined_u:object_r:semanage_store_t:s0 tclass=file permissive=0
Aug 06 17:48:09 tactiq-rock5a audit[740]: AVC avc:  denied  { relabelfrom } for  pid=740 comm="semodule" name="hll" dev="mmcblk1p2" ino=8836 scontext=unconfined_u:unconfined_r:semanage_t:s0-s0:c0.c1023 tcontext=unconfined_u:object_r:semanage_store_t:s0 tclass=file permissive=0
Aug 06 17:48:09 tactiq-rock5a audit[740]: AVC avc:  denied  { relabelfrom } for  pid=740 comm="semodule" name="portreserve" dev="mmcblk1p2" ino=8833 scontext=unconfined_u:unconfined_r:semanage_t:s0-s0:c0.c1023 tcontext=unconfined_u:object_r:semanage_store_t:s0 tclass=dir permissive=0
Aug 06 17:48:09 tactiq-rock5a audit[740]: AVC avc:  denied  { relabelfrom } for  pid=740 comm="semodule" name="lang_ext" dev="mmcblk1p2" ino=8838 scontext=unconfined_u:unconfined_r:semanage_t:s0-s0:c0.c1023 tcontext=unconfined_u:object_r:semanage_store_t:s0 tclass=file permissive=0
Aug 06 17:48:09 tactiq-rock5a audit[740]: AVC avc:  denied  { relabelfrom } for  pid=740 comm="semodule" name="cil" dev="mmcblk1p2" ino=8839 scontext=unconfined_u:unconfined_r:semanage_t:s0-s0:c0.c1023 tcontext=unconfined_u:object_r:semanage_store_t:s0 tclass=file permissive=0
Aug 06 17:48:09 tactiq-rock5a audit[740]: AVC avc:  denied  { relabelfrom } for  pid=740 comm="semodule" name="hll" dev="mmcblk1p2" ino=8840 scontext=unconfined_u:unconfined_r:semanage_t:s0-s0:c0.c1023 tcontext=unconfined_u:object_r:semanage_store_t:s0 tclass=file permissive=0
Aug 06 17:48:09 tactiq-rock5a audit[740]: AVC avc:  denied  { relabelfrom } for  pid=740 comm="semodule" name="slocate" dev="mmcblk1p2" ino=8837 scontext=unconfined_u:unconfined_r:semanage_t:s0-s0:c0.c1023 tcontext=unconfined_u:object_r:semanage_store_t:s0 tclass=dir permissive=0
Aug 06 17:48:09 tactiq-rock5a audit[740]: AVC avc:  denied  { relabelfrom } for  pid=740 comm="semodule" name="lang_ext" dev="mmcblk1p2" ino=8842 scontext=unconfined_u:unconfined_r:semanage_t:s0-s0:c0.c1023 tcontext=unconfined_u:object_r:semanage_store_t:s0 tclass=file permissive=0
Aug 06 17:48:09 tactiq-rock5a audit[740]: AVC avc:  denied  { relabelfrom } for  pid=740 comm="semodule" name="cil" dev="mmcblk1p2" ino=8843 scontext=unconfined_u:unconfined_r:semanage_t:s0-s0:c0.c1023 tcontext=unconfined_u:object_r:semanage_store_t:s0 tclass=file permissive=0
Aug 06 17:48:09 tactiq-rock5a audit[740]: AVC avc:  denied  { relabelfrom } for  pid=740 comm="semodule" name="hll" dev="mmcblk1p2" ino=8844 scontext=unconfined_u:unconfined_r:semanage_t:s0-s0:c0.c1023 tcontext=unconfined_u:object_r:semanage_store_t:s0 tclass=file permissive=0
Aug 06 17:48:09 tactiq-rock5a audit[740]: AVC avc:  denied  { relabelfrom } for  pid=740 comm="semodule" name="getty" dev="mmcblk1p2" ino=8841 scontext=unconfined_u:unconfined_r:semanage_t:s0-s0:c0.c1023 tcontext=unconfined_u:object_r:semanage_store_t:s0 tclass=dir permissive=0
Aug 06 17:48:09 tactiq-rock5a audit[740]: AVC avc:  denied  { relabelfrom } for  pid=740 comm="semodule" name="lang_ext" dev="mmcblk1p2" ino=8846 scontext=unconfined_u:unconfined_r:semanage_t:s0-s0:c0.c1023 tcontext=unconfined_u:object_r:semanage_store_t:s0 tclass=file permissive=0
Aug 06 17:48:09 tactiq-rock5a audit[740]: AVC avc:  denied  { relabelfrom } for  pid=740 comm="semodule" name="cil" dev="mmcblk1p2" ino=8847 scontext=unconfined_u:unconfined_r:semanage_t:s0-s0:c0.c1023 tcontext=unconfined_u:object_r:semanage_store_t:s0 tclass=file permissive=0
Aug 06 17:48:09 tactiq-rock5a audit[740]: AVC avc:  denied  { relabelfrom } for  pid=740 comm="semodule" name="hll" dev="mmcblk1p2" ino=8848 scontext=unconfined_u:unconfined_r:semanage_t:s0-s0:c0.c1023 tcontext=unconfined_u:object_r:semanage_store_t:s0 tclass=file permissive=0
Aug 06 17:48:09 tactiq-rock5a audit[740]: AVC avc:  denied  { relabelfrom } for  pid=740 comm="semodule" name="rdisc" dev="mmcblk1p2" ino=8845 scontext=unconfined_u:unconfined_r:semanage_t:s0-s0:c0.c1023 tcontext=unconfined_u:object_r:semanage_store_t:s0 tclass=dir permissive=0
Aug 06 17:48:09 tactiq-rock5a audit[740]: AVC avc:  denied  { relabelfrom } for  pid=740 comm="semodule" name="lang_ext" dev="mmcblk1p2" ino=8850 scontext=unconfined_u:unconfined_r:semanage_t:s0-s0:c0.c1023 tcontext=unconfined_u:object_r:semanage_store_t:s0 tclass=file permissive=0
Aug 06 17:48:09 tactiq-rock5a audit[740]: AVC avc:  denied  { relabelfrom } for  pid=740 comm="semodule" name="cil" dev="mmcblk1p2" ino=8851 scontext=unconfined_u:unconfined_r:semanage_t:s0-s0:c0.c1023 tcontext=unconfined_u:object_r:semanage_store_t:s0 tclass=file permissive=0
Aug 06 17:48:09 tactiq-rock5a audit[740]: AVC avc:  denied  { relabelfrom } for  pid=740 comm="semodule" name="hll" dev="mmcblk1p2" ino=8852 scontext=unconfined_u:unconfined_r:semanage_t:s0-s0:c0.c1023 tcontext=unconfined_u:object_r:semanage_store_t:s0 tclass=file permissive=0
Aug 06 17:48:09 tactiq-rock5a audit[740]: AVC avc:  denied  { relabelfrom } for  pid=740 comm="semodule" name="transproxy" dev="mmcblk1p2" ino=8849 scontext=unconfined_u:unconfined_r:semanage_t:s0-s0:c0.c1023 tcontext=unconfined_u:object_r:semanage_store_t:s0 tclass=dir permissive=0
Aug 06 17:48:09 tactiq-rock5a audit[740]: AVC avc:  denied  { relabelfrom } for  pid=740 comm="semodule" name="lang_ext" dev="mmcblk1p2" ino=8854 scontext=unconfined_u:unconfined_r:semanage_t:s0-s0:c0.c1023 tcontext=unconfined_u:object_r:semanage_store_t:s0 tclass=file permissive=0
Aug 06 17:48:09 tactiq-rock5a audit[740]: AVC avc:  denied  { relabelfrom } for  pid=740 comm="semodule" name="cil" dev="mmcblk1p2" ino=8855 scontext=unconfined_u:unconfined_r:semanage_t:s0-s0:c0.c1023 tcontext=unconfined_u:object_r:semanage_store_t:s0 tclass=file permissive=0
Aug 06 17:48:09 tactiq-rock5a audit[740]: AVC avc:  denied  { relabelfrom } for  pid=740 comm="semodule" name="hll" dev="mmcblk1p2" ino=8856 scontext=unconfined_u:unconfined_r:semanage_t:s0-s0:c0.c1023 tcontext=unconfined_u:object_r:semanage_store_t:s0 tclass=file permissive=0
Aug 06 17:48:09 tactiq-rock5a audit[740]: AVC avc:  denied  { relabelfrom } for  pid=740 comm="semodule" name="geoclue" dev="mmcblk1p2" ino=8853 scontext=unconfined_u:unconfined_r:semanage_t:s0-s0:c0.c1023 tcontext=unconfined_u:object_r:semanage_store_t:s0 tclass=dir permissive=0
Aug 06 17:48:09 tactiq-rock5a audit[740]: AVC avc:  denied  { relabelfrom } for  pid=740 comm="semodule" name="lang_ext" dev="mmcblk1p2" ino=8858 scontext=unconfined_u:unconfined_r:semanage_t:s0-s0:c0.c1023 tcontext=unconfined_u:object_r:semanage_store_t:s0 tclass=file permissive=0
Aug 06 17:48:09 tactiq-rock5a audit[740]: AVC avc:  denied  { relabelfrom } for  pid=740 comm="semodule" name="cil" dev="mmcblk1p2" ino=8859 scontext=unconfined_u:unconfined_r:semanage_t:s0-s0:c0.c1023 tcontext=unconfined_u:object_r:semanage_store_t:s0 tclass=file permissive=0
Aug 06 17:48:09 tactiq-rock5a audit[740]: AVC avc:  denied  { relabelfrom } for  pid=740 comm="semodule" name="hll" dev="mmcblk1p2" ino=8860 scontext=unconfined_u:unconfined_r:semanage_t:s0-s0:c0.c1023 tcontext=unconfined_u:object_r:semanage_store_t:s0 tclass=file permissive=0
Aug 06 17:48:09 tactiq-rock5a audit[740]: AVC avc:  denied  { relabelfrom } for  pid=740 comm="semodule" name="sblim" dev="mmcblk1p2" ino=8857 scontext=unconfined_u:unconfined_r:semanage_t:s0-s0:c0.c1023 tcontext=unconfined_u:object_r:semanage_store_t:s0 tclass=dir permissive=0
Aug 06 17:48:09 tactiq-rock5a audit[740]: AVC avc:  denied  { relabelfrom } for  pid=740 comm="semodule" name="lang_ext" dev="mmcblk1p2" ino=8862 scontext=unconfined_u:unconfined_r:semanage_t:s0-s0:c0.c1023 tcontext=unconfined_u:object_r:semanage_store_t:s0 tclass=file permissive=0
Aug 06 17:48:09 tactiq-rock5a audit[740]: AVC avc:  denied  { relabelfrom } for  pid=740 comm="semodule" name="cil" dev="mmcblk1p2" ino=8863 scontext=unconfined_u:unconfined_r:semanage_t:s0-s0:c0.c1023 tcontext=unconfined_u:object_r:semanage_store_t:s0 tclass=file permissive=0
Aug 06 17:48:09 tactiq-rock5a audit[740]: AVC avc:  denied  { relabelfrom } for  pid=740 comm="semodule" name="hll" dev="mmcblk1p2" ino=8864 scontext=unconfined_u:unconfined_r:semanage_t:s0-s0:c0.c1023 tcontext=unconfined_u:object_r:semanage_store_t:s0 tclass=file permissive=0
Aug 06 17:48:09 tactiq-rock5a audit[740]: AVC avc:  denied  { relabelfrom } for  pid=740 comm="semodule" name="monit" dev="mmcblk1p2" ino=8861 scontext=unconfined_u:unconfined_r:semanage_t:s0-s0:c0.c1023 tcontext=unconfined_u:object_r:semanage_store_t:s0 tclass=dir permissive=0
Aug 06 17:48:09 tactiq-rock5a audit[740]: AVC avc:  denied  { relabelfrom } for  pid=740 comm="semodule" name="lang_ext" dev="mmcblk1p2" ino=8866 scontext=unconfined_u:unconfined_r:semanage_t:s0-s0:c0.c1023 tcontext=unconfined_u:object_r:semanage_store_t:s0 tclass=file permissive=0
Aug 06 17:48:09 tactiq-rock5a audit[740]: AVC avc:  denied  { relabelfrom } for  pid=740 comm="semodule" name="cil" dev="mmcblk1p2" ino=8867 scontext=unconfined_u:unconfined_r:semanage_t:s0-s0:c0.c1023 tcontext=unconfined_u:object_r:semanage_store_t:s0 tclass=file permissive=0
Aug 06 17:48:09 tactiq-rock5a audit[740]: AVC avc:  denied  { relabelfrom } for  pid=740 comm="semodule" name="hll" dev="mmcblk1p2" ino=8868 scontext=unconfined_u:unconfined_r:semanage_t:s0-s0:c0.c1023 tcontext=unconfined_u:object_r:semanage_store_t:s0 tclass=file permissive=0
Aug 06 17:48:09 tactiq-rock5a audit[740]: AVC avc:  denied  { relabelfrom } for  pid=740 comm="semodule" name="gitosis" dev="mmcblk1p2" ino=8865 scontext=unconfined_u:unconfined_r:semanage_t:s0-s0:c0.c1023 tcontext=unconfined_u:object_r:semanage_store_t:s0 tclass=dir permissive=0
Aug 06 17:48:09 tactiq-rock5a audit[740]: AVC avc:  denied  { relabelfrom } for  pid=740 comm="semodule" name="lang_ext" dev="mmcblk1p2" ino=8870 scontext=unconfined_u:unconfined_r:semanage_t:s0-s0:c0.c1023 tcontext=unconfined_u:object_r:semanage_store_t:s0 tclass=file permissive=0
Aug 06 17:48:09 tactiq-rock5a audit[740]: AVC avc:  denied  { relabelfrom } for  pid=740 comm="semodule" name="cil" dev="mmcblk1p2" ino=8871 scontext=unconfined_u:unconfined_r:semanage_t:s0-s0:c0.c1023 tcontext=unconfined_u:object_r:semanage_store_t:s0 tclass=file permissive=0
Aug 06 17:48:09 tactiq-rock5a audit[740]: AVC avc:  denied  { relabelfrom } for  pid=740 comm="semodule" name="hll" dev="mmcblk1p2" ino=8872 scontext=unconfined_u:unconfined_r:semanage_t:s0-s0:c0.c1023 tcontext=unconfined_u:object_r:semanage_store_t:s0 tclass=file permissive=0
Aug 06 17:48:09 tactiq-rock5a audit[740]: AVC avc:  denied  { relabelfrom } for  pid=740 comm="semodule" name="ulogd" dev="mmcblk1p2" ino=8869 scontext=unconfined_u:unconfined_r:semanage_t:s0-s0:c0.c1023 tcontext=unconfined_u:object_r:semanage_store_t:s0 tclass=dir permissive=0
Aug 06 17:48:09 tactiq-rock5a audit[740]: AVC avc:  denied  { relabelfrom } for  pid=740 comm="semodule" name="lang_ext" dev="mmcblk1p2" ino=8874 scontext=unconfined_u:unconfined_r:semanage_t:s0-s0:c0.c1023 tcontext=unconfined_u:object_r:semanage_store_t:s0 tclass=file permissive=0
Aug 06 17:48:09 tactiq-rock5a audit[740]: AVC avc:  denied  { relabelfrom } for  pid=740 comm="semodule" name="cil" dev="mmcblk1p2" ino=8875 scontext=unconfined_u:unconfined_r:semanage_t:s0-s0:c0.c1023 tcontext=unconfined_u:object_r:semanage_store_t:s0 tclass=file permissive=0
Aug 06 17:48:09 tactiq-rock5a audit[740]: AVC avc:  denied  { relabelfrom } for  pid=740 comm="semodule" name="hll" dev="mmcblk1p2" ino=8876 scontext=unconfined_u:unconfined_r:semanage_t:s0-s0:c0.c1023 tcontext=unconfined_u:object_r:semanage_store_t:s0 tclass=file permissive=0
Aug 06 17:48:09 tactiq-rock5a audit[740]: AVC avc:  denied  { relabelfrom } for  pid=740 comm="semodule" name="cockpit" dev="mmcblk1p2" ino=8873 scontext=unconfined_u:unconfined_r:semanage_t:s0-s0:c0.c1023 tcontext=unconfined_u:object_r:semanage_store_t:s0 tclass=dir permissive=0
Aug 06 17:48:09 tactiq-rock5a audit[740]: AVC avc:  denied  { relabelfrom } for  pid=740 comm="semodule" name="lang_ext" dev="mmcblk1p2" ino=8878 scontext=unconfined_u:unconfined_r:semanage_t:s0-s0:c0.c1023 tcontext=unconfined_u:object_r:semanage_store_t:s0 tclass=file permissive=0
Aug 06 17:48:09 tactiq-rock5a audit[740]: AVC avc:  denied  { relabelfrom } for  pid=740 comm="semodule" name="cil" dev="mmcblk1p2" ino=8879 scontext=unconfined_u:unconfined_r:semanage_t:s0-s0:c0.c1023 tcontext=unconfined_u:object_r:semanage_store_t:s0 tclass=file permissive=0
Aug 06 17:48:09 tactiq-rock5a audit[740]: AVC avc:  denied  { relabelfrom } for  pid=740 comm="semodule" name="hll" dev="mmcblk1p2" ino=8880 scontext=unconfined_u:unconfined_r:semanage_t:s0-s0:c0.c1023 tcontext=unconfined_u:object_r:semanage_store_t:s0 tclass=file permissive=0
Aug 06 17:48:09 tactiq-rock5a audit[740]: AVC avc:  denied  { relabelfrom } for  pid=740 comm="semodule" name="irqbalance" dev="mmcblk1p2" ino=8877 scontext=unconfined_u:unconfined_r:semanage_t:s0-s0:c0.c1023 tcontext=unconfined_u:object_r:semanage_store_t:s0 tclass=dir permissive=0
Aug 06 17:48:09 tactiq-rock5a audit[740]: AVC avc:  denied  { relabelfrom } for  pid=740 comm="semodule" name="lang_ext" dev="mmcblk1p2" ino=8882 scontext=unconfined_u:unconfined_r:semanage_t:s0-s0:c0.c1023 tcontext=unconfined_u:object_r:semanage_store_t:s0 tclass=file permissive=0
Aug 06 17:48:09 tactiq-rock5a audit[740]: AVC avc:  denied  { relabelfrom } for  pid=740 comm="semodule" name="cil" dev="mmcblk1p2" ino=8883 scontext=unconfined_u:unconfined_r:semanage_t:s0-s0:c0.c1023 tcontext=unconfined_u:object_r:semanage_store_t:s0 tclass=file permissive=0
Aug 06 17:48:09 tactiq-rock5a audit[740]: AVC avc:  denied  { relabelfrom } for  pid=740 comm="semodule" name="hll" dev="mmcblk1p2" ino=8884 scontext=unconfined_u:unconfined_r:semanage_t:s0-s0:c0.c1023 tcontext=unconfined_u:object_r:semanage_store_t:s0 tclass=file permissive=0
Aug 06 17:48:09 tactiq-rock5a audit[740]: AVC avc:  denied  { relabelfrom } for  pid=740 comm="semodule" name="postgrey" dev="mmcblk1p2" ino=8881 scontext=unconfined_u:unconfined_r:semanage_t:s0-s0:c0.c1023 tcontext=unconfined_u:object_r:semanage_store_t:s0 tclass=dir permissive=0
Aug 06 17:48:09 tactiq-rock5a audit[740]: AVC avc:  denied  { relabelfrom } for  pid=740 comm="semodule" name="lang_ext" dev="mmcblk1p2" ino=8886 scontext=unconfined_u:unconfined_r:semanage_t:s0-s0:c0.c1023 tcontext=unconfined_u:object_r:semanage_store_t:s0 tclass=file permissive=0
Aug 06 17:48:09 tactiq-rock5a audit[740]: AVC avc:  denied  { relabelfrom } for  pid=740 comm="semodule" name="cil" dev="mmcblk1p2" ino=8887 scontext=unconfined_u:unconfined_r:semanage_t:s0-s0:c0.c1023 tcontext=unconfined_u:object_r:semanage_store_t:s0 tclass=file permissive=0
Aug 06 17:48:09 tactiq-rock5a audit[740]: AVC avc:  denied  { relabelfrom } for  pid=740 comm="semodule" name="hll" dev="mmcblk1p2" ino=8888 scontext=unconfined_u:unconfined_r:semanage_t:s0-s0:c0.c1023 tcontext=unconfined_u:object_r:semanage_store_t:s0 tclass=file permissive=0
Aug 06 17:48:09 tactiq-rock5a audit[740]: AVC avc:  denied  { relabelfrom } for  pid=740 comm="semodule" name="mon" dev="mmcblk1p2" ino=8885 scontext=unconfined_u:unconfined_r:semanage_t:s0-s0:c0.c1023 tcontext=unconfined_u:object_r:semanage_store_t:s0 tclass=dir permissive=0
Aug 06 17:48:09 tactiq-rock5a audit[740]: AVC avc:  denied  { relabelfrom } for  pid=740 comm="semodule" name="lang_ext" dev="mmcblk1p2" ino=8890 scontext=unconfined_u:unconfined_r:semanage_t:s0-s0:c0.c1023 tcontext=unconfined_u:object_r:semanage_store_t:s0 tclass=file permissive=0
Aug 06 17:48:09 tactiq-rock5a audit[740]: AVC avc:  denied  { relabelfrom } for  pid=740 comm="semodule" name="cil" dev="mmcblk1p2" ino=8891 scontext=unconfined_u:unconfined_r:semanage_t:s0-s0:c0.c1023 tcontext=unconfined_u:object_r:semanage_store_t:s0 tclass=file permissive=0
Aug 06 17:48:09 tactiq-rock5a audit[740]: AVC avc:  denied  { relabelfrom } for  pid=740 comm="semodule" name="hll" dev="mmcblk1p2" ino=8892 scontext=unconfined_u:unconfined_r:semanage_t:s0-s0:c0.c1023 tcontext=unconfined_u:object_r:semanage_store_t:s0 tclass=file permissive=0
Aug 06 17:48:09 tactiq-rock5a audit[740]: AVC avc:  denied  { relabelfrom } for  pid=740 comm="semodule" name="miscfiles" dev="mmcblk1p2" ino=8889 scontext=unconfined_u:unconfined_r:semanage_t:s0-s0:c0.c1023 tcontext=unconfined_u:object_r:semanage_store_t:s0 tclass=dir permissive=0
Aug 06 17:48:09 tactiq-rock5a audit[740]: AVC avc:  denied  { relabelfrom } for  pid=740 comm="semodule" name="lang_ext" dev="mmcblk1p2" ino=8894 scontext=unconfined_u:unconfined_r:semanage_t:s0-s0:c0.c1023 tcontext=unconfined_u:object_r:semanage_store_t:s0 tclass=file permissive=0
Aug 06 17:48:09 tactiq-rock5a audit[740]: AVC avc:  denied  { relabelfrom } for  pid=740 comm="semodule" name="cil" dev="mmcblk1p2" ino=8895 scontext=unconfined_u:unconfined_r:semanage_t:s0-s0:c0.c1023 tcontext=unconfined_u:object_r:semanage_store_t:s0 tclass=file permissive=0
Aug 06 17:48:09 tactiq-rock5a audit[740]: AVC avc:  denied  { relabelfrom } for  pid=740 comm="semodule" name="hll" dev="mmcblk1p2" ino=8896 scontext=unconfined_u:unconfined_r:semanage_t:s0-s0:c0.c1023 tcontext=unconfined_u:object_r:semanage_store_t:s0 tclass=file permissive=0
Aug 06 17:48:09 tactiq-rock5a audit[740]: AVC avc:  denied  { relabelfrom } for  pid=740 comm="semodule" name="iodine" dev="mmcblk1p2" ino=8893 scontext=unconfined_u:unconfined_r:semanage_t:s0-s0:c0.c1023 tcontext=unconfined_u:object_r:semanage_store_t:s0 tclass=dir permissive=0
Aug 06 17:48:09 tactiq-rock5a audit[740]: AVC avc:  denied  { relabelfrom } for  pid=740 comm="semodule" name="lang_ext" dev="mmcblk1p2" ino=8898 scontext=unconfined_u:unconfined_r:semanage_t:s0-s0:c0.c1023 tcontext=unconfined_u:object_r:semanage_store_t:s0 tclass=file permissive=0
Aug 06 17:48:09 tactiq-rock5a audit[740]: AVC avc:  denied  { relabelfrom } for  pid=740 comm="semodule" name="cil" dev="mmcblk1p2" ino=8899 scontext=unconfined_u:unconfined_r:semanage_t:s0-s0:c0.c1023 tcontext=unconfined_u:object_r:semanage_store_t:s0 tclass=file permissive=0
Aug 06 17:48:09 tactiq-rock5a audit[740]: AVC avc:  denied  { relabelfrom } for  pid=740 comm="semodule" name="hll" dev="mmcblk1p2" ino=8900 scontext=unconfined_u:unconfined_r:semanage_t:s0-s0:c0.c1023 tcontext=unconfined_u:object_r:semanage_store_t:s0 tclass=file permissive=0
Aug 06 17:48:09 tactiq-rock5a audit[740]: AVC avc:  denied  { relabelfrom } for  pid=740 comm="semodule" name="tactiq_fixes" dev="mmcblk1p2" ino=8897 scontext=unconfined_u:unconfined_r:semanage_t:s0-s0:c0.c1023 tcontext=unconfined_u:object_r:semanage_store_t:s0 tclass=dir permissive=0
Aug 06 17:48:09 tactiq-rock5a audit[740]: AVC avc:  denied  { relabelfrom } for  pid=740 comm="semodule" name="lang_ext" dev="mmcblk1p2" ino=8902 scontext=unconfined_u:unconfined_r:semanage_t:s0-s0:c0.c1023 tcontext=unconfined_u:object_r:semanage_store_t:s0 tclass=file permissive=0
Aug 06 17:48:09 tactiq-rock5a audit[740]: AVC avc:  denied  { relabelfrom } for  pid=740 comm="semodule" name="cil" dev="mmcblk1p2" ino=8903 scontext=unconfined_u:unconfined_r:semanage_t:s0-s0:c0.c1023 tcontext=unconfined_u:object_r:semanage_store_t:s0 tclass=file permissive=0
Aug 06 17:48:09 tactiq-rock5a audit[740]: AVC avc:  denied  { relabelfrom } for  pid=740 comm="semodule" name="hll" dev="mmcblk1p2" ino=8904 scontext=unconfined_u:unconfined_r:semanage_t:s0-s0:c0.c1023 tcontext=unconfined_u:object_r:semanage_store_t:s0 tclass=file permissive=0
Aug 06 17:48:09 tactiq-rock5a audit[740]: AVC avc:  denied  { relabelfrom } for  pid=740 comm="semodule" name="portage" dev="mmcblk1p2" ino=8901 scontext=unconfined_u:unconfined_r:semanage_t:s0-s0:c0.c1023 tcontext=unconfined_u:object_r:semanage_store_t:s0 tclass=dir permissive=0
Aug 06 17:48:09 tactiq-rock5a audit[740]: AVC avc:  denied  { relabelfrom } for  pid=740 comm="semodule" name="lang_ext" dev="mmcblk1p2" ino=8906 scontext=unconfined_u:unconfined_r:semanage_t:s0-s0:c0.c1023 tcontext=unconfined_u:object_r:semanage_store_t:s0 tclass=file permissive=0
Aug 06 17:48:09 tactiq-rock5a audit[740]: AVC avc:  denied  { relabelfrom } for  pid=740 comm="semodule" name="cil" dev="mmcblk1p2" ino=8907 scontext=unconfined_u:unconfined_r:semanage_t:s0-s0:c0.c1023 tcontext=unconfined_u:object_r:semanage_store_t:s0 tclass=file permissive=0
Aug 06 17:48:09 tactiq-rock5a audit[740]: AVC avc:  denied  { relabelfrom } for  pid=740 comm="semodule" name="hll" dev="mmcblk1p2" ino=8908 scontext=unconfined_u:unconfined_r:semanage_t:s0-s0:c0.c1023 tcontext=unconfined_u:object_r:semanage_store_t:s0 tclass=file permissive=0
Aug 06 17:48:09 tactiq-rock5a audit[740]: AVC avc:  denied  { relabelfrom } for  pid=740 comm="semodule" name="icecast" dev="mmcblk1p2" ino=8905 scontext=unconfined_u:unconfined_r:semanage_t:s0-s0:c0.c1023 tcontext=unconfined_u:object_r:semanage_store_t:s0 tclass=dir permissive=0
Aug 06 17:48:09 tactiq-rock5a audit[740]: AVC avc:  denied  { relabelfrom } for  pid=740 comm="semodule" name="lang_ext" dev="mmcblk1p2" ino=8910 scontext=unconfined_u:unconfined_r:semanage_t:s0-s0:c0.c1023 tcontext=unconfined_u:object_r:semanage_store_t:s0 tclass=file permissive=0
Aug 06 17:48:09 tactiq-rock5a audit[740]: AVC avc:  denied  { relabelfrom } for  pid=740 comm="semodule" name="cil" dev="mmcblk1p2" ino=8911 scontext=unconfined_u:unconfined_r:semanage_t:s0-s0:c0.c1023 tcontext=unconfined_u:object_r:semanage_store_t:s0 tclass=file permissive=0
Aug 06 17:48:09 tactiq-rock5a audit[740]: AVC avc:  denied  { relabelfrom } for  pid=740 comm="semodule" name="hll" dev="mmcblk1p2" ino=8912 scontext=unconfined_u:unconfined_r:semanage_t:s0-s0:c0.c1023 tcontext=unconfined_u:object_r:semanage_store_t:s0 tclass=file permissive=0
Aug 06 17:48:09 tactiq-rock5a audit[740]: AVC avc:  denied  { relabelfrom } for  pid=740 comm="semodule" name="ftp" dev="mmcblk1p2" ino=8909 scontext=unconfined_u:unconfined_r:semanage_t:s0-s0:c0.c1023 tcontext=unconfined_u:object_r:semanage_store_t:s0 tclass=dir permissive=0
Aug 06 17:48:09 tactiq-rock5a audit[740]: AVC avc:  denied  { relabelfrom } for  pid=740 comm="semodule" name="lang_ext" dev="mmcblk1p2" ino=8914 scontext=unconfined_u:unconfined_r:semanage_t:s0-s0:c0.c1023 tcontext=unconfined_u:object_r:semanage_store_t:s0 tclass=file permissive=0
Aug 06 17:48:09 tactiq-rock5a audit[740]: AVC avc:  denied  { relabelfrom } for  pid=740 comm="semodule" name="cil" dev="mmcblk1p2" ino=8915 scontext=unconfined_u:unconfined_r:semanage_t:s0-s0:c0.c1023 tcontext=unconfined_u:object_r:semanage_store_t:s0 tclass=file permissive=0
Aug 06 17:48:09 tactiq-rock5a audit[740]: AVC avc:  denied  { relabelfrom } for  pid=740 comm="semodule" name="hll" dev="mmcblk1p2" ino=8916 scontext=unconfined_u:unconfined_r:semanage_t:s0-s0:c0.c1023 tcontext=unconfined_u:object_r:semanage_store_t:s0 tclass=file permissive=0
Aug 06 17:48:09 tactiq-rock5a audit[740]: AVC avc:  denied  { relabelfrom } for  pid=740 comm="semodule" name="tactiq_tamper" dev="mmcblk1p2" ino=8913 scontext=unconfined_u:unconfined_r:semanage_t:s0-s0:c0.c1023 tcontext=unconfined_u:object_r:semanage_store_t:s0 tclass=dir permissive=0
Aug 06 17:48:09 tactiq-rock5a audit[740]: AVC avc:  denied  { relabelfrom } for  pid=740 comm="semodule" name="lang_ext" dev="mmcblk1p2" ino=8918 scontext=unconfined_u:unconfined_r:semanage_t:s0-s0:c0.c1023 tcontext=unconfined_u:object_r:semanage_store_t:s0 tclass=file permissive=0
Aug 06 17:48:09 tactiq-rock5a audit[740]: AVC avc:  denied  { relabelfrom } for  pid=740 comm="semodule" name="cil" dev="mmcblk1p2" ino=8919 scontext=unconfined_u:unconfined_r:semanage_t:s0-s0:c0.c1023 tcontext=unconfined_u:object_r:semanage_store_t:s0 tclass=file permissive=0
Aug 06 17:48:09 tactiq-rock5a audit[740]: AVC avc:  denied  { relabelfrom } for  pid=740 comm="semodule" name="hll" dev="mmcblk1p2" ino=8920 scontext=unconfined_u:unconfined_r:semanage_t:s0-s0:c0.c1023 tcontext=unconfined_u:object_r:semanage_store_t:s0 tclass=file permissive=0
Aug 06 17:48:09 tactiq-rock5a audit[740]: AVC avc:  denied  { relabelfrom } for  pid=740 comm="semodule" name="kubernetes" dev="mmcblk1p2" ino=8917 scontext=unconfined_u:unconfined_r:semanage_t:s0-s0:c0.c1023 tcontext=unconfined_u:object_r:semanage_store_t:s0 tclass=dir permissive=0
Aug 06 17:48:09 tactiq-rock5a audit[740]: AVC avc:  denied  { relabelfrom } for  pid=740 comm="semodule" name="lang_ext" dev="mmcblk1p2" ino=8922 scontext=unconfined_u:unconfined_r:semanage_t:s0-s0:c0.c1023 tcontext=unconfined_u:object_r:semanage_store_t:s0 tclass=file permissive=0
Aug 06 17:48:09 tactiq-rock5a audit[740]: AVC avc:  denied  { relabelfrom } for  pid=740 comm="semodule" name="cil" dev="mmcblk1p2" ino=8923 scontext=unconfined_u:unconfined_r:semanage_t:s0-s0:c0.c1023 tcontext=unconfined_u:object_r:semanage_store_t:s0 tclass=file permissive=0
Aug 06 17:48:09 tactiq-rock5a audit[740]: AVC avc:  denied  { relabelfrom } for  pid=740 comm="semodule" name="hll" dev="mmcblk1p2" ino=8924 scontext=unconfined_u:unconfined_r:semanage_t:s0-s0:c0.c1023 tcontext=unconfined_u:object_r:semanage_store_t:s0 tclass=file permissive=0
Aug 06 17:48:09 tactiq-rock5a audit[740]: AVC avc:  denied  { relabelfrom } for  pid=740 comm="semodule" name="vdagent" dev="mmcblk1p2" ino=8921 scontext=unconfined_u:unconfined_r:semanage_t:s0-s0:c0.c1023 tcontext=unconfined_u:object_r:semanage_store_t:s0 tclass=dir permissive=0
Aug 06 17:48:09 tactiq-rock5a audit[740]: AVC avc:  denied  { relabelfrom } for  pid=740 comm="semodule" name="lang_ext" dev="mmcblk1p2" ino=8926 scontext=unconfined_u:unconfined_r:semanage_t:s0-s0:c0.c1023 tcontext=unconfined_u:object_r:semanage_store_t:s0 tclass=file permissive=0
Aug 06 17:48:09 tactiq-rock5a audit[740]: AVC avc:  denied  { relabelfrom } for  pid=740 comm="semodule" name="cil" dev="mmcblk1p2" ino=8927 scontext=unconfined_u:unconfined_r:semanage_t:s0-s0:c0.c1023 tcontext=unconfined_u:object_r:semanage_store_t:s0 tclass=file permissive=0
Aug 06 17:48:09 tactiq-rock5a audit[740]: AVC avc:  denied  { relabelfrom } for  pid=740 comm="semodule" name="hll" dev="mmcblk1p2" ino=8928 scontext=unconfined_u:unconfined_r:semanage_t:s0-s0:c0.c1023 tcontext=unconfined_u:object_r:semanage_store_t:s0 tclass=file permissive=0
Aug 06 17:48:09 tactiq-rock5a audit[740]: AVC avc:  denied  { relabelfrom } for  pid=740 comm="semodule" name="tcsd" dev="mmcblk1p2" ino=8925 scontext=unconfined_u:unconfined_r:semanage_t:s0-s0:c0.c1023 tcontext=unconfined_u:object_r:semanage_store_t:s0 tclass=dir permissive=0
Aug 06 17:48:09 tactiq-rock5a audit[740]: AVC avc:  denied  { relabelfrom } for  pid=740 comm="semodule" name="lang_ext" dev="mmcblk1p2" ino=8930 scontext=unconfined_u:unconfined_r:semanage_t:s0-s0:c0.c1023 tcontext=unconfined_u:object_r:semanage_store_t:s0 tclass=file permissive=0
Aug 06 17:48:09 tactiq-rock5a audit[740]: AVC avc:  denied  { relabelfrom } for  pid=740 comm="semodule" name="cil" dev="mmcblk1p2" ino=8931 scontext=unconfined_u:unconfined_r:semanage_t:s0-s0:c0.c1023 tcontext=unconfined_u:object_r:semanage_store_t:s0 tclass=file permissive=0
Aug 06 17:48:09 tactiq-rock5a audit[740]: AVC avc:  denied  { relabelfrom } for  pid=740 comm="semodule" name="hll" dev="mmcblk1p2" ino=8932 scontext=unconfined_u:unconfined_r:semanage_t:s0-s0:c0.c1023 tcontext=unconfined_u:object_r:semanage_store_t:s0 tclass=file permissive=0
Aug 06 17:48:09 tactiq-rock5a audit[740]: AVC avc:  denied  { relabelfrom } for  pid=740 comm="semodule" name="cpucontrol" dev="mmcblk1p2" ino=8929 scontext=unconfined_u:unconfined_r:semanage_t:s0-s0:c0.c1023 tcontext=unconfined_u:object_r:semanage_store_t:s0 tclass=dir permissive=0
Aug 06 17:48:09 tactiq-rock5a audit[740]: AVC avc:  denied  { relabelfrom } for  pid=740 comm="semodule" name="lang_ext" dev="mmcblk1p2" ino=8934 scontext=unconfined_u:unconfined_r:semanage_t:s0-s0:c0.c1023 tcontext=unconfined_u:object_r:semanage_store_t:s0 tclass=file permissive=0
Aug 06 17:48:09 tactiq-rock5a audit[740]: AVC avc:  denied  { relabelfrom } for  pid=740 comm="semodule" name="cil" dev="mmcblk1p2" ino=8935 scontext=unconfined_u:unconfined_r:semanage_t:s0-s0:c0.c1023 tcontext=unconfined_u:object_r:semanage_store_t:s0 tclass=file permissive=0
Aug 06 17:48:09 tactiq-rock5a audit[740]: AVC avc:  denied  { relabelfrom } for  pid=740 comm="semodule" name="hll" dev="mmcblk1p2" ino=8936 scontext=unconfined_u:unconfined_r:semanage_t:s0-s0:c0.c1023 tcontext=unconfined_u:object_r:semanage_store_t:s0 tclass=file permissive=0
Aug 06 17:48:09 tactiq-rock5a audit[740]: AVC avc:  denied  { relabelfrom } for  pid=740 comm="semodule" name="bubblewrap" dev="mmcblk1p2" ino=8933 scontext=unconfined_u:unconfined_r:semanage_t:s0-s0:c0.c1023 tcontext=unconfined_u:object_r:semanage_store_t:s0 tclass=dir permissive=0
Aug 06 17:48:09 tactiq-rock5a audit[740]: AVC avc:  denied  { relabelfrom } for  pid=740 comm="semodule" name="lang_ext" dev="mmcblk1p2" ino=8938 scontext=unconfined_u:unconfined_r:semanage_t:s0-s0:c0.c1023 tcontext=unconfined_u:object_r:semanage_store_t:s0 tclass=file permissive=0
Aug 06 17:48:09 tactiq-rock5a audit[740]: AVC avc:  denied  { relabelfrom } for  pid=740 comm="semodule" name="cil" dev="mmcblk1p2" ino=8939 scontext=unconfined_u:unconfined_r:semanage_t:s0-s0:c0.c1023 tcontext=unconfined_u:object_r:semanage_store_t:s0 tclass=file permissive=0
Aug 06 17:48:09 tactiq-rock5a audit[740]: AVC avc:  denied  { relabelfrom } for  pid=740 comm="semodule" name="hll" dev="mmcblk1p2" ino=8940 scontext=unconfined_u:unconfined_r:semanage_t:s0-s0:c0.c1023 tcontext=unconfined_u:object_r:semanage_store_t:s0 tclass=file permissive=0
Aug 06 17:48:09 tactiq-rock5a audit[740]: AVC avc:  denied  { relabelfrom } for  pid=740 comm="semodule" name="svnserve" dev="mmcblk1p2" ino=8937 scontext=unconfined_u:unconfined_r:semanage_t:s0-s0:c0.c1023 tcontext=unconfined_u:object_r:semanage_store_t:s0 tclass=dir permissive=0
Aug 06 17:48:09 tactiq-rock5a audit[740]: AVC avc:  denied  { relabelfrom } for  pid=740 comm="semodule" name="lang_ext" dev="mmcblk1p2" ino=8942 scontext=unconfined_u:unconfined_r:semanage_t:s0-s0:c0.c1023 tcontext=unconfined_u:object_r:semanage_store_t:s0 tclass=file permissive=0
Aug 06 17:48:09 tactiq-rock5a audit[740]: AVC avc:  denied  { relabelfrom } for  pid=740 comm="semodule" name="cil" dev="mmcblk1p2" ino=8943 scontext=unconfined_u:unconfined_r:semanage_t:s0-s0:c0.c1023 tcontext=unconfined_u:object_r:semanage_store_t:s0 tclass=file permissive=0
Aug 06 17:48:09 tactiq-rock5a audit[740]: AVC avc:  denied  { relabelfrom } for  pid=740 comm="semodule" name="hll" dev="mmcblk1p2" ino=8944 scontext=unconfined_u:unconfined_r:semanage_t:s0-s0:c0.c1023 tcontext=unconfined_u:object_r:semanage_store_t:s0 tclass=file permissive=0
Aug 06 17:48:09 tactiq-rock5a audit[740]: AVC avc:  denied  { relabelfrom } for  pid=740 comm="semodule" name="rshd" dev="mmcblk1p2" ino=8941 scontext=unconfined_u:unconfined_r:semanage_t:s0-s0:c0.c1023 tcontext=unconfined_u:object_r:semanage_store_t:s0 tclass=dir permissive=0
Aug 06 17:48:09 tactiq-rock5a audit[740]: AVC avc:  denied  { relabelfrom } for  pid=740 comm="semodule" name="lang_ext" dev="mmcblk1p2" ino=8946 scontext=unconfined_u:unconfined_r:semanage_t:s0-s0:c0.c1023 tcontext=unconfined_u:object_r:semanage_store_t:s0 tclass=file permissive=0
Aug 06 17:48:09 tactiq-rock5a audit[740]: AVC avc:  denied  { relabelfrom } for  pid=740 comm="semodule" name="cil" dev="mmcblk1p2" ino=8947 scontext=unconfined_u:unconfined_r:semanage_t:s0-s0:c0.c1023 tcontext=unconfined_u:object_r:semanage_store_t:s0 tclass=file permissive=0
Aug 06 17:48:09 tactiq-rock5a audit[740]: AVC avc:  denied  { relabelfrom } for  pid=740 comm="semodule" name="hll" dev="mmcblk1p2" ino=8948 scontext=unconfined_u:unconfined_r:semanage_t:s0-s0:c0.c1023 tcontext=unconfined_u:object_r:semanage_store_t:s0 tclass=file permissive=0
Aug 06 17:48:09 tactiq-rock5a audit[740]: AVC avc:  denied  { relabelfrom } for  pid=740 comm="semodule" name="man2html" dev="mmcblk1p2" ino=8945 scontext=unconfined_u:unconfined_r:semanage_t:s0-s0:c0.c1023 tcontext=unconfined_u:object_r:semanage_store_t:s0 tclass=dir permissive=0
Aug 06 17:48:09 tactiq-rock5a audit[740]: AVC avc:  denied  { relabelfrom } for  pid=740 comm="semodule" name="lang_ext" dev="mmcblk1p2" ino=8950 scontext=unconfined_u:unconfined_r:semanage_t:s0-s0:c0.c1023 tcontext=unconfined_u:object_r:semanage_store_t:s0 tclass=file permissive=0
Aug 06 17:48:09 tactiq-rock5a audit[740]: AVC avc:  denied  { relabelfrom } for  pid=740 comm="semodule" name="cil" dev="mmcblk1p2" ino=8951 scontext=unconfined_u:unconfined_r:semanage_t:s0-s0:c0.c1023 tcontext=unconfined_u:object_r:semanage_store_t:s0 tclass=file permissive=0
Aug 06 17:48:09 tactiq-rock5a audit[740]: AVC avc:  denied  { relabelfrom } for  pid=740 comm="semodule" name="hll" dev="mmcblk1p2" ino=8952 scontext=unconfined_u:unconfined_r:semanage_t:s0-s0:c0.c1023 tcontext=unconfined_u:object_r:semanage_store_t:s0 tclass=file permissive=0
Aug 06 17:48:09 tactiq-rock5a audit[740]: AVC avc:  denied  { relabelfrom } for  pid=740 comm="semodule" name="tripwire" dev="mmcblk1p2" ino=8949 scontext=unconfined_u:unconfined_r:semanage_t:s0-s0:c0.c1023 tcontext=unconfined_u:object_r:semanage_store_t:s0 tclass=dir permissive=0
Aug 06 17:48:09 tactiq-rock5a audit[740]: AVC avc:  denied  { relabelfrom } for  pid=740 comm="semodule" name="lang_ext" dev="mmcblk1p2" ino=8954 scontext=unconfined_u:unconfined_r:semanage_t:s0-s0:c0.c1023 tcontext=unconfined_u:object_r:semanage_store_t:s0 tclass=file permissive=0
Aug 06 17:48:09 tactiq-rock5a audit[740]: AVC avc:  denied  { relabelfrom } for  pid=740 comm="semodule" name="cil" dev="mmcblk1p2" ino=8955 scontext=unconfined_u:unconfined_r:semanage_t:s0-s0:c0.c1023 tcontext=unconfined_u:object_r:semanage_store_t:s0 tclass=file permissive=0
Aug 06 17:48:09 tactiq-rock5a audit[740]: AVC avc:  denied  { relabelfrom } for  pid=740 comm="semodule" name="hll" dev="mmcblk1p2" ino=8956 scontext=unconfined_u:unconfined_r:semanage_t:s0-s0:c0.c1023 tcontext=unconfined_u:object_r:semanage_store_t:s0 tclass=file permissive=0
Aug 06 17:48:09 tactiq-rock5a audit[740]: AVC avc:  denied  { relabelfrom } for  pid=740 comm="semodule" name="accountsd" dev="mmcblk1p2" ino=8953 scontext=unconfined_u:unconfined_r:semanage_t:s0-s0:c0.c1023 tcontext=unconfined_u:object_r:semanage_store_t:s0 tclass=dir permissive=0
Aug 06 17:48:09 tactiq-rock5a audit[740]: AVC avc:  denied  { relabelfrom } for  pid=740 comm="semodule" name="lang_ext" dev="mmcblk1p2" ino=8958 scontext=unconfined_u:unconfined_r:semanage_t:s0-s0:c0.c1023 tcontext=unconfined_u:object_r:semanage_store_t:s0 tclass=file permissive=0
Aug 06 17:48:09 tactiq-rock5a audit[740]: AVC avc:  denied  { relabelfrom } for  pid=740 comm="semodule" name="cil" dev="mmcblk1p2" ino=8959 scontext=unconfined_u:unconfined_r:semanage_t:s0-s0:c0.c1023 tcontext=unconfined_u:object_r:semanage_store_t:s0 tclass=file permissive=0
Aug 06 17:48:09 tactiq-rock5a audit[740]: AVC avc:  denied  { relabelfrom } for  pid=740 comm="semodule" name="hll" dev="mmcblk1p2" ino=8960 scontext=unconfined_u:unconfined_r:semanage_t:s0-s0:c0.c1023 tcontext=unconfined_u:object_r:semanage_store_t:s0 tclass=file permissive=0
Aug 06 17:48:09 tactiq-rock5a audit[740]: AVC avc:  denied  { relabelfrom } for  pid=740 comm="semodule" name="usbmuxd" dev="mmcblk1p2" ino=8957 scontext=unconfined_u:unconfined_r:semanage_t:s0-s0:c0.c1023 tcontext=unconfined_u:object_r:semanage_store_t:s0 tclass=dir permissive=0
Aug 06 17:48:09 tactiq-rock5a audit[740]: AVC avc:  denied  { relabelfrom } for  pid=740 comm="semodule" name="lang_ext" dev="mmcblk1p2" ino=8962 scontext=unconfined_u:unconfined_r:semanage_t:s0-s0:c0.c1023 tcontext=unconfined_u:object_r:semanage_store_t:s0 tclass=file permissive=0
Aug 06 17:48:09 tactiq-rock5a audit[740]: AVC avc:  denied  { relabelfrom } for  pid=740 comm="semodule" name="cil" dev="mmcblk1p2" ino=8963 scontext=unconfined_u:unconfined_r:semanage_t:s0-s0:c0.c1023 tcontext=unconfined_u:object_r:semanage_store_t:s0 tclass=file permissive=0
Aug 06 17:48:09 tactiq-rock5a audit[740]: AVC avc:  denied  { relabelfrom } for  pid=740 comm="semodule" name="hll" dev="mmcblk1p2" ino=8964 scontext=unconfined_u:unconfined_r:semanage_t:s0-s0:c0.c1023 tcontext=unconfined_u:object_r:semanage_store_t:s0 tclass=file permissive=0
Aug 06 17:48:09 tactiq-rock5a audit[740]: AVC avc:  denied  { relabelfrom } for  pid=740 comm="semodule" name="razor" dev="mmcblk1p2" ino=8961 scontext=unconfined_u:unconfined_r:semanage_t:s0-s0:c0.c1023 tcontext=unconfined_u:object_r:semanage_store_t:s0 tclass=dir permissive=0
Aug 06 17:48:09 tactiq-rock5a audit[740]: AVC avc:  denied  { relabelfrom } for  pid=740 comm="semodule" name="lang_ext" dev="mmcblk1p2" ino=8966 scontext=unconfined_u:unconfined_r:semanage_t:s0-s0:c0.c1023 tcontext=unconfined_u:object_r:semanage_store_t:s0 tclass=file permissive=0
Aug 06 17:48:09 tactiq-rock5a audit[740]: AVC avc:  denied  { relabelfrom } for  pid=740 comm="semodule" name="cil" dev="mmcblk1p2" ino=8967 scontext=unconfined_u:unconfined_r:semanage_t:s0-s0:c0.c1023 tcontext=unconfined_u:object_r:semanage_store_t:s0 tclass=file permissive=0
Aug 06 17:48:09 tactiq-rock5a audit[740]: AVC avc:  denied  { relabelfrom } for  pid=740 comm="semodule" name="hll" dev="mmcblk1p2" ino=8968 scontext=unconfined_u:unconfined_r:semanage_t:s0-s0:c0.c1023 tcontext=unconfined_u:object_r:semanage_store_t:s0 tclass=file permissive=0
Aug 06 17:48:09 tactiq-rock5a audit[740]: AVC avc:  denied  { relabelfrom } for  pid=740 comm="semodule" name="kismet" dev="mmcblk1p2" ino=8965 scontext=unconfined_u:unconfined_r:semanage_t:s0-s0:c0.c1023 tcontext=unconfined_u:object_r:semanage_store_t:s0 tclass=dir permissive=0
Aug 06 17:48:09 tactiq-rock5a audit[740]: AVC avc:  denied  { relabelfrom } for  pid=740 comm="semodule" name="lang_ext" dev="mmcblk1p2" ino=8970 scontext=unconfined_u:unconfined_r:semanage_t:s0-s0:c0.c1023 tcontext=unconfined_u:object_r:semanage_store_t:s0 tclass=file permissive=0
Aug 06 17:48:09 tactiq-rock5a audit[740]: AVC avc:  denied  { relabelfrom } for  pid=740 comm="semodule" name="cil" dev="mmcblk1p2" ino=8971 scontext=unconfined_u:unconfined_r:semanage_t:s0-s0:c0.c1023 tcontext=unconfined_u:object_r:semanage_store_t:s0 tclass=file permissive=0
Aug 06 17:48:09 tactiq-rock5a audit[740]: AVC avc:  denied  { relabelfrom } for  pid=740 comm="semodule" name="hll" dev="mmcblk1p2" ino=8972 scontext=unconfined_u:unconfined_r:semanage_t:s0-s0:c0.c1023 tcontext=unconfined_u:object_r:semanage_store_t:s0 tclass=file permissive=0
Aug 06 17:48:09 tactiq-rock5a audit[740]: AVC avc:  denied  { relabelfrom } for  pid=740 comm="semodule" name="iscsi" dev="mmcblk1p2" ino=8969 scontext=unconfined_u:unconfined_r:semanage_t:s0-s0:c0.c1023 tcontext=unconfined_u:object_r:semanage_store_t:s0 tclass=dir permissive=0
Aug 06 17:48:09 tactiq-rock5a audit[740]: AVC avc:  denied  { relabelfrom } for  pid=740 comm="semodule" name="lang_ext" dev="mmcblk1p2" ino=8974 scontext=unconfined_u:unconfined_r:semanage_t:s0-s0:c0.c1023 tcontext=unconfined_u:object_r:semanage_store_t:s0 tclass=file permissive=0
Aug 06 17:48:09 tactiq-rock5a audit[740]: AVC avc:  denied  { relabelfrom } for  pid=740 comm="semodule" name="cil" dev="mmcblk1p2" ino=8975 scontext=unconfined_u:unconfined_r:semanage_t:s0-s0:c0.c1023 tcontext=unconfined_u:object_r:semanage_store_t:s0 tclass=file permissive=0
Aug 06 17:48:09 tactiq-rock5a audit[740]: AVC avc:  denied  { relabelfrom } for  pid=740 comm="semodule" name="hll" dev="mmcblk1p2" ino=8976 scontext=unconfined_u:unconfined_r:semanage_t:s0-s0:c0.c1023 tcontext=unconfined_u:object_r:semanage_store_t:s0 tclass=file permissive=0
Aug 06 17:48:09 tactiq-rock5a audit[740]: AVC avc:  denied  { relabelfrom } for  pid=740 comm="semodule" name="git" dev="mmcblk1p2" ino=8973 scontext=unconfined_u:unconfined_r:semanage_t:s0-s0:c0.c1023 tcontext=unconfined_u:object_r:semanage_store_t:s0 tclass=dir permissive=0
Aug 06 17:48:09 tactiq-rock5a audit[740]: AVC avc:  denied  { relabelfrom } for  pid=740 comm="semodule" name="lang_ext" dev="mmcblk1p2" ino=8978 scontext=unconfined_u:unconfined_r:semanage_t:s0-s0:c0.c1023 tcontext=unconfined_u:object_r:semanage_store_t:s0 tclass=file permissive=0
Aug 06 17:48:09 tactiq-rock5a audit[740]: AVC avc:  denied  { relabelfrom } for  pid=740 comm="semodule" name="cil" dev="mmcblk1p2" ino=8979 scontext=unconfined_u:unconfined_r:semanage_t:s0-s0:c0.c1023 tcontext=unconfined_u:object_r:semanage_store_t:s0 tclass=file permissive=0
Aug 06 17:48:09 tactiq-rock5a audit[740]: AVC avc:  denied  { relabelfrom } for  pid=740 comm="semodule" name="hll" dev="mmcblk1p2" ino=8980 scontext=unconfined_u:unconfined_r:semanage_t:s0-s0:c0.c1023 tcontext=unconfined_u:object_r:semanage_store_t:s0 tclass=file permissive=0
Aug 06 17:48:09 tactiq-rock5a audit[740]: AVC avc:  denied  { relabelfrom } for  pid=740 comm="semodule" name="clamav" dev="mmcblk1p2" ino=8977 scontext=unconfined_u:unconfined_r:semanage_t:s0-s0:c0.c1023 tcontext=unconfined_u:object_r:semanage_store_t:s0 tclass=dir permissive=0
Aug 06 17:48:09 tactiq-rock5a audit[740]: AVC avc:  denied  { relabelfrom } for  pid=740 comm="semodule" name="lang_ext" dev="mmcblk1p2" ino=8982 scontext=unconfined_u:unconfined_r:semanage_t:s0-s0:c0.c1023 tcontext=unconfined_u:object_r:semanage_store_t:s0 tclass=file permissive=0
Aug 06 17:48:09 tactiq-rock5a audit[740]: AVC avc:  denied  { relabelfrom } for  pid=740 comm="semodule" name="cil" dev="mmcblk1p2" ino=8983 scontext=unconfined_u:unconfined_r:semanage_t:s0-s0:c0.c1023 tcontext=unconfined_u:object_r:semanage_store_t:s0 tclass=file permissive=0
Aug 06 17:48:09 tactiq-rock5a audit[740]: AVC avc:  denied  { relabelfrom } for  pid=740 comm="semodule" name="hll" dev="mmcblk1p2" ino=8984 scontext=unconfined_u:unconfined_r:semanage_t:s0-s0:c0.c1023 tcontext=unconfined_u:object_r:semanage_store_t:s0 tclass=file permissive=0
Aug 06 17:48:09 tactiq-rock5a audit[740]: AVC avc:  denied  { relabelfrom } for  pid=740 comm="semodule" name="thunderbolt" dev="mmcblk1p2" ino=8981 scontext=unconfined_u:unconfined_r:semanage_t:s0-s0:c0.c1023 tcontext=unconfined_u:object_r:semanage_store_t:s0 tclass=dir permissive=0
Aug 06 17:48:09 tactiq-rock5a audit[740]: AVC avc:  denied  { relabelfrom } for  pid=740 comm="semodule" name="lang_ext" dev="mmcblk1p2" ino=8986 scontext=unconfined_u:unconfined_r:semanage_t:s0-s0:c0.c1023 tcontext=unconfined_u:object_r:semanage_store_t:s0 tclass=file permissive=0
Aug 06 17:48:09 tactiq-rock5a audit[740]: AVC avc:  denied  { relabelfrom } for  pid=740 comm="semodule" name="cil" dev="mmcblk1p2" ino=8987 scontext=unconfined_u:unconfined_r:semanage_t:s0-s0:c0.c1023 tcontext=unconfined_u:object_r:semanage_store_t:s0 tclass=file permissive=0
Aug 06 17:48:09 tactiq-rock5a audit[740]: AVC avc:  denied  { relabelfrom } for  pid=740 comm="semodule" name="hll" dev="mmcblk1p2" ino=8988 scontext=unconfined_u:unconfined_r:semanage_t:s0-s0:c0.c1023 tcontext=unconfined_u:object_r:semanage_store_t:s0 tclass=file permissive=0
Aug 06 17:48:09 tactiq-rock5a audit[740]: AVC avc:  denied  { relabelfrom } for  pid=740 comm="semodule" name="dante" dev="mmcblk1p2" ino=8985 scontext=unconfined_u:unconfined_r:semanage_t:s0-s0:c0.c1023 tcontext=unconfined_u:object_r:semanage_store_t:s0 tclass=dir permissive=0
Aug 06 17:48:09 tactiq-rock5a audit[740]: AVC avc:  denied  { relabelfrom } for  pid=740 comm="semodule" name="lang_ext" dev="mmcblk1p2" ino=8990 scontext=unconfined_u:unconfined_r:semanage_t:s0-s0:c0.c1023 tcontext=unconfined_u:object_r:semanage_store_t:s0 tclass=file permissive=0
Aug 06 17:48:09 tactiq-rock5a audit[740]: AVC avc:  denied  { relabelfrom } for  pid=740 comm="semodule" name="cil" dev="mmcblk1p2" ino=8991 scontext=unconfined_u:unconfined_r:semanage_t:s0-s0:c0.c1023 tcontext=unconfined_u:object_r:semanage_store_t:s0 tclass=file permissive=0
Aug 06 17:48:09 tactiq-rock5a audit[740]: AVC avc:  denied  { relabelfrom } for  pid=740 comm="semodule" name="hll" dev="mmcblk1p2" ino=8992 scontext=unconfined_u:unconfined_r:semanage_t:s0-s0:c0.c1023 tcontext=unconfined_u:object_r:semanage_store_t:s0 tclass=file permissive=0
Aug 06 17:48:09 tactiq-rock5a audit[740]: AVC avc:  denied  { relabelfrom } for  pid=740 comm="semodule" name="dhcp" dev="mmcblk1p2" ino=8989 scontext=unconfined_u:unconfined_r:semanage_t:s0-s0:c0.c1023 tcontext=unconfined_u:object_r:semanage_store_t:s0 tclass=dir permissive=0
Aug 06 17:48:09 tactiq-rock5a audit[740]: AVC avc:  denied  { relabelfrom } for  pid=740 comm="semodule" name="lang_ext" dev="mmcblk1p2" ino=8994 scontext=unconfined_u:unconfined_r:semanage_t:s0-s0:c0.c1023 tcontext=unconfined_u:object_r:semanage_store_t:s0 tclass=file permissive=0
Aug 06 17:48:09 tactiq-rock5a audit[740]: AVC avc:  denied  { relabelfrom } for  pid=740 comm="semodule" name="cil" dev="mmcblk1p2" ino=8995 scontext=unconfined_u:unconfined_r:semanage_t:s0-s0:c0.c1023 tcontext=unconfined_u:object_r:semanage_store_t:s0 tclass=file permissive=0
Aug 06 17:48:09 tactiq-rock5a audit[740]: AVC avc:  denied  { relabelfrom } for  pid=740 comm="semodule" name="hll" dev="mmcblk1p2" ino=8996 scontext=unconfined_u:unconfined_r:semanage_t:s0-s0:c0.c1023 tcontext=unconfined_u:object_r:semanage_store_t:s0 tclass=file permissive=0
Aug 06 17:48:09 tactiq-rock5a audit[740]: AVC avc:  denied  { relabelfrom } for  pid=740 comm="semodule" name="cvs" dev="mmcblk1p2" ino=8993 scontext=unconfined_u:unconfined_r:semanage_t:s0-s0:c0.c1023 tcontext=unconfined_u:object_r:semanage_store_t:s0 tclass=dir permissive=0
Aug 06 17:48:09 tactiq-rock5a audit[740]: AVC avc:  denied  { relabelfrom } for  pid=740 comm="semodule" name="lang_ext" dev="mmcblk1p2" ino=8998 scontext=unconfined_u:unconfined_r:semanage_t:s0-s0:c0.c1023 tcontext=unconfined_u:object_r:semanage_store_t:s0 tclass=file permissive=0
Aug 06 17:48:09 tactiq-rock5a audit[740]: AVC avc:  denied  { relabelfrom } for  pid=740 comm="semodule" name="cil" dev="mmcblk1p2" ino=8999 scontext=unconfined_u:unconfined_r:semanage_t:s0-s0:c0.c1023 tcontext=unconfined_u:object_r:semanage_store_t:s0 tclass=file permissive=0
Aug 06 17:48:09 tactiq-rock5a audit[740]: AVC avc:  denied  { relabelfrom } for  pid=740 comm="semodule" name="hll" dev="mmcblk1p2" ino=9000 scontext=unconfined_u:unconfined_r:semanage_t:s0-s0:c0.c1023 tcontext=unconfined_u:object_r:semanage_store_t:s0 tclass=file permissive=0
Aug 06 17:48:09 tactiq-rock5a audit[740]: AVC avc:  denied  { relabelfrom } for  pid=740 comm="semodule" name="cryfs" dev="mmcblk1p2" ino=8997 scontext=unconfined_u:unconfined_r:semanage_t:s0-s0:c0.c1023 tcontext=unconfined_u:object_r:semanage_store_t:s0 tclass=dir permissive=0
Aug 06 17:48:09 tactiq-rock5a audit[740]: AVC avc:  denied  { relabelfrom } for  pid=740 comm="semodule" name="lang_ext" dev="mmcblk1p2" ino=9002 scontext=unconfined_u:unconfined_r:semanage_t:s0-s0:c0.c1023 tcontext=unconfined_u:object_r:semanage_store_t:s0 tclass=file permissive=0
Aug 06 17:48:09 tactiq-rock5a audit[740]: AVC avc:  denied  { relabelfrom } for  pid=740 comm="semodule" name="cil" dev="mmcblk1p2" ino=9003 scontext=unconfined_u:unconfined_r:semanage_t:s0-s0:c0.c1023 tcontext=unconfined_u:object_r:semanage_store_t:s0 tclass=file permissive=0
Aug 06 17:48:09 tactiq-rock5a audit[740]: AVC avc:  denied  { relabelfrom } for  pid=740 comm="semodule" name="hll" dev="mmcblk1p2" ino=9004 scontext=unconfined_u:unconfined_r:semanage_t:s0-s0:c0.c1023 tcontext=unconfined_u:object_r:semanage_store_t:s0 tclass=file permissive=0
Aug 06 17:48:09 tactiq-rock5a audit[740]: AVC avc:  denied  { relabelfrom } for  pid=740 comm="semodule" name="passenger" dev="mmcblk1p2" ino=9001 scontext=unconfined_u:unconfined_r:semanage_t:s0-s0:c0.c1023 tcontext=unconfined_u:object_r:semanage_store_t:s0 tclass=dir permissive=0
Aug 06 17:48:09 tactiq-rock5a audit[740]: AVC avc:  denied  { relabelfrom } for  pid=740 comm="semodule" name="lang_ext" dev="mmcblk1p2" ino=9006 scontext=unconfined_u:unconfined_r:semanage_t:s0-s0:c0.c1023 tcontext=unconfined_u:object_r:semanage_store_t:s0 tclass=file permissive=0
Aug 06 17:48:09 tactiq-rock5a audit[740]: AVC avc:  denied  { relabelfrom } for  pid=740 comm="semodule" name="cil" dev="mmcblk1p2" ino=9007 scontext=unconfined_u:unconfined_r:semanage_t:s0-s0:c0.c1023 tcontext=unconfined_u:object_r:semanage_store_t:s0 tclass=file permissive=0
Aug 06 17:48:09 tactiq-rock5a audit[740]: AVC avc:  denied  { relabelfrom } for  pid=740 comm="semodule" name="hll" dev="mmcblk1p2" ino=9008 scontext=unconfined_u:unconfined_r:semanage_t:s0-s0:c0.c1023 tcontext=unconfined_u:object_r:semanage_store_t:s0 tclass=file permissive=0
Aug 06 17:48:09 tactiq-rock5a audit[740]: AVC avc:  denied  { relabelfrom } for  pid=740 comm="semodule" name="redis" dev="mmcblk1p2" ino=9005 scontext=unconfined_u:unconfined_r:semanage_t:s0-s0:c0.c1023 tcontext=unconfined_u:object_r:semanage_store_t:s0 tclass=dir permissive=0
Aug 06 17:48:09 tactiq-rock5a audit[740]: AVC avc:  denied  { relabelfrom } for  pid=740 comm="semodule" name="lang_ext" dev="mmcblk1p2" ino=9010 scontext=unconfined_u:unconfined_r:semanage_t:s0-s0:c0.c1023 tcontext=unconfined_u:object_r:semanage_store_t:s0 tclass=file permissive=0
Aug 06 17:48:09 tactiq-rock5a audit[740]: AVC avc:  denied  { relabelfrom } for  pid=740 comm="semodule" name="cil" dev="mmcblk1p2" ino=9011 scontext=unconfined_u:unconfined_r:semanage_t:s0-s0:c0.c1023 tcontext=unconfined_u:object_r:semanage_store_t:s0 tclass=file permissive=0
Aug 06 17:48:09 tactiq-rock5a audit[740]: AVC avc:  denied  { relabelfrom } for  pid=740 comm="semodule" name="hll" dev="mmcblk1p2" ino=9012 scontext=unconfined_u:unconfined_r:semanage_t:s0-s0:c0.c1023 tcontext=unconfined_u:object_r:semanage_store_t:s0 tclass=file permissive=0
Aug 06 17:48:09 tactiq-rock5a audit[740]: AVC avc:  denied  { relabelfrom } for  pid=740 comm="semodule" name="mozilla" dev="mmcblk1p2" ino=9009 scontext=unconfined_u:unconfined_r:semanage_t:s0-s0:c0.c1023 tcontext=unconfined_u:object_r:semanage_store_t:s0 tclass=dir permissive=0
Aug 06 17:48:09 tactiq-rock5a audit[740]: AVC avc:  denied  { relabelfrom } for  pid=740 comm="semodule" name="lang_ext" dev="mmcblk1p2" ino=9014 scontext=unconfined_u:unconfined_r:semanage_t:s0-s0:c0.c1023 tcontext=unconfined_u:object_r:semanage_store_t:s0 tclass=file permissive=0
Aug 06 17:48:09 tactiq-rock5a audit[740]: AVC avc:  denied  { relabelfrom } for  pid=740 comm="semodule" name="cil" dev="mmcblk1p2" ino=9015 scontext=unconfined_u:unconfined_r:semanage_t:s0-s0:c0.c1023 tcontext=unconfined_u:object_r:semanage_store_t:s0 tclass=file permissive=0
Aug 06 17:48:09 tactiq-rock5a audit[740]: AVC avc:  denied  { relabelfrom } for  pid=740 comm="semodule" name="hll" dev="mmcblk1p2" ino=9016 scontext=unconfined_u:unconfined_r:semanage_t:s0-s0:c0.c1023 tcontext=unconfined_u:object_r:semanage_store_t:s0 tclass=file permissive=0
Aug 06 17:48:09 tactiq-rock5a audit[740]: AVC avc:  denied  { relabelfrom } for  pid=740 comm="semodule" name="brctl" dev="mmcblk1p2" ino=9013 scontext=unconfined_u:unconfined_r:semanage_t:s0-s0:c0.c1023 tcontext=unconfined_u:object_r:semanage_store_t:s0 tclass=dir permissive=0
Aug 06 17:48:09 tactiq-rock5a audit[740]: AVC avc:  denied  { relabelfrom } for  pid=740 comm="semodule" name="lang_ext" dev="mmcblk1p2" ino=9018 scontext=unconfined_u:unconfined_r:semanage_t:s0-s0:c0.c1023 tcontext=unconfined_u:object_r:semanage_store_t:s0 tclass=file permissive=0
Aug 06 17:48:09 tactiq-rock5a audit[740]: AVC avc:  denied  { relabelfrom } for  pid=740 comm="semodule" name="cil" dev="mmcblk1p2" ino=9019 scontext=unconfined_u:unconfined_r:semanage_t:s0-s0:c0.c1023 tcontext=unconfined_u:object_r:semanage_store_t:s0 tclass=file permissive=0
Aug 06 17:48:09 tactiq-rock5a audit[740]: AVC avc:  denied  { relabelfrom } for  pid=740 comm="semodule" name="hll" dev="mmcblk1p2" ino=9020 scontext=unconfined_u:unconfined_r:semanage_t:s0-s0:c0.c1023 tcontext=unconfined_u:object_r:semanage_store_t:s0 tclass=file permissive=0
Aug 06 17:48:09 tactiq-rock5a audit[740]: AVC avc:  denied  { relabelfrom } for  pid=740 comm="semodule" name="exim" dev="mmcblk1p2" ino=9017 scontext=unconfined_u:unconfined_r:semanage_t:s0-s0:c0.c1023 tcontext=unconfined_u:object_r:semanage_store_t:s0 tclass=dir permissive=0
Aug 06 17:48:09 tactiq-rock5a audit[740]: AVC avc:  denied  { relabelfrom } for  pid=740 comm="semodule" name="lang_ext" dev="mmcblk1p2" ino=9022 scontext=unconfined_u:unconfined_r:semanage_t:s0-s0:c0.c1023 tcontext=unconfined_u:object_r:semanage_store_t:s0 tclass=file permissive=0
Aug 06 17:48:09 tactiq-rock5a audit[740]: AVC avc:  denied  { relabelfrom } for  pid=740 comm="semodule" name="cil" dev="mmcblk1p2" ino=9023 scontext=unconfined_u:unconfined_r:semanage_t:s0-s0:c0.c1023 tcontext=unconfined_u:object_r:semanage_store_t:s0 tclass=file permissive=0
Aug 06 17:48:09 tactiq-rock5a audit[740]: AVC avc:  denied  { relabelfrom } for  pid=740 comm="semodule" name="hll" dev="mmcblk1p2" ino=9024 scontext=unconfined_u:unconfined_r:semanage_t:s0-s0:c0.c1023 tcontext=unconfined_u:object_r:semanage_store_t:s0 tclass=file permissive=0
Aug 06 17:48:09 tactiq-rock5a audit[740]: AVC avc:  denied  { relabelfrom } for  pid=740 comm="semodule" name="likewise" dev="mmcblk1p2" ino=9021 scontext=unconfined_u:unconfined_r:semanage_t:s0-s0:c0.c1023 tcontext=unconfined_u:object_r:semanage_store_t:s0 tclass=dir permissive=0
Aug 06 17:48:09 tactiq-rock5a audit[740]: AVC avc:  denied  { relabelfrom } for  pid=740 comm="semodule" name="lang_ext" dev="mmcblk1p2" ino=9026 scontext=unconfined_u:unconfined_r:semanage_t:s0-s0:c0.c1023 tcontext=unconfined_u:object_r:semanage_store_t:s0 tclass=file permissive=0
Aug 06 17:48:09 tactiq-rock5a audit[740]: AVC avc:  denied  { relabelfrom } for  pid=740 comm="semodule" name="cil" dev="mmcblk1p2" ino=9027 scontext=unconfined_u:unconfined_r:semanage_t:s0-s0:c0.c1023 tcontext=unconfined_u:object_r:semanage_store_t:s0 tclass=file permissive=0
Aug 06 17:48:09 tactiq-rock5a audit[740]: AVC avc:  denied  { relabelfrom } for  pid=740 comm="semodule" name="hll" dev="mmcblk1p2" ino=9028 scontext=unconfined_u:unconfined_r:semanage_t:s0-s0:c0.c1023 tcontext=unconfined_u:object_r:semanage_store_t:s0 tclass=file permissive=0
Aug 06 17:48:09 tactiq-rock5a audit[740]: AVC avc:  denied  { relabelfrom } for  pid=740 comm="semodule" name="dmesg" dev="mmcblk1p2" ino=9025 scontext=unconfined_u:unconfined_r:semanage_t:s0-s0:c0.c1023 tcontext=unconfined_u:object_r:semanage_store_t:s0 tclass=dir permissive=0
Aug 06 17:48:09 tactiq-rock5a audit[740]: AVC avc:  denied  { relabelfrom } for  pid=740 comm="semodule" name="lang_ext" dev="mmcblk1p2" ino=9030 scontext=unconfined_u:unconfined_r:semanage_t:s0-s0:c0.c1023 tcontext=unconfined_u:object_r:semanage_store_t:s0 tclass=file permissive=0
Aug 06 17:48:09 tactiq-rock5a audit[740]: AVC avc:  denied  { relabelfrom } for  pid=740 comm="semodule" name="cil" dev="mmcblk1p2" ino=9031 scontext=unconfined_u:unconfined_r:semanage_t:s0-s0:c0.c1023 tcontext=unconfined_u:object_r:semanage_store_t:s0 tclass=file permissive=0
Aug 06 17:48:09 tactiq-rock5a audit[740]: AVC avc:  denied  { relabelfrom } for  pid=740 comm="semodule" name="hll" dev="mmcblk1p2" ino=9032 scontext=unconfined_u:unconfined_r:semanage_t:s0-s0:c0.c1023 tcontext=unconfined_u:object_r:semanage_store_t:s0 tclass=file permissive=0
Aug 06 17:48:09 tactiq-rock5a audit[740]: AVC avc:  denied  { relabelfrom } for  pid=740 comm="semodule" name="rtkit" dev="mmcblk1p2" ino=9029 scontext=unconfined_u:unconfined_r:semanage_t:s0-s0:c0.c1023 tcontext=unconfined_u:object_r:semanage_store_t:s0 tclass=dir permissive=0
Aug 06 17:48:09 tactiq-rock5a audit[740]: AVC avc:  denied  { relabelfrom } for  pid=740 comm="semodule" name="lang_ext" dev="mmcblk1p2" ino=9034 scontext=unconfined_u:unconfined_r:semanage_t:s0-s0:c0.c1023 tcontext=unconfined_u:object_r:semanage_store_t:s0 tclass=file permissive=0
Aug 06 17:48:09 tactiq-rock5a audit[740]: AVC avc:  denied  { relabelfrom } for  pid=740 comm="semodule" name="cil" dev="mmcblk1p2" ino=9035 scontext=unconfined_u:unconfined_r:semanage_t:s0-s0:c0.c1023 tcontext=unconfined_u:object_r:semanage_store_t:s0 tclass=file permissive=0
Aug 06 17:48:09 tactiq-rock5a audit[740]: AVC avc:  denied  { relabelfrom } for  pid=740 comm="semodule" name="hll" dev="mmcblk1p2" ino=9036 scontext=unconfined_u:unconfined_r:semanage_t:s0-s0:c0.c1023 tcontext=unconfined_u:object_r:semanage_store_t:s0 tclass=file permissive=0
Aug 06 17:48:09 tactiq-rock5a audit[740]: AVC avc:  denied  { relabelfrom } for  pid=740 comm="semodule" name="hadoop" dev="mmcblk1p2" ino=9033 scontext=unconfined_u:unconfined_r:semanage_t:s0-s0:c0.c1023 tcontext=unconfined_u:object_r:semanage_store_t:s0 tclass=dir permissive=0
Aug 06 17:48:09 tactiq-rock5a audit[740]: AVC avc:  denied  { relabelfrom } for  pid=740 comm="semodule" name="lang_ext" dev="mmcblk1p2" ino=9038 scontext=unconfined_u:unconfined_r:semanage_t:s0-s0:c0.c1023 tcontext=unconfined_u:object_r:semanage_store_t:s0 tclass=file permissive=0
Aug 06 17:48:09 tactiq-rock5a audit[740]: AVC avc:  denied  { relabelfrom } for  pid=740 comm="semodule" name="cil" dev="mmcblk1p2" ino=9039 scontext=unconfined_u:unconfined_r:semanage_t:s0-s0:c0.c1023 tcontext=unconfined_u:object_r:semanage_store_t:s0 tclass=file permissive=0
Aug 06 17:48:09 tactiq-rock5a audit[740]: AVC avc:  denied  { relabelfrom } for  pid=740 comm="semodule" name="hll" dev="mmcblk1p2" ino=9040 scontext=unconfined_u:unconfined_r:semanage_t:s0-s0:c0.c1023 tcontext=unconfined_u:object_r:semanage_store_t:s0 tclass=file permissive=0
Aug 06 17:48:09 tactiq-rock5a audit[740]: AVC avc:  denied  { relabelfrom } for  pid=740 comm="semodule" name="staff" dev="mmcblk1p2" ino=9037 scontext=unconfined_u:unconfined_r:semanage_t:s0-s0:c0.c1023 tcontext=unconfined_u:object_r:semanage_store_t:s0 tclass=dir permissive=0
Aug 06 17:48:09 tactiq-rock5a audit[740]: AVC avc:  denied  { relabelfrom } for  pid=740 comm="semodule" name="lang_ext" dev="mmcblk1p2" ino=9042 scontext=unconfined_u:unconfined_r:semanage_t:s0-s0:c0.c1023 tcontext=unconfined_u:object_r:semanage_store_t:s0 tclass=file permissive=0
Aug 06 17:48:09 tactiq-rock5a audit[740]: AVC avc:  denied  { relabelfrom } for  pid=740 comm="semodule" name="cil" dev="mmcblk1p2" ino=9043 scontext=unconfined_u:unconfined_r:semanage_t:s0-s0:c0.c1023 tcontext=unconfined_u:object_r:semanage_store_t:s0 tclass=file permissive=0
Aug 06 17:48:09 tactiq-rock5a audit[740]: AVC avc:  denied  { relabelfrom } for  pid=740 comm="semodule" name="hll" dev="mmcblk1p2" ino=9044 scontext=unconfined_u:unconfined_r:semanage_t:s0-s0:c0.c1023 tcontext=unconfined_u:object_r:semanage_store_t:s0 tclass=file permissive=0
Aug 06 17:48:09 tactiq-rock5a audit[740]: AVC avc:  denied  { relabelfrom } for  pid=740 comm="semodule" name="fcoe" dev="mmcblk1p2" ino=9041 scontext=unconfined_u:unconfined_r:semanage_t:s0-s0:c0.c1023 tcontext=unconfined_u:object_r:semanage_store_t:s0 tclass=dir permissive=0
Aug 06 17:48:09 tactiq-rock5a audit[740]: AVC avc:  denied  { relabelfrom } for  pid=740 comm="semodule" name="lang_ext" dev="mmcblk1p2" ino=9046 scontext=unconfined_u:unconfined_r:semanage_t:s0-s0:c0.c1023 tcontext=unconfined_u:object_r:semanage_store_t:s0 tclass=file permissive=0
Aug 06 17:48:09 tactiq-rock5a audit[740]: AVC avc:  denied  { relabelfrom } for  pid=740 comm="semodule" name="cil" dev="mmcblk1p2" ino=9047 scontext=unconfined_u:unconfined_r:semanage_t:s0-s0:c0.c1023 tcontext=unconfined_u:object_r:semanage_store_t:s0 tclass=file permissive=0
Aug 06 17:48:09 tactiq-rock5a audit[740]: AVC avc:  denied  { relabelfrom } for  pid=740 comm="semodule" name="hll" dev="mmcblk1p2" ino=9048 scontext=unconfined_u:unconfined_r:semanage_t:s0-s0:c0.c1023 tcontext=unconfined_u:object_r:semanage_store_t:s0 tclass=file permissive=0
Aug 06 17:48:09 tactiq-rock5a audit[740]: AVC avc:  denied  { relabelfrom } for  pid=740 comm="semodule" name="screen" dev="mmcblk1p2" ino=9045 scontext=unconfined_u:unconfined_r:semanage_t:s0-s0:c0.c1023 tcontext=unconfined_u:object_r:semanage_store_t:s0 tclass=dir permissive=0
Aug 06 17:48:09 tactiq-rock5a audit[740]: AVC avc:  denied  { relabelfrom } for  pid=740 comm="semodule" name="lang_ext" dev="mmcblk1p2" ino=9050 scontext=unconfined_u:unconfined_r:semanage_t:s0-s0:c0.c1023 tcontext=unconfined_u:object_r:semanage_store_t:s0 tclass=file permissive=0
Aug 06 17:48:09 tactiq-rock5a audit[740]: AVC avc:  denied  { relabelfrom } for  pid=740 comm="semodule" name="cil" dev="mmcblk1p2" ino=9051 scontext=unconfined_u:unconfined_r:semanage_t:s0-s0:c0.c1023 tcontext=unconfined_u:object_r:semanage_store_t:s0 tclass=file permissive=0
Aug 06 17:48:09 tactiq-rock5a audit[740]: AVC avc:  denied  { relabelfrom } for  pid=740 comm="semodule" name="hll" dev="mmcblk1p2" ino=9052 scontext=unconfined_u:unconfined_r:semanage_t:s0-s0:c0.c1023 tcontext=unconfined_u:object_r:semanage_store_t:s0 tclass=file permissive=0
Aug 06 17:48:09 tactiq-rock5a audit[740]: AVC avc:  denied  { relabelfrom } for  pid=740 comm="semodule" name="tuned" dev="mmcblk1p2" ino=9049 scontext=unconfined_u:unconfined_r:semanage_t:s0-s0:c0.c1023 tcontext=unconfined_u:object_r:semanage_store_t:s0 tclass=dir permissive=0
Aug 06 17:48:09 tactiq-rock5a audit[740]: AVC avc:  denied  { relabelfrom } for  pid=740 comm="semodule" name="lang_ext" dev="mmcblk1p2" ino=9054 scontext=unconfined_u:unconfined_r:semanage_t:s0-s0:c0.c1023 tcontext=unconfined_u:object_r:semanage_store_t:s0 tclass=file permissive=0
Aug 06 17:48:09 tactiq-rock5a audit[740]: AVC avc:  denied  { relabelfrom } for  pid=740 comm="semodule" name="cil" dev="mmcblk1p2" ino=9055 scontext=unconfined_u:unconfined_r:semanage_t:s0-s0:c0.c1023 tcontext=unconfined_u:object_r:semanage_store_t:s0 tclass=file permissive=0
Aug 06 17:48:09 tactiq-rock5a audit[740]: AVC avc:  denied  { relabelfrom } for  pid=740 comm="semodule" name="hll" dev="mmcblk1p2" ino=9056 scontext=unconfined_u:unconfined_r:semanage_t:s0-s0:c0.c1023 tcontext=unconfined_u:object_r:semanage_store_t:s0 tclass=file permissive=0
Aug 06 17:48:09 tactiq-rock5a audit[740]: AVC avc:  denied  { relabelfrom } for  pid=740 comm="semodule" name="pcscd" dev="mmcblk1p2" ino=9053 scontext=unconfined_u:unconfined_r:semanage_t:s0-s0:c0.c1023 tcontext=unconfined_u:object_r:semanage_store_t:s0 tclass=dir permissive=0
Aug 06 17:48:09 tactiq-rock5a audit[740]: AVC avc:  denied  { relabelfrom } for  pid=740 comm="semodule" name="lang_ext" dev="mmcblk1p2" ino=9058 scontext=unconfined_u:unconfined_r:semanage_t:s0-s0:c0.c1023 tcontext=unconfined_u:object_r:semanage_store_t:s0 tclass=file permissive=0
Aug 06 17:48:09 tactiq-rock5a audit[740]: AVC avc:  denied  { relabelfrom } for  pid=740 comm="semodule" name="cil" dev="mmcblk1p2" ino=9059 scontext=unconfined_u:unconfined_r:semanage_t:s0-s0:c0.c1023 tcontext=unconfined_u:object_r:semanage_store_t:s0 tclass=file permissive=0
Aug 06 17:48:09 tactiq-rock5a audit[740]: AVC avc:  denied  { relabelfrom } for  pid=740 comm="semodule" name="hll" dev="mmcblk1p2" ino=9060 scontext=unconfined_u:unconfined_r:semanage_t:s0-s0:c0.c1023 tcontext=unconfined_u:object_r:semanage_store_t:s0 tclass=file permissive=0
Aug 06 17:48:09 tactiq-rock5a audit[740]: AVC avc:  denied  { relabelfrom } for  pid=740 comm="semodule" name="sasl" dev="mmcblk1p2" ino=9057 scontext=unconfined_u:unconfined_r:semanage_t:s0-s0:c0.c1023 tcontext=unconfined_u:object_r:semanage_store_t:s0 tclass=dir permissive=0
Aug 06 17:48:09 tactiq-rock5a audit[740]: AVC avc:  denied  { relabelfrom } for  pid=740 comm="semodule" name="lang_ext" dev="mmcblk1p2" ino=9062 scontext=unconfined_u:unconfined_r:semanage_t:s0-s0:c0.c1023 tcontext=unconfined_u:object_r:semanage_store_t:s0 tclass=file permissive=0
Aug 06 17:48:09 tactiq-rock5a audit[740]: AVC avc:  denied  { relabelfrom } for  pid=740 comm="semodule" name="cil" dev="mmcblk1p2" ino=9063 scontext=unconfined_u:unconfined_r:semanage_t:s0-s0:c0.c1023 tcontext=unconfined_u:object_r:semanage_store_t:s0 tclass=file permissive=0
Aug 06 17:48:09 tactiq-rock5a audit[740]: AVC avc:  denied  { relabelfrom } for  pid=740 comm="semodule" name="hll" dev="mmcblk1p2" ino=9064 scontext=unconfined_u:unconfined_r:semanage_t:s0-s0:c0.c1023 tcontext=unconfined_u:object_r:semanage_store_t:s0 tclass=file permissive=0
Aug 06 17:48:09 tactiq-rock5a audit[740]: AVC avc:  denied  { relabelfrom } for  pid=740 comm="semodule" name="obex" dev="mmcblk1p2" ino=9061 scontext=unconfined_u:unconfined_r:semanage_t:s0-s0:c0.c1023 tcontext=unconfined_u:object_r:semanage_store_t:s0 tclass=dir permissive=0
Aug 06 17:48:09 tactiq-rock5a audit[740]: AVC avc:  denied  { relabelfrom } for  pid=740 comm="semodule" name="lang_ext" dev="mmcblk1p2" ino=9066 scontext=unconfined_u:unconfined_r:semanage_t:s0-s0:c0.c1023 tcontext=unconfined_u:object_r:semanage_store_t:s0 tclass=file permissive=0
Aug 06 17:48:09 tactiq-rock5a audit[740]: AVC avc:  denied  { relabelfrom } for  pid=740 comm="semodule" name="cil" dev="mmcblk1p2" ino=9067 scontext=unconfined_u:unconfined_r:semanage_t:s0-s0:c0.c1023 tcontext=unconfined_u:object_r:semanage_store_t:s0 tclass=file permissive=0
Aug 06 17:48:09 tactiq-rock5a audit[740]: AVC avc:  denied  { relabelfrom } for  pid=740 comm="semodule" name="hll" dev="mmcblk1p2" ino=9068 scontext=unconfined_u:unconfined_r:semanage_t:s0-s0:c0.c1023 tcontext=unconfined_u:object_r:semanage_store_t:s0 tclass=file permissive=0
Aug 06 17:48:09 tactiq-rock5a audit[740]: AVC avc:  denied  { relabelfrom } for  pid=740 comm="semodule" name="spamassassin" dev="mmcblk1p2" ino=9065 scontext=unconfined_u:unconfined_r:semanage_t:s0-s0:c0.c1023 tcontext=unconfined_u:object_r:semanage_store_t:s0 tclass=dir permissive=0
Aug 06 17:48:09 tactiq-rock5a audit[740]: AVC avc:  denied  { relabelfrom } for  pid=740 comm="semodule" name="lang_ext" dev="mmcblk1p2" ino=9070 scontext=unconfined_u:unconfined_r:semanage_t:s0-s0:c0.c1023 tcontext=unconfined_u:object_r:semanage_store_t:s0 tclass=file permissive=0
Aug 06 17:48:09 tactiq-rock5a audit[740]: AVC avc:  denied  { relabelfrom } for  pid=740 comm="semodule" name="cil" dev="mmcblk1p2" ino=9071 scontext=unconfined_u:unconfined_r:semanage_t:s0-s0:c0.c1023 tcontext=unconfined_u:object_r:semanage_store_t:s0 tclass=file permissive=0
Aug 06 17:48:09 tactiq-rock5a audit[740]: AVC avc:  denied  { relabelfrom } for  pid=740 comm="semodule" name="hll" dev="mmcblk1p2" ino=9072 scontext=unconfined_u:unconfined_r:semanage_t:s0-s0:c0.c1023 tcontext=unconfined_u:object_r:semanage_store_t:s0 tclass=file permissive=0
Aug 06 17:48:09 tactiq-rock5a audit[740]: AVC avc:  denied  { relabelfrom } for  pid=740 comm="semodule" name="evolution" dev="mmcblk1p2" ino=9069 scontext=unconfined_u:unconfined_r:semanage_t:s0-s0:c0.c1023 tcontext=unconfined_u:object_r:semanage_store_t:s0 tclass=dir permissive=0
Aug 06 17:48:09 tactiq-rock5a audit[740]: AVC avc:  denied  { relabelfrom } for  pid=740 comm="semodule" name="lang_ext" dev="mmcblk1p2" ino=9074 scontext=unconfined_u:unconfined_r:semanage_t:s0-s0:c0.c1023 tcontext=unconfined_u:object_r:semanage_store_t:s0 tclass=file permissive=0
Aug 06 17:48:09 tactiq-rock5a audit[740]: AVC avc:  denied  { relabelfrom } for  pid=740 comm="semodule" name="cil" dev="mmcblk1p2" ino=9075 scontext=unconfined_u:unconfined_r:semanage_t:s0-s0:c0.c1023 tcontext=unconfined_u:object_r:semanage_store_t:s0 tclass=file permissive=0
Aug 06 17:48:09 tactiq-rock5a audit[740]: AVC avc:  denied  { relabelfrom } for  pid=740 comm="semodule" name="hll" dev="mmcblk1p2" ino=9076 scontext=unconfined_u:unconfined_r:semanage_t:s0-s0:c0.c1023 tcontext=unconfined_u:object_r:semanage_store_t:s0 tclass=file permissive=0
Aug 06 17:48:09 tactiq-rock5a audit[740]: AVC avc:  denied  { relabelfrom } for  pid=740 comm="semodule" name="pd_mapper" dev="mmcblk1p2" ino=9073 scontext=unconfined_u:unconfined_r:semanage_t:s0-s0:c0.c1023 tcontext=unconfined_u:object_r:semanage_store_t:s0 tclass=dir permissive=0
Aug 06 17:48:09 tactiq-rock5a audit[740]: AVC avc:  denied  { relabelfrom } for  pid=740 comm="semodule" name="lang_ext" dev="mmcblk1p2" ino=9078 scontext=unconfined_u:unconfined_r:semanage_t:s0-s0:c0.c1023 tcontext=unconfined_u:object_r:semanage_store_t:s0 tclass=file permissive=0
Aug 06 17:48:09 tactiq-rock5a audit[740]: AVC avc:  denied  { relabelfrom } for  pid=740 comm="semodule" name="cil" dev="mmcblk1p2" ino=9079 scontext=unconfined_u:unconfined_r:semanage_t:s0-s0:c0.c1023 tcontext=unconfined_u:object_r:semanage_store_t:s0 tclass=file permissive=0
Aug 06 17:48:09 tactiq-rock5a audit[740]: AVC avc:  denied  { relabelfrom } for  pid=740 comm="semodule" name="hll" dev="mmcblk1p2" ino=9080 scontext=unconfined_u:unconfined_r:semanage_t:s0-s0:c0.c1023 tcontext=unconfined_u:object_r:semanage_store_t:s0 tclass=file permissive=0
Aug 06 17:48:09 tactiq-rock5a audit[740]: AVC avc:  denied  { relabelfrom } for  pid=740 comm="semodule" name="gssproxy" dev="mmcblk1p2" ino=9077 scontext=unconfined_u:unconfined_r:semanage_t:s0-s0:c0.c1023 tcontext=unconfined_u:object_r:semanage_store_t:s0 tclass=dir permissive=0
Aug 06 17:48:09 tactiq-rock5a audit[740]: AVC avc:  denied  { relabelfrom } for  pid=740 comm="semodule" name="lang_ext" dev="mmcblk1p2" ino=9082 scontext=unconfined_u:unconfined_r:semanage_t:s0-s0:c0.c1023 tcontext=unconfined_u:object_r:semanage_store_t:s0 tclass=file permissive=0
Aug 06 17:48:09 tactiq-rock5a audit[740]: AVC avc:  denied  { relabelfrom } for  pid=740 comm="semodule" name="cil" dev="mmcblk1p2" ino=9083 scontext=unconfined_u:unconfined_r:semanage_t:s0-s0:c0.c1023 tcontext=unconfined_u:object_r:semanage_store_t:s0 tclass=file permissive=0
Aug 06 17:48:09 tactiq-rock5a audit[740]: AVC avc:  denied  { relabelfrom } for  pid=740 comm="semodule" name="hll" dev="mmcblk1p2" ino=9084 scontext=unconfined_u:unconfined_r:semanage_t:s0-s0:c0.c1023 tcontext=unconfined_u:object_r:semanage_store_t:s0 tclass=file permissive=0
Aug 06 17:48:09 tactiq-rock5a audit[740]: AVC avc:  denied  { relabelfrom } for  pid=740 comm="semodule" name="awstats" dev="mmcblk1p2" ino=9081 scontext=unconfined_u:unconfined_r:semanage_t:s0-s0:c0.c1023 tcontext=unconfined_u:object_r:semanage_store_t:s0 tclass=dir permissive=0
Aug 06 17:48:09 tactiq-rock5a audit[740]: AVC avc:  denied  { relabelfrom } for  pid=740 comm="semodule" name="lang_ext" dev="mmcblk1p2" ino=9086 scontext=unconfined_u:unconfined_r:semanage_t:s0-s0:c0.c1023 tcontext=unconfined_u:object_r:semanage_store_t:s0 tclass=file permissive=0
Aug 06 17:48:09 tactiq-rock5a audit[740]: AVC avc:  denied  { relabelfrom } for  pid=740 comm="semodule" name="cil" dev="mmcblk1p2" ino=9087 scontext=unconfined_u:unconfined_r:semanage_t:s0-s0:c0.c1023 tcontext=unconfined_u:object_r:semanage_store_t:s0 tclass=file permissive=0
Aug 06 17:48:09 tactiq-rock5a audit[740]: AVC avc:  denied  { relabelfrom } for  pid=740 comm="semodule" name="hll" dev="mmcblk1p2" ino=9088 scontext=unconfined_u:unconfined_r:semanage_t:s0-s0:c0.c1023 tcontext=unconfined_u:object_r:semanage_store_t:s0 tclass=file permissive=0
Aug 06 17:48:09 tactiq-rock5a audit[740]: AVC avc:  denied  { relabelfrom } for  pid=740 comm="semodule" name="zabbix" dev="mmcblk1p2" ino=9085 scontext=unconfined_u:unconfined_r:semanage_t:s0-s0:c0.c1023 tcontext=unconfined_u:object_r:semanage_store_t:s0 tclass=dir permissive=0
Aug 06 17:48:09 tactiq-rock5a audit[740]: AVC avc:  denied  { relabelfrom } for  pid=740 comm="semodule" name="lang_ext" dev="mmcblk1p2" ino=9090 scontext=unconfined_u:unconfined_r:semanage_t:s0-s0:c0.c1023 tcontext=unconfined_u:object_r:semanage_store_t:s0 tclass=file permissive=0
Aug 06 17:48:09 tactiq-rock5a audit[740]: AVC avc:  denied  { relabelfrom } for  pid=740 comm="semodule" name="cil" dev="mmcblk1p2" ino=9091 scontext=unconfined_u:unconfined_r:semanage_t:s0-s0:c0.c1023 tcontext=unconfined_u:object_r:semanage_store_t:s0 tclass=file permissive=0
Aug 06 17:48:09 tactiq-rock5a audit[740]: AVC avc:  denied  { relabelfrom } for  pid=740 comm="semodule" name="hll" dev="mmcblk1p2" ino=9092 scontext=unconfined_u:unconfined_r:semanage_t:s0-s0:c0.c1023 tcontext=unconfined_u:object_r:semanage_store_t:s0 tclass=file permissive=0
Aug 06 17:48:09 tactiq-rock5a audit[740]: AVC avc:  denied  { relabelfrom } for  pid=740 comm="semodule" name="tor" dev="mmcblk1p2" ino=9089 scontext=unconfined_u:unconfined_r:semanage_t:s0-s0:c0.c1023 tcontext=unconfined_u:object_r:semanage_store_t:s0 tclass=dir permissive=0
Aug 06 17:48:09 tactiq-rock5a audit[740]: AVC avc:  denied  { relabelfrom } for  pid=740 comm="semodule" name="lang_ext" dev="mmcblk1p2" ino=9094 scontext=unconfined_u:unconfined_r:semanage_t:s0-s0:c0.c1023 tcontext=unconfined_u:object_r:semanage_store_t:s0 tclass=file permissive=0
Aug 06 17:48:09 tactiq-rock5a audit[740]: AVC avc:  denied  { relabelfrom } for  pid=740 comm="semodule" name="cil" dev="mmcblk1p2" ino=9095 scontext=unconfined_u:unconfined_r:semanage_t:s0-s0:c0.c1023 tcontext=unconfined_u:object_r:semanage_store_t:s0 tclass=file permissive=0
Aug 06 17:48:09 tactiq-rock5a audit[740]: AVC avc:  denied  { relabelfrom } for  pid=740 comm="semodule" name="hll" dev="mmcblk1p2" ino=9096 scontext=unconfined_u:unconfined_r:semanage_t:s0-s0:c0.c1023 tcontext=unconfined_u:object_r:semanage_store_t:s0 tclass=file permissive=0
Aug 06 17:48:09 tactiq-rock5a audit[740]: AVC avc:  denied  { relabelfrom } for  pid=740 comm="semodule" name="logging" dev="mmcblk1p2" ino=9093 scontext=unconfined_u:unconfined_r:semanage_t:s0-s0:c0.c1023 tcontext=unconfined_u:object_r:semanage_store_t:s0 tclass=dir permissive=0
Aug 06 17:48:09 tactiq-rock5a audit[740]: AVC avc:  denied  { relabelfrom } for  pid=740 comm="semodule" name="lang_ext" dev="mmcblk1p2" ino=9098 scontext=unconfined_u:unconfined_r:semanage_t:s0-s0:c0.c1023 tcontext=unconfined_u:object_r:semanage_store_t:s0 tclass=file permissive=0
Aug 06 17:48:09 tactiq-rock5a audit[740]: AVC avc:  denied  { relabelfrom } for  pid=740 comm="semodule" name="cil" dev="mmcblk1p2" ino=9099 scontext=unconfined_u:unconfined_r:semanage_t:s0-s0:c0.c1023 tcontext=unconfined_u:object_r:semanage_store_t:s0 tclass=file permissive=0
Aug 06 17:48:09 tactiq-rock5a audit[740]: AVC avc:  denied  { relabelfrom } for  pid=740 comm="semodule" name="hll" dev="mmcblk1p2" ino=9100 scontext=unconfined_u:unconfined_r:semanage_t:s0-s0:c0.c1023 tcontext=unconfined_u:object_r:semanage_store_t:s0 tclass=file permissive=0
Aug 06 17:48:09 tactiq-rock5a audit[740]: AVC avc:  denied  { relabelfrom } for  pid=740 comm="semodule" name="mpd" dev="mmcblk1p2" ino=9097 scontext=unconfined_u:unconfined_r:semanage_t:s0-s0:c0.c1023 tcontext=unconfined_u:object_r:semanage_store_t:s0 tclass=dir permissive=0
Aug 06 17:48:09 tactiq-rock5a audit[740]: AVC avc:  denied  { relabelfrom } for  pid=740 comm="semodule" name="lang_ext" dev="mmcblk1p2" ino=9102 scontext=unconfined_u:unconfined_r:semanage_t:s0-s0:c0.c1023 tcontext=unconfined_u:object_r:semanage_store_t:s0 tclass=file permissive=0
Aug 06 17:48:09 tactiq-rock5a audit[740]: AVC avc:  denied  { relabelfrom } for  pid=740 comm="semodule" name="cil" dev="mmcblk1p2" ino=9103 scontext=unconfined_u:unconfined_r:semanage_t:s0-s0:c0.c1023 tcontext=unconfined_u:object_r:semanage_store_t:s0 tclass=file permissive=0
Aug 06 17:48:09 tactiq-rock5a audit[740]: AVC avc:  denied  { relabelfrom } for  pid=740 comm="semodule" name="hll" dev="mmcblk1p2" ino=9104 scontext=unconfined_u:unconfined_r:semanage_t:s0-s0:c0.c1023 tcontext=unconfined_u:object_r:semanage_store_t:s0 tclass=file permissive=0
Aug 06 17:48:09 tactiq-rock5a audit[740]: AVC avc:  denied  { relabelfrom } for  pid=740 comm="semodule" name="quantum" dev="mmcblk1p2" ino=9101 scontext=unconfined_u:unconfined_r:semanage_t:s0-s0:c0.c1023 tcontext=unconfined_u:object_r:semanage_store_t:s0 tclass=dir permissive=0
Aug 06 17:48:09 tactiq-rock5a audit[740]: AVC avc:  denied  { relabelfrom } for  pid=740 comm="semodule" name="lang_ext" dev="mmcblk1p2" ino=9106 scontext=unconfined_u:unconfined_r:semanage_t:s0-s0:c0.c1023 tcontext=unconfined_u:object_r:semanage_store_t:s0 tclass=file permissive=0
Aug 06 17:48:09 tactiq-rock5a audit[740]: AVC avc:  denied  { relabelfrom } for  pid=740 comm="semodule" name="cil" dev="mmcblk1p2" ino=9107 scontext=unconfined_u:unconfined_r:semanage_t:s0-s0:c0.c1023 tcontext=unconfined_u:object_r:semanage_store_t:s0 tclass=file permissive=0
Aug 06 17:48:09 tactiq-rock5a audit[740]: AVC avc:  denied  { relabelfrom } for  pid=740 comm="semodule" name="hll" dev="mmcblk1p2" ino=9108 scontext=unconfined_u:unconfined_r:semanage_t:s0-s0:c0.c1023 tcontext=unconfined_u:object_r:semanage_store_t:s0 tclass=file permissive=0
Aug 06 17:48:09 tactiq-rock5a audit[740]: AVC avc:  denied  { relabelfrom } for  pid=740 comm="semodule" name="cron" dev="mmcblk1p2" ino=9105 scontext=unconfined_u:unconfined_r:semanage_t:s0-s0:c0.c1023 tcontext=unconfined_u:object_r:semanage_store_t:s0 tclass=dir permissive=0
Aug 06 17:48:09 tactiq-rock5a audit[740]: AVC avc:  denied  { relabelfrom } for  pid=740 comm="semodule" name="lang_ext" dev="mmcblk1p2" ino=9110 scontext=unconfined_u:unconfined_r:semanage_t:s0-s0:c0.c1023 tcontext=unconfined_u:object_r:semanage_store_t:s0 tclass=file permissive=0
Aug 06 17:48:09 tactiq-rock5a audit[740]: AVC avc:  denied  { relabelfrom } for  pid=740 comm="semodule" name="cil" dev="mmcblk1p2" ino=9111 scontext=unconfined_u:unconfined_r:semanage_t:s0-s0:c0.c1023 tcontext=unconfined_u:object_r:semanage_store_t:s0 tclass=file permissive=0
Aug 06 17:48:09 tactiq-rock5a audit[740]: AVC avc:  denied  { relabelfrom } for  pid=740 comm="semodule" name="hll" dev="mmcblk1p2" ino=9112 scontext=unconfined_u:unconfined_r:semanage_t:s0-s0:c0.c1023 tcontext=unconfined_u:object_r:semanage_store_t:s0 tclass=file permissive=0
Aug 06 17:48:09 tactiq-rock5a audit[740]: AVC avc:  denied  { relabelfrom } for  pid=740 comm="semodule" name="unprivuser" dev="mmcblk1p2" ino=9109 scontext=unconfined_u:unconfined_r:semanage_t:s0-s0:c0.c1023 tcontext=unconfined_u:object_r:semanage_store_t:s0 tclass=dir permissive=0
Aug 06 17:48:09 tactiq-rock5a audit[740]: AVC avc:  denied  { relabelfrom } for  pid=740 comm="semodule" name="lang_ext" dev="mmcblk1p2" ino=9114 scontext=unconfined_u:unconfined_r:semanage_t:s0-s0:c0.c1023 tcontext=unconfined_u:object_r:semanage_store_t:s0 tclass=file permissive=0
Aug 06 17:48:09 tactiq-rock5a audit[740]: AVC avc:  denied  { relabelfrom } for  pid=740 comm="semodule" name="cil" dev="mmcblk1p2" ino=9115 scontext=unconfined_u:unconfined_r:semanage_t:s0-s0:c0.c1023 tcontext=unconfined_u:object_r:semanage_store_t:s0 tclass=file permissive=0
Aug 06 17:48:09 tactiq-rock5a audit[740]: AVC avc:  denied  { relabelfrom } for  pid=740 comm="semodule" name="hll" dev="mmcblk1p2" ino=9116 scontext=unconfined_u:unconfined_r:semanage_t:s0-s0:c0.c1023 tcontext=unconfined_u:object_r:semanage_store_t:s0 tclass=file permissive=0
Aug 06 17:48:09 tactiq-rock5a audit[740]: AVC avc:  denied  { relabelfrom } for  pid=740 comm="semodule" name="bird" dev="mmcblk1p2" ino=9113 scontext=unconfined_u:unconfined_r:semanage_t:s0-s0:c0.c1023 tcontext=unconfined_u:object_r:semanage_store_t:s0 tclass=dir permissive=0
Aug 06 17:48:09 tactiq-rock5a audit[740]: AVC avc:  denied  { relabelfrom } for  pid=740 comm="semodule" name="lang_ext" dev="mmcblk1p2" ino=9118 scontext=unconfined_u:unconfined_r:semanage_t:s0-s0:c0.c1023 tcontext=unconfined_u:object_r:semanage_store_t:s0 tclass=file permissive=0
Aug 06 17:48:09 tactiq-rock5a audit[740]: AVC avc:  denied  { relabelfrom } for  pid=740 comm="semodule" name="cil" dev="mmcblk1p2" ino=9119 scontext=unconfined_u:unconfined_r:semanage_t:s0-s0:c0.c1023 tcontext=unconfined_u:object_r:semanage_store_t:s0 tclass=file permissive=0
Aug 06 17:48:09 tactiq-rock5a audit[740]: AVC avc:  denied  { relabelfrom } for  pid=740 comm="semodule" name="hll" dev="mmcblk1p2" ino=9120 scontext=unconfined_u:unconfined_r:semanage_t:s0-s0:c0.c1023 tcontext=unconfined_u:object_r:semanage_store_t:s0 tclass=file permissive=0
Aug 06 17:48:09 tactiq-rock5a audit[740]: AVC avc:  denied  { relabelfrom } for  pid=740 comm="semodule" name="acct" dev="mmcblk1p2" ino=9117 scontext=unconfined_u:unconfined_r:semanage_t:s0-s0:c0.c1023 tcontext=unconfined_u:object_r:semanage_store_t:s0 tclass=dir permissive=0
Aug 06 17:48:09 tactiq-rock5a audit[740]: AVC avc:  denied  { relabelfrom } for  pid=740 comm="semodule" name="lang_ext" dev="mmcblk1p2" ino=9122 scontext=unconfined_u:unconfined_r:semanage_t:s0-s0:c0.c1023 tcontext=unconfined_u:object_r:semanage_store_t:s0 tclass=file permissive=0
Aug 06 17:48:09 tactiq-rock5a audit[740]: AVC avc:  denied  { relabelfrom } for  pid=740 comm="semodule" name="cil" dev="mmcblk1p2" ino=9123 scontext=unconfined_u:unconfined_r:semanage_t:s0-s0:c0.c1023 tcontext=unconfined_u:object_r:semanage_store_t:s0 tclass=file permissive=0
Aug 06 17:48:09 tactiq-rock5a audit[740]: AVC avc:  denied  { relabelfrom } for  pid=740 comm="semodule" name="hll" dev="mmcblk1p2" ino=9124 scontext=unconfined_u:unconfined_r:semanage_t:s0-s0:c0.c1023 tcontext=unconfined_u:object_r:semanage_store_t:s0 tclass=file permissive=0
Aug 06 17:48:09 tactiq-rock5a audit[740]: AVC avc:  denied  { relabelfrom } for  pid=740 comm="semodule" name="mta" dev="mmcblk1p2" ino=9121 scontext=unconfined_u:unconfined_r:semanage_t:s0-s0:c0.c1023 tcontext=unconfined_u:object_r:semanage_store_t:s0 tclass=dir permissive=0
Aug 06 17:48:09 tactiq-rock5a audit[740]: AVC avc:  denied  { relabelfrom } for  pid=740 comm="semodule" name="lang_ext" dev="mmcblk1p2" ino=9126 scontext=unconfined_u:unconfined_r:semanage_t:s0-s0:c0.c1023 tcontext=unconfined_u:object_r:semanage_store_t:s0 tclass=file permissive=0
Aug 06 17:48:09 tactiq-rock5a audit[740]: AVC avc:  denied  { relabelfrom } for  pid=740 comm="semodule" name="cil" dev="mmcblk1p2" ino=9127 scontext=unconfined_u:unconfined_r:semanage_t:s0-s0:c0.c1023 tcontext=unconfined_u:object_r:semanage_store_t:s0 tclass=file permissive=0
Aug 06 17:48:09 tactiq-rock5a audit[740]: AVC avc:  denied  { relabelfrom } for  pid=740 comm="semodule" name="hll" dev="mmcblk1p2" ino=9128 scontext=unconfined_u:unconfined_r:semanage_t:s0-s0:c0.c1023 tcontext=unconfined_u:object_r:semanage_store_t:s0 tclass=file permissive=0
Aug 06 17:48:09 tactiq-rock5a audit[740]: AVC avc:  denied  { relabelfrom } for  pid=740 comm="semodule" name="aptcacher" dev="mmcblk1p2" ino=9125 scontext=unconfined_u:unconfined_r:semanage_t:s0-s0:c0.c1023 tcontext=unconfined_u:object_r:semanage_store_t:s0 tclass=dir permissive=0
Aug 06 17:48:09 tactiq-rock5a audit[740]: AVC avc:  denied  { relabelfrom } for  pid=740 comm="semodule" name="lang_ext" dev="mmcblk1p2" ino=9130 scontext=unconfined_u:unconfined_r:semanage_t:s0-s0:c0.c1023 tcontext=unconfined_u:object_r:semanage_store_t:s0 tclass=file permissive=0
Aug 06 17:48:09 tactiq-rock5a audit[740]: AVC avc:  denied  { relabelfrom } for  pid=740 comm="semodule" name="cil" dev="mmcblk1p2" ino=9131 scontext=unconfined_u:unconfined_r:semanage_t:s0-s0:c0.c1023 tcontext=unconfined_u:object_r:semanage_store_t:s0 tclass=file permissive=0
Aug 06 17:48:09 tactiq-rock5a audit[740]: AVC avc:  denied  { relabelfrom } for  pid=740 comm="semodule" name="hll" dev="mmcblk1p2" ino=9132 scontext=unconfined_u:unconfined_r:semanage_t:s0-s0:c0.c1023 tcontext=unconfined_u:object_r:semanage_store_t:s0 tclass=file permissive=0
Aug 06 17:48:09 tactiq-rock5a audit[740]: AVC avc:  denied  { relabelfrom } for  pid=740 comm="semodule" name="firewalld" dev="mmcblk1p2" ino=9129 scontext=unconfined_u:unconfined_r:semanage_t:s0-s0:c0.c1023 tcontext=unconfined_u:object_r:semanage_store_t:s0 tclass=dir permissive=0
Aug 06 17:48:09 tactiq-rock5a audit[740]: AVC avc:  denied  { relabelfrom } for  pid=740 comm="semodule" name="lang_ext" dev="mmcblk1p2" ino=9134 scontext=unconfined_u:unconfined_r:semanage_t:s0-s0:c0.c1023 tcontext=unconfined_u:object_r:semanage_store_t:s0 tclass=file permissive=0
Aug 06 17:48:09 tactiq-rock5a audit[740]: AVC avc:  denied  { relabelfrom } for  pid=740 comm="semodule" name="cil" dev="mmcblk1p2" ino=9135 scontext=unconfined_u:unconfined_r:semanage_t:s0-s0:c0.c1023 tcontext=unconfined_u:object_r:semanage_store_t:s0 tclass=file permissive=0
Aug 06 17:48:09 tactiq-rock5a audit[740]: AVC avc:  denied  { relabelfrom } for  pid=740 comm="semodule" name="hll" dev="mmcblk1p2" ino=9136 scontext=unconfined_u:unconfined_r:semanage_t:s0-s0:c0.c1023 tcontext=unconfined_u:object_r:semanage_store_t:s0 tclass=file permissive=0
Aug 06 17:48:09 tactiq-rock5a audit[740]: AVC avc:  denied  { relabelfrom } for  pid=740 comm="semodule" name="thunderbird" dev="mmcblk1p2" ino=9133 scontext=unconfined_u:unconfined_r:semanage_t:s0-s0:c0.c1023 tcontext=unconfined_u:object_r:semanage_store_t:s0 tclass=dir permissive=0
Aug 06 17:48:09 tactiq-rock5a audit[740]: AVC avc:  denied  { relabelfrom } for  pid=740 comm="semodule" name="lang_ext" dev="mmcblk1p2" ino=9138 scontext=unconfined_u:unconfined_r:semanage_t:s0-s0:c0.c1023 tcontext=unconfined_u:object_r:semanage_store_t:s0 tclass=file permissive=0
Aug 06 17:48:09 tactiq-rock5a audit[740]: AVC avc:  denied  { relabelfrom } for  pid=740 comm="semodule" name="cil" dev="mmcblk1p2" ino=9139 scontext=unconfined_u:unconfined_r:semanage_t:s0-s0:c0.c1023 tcontext=unconfined_u:object_r:semanage_store_t:s0 tclass=file permissive=0
Aug 06 17:48:09 tactiq-rock5a audit[740]: AVC avc:  denied  { relabelfrom } for  pid=740 comm="semodule" name="hll" dev="mmcblk1p2" ino=9140 scontext=unconfined_u:unconfined_r:semanage_t:s0-s0:c0.c1023 tcontext=unconfined_u:object_r:semanage_store_t:s0 tclass=file permissive=0
Aug 06 17:48:09 tactiq-rock5a audit[740]: AVC avc:  denied  { relabelfrom } for  pid=740 comm="semodule" name="seunshare" dev="mmcblk1p2" ino=9137 scontext=unconfined_u:unconfined_r:semanage_t:s0-s0:c0.c1023 tcontext=unconfined_u:object_r:semanage_store_t:s0 tclass=dir permissive=0
Aug 06 17:48:09 tactiq-rock5a audit[740]: AVC avc:  denied  { relabelfrom } for  pid=740 comm="semodule" name="lang_ext" dev="mmcblk1p2" ino=9142 scontext=unconfined_u:unconfined_r:semanage_t:s0-s0:c0.c1023 tcontext=unconfined_u:object_r:semanage_store_t:s0 tclass=file permissive=0
Aug 06 17:48:09 tactiq-rock5a audit[740]: AVC avc:  denied  { relabelfrom } for  pid=740 comm="semodule" name="cil" dev="mmcblk1p2" ino=9143 scontext=unconfined_u:unconfined_r:semanage_t:s0-s0:c0.c1023 tcontext=unconfined_u:object_r:semanage_store_t:s0 tclass=file permissive=0
Aug 06 17:48:09 tactiq-rock5a audit[740]: AVC avc:  denied  { relabelfrom } for  pid=740 comm="semodule" name="hll" dev="mmcblk1p2" ino=9144 scontext=unconfined_u:unconfined_r:semanage_t:s0-s0:c0.c1023 tcontext=unconfined_u:object_r:semanage_store_t:s0 tclass=file permissive=0
Aug 06 17:48:09 tactiq-rock5a audit[740]: AVC avc:  denied  { relabelfrom } for  pid=740 comm="semodule" name="nscd" dev="mmcblk1p2" ino=9141 scontext=unconfined_u:unconfined_r:semanage_t:s0-s0:c0.c1023 tcontext=unconfined_u:object_r:semanage_store_t:s0 tclass=dir permissive=0
Aug 06 17:48:09 tactiq-rock5a audit[740]: AVC avc:  denied  { relabelfrom } for  pid=740 comm="semodule" name="lang_ext" dev="mmcblk1p2" ino=9146 scontext=unconfined_u:unconfined_r:semanage_t:s0-s0:c0.c1023 tcontext=unconfined_u:object_r:semanage_store_t:s0 tclass=file permissive=0
Aug 06 17:48:09 tactiq-rock5a audit[740]: AVC avc:  denied  { relabelfrom } for  pid=740 comm="semodule" name="cil" dev="mmcblk1p2" ino=9147 scontext=unconfined_u:unconfined_r:semanage_t:s0-s0:c0.c1023 tcontext=unconfined_u:object_r:semanage_store_t:s0 tclass=file permissive=0
Aug 06 17:48:09 tactiq-rock5a audit[740]: AVC avc:  denied  { relabelfrom } for  pid=740 comm="semodule" name="hll" dev="mmcblk1p2" ino=9148 scontext=unconfined_u:unconfined_r:semanage_t:s0-s0:c0.c1023 tcontext=unconfined_u:object_r:semanage_store_t:s0 tclass=file permissive=0
Aug 06 17:48:09 tactiq-rock5a audit[740]: AVC avc:  denied  { relabelfrom } for  pid=740 comm="semodule" name="apcupsd" dev="mmcblk1p2" ino=9145 scontext=unconfined_u:unconfined_r:semanage_t:s0-s0:c0.c1023 tcontext=unconfined_u:object_r:semanage_store_t:s0 tclass=dir permissive=0
Aug 06 17:48:09 tactiq-rock5a audit[740]: AVC avc:  denied  { relabelfrom } for  pid=740 comm="semodule" name="lang_ext" dev="mmcblk1p2" ino=9150 scontext=unconfined_u:unconfined_r:semanage_t:s0-s0:c0.c1023 tcontext=unconfined_u:object_r:semanage_store_t:s0 tclass=file permissive=0
Aug 06 17:48:09 tactiq-rock5a audit[740]: AVC avc:  denied  { relabelfrom } for  pid=740 comm="semodule" name="cil" dev="mmcblk1p2" ino=9151 scontext=unconfined_u:unconfined_r:semanage_t:s0-s0:c0.c1023 tcontext=unconfined_u:object_r:semanage_store_t:s0 tclass=file permissive=0
Aug 06 17:48:09 tactiq-rock5a audit[740]: AVC avc:  denied  { relabelfrom } for  pid=740 comm="semodule" name="hll" dev="mmcblk1p2" ino=9152 scontext=unconfined_u:unconfined_r:semanage_t:s0-s0:c0.c1023 tcontext=unconfined_u:object_r:semanage_store_t:s0 tclass=file permissive=0
Aug 06 17:48:09 tactiq-rock5a audit[740]: AVC avc:  denied  { relabelfrom } for  pid=740 comm="semodule" name="matrixd" dev="mmcblk1p2" ino=9149 scontext=unconfined_u:unconfined_r:semanage_t:s0-s0:c0.c1023 tcontext=unconfined_u:object_r:semanage_store_t:s0 tclass=dir permissive=0
Aug 06 17:48:09 tactiq-rock5a audit[740]: AVC avc:  denied  { relabelfrom } for  pid=740 comm="semodule" name="lang_ext" dev="mmcblk1p2" ino=9154 scontext=unconfined_u:unconfined_r:semanage_t:s0-s0:c0.c1023 tcontext=unconfined_u:object_r:semanage_store_t:s0 tclass=file permissive=0
Aug 06 17:48:09 tactiq-rock5a audit[740]: AVC avc:  denied  { relabelfrom } for  pid=740 comm="semodule" name="cil" dev="mmcblk1p2" ino=9155 scontext=unconfined_u:unconfined_r:semanage_t:s0-s0:c0.c1023 tcontext=unconfined_u:object_r:semanage_store_t:s0 tclass=file permissive=0
Aug 06 17:48:09 tactiq-rock5a audit[740]: AVC avc:  denied  { relabelfrom } for  pid=740 comm="semodule" name="hll" dev="mmcblk1p2" ino=9156 scontext=unconfined_u:unconfined_r:semanage_t:s0-s0:c0.c1023 tcontext=unconfined_u:object_r:semanage_store_t:s0 tclass=file permissive=0
Aug 06 17:48:09 tactiq-rock5a audit[740]: AVC avc:  denied  { relabelfrom } for  pid=740 comm="semodule" name="rpm" dev="mmcblk1p2" ino=9153 scontext=unconfined_u:unconfined_r:semanage_t:s0-s0:c0.c1023 tcontext=unconfined_u:object_r:semanage_store_t:s0 tclass=dir permissive=0
Aug 06 17:48:09 tactiq-rock5a audit[740]: AVC avc:  denied  { relabelfrom } for  pid=740 comm="semodule" name="lang_ext" dev="mmcblk1p2" ino=9158 scontext=unconfined_u:unconfined_r:semanage_t:s0-s0:c0.c1023 tcontext=unconfined_u:object_r:semanage_store_t:s0 tclass=file permissive=0
Aug 06 17:48:09 tactiq-rock5a audit[740]: AVC avc:  denied  { relabelfrom } for  pid=740 comm="semodule" name="cil" dev="mmcblk1p2" ino=9159 scontext=unconfined_u:unconfined_r:semanage_t:s0-s0:c0.c1023 tcontext=unconfined_u:object_r:semanage_store_t:s0 tclass=file permissive=0
Aug 06 17:48:09 tactiq-rock5a audit[740]: AVC avc:  denied  { relabelfrom } for  pid=740 comm="semodule" name="hll" dev="mmcblk1p2" ino=9160 scontext=unconfined_u:unconfined_r:semanage_t:s0-s0:c0.c1023 tcontext=unconfined_u:object_r:semanage_store_t:s0 tclass=file permissive=0
Aug 06 17:48:09 tactiq-rock5a audit[740]: AVC avc:  denied  { relabelfrom } for  pid=740 comm="semodule" name="wm" dev="mmcblk1p2" ino=9157 scontext=unconfined_u:unconfined_r:semanage_t:s0-s0:c0.c1023 tcontext=unconfined_u:object_r:semanage_store_t:s0 tclass=dir permissive=0
Aug 06 17:48:09 tactiq-rock5a audit[740]: AVC avc:  denied  { relabelfrom } for  pid=740 comm="semodule" name="lang_ext" dev="mmcblk1p2" ino=9162 scontext=unconfined_u:unconfined_r:semanage_t:s0-s0:c0.c1023 tcontext=unconfined_u:object_r:semanage_store_t:s0 tclass=file permissive=0
Aug 06 17:48:09 tactiq-rock5a audit[740]: AVC avc:  denied  { relabelfrom } for  pid=740 comm="semodule" name="cil" dev="mmcblk1p2" ino=9163 scontext=unconfined_u:unconfined_r:semanage_t:s0-s0:c0.c1023 tcontext=unconfined_u:object_r:semanage_store_t:s0 tclass=file permissive=0
Aug 06 17:48:09 tactiq-rock5a audit[740]: AVC avc:  denied  { relabelfrom } for  pid=740 comm="semodule" name="hll" dev="mmcblk1p2" ino=9164 scontext=unconfined_u:unconfined_r:semanage_t:s0-s0:c0.c1023 tcontext=unconfined_u:object_r:semanage_store_t:s0 tclass=file permissive=0
Aug 06 17:48:09 tactiq-rock5a audit[740]: AVC avc:  denied  { relabelfrom } for  pid=740 comm="semodule" name="telnet" dev="mmcblk1p2" ino=9161 scontext=unconfined_u:unconfined_r:semanage_t:s0-s0:c0.c1023 tcontext=unconfined_u:object_r:semanage_store_t:s0 tclass=dir permissive=0
Aug 06 17:48:09 tactiq-rock5a audit[740]: AVC avc:  denied  { relabelfrom } for  pid=740 comm="semodule" name="lang_ext" dev="mmcblk1p2" ino=9166 scontext=unconfined_u:unconfined_r:semanage_t:s0-s0:c0.c1023 tcontext=unconfined_u:object_r:semanage_store_t:s0 tclass=file permissive=0
Aug 06 17:48:09 tactiq-rock5a audit[740]: AVC avc:  denied  { relabelfrom } for  pid=740 comm="semodule" name="cil" dev="mmcblk1p2" ino=9167 scontext=unconfined_u:unconfined_r:semanage_t:s0-s0:c0.c1023 tcontext=unconfined_u:object_r:semanage_store_t:s0 tclass=file permissive=0
Aug 06 17:48:09 tactiq-rock5a audit[740]: AVC avc:  denied  { relabelfrom } for  pid=740 comm="semodule" name="hll" dev="mmcblk1p2" ino=9168 scontext=unconfined_u:unconfined_r:semanage_t:s0-s0:c0.c1023 tcontext=unconfined_u:object_r:semanage_store_t:s0 tclass=file permissive=0
Aug 06 17:48:09 tactiq-rock5a audit[740]: AVC avc:  denied  { relabelfrom } for  pid=740 comm="semodule" name="fail2ban" dev="mmcblk1p2" ino=9165 scontext=unconfined_u:unconfined_r:semanage_t:s0-s0:c0.c1023 tcontext=unconfined_u:object_r:semanage_store_t:s0 tclass=dir permissive=0
Aug 06 17:48:09 tactiq-rock5a audit[740]: AVC avc:  denied  { relabelfrom } for  pid=740 comm="semodule" name="lang_ext" dev="mmcblk1p2" ino=9170 scontext=unconfined_u:unconfined_r:semanage_t:s0-s0:c0.c1023 tcontext=unconfined_u:object_r:semanage_store_t:s0 tclass=file permissive=0
Aug 06 17:48:09 tactiq-rock5a audit[740]: AVC avc:  denied  { relabelfrom } for  pid=740 comm="semodule" name="cil" dev="mmcblk1p2" ino=9171 scontext=unconfined_u:unconfined_r:semanage_t:s0-s0:c0.c1023 tcontext=unconfined_u:object_r:semanage_store_t:s0 tclass=file permissive=0
Aug 06 17:48:09 tactiq-rock5a audit[740]: AVC avc:  denied  { relabelfrom } for  pid=740 comm="semodule" name="hll" dev="mmcblk1p2" ino=9172 scontext=unconfined_u:unconfined_r:semanage_t:s0-s0:c0.c1023 tcontext=unconfined_u:object_r:semanage_store_t:s0 tclass=file permissive=0
Aug 06 17:48:09 tactiq-rock5a audit[740]: AVC avc:  denied  { relabelfrom } for  pid=740 comm="semodule" name="ifplugd" dev="mmcblk1p2" ino=9169 scontext=unconfined_u:unconfined_r:semanage_t:s0-s0:c0.c1023 tcontext=unconfined_u:object_r:semanage_store_t:s0 tclass=dir permissive=0
Aug 06 17:48:09 tactiq-rock5a audit[740]: AVC avc:  denied  { relabelfrom } for  pid=740 comm="semodule" name="lang_ext" dev="mmcblk1p2" ino=9174 scontext=unconfined_u:unconfined_r:semanage_t:s0-s0:c0.c1023 tcontext=unconfined_u:object_r:semanage_store_t:s0 tclass=file permissive=0
Aug 06 17:48:09 tactiq-rock5a audit[740]: AVC avc:  denied  { relabelfrom } for  pid=740 comm="semodule" name="cil" dev="mmcblk1p2" ino=9175 scontext=unconfined_u:unconfined_r:semanage_t:s0-s0:c0.c1023 tcontext=unconfined_u:object_r:semanage_store_t:s0 tclass=file permissive=0
Aug 06 17:48:09 tactiq-rock5a audit[740]: AVC avc:  denied  { relabelfrom } for  pid=740 comm="semodule" name="hll" dev="mmcblk1p2" ino=9176 scontext=unconfined_u:unconfined_r:semanage_t:s0-s0:c0.c1023 tcontext=unconfined_u:object_r:semanage_store_t:s0 tclass=file permissive=0
Aug 06 17:48:09 tactiq-rock5a audit[740]: AVC avc:  denied  { relabelfrom } for  pid=740 comm="semodule" name="bluetooth" dev="mmcblk1p2" ino=9173 scontext=unconfined_u:unconfined_r:semanage_t:s0-s0:c0.c1023 tcontext=unconfined_u:object_r:semanage_store_t:s0 tclass=dir permissive=0
Aug 06 17:48:09 tactiq-rock5a audit[740]: AVC avc:  denied  { relabelfrom } for  pid=740 comm="semodule" name="lang_ext" dev="mmcblk1p2" ino=9178 scontext=unconfined_u:unconfined_r:semanage_t:s0-s0:c0.c1023 tcontext=unconfined_u:object_r:semanage_store_t:s0 tclass=file permissive=0
Aug 06 17:48:09 tactiq-rock5a audit[740]: AVC avc:  denied  { relabelfrom } for  pid=740 comm="semodule" name="cil" dev="mmcblk1p2" ino=9179 scontext=unconfined_u:unconfined_r:semanage_t:s0-s0:c0.c1023 tcontext=unconfined_u:object_r:semanage_store_t:s0 tclass=file permissive=0
Aug 06 17:48:09 tactiq-rock5a audit[740]: AVC avc:  denied  { relabelfrom } for  pid=740 comm="semodule" name="hll" dev="mmcblk1p2" ino=9180 scontext=unconfined_u:unconfined_r:semanage_t:s0-s0:c0.c1023 tcontext=unconfined_u:object_r:semanage_store_t:s0 tclass=file permissive=0
Aug 06 17:48:09 tactiq-rock5a audit[740]: AVC avc:  denied  { relabelfrom } for  pid=740 comm="semodule" name="sosreport" dev="mmcblk1p2" ino=9177 scontext=unconfined_u:unconfined_r:semanage_t:s0-s0:c0.c1023 tcontext=unconfined_u:object_r:semanage_store_t:s0 tclass=dir permissive=0
Aug 06 17:48:09 tactiq-rock5a audit[740]: AVC avc:  denied  { relabelfrom } for  pid=740 comm="semodule" name="lang_ext" dev="mmcblk1p2" ino=9182 scontext=unconfined_u:unconfined_r:semanage_t:s0-s0:c0.c1023 tcontext=unconfined_u:object_r:semanage_store_t:s0 tclass=file permissive=0
Aug 06 17:48:09 tactiq-rock5a audit[740]: AVC avc:  denied  { relabelfrom } for  pid=740 comm="semodule" name="cil" dev="mmcblk1p2" ino=9183 scontext=unconfined_u:unconfined_r:semanage_t:s0-s0:c0.c1023 tcontext=unconfined_u:object_r:semanage_store_t:s0 tclass=file permissive=0
Aug 06 17:48:09 tactiq-rock5a audit[740]: AVC avc:  denied  { relabelfrom } for  pid=740 comm="semodule" name="hll" dev="mmcblk1p2" ino=9184 scontext=unconfined_u:unconfined_r:semanage_t:s0-s0:c0.c1023 tcontext=unconfined_u:object_r:semanage_store_t:s0 tclass=file permissive=0
Aug 06 17:48:09 tactiq-rock5a audit[740]: AVC avc:  denied  { relabelfrom } for  pid=740 comm="semodule" name="finger" dev="mmcblk1p2" ino=9181 scontext=unconfined_u:unconfined_r:semanage_t:s0-s0:c0.c1023 tcontext=unconfined_u:object_r:semanage_store_t:s0 tclass=dir permissive=0
Aug 06 17:48:09 tactiq-rock5a audit[740]: AVC avc:  denied  { relabelfrom } for  pid=740 comm="semodule" name="lang_ext" dev="mmcblk1p2" ino=9186 scontext=unconfined_u:unconfined_r:semanage_t:s0-s0:c0.c1023 tcontext=unconfined_u:object_r:semanage_store_t:s0 tclass=file permissive=0
Aug 06 17:48:09 tactiq-rock5a audit[740]: AVC avc:  denied  { relabelfrom } for  pid=740 comm="semodule" name="cil" dev="mmcblk1p2" ino=9187 scontext=unconfined_u:unconfined_r:semanage_t:s0-s0:c0.c1023 tcontext=unconfined_u:object_r:semanage_store_t:s0 tclass=file permissive=0
Aug 06 17:48:09 tactiq-rock5a audit[740]: AVC avc:  denied  { relabelfrom } for  pid=740 comm="semodule" name="hll" dev="mmcblk1p2" ino=9188 scontext=unconfined_u:unconfined_r:semanage_t:s0-s0:c0.c1023 tcontext=unconfined_u:object_r:semanage_store_t:s0 tclass=file permissive=0
Aug 06 17:48:09 tactiq-rock5a audit[740]: AVC avc:  denied  { relabelfrom } for  pid=740 comm="semodule" name="xfs" dev="mmcblk1p2" ino=9185 scontext=unconfined_u:unconfined_r:semanage_t:s0-s0:c0.c1023 tcontext=unconfined_u:object_r:semanage_store_t:s0 tclass=dir permissive=0
Aug 06 17:48:09 tactiq-rock5a audit[740]: AVC avc:  denied  { relabelfrom } for  pid=740 comm="semodule" name="lang_ext" dev="mmcblk1p2" ino=9190 scontext=unconfined_u:unconfined_r:semanage_t:s0-s0:c0.c1023 tcontext=unconfined_u:object_r:semanage_store_t:s0 tclass=file permissive=0
Aug 06 17:48:09 tactiq-rock5a audit[740]: AVC avc:  denied  { relabelfrom } for  pid=740 comm="semodule" name="cil" dev="mmcblk1p2" ino=9191 scontext=unconfined_u:unconfined_r:semanage_t:s0-s0:c0.c1023 tcontext=unconfined_u:object_r:semanage_store_t:s0 tclass=file permissive=0
Aug 06 17:48:09 tactiq-rock5a audit[740]: AVC avc:  denied  { relabelfrom } for  pid=740 comm="semodule" name="hll" dev="mmcblk1p2" ino=9192 scontext=unconfined_u:unconfined_r:semanage_t:s0-s0:c0.c1023 tcontext=unconfined_u:object_r:semanage_store_t:s0 tclass=file permissive=0
Aug 06 17:48:09 tactiq-rock5a audit[740]: AVC avc:  denied  { relabelfrom } for  pid=740 comm="semodule" name="puppet" dev="mmcblk1p2" ino=9189 scontext=unconfined_u:unconfined_r:semanage_t:s0-s0:c0.c1023 tcontext=unconfined_u:object_r:semanage_store_t:s0 tclass=dir permissive=0
Aug 06 17:48:09 tactiq-rock5a audit[740]: AVC avc:  denied  { relabelfrom } for  pid=740 comm="semodule" name="lang_ext" dev="mmcblk1p2" ino=9194 scontext=unconfined_u:unconfined_r:semanage_t:s0-s0:c0.c1023 tcontext=unconfined_u:object_r:semanage_store_t:s0 tclass=file permissive=0
Aug 06 17:48:09 tactiq-rock5a audit[740]: AVC avc:  denied  { relabelfrom } for  pid=740 comm="semodule" name="cil" dev="mmcblk1p2" ino=9195 scontext=unconfined_u:unconfined_r:semanage_t:s0-s0:c0.c1023 tcontext=unconfined_u:object_r:semanage_store_t:s0 tclass=file permissive=0
Aug 06 17:48:09 tactiq-rock5a audit[740]: AVC avc:  denied  { relabelfrom } for  pid=740 comm="semodule" name="hll" dev="mmcblk1p2" ino=9196 scontext=unconfined_u:unconfined_r:semanage_t:s0-s0:c0.c1023 tcontext=unconfined_u:object_r:semanage_store_t:s0 tclass=file permissive=0
Aug 06 17:48:09 tactiq-rock5a audit[740]: AVC avc:  denied  { relabelfrom } for  pid=740 comm="semodule" name="hostname" dev="mmcblk1p2" ino=9193 scontext=unconfined_u:unconfined_r:semanage_t:s0-s0:c0.c1023 tcontext=unconfined_u:object_r:semanage_store_t:s0 tclass=dir permissive=0
Aug 06 17:48:09 tactiq-rock5a audit[740]: AVC avc:  denied  { relabelfrom } for  pid=740 comm="semodule" name="lang_ext" dev="mmcblk1p2" ino=9198 scontext=unconfined_u:unconfined_r:semanage_t:s0-s0:c0.c1023 tcontext=unconfined_u:object_r:semanage_store_t:s0 tclass=file permissive=0
Aug 06 17:48:09 tactiq-rock5a audit[740]: AVC avc:  denied  { relabelfrom } for  pid=740 comm="semodule" name="cil" dev="mmcblk1p2" ino=9199 scontext=unconfined_u:unconfined_r:semanage_t:s0-s0:c0.c1023 tcontext=unconfined_u:object_r:semanage_store_t:s0 tclass=file permissive=0
Aug 06 17:48:09 tactiq-rock5a audit[740]: AVC avc:  denied  { relabelfrom } for  pid=740 comm="semodule" name="hll" dev="mmcblk1p2" ino=9200 scontext=unconfined_u:unconfined_r:semanage_t:s0-s0:c0.c1023 tcontext=unconfined_u:object_r:semanage_store_t:s0 tclass=file permissive=0
Aug 06 17:48:09 tactiq-rock5a audit[740]: AVC avc:  denied  { relabelfrom } for  pid=740 comm="semodule" name="dnsmasq" dev="mmcblk1p2" ino=9197 scontext=unconfined_u:unconfined_r:semanage_t:s0-s0:c0.c1023 tcontext=unconfined_u:object_r:semanage_store_t:s0 tclass=dir permissive=0
Aug 06 17:48:09 tactiq-rock5a audit[740]: AVC avc:  denied  { relabelfrom } for  pid=740 comm="semodule" name="lang_ext" dev="mmcblk1p2" ino=9202 scontext=unconfined_u:unconfined_r:semanage_t:s0-s0:c0.c1023 tcontext=unconfined_u:object_r:semanage_store_t:s0 tclass=file permissive=0
Aug 06 17:48:09 tactiq-rock5a audit[740]: AVC avc:  denied  { relabelfrom } for  pid=740 comm="semodule" name="cil" dev="mmcblk1p2" ino=9203 scontext=unconfined_u:unconfined_r:semanage_t:s0-s0:c0.c1023 tcontext=unconfined_u:object_r:semanage_store_t:s0 tclass=file permissive=0
Aug 06 17:48:09 tactiq-rock5a audit[740]: AVC avc:  denied  { relabelfrom } for  pid=740 comm="semodule" name="hll" dev="mmcblk1p2" ino=9204 scontext=unconfined_u:unconfined_r:semanage_t:s0-s0:c0.c1023 tcontext=unconfined_u:object_r:semanage_store_t:s0 tclass=file permissive=0
Aug 06 17:48:09 tactiq-rock5a audit[740]: AVC avc:  denied  { relabelfrom } for  pid=740 comm="semodule" name="sssd" dev="mmcblk1p2" ino=9201 scontext=unconfined_u:unconfined_r:semanage_t:s0-s0:c0.c1023 tcontext=unconfined_u:object_r:semanage_store_t:s0 tclass=dir permissive=0
Aug 06 17:48:09 tactiq-rock5a audit[740]: AVC avc:  denied  { relabelfrom } for  pid=740 comm="semodule" name="lang_ext" dev="mmcblk1p2" ino=9206 scontext=unconfined_u:unconfined_r:semanage_t:s0-s0:c0.c1023 tcontext=unconfined_u:object_r:semanage_store_t:s0 tclass=file permissive=0
Aug 06 17:48:09 tactiq-rock5a audit[740]: AVC avc:  denied  { relabelfrom } for  pid=740 comm="semodule" name="cil" dev="mmcblk1p2" ino=9207 scontext=unconfined_u:unconfined_r:semanage_t:s0-s0:c0.c1023 tcontext=unconfined_u:object_r:semanage_store_t:s0 tclass=file permissive=0
Aug 06 17:48:09 tactiq-rock5a audit[740]: AVC avc:  denied  { relabelfrom } for  pid=740 comm="semodule" name="hll" dev="mmcblk1p2" ino=9208 scontext=unconfined_u:unconfined_r:semanage_t:s0-s0:c0.c1023 tcontext=unconfined_u:object_r:semanage_store_t:s0 tclass=file permissive=0
Aug 06 17:48:09 tactiq-rock5a audit[740]: AVC avc:  denied  { relabelfrom } for  pid=740 comm="semodule" name="procmail" dev="mmcblk1p2" ino=9205 scontext=unconfined_u:unconfined_r:semanage_t:s0-s0:c0.c1023 tcontext=unconfined_u:object_r:semanage_store_t:s0 tclass=dir permissive=0
Aug 06 17:48:09 tactiq-rock5a audit[740]: AVC avc:  denied  { relabelfrom } for  pid=740 comm="semodule" name="lang_ext" dev="mmcblk1p2" ino=9210 scontext=unconfined_u:unconfined_r:semanage_t:s0-s0:c0.c1023 tcontext=unconfined_u:object_r:semanage_store_t:s0 tclass=file permissive=0
Aug 06 17:48:09 tactiq-rock5a audit[740]: AVC avc:  denied  { relabelfrom } for  pid=740 comm="semodule" name="cil" dev="mmcblk1p2" ino=9211 scontext=unconfined_u:unconfined_r:semanage_t:s0-s0:c0.c1023 tcontext=unconfined_u:object_r:semanage_store_t:s0 tclass=file permissive=0
Aug 06 17:48:09 tactiq-rock5a audit[740]: AVC avc:  denied  { relabelfrom } for  pid=740 comm="semodule" name="hll" dev="mmcblk1p2" ino=9212 scontext=unconfined_u:unconfined_r:semanage_t:s0-s0:c0.c1023 tcontext=unconfined_u:object_r:semanage_store_t:s0 tclass=file permissive=0
Aug 06 17:48:09 tactiq-rock5a audit[740]: AVC avc:  denied  { relabelfrom } for  pid=740 comm="semodule" name="auditadm" dev="mmcblk1p2" ino=9209 scontext=unconfined_u:unconfined_r:semanage_t:s0-s0:c0.c1023 tcontext=unconfined_u:object_r:semanage_store_t:s0 tclass=dir permissive=0
Aug 06 17:48:09 tactiq-rock5a audit[740]: AVC avc:  denied  { relabelfrom } for  pid=740 comm="semodule" name="lang_ext" dev="mmcblk1p2" ino=9214 scontext=unconfined_u:unconfined_r:semanage_t:s0-s0:c0.c1023 tcontext=unconfined_u:object_r:semanage_store_t:s0 tclass=file permissive=0
Aug 06 17:48:09 tactiq-rock5a audit[740]: AVC avc:  denied  { relabelfrom } for  pid=740 comm="semodule" name="cil" dev="mmcblk1p2" ino=9215 scontext=unconfined_u:unconfined_r:semanage_t:s0-s0:c0.c1023 tcontext=unconfined_u:object_r:semanage_store_t:s0 tclass=file permissive=0
Aug 06 17:48:09 tactiq-rock5a audit[740]: AVC avc:  denied  { relabelfrom } for  pid=740 comm="semodule" name="hll" dev="mmcblk1p2" ino=9216 scontext=unconfined_u:unconfined_r:semanage_t:s0-s0:c0.c1023 tcontext=unconfined_u:object_r:semanage_store_t:s0 tclass=file permissive=0
Aug 06 17:48:09 tactiq-rock5a audit[740]: AVC avc:  denied  { relabelfrom } for  pid=740 comm="semodule" name="munin" dev="mmcblk1p2" ino=9213 scontext=unconfined_u:unconfined_r:semanage_t:s0-s0:c0.c1023 tcontext=unconfined_u:object_r:semanage_store_t:s0 tclass=dir permissive=0
Aug 06 17:48:09 tactiq-rock5a audit[740]: AVC avc:  denied  { relabelfrom } for  pid=740 comm="semodule" name="lang_ext" dev="mmcblk1p2" ino=9218 scontext=unconfined_u:unconfined_r:semanage_t:s0-s0:c0.c1023 tcontext=unconfined_u:object_r:semanage_store_t:s0 tclass=file permissive=0
Aug 06 17:48:09 tactiq-rock5a audit[740]: AVC avc:  denied  { relabelfrom } for  pid=740 comm="semodule" name="cil" dev="mmcblk1p2" ino=9219 scontext=unconfined_u:unconfined_r:semanage_t:s0-s0:c0.c1023 tcontext=unconfined_u:object_r:semanage_store_t:s0 tclass=file permissive=0
Aug 06 17:48:09 tactiq-rock5a audit[740]: AVC avc:  denied  { relabelfrom } for  pid=740 comm="semodule" name="hll" dev="mmcblk1p2" ino=9220 scontext=unconfined_u:unconfined_r:semanage_t:s0-s0:c0.c1023 tcontext=unconfined_u:object_r:semanage_store_t:s0 tclass=file permissive=0
Aug 06 17:48:09 tactiq-rock5a audit[740]: AVC avc:  denied  { relabelfrom } for  pid=740 comm="semodule" name="init" dev="mmcblk1p2" ino=9217 scontext=unconfined_u:unconfined_r:semanage_t:s0-s0:c0.c1023 tcontext=unconfined_u:object_r:semanage_store_t:s0 tclass=dir permissive=0
Aug 06 17:48:09 tactiq-rock5a audit[740]: AVC avc:  denied  { relabelfrom } for  pid=740 comm="semodule" name="lang_ext" dev="mmcblk1p2" ino=9222 scontext=unconfined_u:unconfined_r:semanage_t:s0-s0:c0.c1023 tcontext=unconfined_u:object_r:semanage_store_t:s0 tclass=file permissive=0
Aug 06 17:48:09 tactiq-rock5a audit[740]: AVC avc:  denied  { relabelfrom } for  pid=740 comm="semodule" name="cil" dev="mmcblk1p2" ino=9223 scontext=unconfined_u:unconfined_r:semanage_t:s0-s0:c0.c1023 tcontext=unconfined_u:object_r:semanage_store_t:s0 tclass=file permissive=0
Aug 06 17:48:09 tactiq-rock5a audit[740]: AVC avc:  denied  { relabelfrom } for  pid=740 comm="semodule" name="hll" dev="mmcblk1p2" ino=9224 scontext=unconfined_u:unconfined_r:semanage_t:s0-s0:c0.c1023 tcontext=unconfined_u:object_r:semanage_store_t:s0 tclass=file permissive=0
Aug 06 17:48:09 tactiq-rock5a audit[740]: AVC avc:  denied  { relabelfrom } for  pid=740 comm="semodule" name="nagios" dev="mmcblk1p2" ino=9221 scontext=unconfined_u:unconfined_r:semanage_t:s0-s0:c0.c1023 tcontext=unconfined_u:object_r:semanage_store_t:s0 tclass=dir permissive=0
Aug 06 17:48:09 tactiq-rock5a audit[740]: AVC avc:  denied  { relabelfrom } for  pid=740 comm="semodule" name="lang_ext" dev="mmcblk1p2" ino=9226 scontext=unconfined_u:unconfined_r:semanage_t:s0-s0:c0.c1023 tcontext=unconfined_u:object_r:semanage_store_t:s0 tclass=file permissive=0
Aug 06 17:48:09 tactiq-rock5a audit[740]: AVC avc:  denied  { relabelfrom } for  pid=740 comm="semodule" name="cil" dev="mmcblk1p2" ino=9227 scontext=unconfined_u:unconfined_r:semanage_t:s0-s0:c0.c1023 tcontext=unconfined_u:object_r:semanage_store_t:s0 tclass=file permissive=0
Aug 06 17:48:09 tactiq-rock5a audit[740]: AVC avc:  denied  { relabelfrom } for  pid=740 comm="semodule" name="hll" dev="mmcblk1p2" ino=9228 scontext=unconfined_u:unconfined_r:semanage_t:s0-s0:c0.c1023 tcontext=unconfined_u:object_r:semanage_store_t:s0 tclass=file permissive=0
Aug 06 17:48:09 tactiq-rock5a audit[740]: AVC avc:  denied  { relabelfrom } for  pid=740 comm="semodule" name="postfixpolicyd" dev="mmcblk1p2" ino=9225 scontext=unconfined_u:unconfined_r:semanage_t:s0-s0:c0.c1023 tcontext=unconfined_u:object_r:semanage_store_t:s0 tclass=dir permissive=0
Aug 06 17:48:09 tactiq-rock5a audit[740]: AVC avc:  denied  { relabelfrom } for  pid=740 comm="semodule" name="lang_ext" dev="mmcblk1p2" ino=9230 scontext=unconfined_u:unconfined_r:semanage_t:s0-s0:c0.c1023 tcontext=unconfined_u:object_r:semanage_store_t:s0 tclass=file permissive=0
Aug 06 17:48:09 tactiq-rock5a audit[740]: AVC avc:  denied  { relabelfrom } for  pid=740 comm="semodule" name="cil" dev="mmcblk1p2" ino=9231 scontext=unconfined_u:unconfined_r:semanage_t:s0-s0:c0.c1023 tcontext=unconfined_u:object_r:semanage_store_t:s0 tclass=file permissive=0
Aug 06 17:48:09 tactiq-rock5a audit[740]: AVC avc:  denied  { relabelfrom } for  pid=740 comm="semodule" name="hll" dev="mmcblk1p2" ino=9232 scontext=unconfined_u:unconfined_r:semanage_t:s0-s0:c0.c1023 tcontext=unconfined_u:object_r:semanage_store_t:s0 tclass=file permissive=0
Aug 06 17:48:09 tactiq-rock5a audit[740]: AVC avc:  denied  { relabelfrom } for  pid=740 comm="semodule" name="qpid" dev="mmcblk1p2" ino=9229 scontext=unconfined_u:unconfined_r:semanage_t:s0-s0:c0.c1023 tcontext=unconfined_u:object_r:semanage_store_t:s0 tclass=dir permissive=0
Aug 06 17:48:09 tactiq-rock5a audit[740]: AVC avc:  denied  { relabelfrom } for  pid=740 comm="semodule" name="lang_ext" dev="mmcblk1p2" ino=9234 scontext=unconfined_u:unconfined_r:semanage_t:s0-s0:c0.c1023 tcontext=unconfined_u:object_r:semanage_store_t:s0 tclass=file permissive=0
Aug 06 17:48:09 tactiq-rock5a audit[740]: AVC avc:  denied  { relabelfrom } for  pid=740 comm="semodule" name="cil" dev="mmcblk1p2" ino=9235 scontext=unconfined_u:unconfined_r:semanage_t:s0-s0:c0.c1023 tcontext=unconfined_u:object_r:semanage_store_t:s0 tclass=file permissive=0
Aug 06 17:48:09 tactiq-rock5a audit[740]: AVC avc:  denied  { relabelfrom } for  pid=740 comm="semodule" name="hll" dev="mmcblk1p2" ino=9236 scontext=unconfined_u:unconfined_r:semanage_t:s0-s0:c0.c1023 tcontext=unconfined_u:object_r:semanage_store_t:s0 tclass=file permissive=0
Aug 06 17:48:09 tactiq-rock5a audit[740]: AVC avc:  denied  { relabelfrom } for  pid=740 comm="semodule" name="vlock" dev="mmcblk1p2" ino=9233 scontext=unconfined_u:unconfined_r:semanage_t:s0-s0:c0.c1023 tcontext=unconfined_u:object_r:semanage_store_t:s0 tclass=dir permissive=0
Aug 06 17:48:09 tactiq-rock5a audit[740]: AVC avc:  denied  { relabelfrom } for  pid=740 comm="semodule" name="lang_ext" dev="mmcblk1p2" ino=9238 scontext=unconfined_u:unconfined_r:semanage_t:s0-s0:c0.c1023 tcontext=unconfined_u:object_r:semanage_store_t:s0 tclass=file permissive=0
Aug 06 17:48:09 tactiq-rock5a audit[740]: AVC avc:  denied  { relabelfrom } for  pid=740 comm="semodule" name="cil" dev="mmcblk1p2" ino=9239 scontext=unconfined_u:unconfined_r:semanage_t:s0-s0:c0.c1023 tcontext=unconfined_u:object_r:semanage_store_t:s0 tclass=file permissive=0
Aug 06 17:48:09 tactiq-rock5a audit[740]: AVC avc:  denied  { relabelfrom } for  pid=740 comm="semodule" name="hll" dev="mmcblk1p2" ino=9240 scontext=unconfined_u:unconfined_r:semanage_t:s0-s0:c0.c1023 tcontext=unconfined_u:object_r:semanage_store_t:s0 tclass=file permissive=0
Aug 06 17:48:09 tactiq-rock5a audit[740]: AVC avc:  denied  { relabelfrom } for  pid=740 comm="semodule" name="cfengine" dev="mmcblk1p2" ino=9237 scontext=unconfined_u:unconfined_r:semanage_t:s0-s0:c0.c1023 tcontext=unconfined_u:object_r:semanage_store_t:s0 tclass=dir permissive=0
Aug 06 17:48:09 tactiq-rock5a audit[740]: AVC avc:  denied  { relabelfrom } for  pid=740 comm="semodule" name="lang_ext" dev="mmcblk1p2" ino=9242 scontext=unconfined_u:unconfined_r:semanage_t:s0-s0:c0.c1023 tcontext=unconfined_u:object_r:semanage_store_t:s0 tclass=file permissive=0
Aug 06 17:48:09 tactiq-rock5a audit[740]: AVC avc:  denied  { relabelfrom } for  pid=740 comm="semodule" name="cil" dev="mmcblk1p2" ino=9243 scontext=unconfined_u:unconfined_r:semanage_t:s0-s0:c0.c1023 tcontext=unconfined_u:object_r:semanage_store_t:s0 tclass=file permissive=0
Aug 06 17:48:09 tactiq-rock5a audit[740]: AVC avc:  denied  { relabelfrom } for  pid=740 comm="semodule" name="hll" dev="mmcblk1p2" ino=9244 scontext=unconfined_u:unconfined_r:semanage_t:s0-s0:c0.c1023 tcontext=unconfined_u:object_r:semanage_store_t:s0 tclass=file permissive=0
Aug 06 17:48:09 tactiq-rock5a audit[740]: AVC avc:  denied  { relabelfrom } for  pid=740 comm="semodule" name="consolesetup" dev="mmcblk1p2" ino=9241 scontext=unconfined_u:unconfined_r:semanage_t:s0-s0:c0.c1023 tcontext=unconfined_u:object_r:semanage_store_t:s0 tclass=dir permissive=0
Aug 06 17:48:09 tactiq-rock5a audit[740]: AVC avc:  denied  { relabelfrom } for  pid=740 comm="semodule" name="lang_ext" dev="mmcblk1p2" ino=9246 scontext=unconfined_u:unconfined_r:semanage_t:s0-s0:c0.c1023 tcontext=unconfined_u:object_r:semanage_store_t:s0 tclass=file permissive=0
Aug 06 17:48:09 tactiq-rock5a audit[740]: AVC avc:  denied  { relabelfrom } for  pid=740 comm="semodule" name="cil" dev="mmcblk1p2" ino=9247 scontext=unconfined_u:unconfined_r:semanage_t:s0-s0:c0.c1023 tcontext=unconfined_u:object_r:semanage_store_t:s0 tclass=file permissive=0
Aug 06 17:48:09 tactiq-rock5a audit[740]: AVC avc:  denied  { relabelfrom } for  pid=740 comm="semodule" name="hll" dev="mmcblk1p2" ino=9248 scontext=unconfined_u:unconfined_r:semanage_t:s0-s0:c0.c1023 tcontext=unconfined_u:object_r:semanage_store_t:s0 tclass=file permissive=0
Aug 06 17:48:09 tactiq-rock5a audit[740]: AVC avc:  denied  { relabelfrom } for  pid=740 comm="semodule" name="knot" dev="mmcblk1p2" ino=9245 scontext=unconfined_u:unconfined_r:semanage_t:s0-s0:c0.c1023 tcontext=unconfined_u:object_r:semanage_store_t:s0 tclass=dir permissive=0
Aug 06 17:48:09 tactiq-rock5a audit[740]: AVC avc:  denied  { relabelfrom } for  pid=740 comm="semodule" name="lang_ext" dev="mmcblk1p2" ino=9250 scontext=unconfined_u:unconfined_r:semanage_t:s0-s0:c0.c1023 tcontext=unconfined_u:object_r:semanage_store_t:s0 tclass=file permissive=0
Aug 06 17:48:09 tactiq-rock5a audit[740]: AVC avc:  denied  { relabelfrom } for  pid=740 comm="semodule" name="cil" dev="mmcblk1p2" ino=9251 scontext=unconfined_u:unconfined_r:semanage_t:s0-s0:c0.c1023 tcontext=unconfined_u:object_r:semanage_store_t:s0 tclass=file permissive=0
Aug 06 17:48:09 tactiq-rock5a audit[740]: AVC avc:  denied  { relabelfrom } for  pid=740 comm="semodule" name="hll" dev="mmcblk1p2" ino=9252 scontext=unconfined_u:unconfined_r:semanage_t:s0-s0:c0.c1023 tcontext=unconfined_u:object_r:semanage_store_t:s0 tclass=file permissive=0
Aug 06 17:48:09 tactiq-rock5a audit[740]: AVC avc:  denied  { relabelfrom } for  pid=740 comm="semodule" name="postfix" dev="mmcblk1p2" ino=9249 scontext=unconfined_u:unconfined_r:semanage_t:s0-s0:c0.c1023 tcontext=unconfined_u:object_r:semanage_store_t:s0 tclass=dir permissive=0
Aug 06 17:48:09 tactiq-rock5a audit[740]: AVC avc:  denied  { relabelfrom } for  pid=740 comm="semodule" name="lang_ext" dev="mmcblk1p2" ino=9254 scontext=unconfined_u:unconfined_r:semanage_t:s0-s0:c0.c1023 tcontext=unconfined_u:object_r:semanage_store_t:s0 tclass=file permissive=0
Aug 06 17:48:09 tactiq-rock5a audit[740]: AVC avc:  denied  { relabelfrom } for  pid=740 comm="semodule" name="cil" dev="mmcblk1p2" ino=9255 scontext=unconfined_u:unconfined_r:semanage_t:s0-s0:c0.c1023 tcontext=unconfined_u:object_r:semanage_store_t:s0 tclass=file permissive=0
Aug 06 17:48:09 tactiq-rock5a audit[740]: AVC avc:  denied  { relabelfrom } for  pid=740 comm="semodule" name="hll" dev="mmcblk1p2" ino=9256 scontext=unconfined_u:unconfined_r:semanage_t:s0-s0:c0.c1023 tcontext=unconfined_u:object_r:semanage_store_t:s0 tclass=file permissive=0
Aug 06 17:48:09 tactiq-rock5a audit[740]: AVC avc:  denied  { relabelfrom } for  pid=740 comm="semodule" name="ctdb" dev="mmcblk1p2" ino=9253 scontext=unconfined_u:unconfined_r:semanage_t:s0-s0:c0.c1023 tcontext=unconfined_u:object_r:semanage_store_t:s0 tclass=dir permissive=0
Aug 06 17:48:09 tactiq-rock5a audit[740]: AVC avc:  denied  { relabelfrom } for  pid=740 comm="semodule" name="lang_ext" dev="mmcblk1p2" ino=9258 scontext=unconfined_u:unconfined_r:semanage_t:s0-s0:c0.c1023 tcontext=unconfined_u:object_r:semanage_store_t:s0 tclass=file permissive=0
Aug 06 17:48:09 tactiq-rock5a audit[740]: AVC avc:  denied  { relabelfrom } for  pid=740 comm="semodule" name="cil" dev="mmcblk1p2" ino=9259 scontext=unconfined_u:unconfined_r:semanage_t:s0-s0:c0.c1023 tcontext=unconfined_u:object_r:semanage_store_t:s0 tclass=file permissive=0
Aug 06 17:48:09 tactiq-rock5a audit[740]: AVC avc:  denied  { relabelfrom } for  pid=740 comm="semodule" name="hll" dev="mmcblk1p2" ino=9260 scontext=unconfined_u:unconfined_r:semanage_t:s0-s0:c0.c1023 tcontext=unconfined_u:object_r:semanage_store_t:s0 tclass=file permissive=0
Aug 06 17:48:09 tactiq-rock5a audit[740]: AVC avc:  denied  { relabelfrom } for  pid=740 comm="semodule" name="shutdown" dev="mmcblk1p2" ino=9257 scontext=unconfined_u:unconfined_r:semanage_t:s0-s0:c0.c1023 tcontext=unconfined_u:object_r:semanage_store_t:s0 tclass=dir permissive=0
Aug 06 17:48:09 tactiq-rock5a audit[740]: AVC avc:  denied  { relabelfrom } for  pid=740 comm="semodule" name="lang_ext" dev="mmcblk1p2" ino=9262 scontext=unconfined_u:unconfined_r:semanage_t:s0-s0:c0.c1023 tcontext=unconfined_u:object_r:semanage_store_t:s0 tclass=file permissive=0
Aug 06 17:48:09 tactiq-rock5a audit[740]: AVC avc:  denied  { relabelfrom } for  pid=740 comm="semodule" name="cil" dev="mmcblk1p2" ino=9263 scontext=unconfined_u:unconfined_r:semanage_t:s0-s0:c0.c1023 tcontext=unconfined_u:object_r:semanage_store_t:s0 tclass=file permissive=0
Aug 06 17:48:09 tactiq-rock5a audit[740]: AVC avc:  denied  { relabelfrom } for  pid=740 comm="semodule" name="hll" dev="mmcblk1p2" ino=9264 scontext=unconfined_u:unconfined_r:semanage_t:s0-s0:c0.c1023 tcontext=unconfined_u:object_r:semanage_store_t:s0 tclass=file permissive=0
Aug 06 17:48:09 tactiq-rock5a audit[740]: AVC avc:  denied  { relabelfrom } for  pid=740 comm="semodule" name="calamaris" dev="mmcblk1p2" ino=9261 scontext=unconfined_u:unconfined_r:semanage_t:s0-s0:c0.c1023 tcontext=unconfined_u:object_r:semanage_store_t:s0 tclass=dir permissive=0
Aug 06 17:48:09 tactiq-rock5a audit[740]: AVC avc:  denied  { relabelfrom } for  pid=740 comm="semodule" name="lang_ext" dev="mmcblk1p2" ino=9266 scontext=unconfined_u:unconfined_r:semanage_t:s0-s0:c0.c1023 tcontext=unconfined_u:object_r:semanage_store_t:s0 tclass=file permissive=0
Aug 06 17:48:09 tactiq-rock5a audit[740]: AVC avc:  denied  { relabelfrom } for  pid=740 comm="semodule" name="cil" dev="mmcblk1p2" ino=9267 scontext=unconfined_u:unconfined_r:semanage_t:s0-s0:c0.c1023 tcontext=unconfined_u:object_r:semanage_store_t:s0 tclass=file permissive=0
Aug 06 17:48:09 tactiq-rock5a audit[740]: AVC avc:  denied  { relabelfrom } for  pid=740 comm="semodule" name="hll" dev="mmcblk1p2" ino=9268 scontext=unconfined_u:unconfined_r:semanage_t:s0-s0:c0.c1023 tcontext=unconfined_u:object_r:semanage_store_t:s0 tclass=file permissive=0
Aug 06 17:48:09 tactiq-rock5a audit[740]: AVC avc:  denied  { relabelfrom } for  pid=740 comm="semodule" name="dictd" dev="mmcblk1p2" ino=9265 scontext=unconfined_u:unconfined_r:semanage_t:s0-s0:c0.c1023 tcontext=unconfined_u:object_r:semanage_store_t:s0 tclass=dir permissive=0
Aug 06 17:48:09 tactiq-rock5a audit[740]: AVC avc:  denied  { relabelfrom } for  pid=740 comm="semodule" name="lang_ext" dev="mmcblk1p2" ino=9270 scontext=unconfined_u:unconfined_r:semanage_t:s0-s0:c0.c1023 tcontext=unconfined_u:object_r:semanage_store_t:s0 tclass=file permissive=0
Aug 06 17:48:09 tactiq-rock5a audit[740]: AVC avc:  denied  { relabelfrom } for  pid=740 comm="semodule" name="cil" dev="mmcblk1p2" ino=9271 scontext=unconfined_u:unconfined_r:semanage_t:s0-s0:c0.c1023 tcontext=unconfined_u:object_r:semanage_store_t:s0 tclass=file permissive=0
Aug 06 17:48:09 tactiq-rock5a audit[740]: AVC avc:  denied  { relabelfrom } for  pid=740 comm="semodule" name="hll" dev="mmcblk1p2" ino=9272 scontext=unconfined_u:unconfined_r:semanage_t:s0-s0:c0.c1023 tcontext=unconfined_u:object_r:semanage_store_t:s0 tclass=file permissive=0
Aug 06 17:48:09 tactiq-rock5a audit[740]: AVC avc:  denied  { relabelfrom } for  pid=740 comm="semodule" name="tactiq_rauc" dev="mmcblk1p2" ino=9269 scontext=unconfined_u:unconfined_r:semanage_t:s0-s0:c0.c1023 tcontext=unconfined_u:object_r:semanage_store_t:s0 tclass=dir permissive=0
Aug 06 17:48:09 tactiq-rock5a audit[740]: AVC avc:  denied  { relabelfrom } for  pid=740 comm="semodule" name="lang_ext" dev="mmcblk1p2" ino=9274 scontext=unconfined_u:unconfined_r:semanage_t:s0-s0:c0.c1023 tcontext=unconfined_u:object_r:semanage_store_t:s0 tclass=file permissive=0
Aug 06 17:48:09 tactiq-rock5a audit[740]: AVC avc:  denied  { relabelfrom } for  pid=740 comm="semodule" name="cil" dev="mmcblk1p2" ino=9275 scontext=unconfined_u:unconfined_r:semanage_t:s0-s0:c0.c1023 tcontext=unconfined_u:object_r:semanage_store_t:s0 tclass=file permissive=0
Aug 06 17:48:09 tactiq-rock5a audit[740]: AVC avc:  denied  { relabelfrom } for  pid=740 comm="semodule" name="hll" dev="mmcblk1p2" ino=9276 scontext=unconfined_u:unconfined_r:semanage_t:s0-s0:c0.c1023 tcontext=unconfined_u:object_r:semanage_store_t:s0 tclass=file permissive=0
Aug 06 17:48:09 tactiq-rock5a audit[740]: AVC avc:  denied  { relabelfrom } for  pid=740 comm="semodule" name="jabber" dev="mmcblk1p2" ino=9273 scontext=unconfined_u:unconfined_r:semanage_t:s0-s0:c0.c1023 tcontext=unconfined_u:object_r:semanage_store_t:s0 tclass=dir permissive=0
Aug 06 17:48:09 tactiq-rock5a audit[740]: AVC avc:  denied  { relabelfrom } for  pid=740 comm="semodule" name="lang_ext" dev="mmcblk1p2" ino=9278 scontext=unconfined_u:unconfined_r:semanage_t:s0-s0:c0.c1023 tcontext=unconfined_u:object_r:semanage_store_t:s0 tclass=file permissive=0
Aug 06 17:48:09 tactiq-rock5a audit[740]: AVC avc:  denied  { relabelfrom } for  pid=740 comm="semodule" name="cil" dev="mmcblk1p2" ino=9279 scontext=unconfined_u:unconfined_r:semanage_t:s0-s0:c0.c1023 tcontext=unconfined_u:object_r:semanage_store_t:s0 tclass=file permissive=0
Aug 06 17:48:09 tactiq-rock5a audit[740]: AVC avc:  denied  { relabelfrom } for  pid=740 comm="semodule" name="hll" dev="mmcblk1p2" ino=9280 scontext=unconfined_u:unconfined_r:semanage_t:s0-s0:c0.c1023 tcontext=unconfined_u:object_r:semanage_store_t:s0 tclass=file permissive=0
Aug 06 17:48:09 tactiq-rock5a audit[740]: AVC avc:  denied  { relabelfrom } for  pid=740 comm="semodule" name="tactiq_vault" dev="mmcblk1p2" ino=9277 scontext=unconfined_u:unconfined_r:semanage_t:s0-s0:c0.c1023 tcontext=unconfined_u:object_r:semanage_store_t:s0 tclass=dir permissive=0
Aug 06 17:48:09 tactiq-rock5a audit[740]: AVC avc:  denied  { relabelfrom } for  pid=740 comm="semodule" name="lang_ext" dev="mmcblk1p2" ino=9282 scontext=unconfined_u:unconfined_r:semanage_t:s0-s0:c0.c1023 tcontext=unconfined_u:object_r:semanage_store_t:s0 tclass=file permissive=0
Aug 06 17:48:09 tactiq-rock5a audit[740]: AVC avc:  denied  { relabelfrom } for  pid=740 comm="semodule" name="cil" dev="mmcblk1p2" ino=9283 scontext=unconfined_u:unconfined_r:semanage_t:s0-s0:c0.c1023 tcontext=unconfined_u:object_r:semanage_store_t:s0 tclass=file permissive=0
Aug 06 17:48:09 tactiq-rock5a audit[740]: AVC avc:  denied  { relabelfrom } for  pid=740 comm="semodule" name="hll" dev="mmcblk1p2" ino=9284 scontext=unconfined_u:unconfined_r:semanage_t:s0-s0:c0.c1023 tcontext=unconfined_u:object_r:semanage_store_t:s0 tclass=file permissive=0
Aug 06 17:48:09 tactiq-rock5a audit[740]: AVC avc:  denied  { relabelfrom } for  pid=740 comm="semodule" name="perdition" dev="mmcblk1p2" ino=9281 scontext=unconfined_u:unconfined_r:semanage_t:s0-s0:c0.c1023 tcontext=unconfined_u:object_r:semanage_store_t:s0 tclass=dir permissive=0
Aug 06 17:48:09 tactiq-rock5a audit[740]: AVC avc:  denied  { relabelfrom } for  pid=740 comm="semodule" name="lang_ext" dev="mmcblk1p2" ino=9286 scontext=unconfined_u:unconfined_r:semanage_t:s0-s0:c0.c1023 tcontext=unconfined_u:object_r:semanage_store_t:s0 tclass=file permissive=0
Aug 06 17:48:09 tactiq-rock5a audit[740]: AVC avc:  denied  { relabelfrom } for  pid=740 comm="semodule" name="cil" dev="mmcblk1p2" ino=9287 scontext=unconfined_u:unconfined_r:semanage_t:s0-s0:c0.c1023 tcontext=unconfined_u:object_r:semanage_store_t:s0 tclass=file permissive=0
Aug 06 17:48:09 tactiq-rock5a audit[740]: AVC avc:  denied  { relabelfrom } for  pid=740 comm="semodule" name="hll" dev="mmcblk1p2" ino=9288 scontext=unconfined_u:unconfined_r:semanage_t:s0-s0:c0.c1023 tcontext=unconfined_u:object_r:semanage_store_t:s0 tclass=file permissive=0
Aug 06 17:48:09 tactiq-rock5a audit[740]: AVC avc:  denied  { relabelfrom } for  pid=740 comm="semodule" name="systemd" dev="mmcblk1p2" ino=9285 scontext=unconfined_u:unconfined_r:semanage_t:s0-s0:c0.c1023 tcontext=unconfined_u:object_r:semanage_store_t:s0 tclass=dir permissive=0
Aug 06 17:48:09 tactiq-rock5a audit[740]: AVC avc:  denied  { relabelfrom } for  pid=740 comm="semodule" name="lang_ext" dev="mmcblk1p2" ino=9290 scontext=unconfined_u:unconfined_r:semanage_t:s0-s0:c0.c1023 tcontext=unconfined_u:object_r:semanage_store_t:s0 tclass=file permissive=0
Aug 06 17:48:09 tactiq-rock5a audit[740]: AVC avc:  denied  { relabelfrom } for  pid=740 comm="semodule" name="cil" dev="mmcblk1p2" ino=9291 scontext=unconfined_u:unconfined_r:semanage_t:s0-s0:c0.c1023 tcontext=unconfined_u:object_r:semanage_store_t:s0 tclass=file permissive=0
Aug 06 17:48:09 tactiq-rock5a audit[740]: AVC avc:  denied  { relabelfrom } for  pid=740 comm="semodule" name="hll" dev="mmcblk1p2" ino=9292 scontext=unconfined_u:unconfined_r:semanage_t:s0-s0:c0.c1023 tcontext=unconfined_u:object_r:semanage_store_t:s0 tclass=file permissive=0
Aug 06 17:48:09 tactiq-rock5a audit[740]: AVC avc:  denied  { relabelfrom } for  pid=740 comm="semodule" name="selinuxutil" dev="mmcblk1p2" ino=9289 scontext=unconfined_u:unconfined_r:semanage_t:s0-s0:c0.c1023 tcontext=unconfined_u:object_r:semanage_store_t:s0 tclass=dir permissive=0
Aug 06 17:48:09 tactiq-rock5a audit[740]: AVC avc:  denied  { relabelfrom } for  pid=740 comm="semodule" name="lang_ext" dev="mmcblk1p2" ino=9294 scontext=unconfined_u:unconfined_r:semanage_t:s0-s0:c0.c1023 tcontext=unconfined_u:object_r:semanage_store_t:s0 tclass=file permissive=0
Aug 06 17:48:09 tactiq-rock5a audit[740]: AVC avc:  denied  { relabelfrom } for  pid=740 comm="semodule" name="cil" dev="mmcblk1p2" ino=9295 scontext=unconfined_u:unconfined_r:semanage_t:s0-s0:c0.c1023 tcontext=unconfined_u:object_r:semanage_store_t:s0 tclass=file permissive=0
Aug 06 17:48:09 tactiq-rock5a audit[740]: AVC avc:  denied  { relabelfrom } for  pid=740 comm="semodule" name="hll" dev="mmcblk1p2" ino=9296 scontext=unconfined_u:unconfined_r:semanage_t:s0-s0:c0.c1023 tcontext=unconfined_u:object_r:semanage_store_t:s0 tclass=file permissive=0
Aug 06 17:48:09 tactiq-rock5a audit[740]: AVC avc:  denied  { relabelfrom } for  pid=740 comm="semodule" name="bacula" dev="mmcblk1p2" ino=9293 scontext=unconfined_u:unconfined_r:semanage_t:s0-s0:c0.c1023 tcontext=unconfined_u:object_r:semanage_store_t:s0 tclass=dir permissive=0
Aug 06 17:48:09 tactiq-rock5a audit[740]: AVC avc:  denied  { relabelfrom } for  pid=740 comm="semodule" name="lang_ext" dev="mmcblk1p2" ino=9298 scontext=unconfined_u:unconfined_r:semanage_t:s0-s0:c0.c1023 tcontext=unconfined_u:object_r:semanage_store_t:s0 tclass=file permissive=0
Aug 06 17:48:09 tactiq-rock5a audit[740]: AVC avc:  denied  { relabelfrom } for  pid=740 comm="semodule" name="cil" dev="mmcblk1p2" ino=9299 scontext=unconfined_u:unconfined_r:semanage_t:s0-s0:c0.c1023 tcontext=unconfined_u:object_r:semanage_store_t:s0 tclass=file permissive=0
Aug 06 17:48:09 tactiq-rock5a audit[740]: AVC avc:  denied  { relabelfrom } for  pid=740 comm="semodule" name="hll" dev="mmcblk1p2" ino=9300 scontext=unconfined_u:unconfined_r:semanage_t:s0-s0:c0.c1023 tcontext=unconfined_u:object_r:semanage_store_t:s0 tclass=file permissive=0
Aug 06 17:48:09 tactiq-rock5a audit[740]: AVC avc:  denied  { relabelfrom } for  pid=740 comm="semodule" name="dpkg" dev="mmcblk1p2" ino=9297 scontext=unconfined_u:unconfined_r:semanage_t:s0-s0:c0.c1023 tcontext=unconfined_u:object_r:semanage_store_t:s0 tclass=dir permissive=0
Aug 06 17:48:09 tactiq-rock5a audit[740]: AVC avc:  denied  { relabelfrom } for  pid=740 comm="semodule" name="lang_ext" dev="mmcblk1p2" ino=9302 scontext=unconfined_u:unconfined_r:semanage_t:s0-s0:c0.c1023 tcontext=unconfined_u:object_r:semanage_store_t:s0 tclass=file permissive=0
Aug 06 17:48:09 tactiq-rock5a audit[740]: AVC avc:  denied  { relabelfrom } for  pid=740 comm="semodule" name="cil" dev="mmcblk1p2" ino=9303 scontext=unconfined_u:unconfined_r:semanage_t:s0-s0:c0.c1023 tcontext=unconfined_u:object_r:semanage_store_t:s0 tclass=file permissive=0
Aug 06 17:48:09 tactiq-rock5a audit[740]: AVC avc:  denied  { relabelfrom } for  pid=740 comm="semodule" name="hll" dev="mmcblk1p2" ino=9304 scontext=unconfined_u:unconfined_r:semanage_t:s0-s0:c0.c1023 tcontext=unconfined_u:object_r:semanage_store_t:s0 tclass=file permissive=0
Aug 06 17:48:09 tactiq-rock5a audit[740]: AVC avc:  denied  { relabelfrom } for  pid=740 comm="semodule" name="qmail" dev="mmcblk1p2" ino=9301 scontext=unconfined_u:unconfined_r:semanage_t:s0-s0:c0.c1023 tcontext=unconfined_u:object_r:semanage_store_t:s0 tclass=dir permissive=0
Aug 06 17:48:09 tactiq-rock5a audit[740]: AVC avc:  denied  { relabelfrom } for  pid=740 comm="semodule" name="lang_ext" dev="mmcblk1p2" ino=9306 scontext=unconfined_u:unconfined_r:semanage_t:s0-s0:c0.c1023 tcontext=unconfined_u:object_r:semanage_store_t:s0 tclass=file permissive=0
Aug 06 17:48:09 tactiq-rock5a audit[740]: AVC avc:  denied  { relabelfrom } for  pid=740 comm="semodule" name="cil" dev="mmcblk1p2" ino=9307 scontext=unconfined_u:unconfined_r:semanage_t:s0-s0:c0.c1023 tcontext=unconfined_u:object_r:semanage_store_t:s0 tclass=file permissive=0
Aug 06 17:48:09 tactiq-rock5a audit[740]: AVC avc:  denied  { relabelfrom } for  pid=740 comm="semodule" name="hll" dev="mmcblk1p2" ino=9308 scontext=unconfined_u:unconfined_r:semanage_t:s0-s0:c0.c1023 tcontext=unconfined_u:object_r:semanage_store_t:s0 tclass=file permissive=0
Aug 06 17:48:09 tactiq-rock5a audit[740]: AVC avc:  denied  { relabelfrom } for  pid=740 comm="semodule" name="memcached" dev="mmcblk1p2" ino=9305 scontext=unconfined_u:unconfined_r:semanage_t:s0-s0:c0.c1023 tcontext=unconfined_u:object_r:semanage_store_t:s0 tclass=dir permissive=0
Aug 06 17:48:09 tactiq-rock5a audit[740]: AVC avc:  denied  { relabelfrom } for  pid=740 comm="semodule" name="lang_ext" dev="mmcblk1p2" ino=9310 scontext=unconfined_u:unconfined_r:semanage_t:s0-s0:c0.c1023 tcontext=unconfined_u:object_r:semanage_store_t:s0 tclass=file permissive=0
Aug 06 17:48:09 tactiq-rock5a audit[740]: AVC avc:  denied  { relabelfrom } for  pid=740 comm="semodule" name="cil" dev="mmcblk1p2" ino=9311 scontext=unconfined_u:unconfined_r:semanage_t:s0-s0:c0.c1023 tcontext=unconfined_u:object_r:semanage_store_t:s0 tclass=file permissive=0
Aug 06 17:48:09 tactiq-rock5a audit[740]: AVC avc:  denied  { relabelfrom } for  pid=740 comm="semodule" name="hll" dev="mmcblk1p2" ino=9312 scontext=unconfined_u:unconfined_r:semanage_t:s0-s0:c0.c1023 tcontext=unconfined_u:object_r:semanage_store_t:s0 tclass=file permissive=0
Aug 06 17:48:09 tactiq-rock5a audit[740]: AVC avc:  denied  { relabelfrom } for  pid=740 comm="semodule" name="realmd" dev="mmcblk1p2" ino=9309 scontext=unconfined_u:unconfined_r:semanage_t:s0-s0:c0.c1023 tcontext=unconfined_u:object_r:semanage_store_t:s0 tclass=dir permissive=0
Aug 06 17:48:09 tactiq-rock5a audit[740]: AVC avc:  denied  { relabelfrom } for  pid=740 comm="semodule" name="lang_ext" dev="mmcblk1p2" ino=9314 scontext=unconfined_u:unconfined_r:semanage_t:s0-s0:c0.c1023 tcontext=unconfined_u:object_r:semanage_store_t:s0 tclass=file permissive=0
Aug 06 17:48:09 tactiq-rock5a audit[740]: AVC avc:  denied  { relabelfrom } for  pid=740 comm="semodule" name="cil" dev="mmcblk1p2" ino=9315 scontext=unconfined_u:unconfined_r:semanage_t:s0-s0:c0.c1023 tcontext=unconfined_u:object_r:semanage_store_t:s0 tclass=file permissive=0
Aug 06 17:48:09 tactiq-rock5a audit[740]: AVC avc:  denied  { relabelfrom } for  pid=740 comm="semodule" name="hll" dev="mmcblk1p2" ino=9316 scontext=unconfined_u:unconfined_r:semanage_t:s0-s0:c0.c1023 tcontext=unconfined_u:object_r:semanage_store_t:s0 tclass=file permissive=0
Aug 06 17:48:09 tactiq-rock5a audit[740]: AVC avc:  denied  { relabelfrom } for  pid=740 comm="semodule" name="kdump" dev="mmcblk1p2" ino=9313 scontext=unconfined_u:unconfined_r:semanage_t:s0-s0:c0.c1023 tcontext=unconfined_u:object_r:semanage_store_t:s0 tclass=dir permissive=0
Aug 06 17:48:09 tactiq-rock5a audit[740]: AVC avc:  denied  { relabelfrom } for  pid=740 comm="semodule" name="lang_ext" dev="mmcblk1p2" ino=9318 scontext=unconfined_u:unconfined_r:semanage_t:s0-s0:c0.c1023 tcontext=unconfined_u:object_r:semanage_store_t:s0 tclass=file permissive=0
Aug 06 17:48:09 tactiq-rock5a audit[740]: AVC avc:  denied  { relabelfrom } for  pid=740 comm="semodule" name="cil" dev="mmcblk1p2" ino=9319 scontext=unconfined_u:unconfined_r:semanage_t:s0-s0:c0.c1023 tcontext=unconfined_u:object_r:semanage_store_t:s0 tclass=file permissive=0
Aug 06 17:48:09 tactiq-rock5a audit[740]: AVC avc:  denied  { relabelfrom } for  pid=740 comm="semodule" name="hll" dev="mmcblk1p2" ino=9320 scontext=unconfined_u:unconfined_r:semanage_t:s0-s0:c0.c1023 tcontext=unconfined_u:object_r:semanage_store_t:s0 tclass=file permissive=0
Aug 06 17:48:09 tactiq-rock5a audit[740]: AVC avc:  denied  { relabelfrom } for  pid=740 comm="semodule" name="gatekeeper" dev="mmcblk1p2" ino=9317 scontext=unconfined_u:unconfined_r:semanage_t:s0-s0:c0.c1023 tcontext=unconfined_u:object_r:semanage_store_t:s0 tclass=dir permissive=0
Aug 06 17:48:09 tactiq-rock5a audit[740]: AVC avc:  denied  { relabelfrom } for  pid=740 comm="semodule" name="lang_ext" dev="mmcblk1p2" ino=9322 scontext=unconfined_u:unconfined_r:semanage_t:s0-s0:c0.c1023 tcontext=unconfined_u:object_r:semanage_store_t:s0 tclass=file permissive=0
Aug 06 17:48:09 tactiq-rock5a audit[740]: AVC avc:  denied  { relabelfrom } for  pid=740 comm="semodule" name="cil" dev="mmcblk1p2" ino=9323 scontext=unconfined_u:unconfined_r:semanage_t:s0-s0:c0.c1023 tcontext=unconfined_u:object_r:semanage_store_t:s0 tclass=file permissive=0
Aug 06 17:48:09 tactiq-rock5a audit[740]: AVC avc:  denied  { relabelfrom } for  pid=740 comm="semodule" name="hll" dev="mmcblk1p2" ino=9324 scontext=unconfined_u:unconfined_r:semanage_t:s0-s0:c0.c1023 tcontext=unconfined_u:object_r:semanage_store_t:s0 tclass=file permissive=0
Aug 06 17:48:09 tactiq-rock5a audit[740]: AVC avc:  denied  { relabelfrom } for  pid=740 comm="semodule" name="rabbitmq" dev="mmcblk1p2" ino=9321 scontext=unconfined_u:unconfined_r:semanage_t:s0-s0:c0.c1023 tcontext=unconfined_u:object_r:semanage_store_t:s0 tclass=dir permissive=0
Aug 06 17:48:09 tactiq-rock5a audit[740]: AVC avc:  denied  { relabelfrom } for  pid=740 comm="semodule" name="lang_ext" dev="mmcblk1p2" ino=9326 scontext=unconfined_u:unconfined_r:semanage_t:s0-s0:c0.c1023 tcontext=unconfined_u:object_r:semanage_store_t:s0 tclass=file permissive=0
Aug 06 17:48:09 tactiq-rock5a audit[740]: AVC avc:  denied  { relabelfrom } for  pid=740 comm="semodule" name="cil" dev="mmcblk1p2" ino=9327 scontext=unconfined_u:unconfined_r:semanage_t:s0-s0:c0.c1023 tcontext=unconfined_u:object_r:semanage_store_t:s0 tclass=file permissive=0
Aug 06 17:48:09 tactiq-rock5a audit[740]: AVC avc:  denied  { relabelfrom } for  pid=740 comm="semodule" name="hll" dev="mmcblk1p2" ino=9328 scontext=unconfined_u:unconfined_r:semanage_t:s0-s0:c0.c1023 tcontext=unconfined_u:object_r:semanage_store_t:s0 tclass=file permissive=0
Aug 06 17:48:09 tactiq-rock5a audit[740]: AVC avc:  denied  { relabelfrom } for  pid=740 comm="semodule" name="cgroup" dev="mmcblk1p2" ino=9325 scontext=unconfined_u:unconfined_r:semanage_t:s0-s0:c0.c1023 tcontext=unconfined_u:object_r:semanage_store_t:s0 tclass=dir permissive=0
Aug 06 17:48:09 tactiq-rock5a audit[740]: AVC avc:  denied  { relabelfrom } for  pid=740 comm="semodule" name="lang_ext" dev="mmcblk1p2" ino=9330 scontext=unconfined_u:unconfined_r:semanage_t:s0-s0:c0.c1023 tcontext=unconfined_u:object_r:semanage_store_t:s0 tclass=file permissive=0
Aug 06 17:48:09 tactiq-rock5a audit[740]: AVC avc:  denied  { relabelfrom } for  pid=740 comm="semodule" name="cil" dev="mmcblk1p2" ino=9331 scontext=unconfined_u:unconfined_r:semanage_t:s0-s0:c0.c1023 tcontext=unconfined_u:object_r:semanage_store_t:s0 tclass=file permissive=0
Aug 06 17:48:09 tactiq-rock5a audit[740]: AVC avc:  denied  { relabelfrom } for  pid=740 comm="semodule" name="hll" dev="mmcblk1p2" ino=9332 scontext=unconfined_u:unconfined_r:semanage_t:s0-s0:c0.c1023 tcontext=unconfined_u:object_r:semanage_store_t:s0 tclass=file permissive=0
Aug 06 17:48:09 tactiq-rock5a audit[740]: AVC avc:  denied  { relabelfrom } for  pid=740 comm="semodule" name="pyzor" dev="mmcblk1p2" ino=9329 scontext=unconfined_u:unconfined_r:semanage_t:s0-s0:c0.c1023 tcontext=unconfined_u:object_r:semanage_store_t:s0 tclass=dir permissive=0
Aug 06 17:48:09 tactiq-rock5a audit[740]: AVC avc:  denied  { relabelfrom } for  pid=740 comm="semodule" name="lang_ext" dev="mmcblk1p2" ino=9334 scontext=unconfined_u:unconfined_r:semanage_t:s0-s0:c0.c1023 tcontext=unconfined_u:object_r:semanage_store_t:s0 tclass=file permissive=0
Aug 06 17:48:09 tactiq-rock5a audit[740]: AVC avc:  denied  { relabelfrom } for  pid=740 comm="semodule" name="cil" dev="mmcblk1p2" ino=9335 scontext=unconfined_u:unconfined_r:semanage_t:s0-s0:c0.c1023 tcontext=unconfined_u:object_r:semanage_store_t:s0 tclass=file permissive=0
Aug 06 17:48:09 tactiq-rock5a audit[740]: AVC avc:  denied  { relabelfrom } for  pid=740 comm="semodule" name="hll" dev="mmcblk1p2" ino=9336 scontext=unconfined_u:unconfined_r:semanage_t:s0-s0:c0.c1023 tcontext=unconfined_u:object_r:semanage_store_t:s0 tclass=file permissive=0
Aug 06 17:48:09 tactiq-rock5a audit[740]: AVC avc:  denied  { relabelfrom } for  pid=740 comm="semodule" name="vmware" dev="mmcblk1p2" ino=9333 scontext=unconfined_u:unconfined_r:semanage_t:s0-s0:c0.c1023 tcontext=unconfined_u:object_r:semanage_store_t:s0 tclass=dir permissive=0
Aug 06 17:48:09 tactiq-rock5a audit[740]: AVC avc:  denied  { relabelfrom } for  pid=740 comm="semodule" name="lang_ext" dev="mmcblk1p2" ino=9338 scontext=unconfined_u:unconfined_r:semanage_t:s0-s0:c0.c1023 tcontext=unconfined_u:object_r:semanage_store_t:s0 tclass=file permissive=0
Aug 06 17:48:09 tactiq-rock5a audit[740]: AVC avc:  denied  { relabelfrom } for  pid=740 comm="semodule" name="cil" dev="mmcblk1p2" ino=9339 scontext=unconfined_u:unconfined_r:semanage_t:s0-s0:c0.c1023 tcontext=unconfined_u:object_r:semanage_store_t:s0 tclass=file permissive=0
Aug 06 17:48:09 tactiq-rock5a audit[740]: AVC avc:  denied  { relabelfrom } for  pid=740 comm="semodule" name="hll" dev="mmcblk1p2" ino=9340 scontext=unconfined_u:unconfined_r:semanage_t:s0-s0:c0.c1023 tcontext=unconfined_u:object_r:semanage_store_t:s0 tclass=file permissive=0
Aug 06 17:48:09 tactiq-rock5a audit[740]: AVC avc:  denied  { relabelfrom } for  pid=740 comm="semodule" name="ipmitool" dev="mmcblk1p2" ino=9337 scontext=unconfined_u:unconfined_r:semanage_t:s0-s0:c0.c1023 tcontext=unconfined_u:object_r:semanage_store_t:s0 tclass=dir permissive=0
Aug 06 17:48:09 tactiq-rock5a audit[740]: AVC avc:  denied  { relabelfrom } for  pid=740 comm="semodule" name="lang_ext" dev="mmcblk1p2" ino=9342 scontext=unconfined_u:unconfined_r:semanage_t:s0-s0:c0.c1023 tcontext=unconfined_u:object_r:semanage_store_t:s0 tclass=file permissive=0
Aug 06 17:48:09 tactiq-rock5a audit[740]: AVC avc:  denied  { relabelfrom } for  pid=740 comm="semodule" name="cil" dev="mmcblk1p2" ino=9343 scontext=unconfined_u:unconfined_r:semanage_t:s0-s0:c0.c1023 tcontext=unconfined_u:object_r:semanage_store_t:s0 tclass=file permissive=0
Aug 06 17:48:09 tactiq-rock5a audit[740]: AVC avc:  denied  { relabelfrom } for  pid=740 comm="semodule" name="hll" dev="mmcblk1p2" ino=9344 scontext=unconfined_u:unconfined_r:semanage_t:s0-s0:c0.c1023 tcontext=unconfined_u:object_r:semanage_store_t:s0 tclass=file permissive=0
Aug 06 17:48:09 tactiq-rock5a audit[740]: AVC avc:  denied  { relabelfrom } for  pid=740 comm="semodule" name="glusterfs" dev="mmcblk1p2" ino=9341 scontext=unconfined_u:unconfined_r:semanage_t:s0-s0:c0.c1023 tcontext=unconfined_u:object_r:semanage_store_t:s0 tclass=dir permissive=0
Aug 06 17:48:09 tactiq-rock5a audit[740]: AVC avc:  denied  { relabelfrom } for  pid=740 comm="semodule" name="lang_ext" dev="mmcblk1p2" ino=9346 scontext=unconfined_u:unconfined_r:semanage_t:s0-s0:c0.c1023 tcontext=unconfined_u:object_r:semanage_store_t:s0 tclass=file permissive=0
Aug 06 17:48:09 tactiq-rock5a audit[740]: AVC avc:  denied  { relabelfrom } for  pid=740 comm="semodule" name="cil" dev="mmcblk1p2" ino=9347 scontext=unconfined_u:unconfined_r:semanage_t:s0-s0:c0.c1023 tcontext=unconfined_u:object_r:semanage_store_t:s0 tclass=file permissive=0
Aug 06 17:48:09 tactiq-rock5a audit[740]: AVC avc:  denied  { relabelfrom } for  pid=740 comm="semodule" name="hll" dev="mmcblk1p2" ino=9348 scontext=unconfined_u:unconfined_r:semanage_t:s0-s0:c0.c1023 tcontext=unconfined_u:object_r:semanage_store_t:s0 tclass=file permissive=0
Aug 06 17:48:09 tactiq-rock5a audit[740]: AVC avc:  denied  { relabelfrom } for  pid=740 comm="semodule" name="numad" dev="mmcblk1p2" ino=9345 scontext=unconfined_u:unconfined_r:semanage_t:s0-s0:c0.c1023 tcontext=unconfined_u:object_r:semanage_store_t:s0 tclass=dir permissive=0
Aug 06 17:48:09 tactiq-rock5a audit[740]: AVC avc:  denied  { relabelfrom } for  pid=740 comm="semodule" name="lang_ext" dev="mmcblk1p2" ino=9350 scontext=unconfined_u:unconfined_r:semanage_t:s0-s0:c0.c1023 tcontext=unconfined_u:object_r:semanage_store_t:s0 tclass=file permissive=0
Aug 06 17:48:09 tactiq-rock5a audit[740]: AVC avc:  denied  { relabelfrom } for  pid=740 comm="semodule" name="cil" dev="mmcblk1p2" ino=9351 scontext=unconfined_u:unconfined_r:semanage_t:s0-s0:c0.c1023 tcontext=unconfined_u:object_r:semanage_store_t:s0 tclass=file permissive=0
Aug 06 17:48:09 tactiq-rock5a audit[740]: AVC avc:  denied  { relabelfrom } for  pid=740 comm="semodule" name="hll" dev="mmcblk1p2" ino=9352 scontext=unconfined_u:unconfined_r:semanage_t:s0-s0:c0.c1023 tcontext=unconfined_u:object_r:semanage_store_t:s0 tclass=file permissive=0
Aug 06 17:48:09 tactiq-rock5a audit[740]: AVC avc:  denied  { relabelfrom } for  pid=740 comm="semodule" name="networkmanager" dev="mmcblk1p2" ino=9349 scontext=unconfined_u:unconfined_r:semanage_t:s0-s0:c0.c1023 tcontext=unconfined_u:object_r:semanage_store_t:s0 tclass=dir permissive=0
Aug 06 17:48:09 tactiq-rock5a audit[740]: AVC avc:  denied  { relabelfrom } for  pid=740 comm="semodule" name="lang_ext" dev="mmcblk1p2" ino=9354 scontext=unconfined_u:unconfined_r:semanage_t:s0-s0:c0.c1023 tcontext=unconfined_u:object_r:semanage_store_t:s0 tclass=file permissive=0
Aug 06 17:48:09 tactiq-rock5a audit[740]: AVC avc:  denied  { relabelfrom } for  pid=740 comm="semodule" name="cil" dev="mmcblk1p2" ino=9355 scontext=unconfined_u:unconfined_r:semanage_t:s0-s0:c0.c1023 tcontext=unconfined_u:object_r:semanage_store_t:s0 tclass=file permissive=0
Aug 06 17:48:09 tactiq-rock5a audit[740]: AVC avc:  denied  { relabelfrom } for  pid=740 comm="semodule" name="hll" dev="mmcblk1p2" ino=9356 scontext=unconfined_u:unconfined_r:semanage_t:s0-s0:c0.c1023 tcontext=unconfined_u:object_r:semanage_store_t:s0 tclass=file permissive=0
Aug 06 17:48:09 tactiq-rock5a audit[740]: AVC avc:  denied  { relabelfrom } for  pid=740 comm="semodule" name="daemontools" dev="mmcblk1p2" ino=9353 scontext=unconfined_u:unconfined_r:semanage_t:s0-s0:c0.c1023 tcontext=unconfined_u:object_r:semanage_store_t:s0 tclass=dir permissive=0
Aug 06 17:48:09 tactiq-rock5a audit[740]: AVC avc:  denied  { relabelfrom } for  pid=740 comm="semodule" name="lang_ext" dev="mmcblk1p2" ino=9358 scontext=unconfined_u:unconfined_r:semanage_t:s0-s0:c0.c1023 tcontext=unconfined_u:object_r:semanage_store_t:s0 tclass=file permissive=0
Aug 06 17:48:09 tactiq-rock5a audit[740]: AVC avc:  denied  { relabelfrom } for  pid=740 comm="semodule" name="cil" dev="mmcblk1p2" ino=9359 scontext=unconfined_u:unconfined_r:semanage_t:s0-s0:c0.c1023 tcontext=unconfined_u:object_r:semanage_store_t:s0 tclass=file permissive=0
Aug 06 17:48:09 tactiq-rock5a audit[740]: AVC avc:  denied  { relabelfrom } for  pid=740 comm="semodule" name="hll" dev="mmcblk1p2" ino=9360 scontext=unconfined_u:unconfined_r:semanage_t:s0-s0:c0.c1023 tcontext=unconfined_u:object_r:semanage_store_t:s0 tclass=file permissive=0
Aug 06 17:48:09 tactiq-rock5a audit[740]: AVC avc:  denied  { relabelfrom } for  pid=740 comm="semodule" name="netlabel" dev="mmcblk1p2" ino=9357 scontext=unconfined_u:unconfined_r:semanage_t:s0-s0:c0.c1023 tcontext=unconfined_u:object_r:semanage_store_t:s0 tclass=dir permissive=0
Aug 06 17:48:09 tactiq-rock5a audit[740]: AVC avc:  denied  { relabelfrom } for  pid=740 comm="semodule" name="lang_ext" dev="mmcblk1p2" ino=9362 scontext=unconfined_u:unconfined_r:semanage_t:s0-s0:c0.c1023 tcontext=unconfined_u:object_r:semanage_store_t:s0 tclass=file permissive=0
Aug 06 17:48:09 tactiq-rock5a audit[740]: AVC avc:  denied  { relabelfrom } for  pid=740 comm="semodule" name="cil" dev="mmcblk1p2" ino=9363 scontext=unconfined_u:unconfined_r:semanage_t:s0-s0:c0.c1023 tcontext=unconfined_u:object_r:semanage_store_t:s0 tclass=file permissive=0
Aug 06 17:48:09 tactiq-rock5a audit[740]: AVC avc:  denied  { relabelfrom } for  pid=740 comm="semodule" name="hll" dev="mmcblk1p2" ino=9364 scontext=unconfined_u:unconfined_r:semanage_t:s0-s0:c0.c1023 tcontext=unconfined_u:object_r:semanage_store_t:s0 tclass=file permissive=0
Aug 06 17:48:09 tactiq-rock5a audit[740]: AVC avc:  denied  { relabelfrom } for  pid=740 comm="semodule" name="xen" dev="mmcblk1p2" ino=9361 scontext=unconfined_u:unconfined_r:semanage_t:s0-s0:c0.c1023 tcontext=unconfined_u:object_r:semanage_store_t:s0 tclass=dir permissive=0
Aug 06 17:48:09 tactiq-rock5a audit[740]: AVC avc:  denied  { relabelfrom } for  pid=740 comm="semodule" name="lang_ext" dev="mmcblk1p2" ino=9366 scontext=unconfined_u:unconfined_r:semanage_t:s0-s0:c0.c1023 tcontext=unconfined_u:object_r:semanage_store_t:s0 tclass=file permissive=0
Aug 06 17:48:09 tactiq-rock5a audit[740]: AVC avc:  denied  { relabelfrom } for  pid=740 comm="semodule" name="cil" dev="mmcblk1p2" ino=9367 scontext=unconfined_u:unconfined_r:semanage_t:s0-s0:c0.c1023 tcontext=unconfined_u:object_r:semanage_store_t:s0 tclass=file permissive=0
Aug 06 17:48:09 tactiq-rock5a audit[740]: AVC avc:  denied  { relabelfrom } for  pid=740 comm="semodule" name="hll" dev="mmcblk1p2" ino=9368 scontext=unconfined_u:unconfined_r:semanage_t:s0-s0:c0.c1023 tcontext=unconfined_u:object_r:semanage_store_t:s0 tclass=file permissive=0
Aug 06 17:48:09 tactiq-rock5a audit[740]: AVC avc:  denied  { relabelfrom } for  pid=740 comm="semodule" name="ksmtuned" dev="mmcblk1p2" ino=9365 scontext=unconfined_u:unconfined_r:semanage_t:s0-s0:c0.c1023 tcontext=unconfined_u:object_r:semanage_store_t:s0 tclass=dir permissive=0
Aug 06 17:48:09 tactiq-rock5a audit[740]: AVC avc:  denied  { relabelfrom } for  pid=740 comm="semodule" name="lang_ext" dev="mmcblk1p2" ino=9370 scontext=unconfined_u:unconfined_r:semanage_t:s0-s0:c0.c1023 tcontext=unconfined_u:object_r:semanage_store_t:s0 tclass=file permissive=0
Aug 06 17:48:09 tactiq-rock5a audit[740]: AVC avc:  denied  { relabelfrom } for  pid=740 comm="semodule" name="cil" dev="mmcblk1p2" ino=9371 scontext=unconfined_u:unconfined_r:semanage_t:s0-s0:c0.c1023 tcontext=unconfined_u:object_r:semanage_store_t:s0 tclass=file permissive=0
Aug 06 17:48:09 tactiq-rock5a audit[740]: AVC avc:  denied  { relabelfrom } for  pid=740 comm="semodule" name="hll" dev="mmcblk1p2" ino=9372 scontext=unconfined_u:unconfined_r:semanage_t:s0-s0:c0.c1023 tcontext=unconfined_u:object_r:semanage_store_t:s0 tclass=file permissive=0
Aug 06 17:48:09 tactiq-rock5a audit[740]: AVC avc:  denied  { relabelfrom } for  pid=740 comm="semodule" name="uucp" dev="mmcblk1p2" ino=9369 scontext=unconfined_u:unconfined_r:semanage_t:s0-s0:c0.c1023 tcontext=unconfined_u:object_r:semanage_store_t:s0 tclass=dir permissive=0
Aug 06 17:48:09 tactiq-rock5a audit[740]: AVC avc:  denied  { relabelfrom } for  pid=740 comm="semodule" name="lang_ext" dev="mmcblk1p2" ino=9374 scontext=unconfined_u:unconfined_r:semanage_t:s0-s0:c0.c1023 tcontext=unconfined_u:object_r:semanage_store_t:s0 tclass=file permissive=0
Aug 06 17:48:09 tactiq-rock5a audit[740]: AVC avc:  denied  { relabelfrom } for  pid=740 comm="semodule" name="cil" dev="mmcblk1p2" ino=9375 scontext=unconfined_u:unconfined_r:semanage_t:s0-s0:c0.c1023 tcontext=unconfined_u:object_r:semanage_store_t:s0 tclass=file permissive=0
Aug 06 17:48:09 tactiq-rock5a audit[740]: AVC avc:  denied  { relabelfrom } for  pid=740 comm="semodule" name="hll" dev="mmcblk1p2" ino=9376 scontext=unconfined_u:unconfined_r:semanage_t:s0-s0:c0.c1023 tcontext=unconfined_u:object_r:semanage_store_t:s0 tclass=file permissive=0
Aug 06 17:48:09 tactiq-rock5a audit[740]: AVC avc:  denied  { relabelfrom } for  pid=740 comm="semodule" name="nessus" dev="mmcblk1p2" ino=9373 scontext=unconfined_u:unconfined_r:semanage_t:s0-s0:c0.c1023 tcontext=unconfined_u:object_r:semanage_store_t:s0 tclass=dir permissive=0
Aug 06 17:48:09 tactiq-rock5a audit[740]: AVC avc:  denied  { relabelfrom } for  pid=740 comm="semodule" name="lang_ext" dev="mmcblk1p2" ino=9378 scontext=unconfined_u:unconfined_r:semanage_t:s0-s0:c0.c1023 tcontext=unconfined_u:object_r:semanage_store_t:s0 tclass=file permissive=0
Aug 06 17:48:09 tactiq-rock5a audit[740]: AVC avc:  denied  { relabelfrom } for  pid=740 comm="semodule" name="cil" dev="mmcblk1p2" ino=9379 scontext=unconfined_u:unconfined_r:semanage_t:s0-s0:c0.c1023 tcontext=unconfined_u:object_r:semanage_store_t:s0 tclass=file permissive=0
Aug 06 17:48:09 tactiq-rock5a audit[740]: AVC avc:  denied  { relabelfrom } for  pid=740 comm="semodule" name="hll" dev="mmcblk1p2" ino=9380 scontext=unconfined_u:unconfined_r:semanage_t:s0-s0:c0.c1023 tcontext=unconfined_u:object_r:semanage_store_t:s0 tclass=file permissive=0
Aug 06 17:48:09 tactiq-rock5a audit[740]: AVC avc:  denied  { relabelfrom } for  pid=740 comm="semodule" name="radvd" dev="mmcblk1p2" ino=9377 scontext=unconfined_u:unconfined_r:semanage_t:s0-s0:c0.c1023 tcontext=unconfined_u:object_r:semanage_store_t:s0 tclass=dir permissive=0
Aug 06 17:48:09 tactiq-rock5a audit[740]: AVC avc:  denied  { relabelfrom } for  pid=740 comm="semodule" name="lang_ext" dev="mmcblk1p2" ino=9382 scontext=unconfined_u:unconfined_r:semanage_t:s0-s0:c0.c1023 tcontext=unconfined_u:object_r:semanage_store_t:s0 tclass=file permissive=0
Aug 06 17:48:09 tactiq-rock5a audit[740]: AVC avc:  denied  { relabelfrom } for  pid=740 comm="semodule" name="cil" dev="mmcblk1p2" ino=9383 scontext=unconfined_u:unconfined_r:semanage_t:s0-s0:c0.c1023 tcontext=unconfined_u:object_r:semanage_store_t:s0 tclass=file permissive=0
Aug 06 17:48:09 tactiq-rock5a audit[740]: AVC avc:  denied  { relabelfrom } for  pid=740 comm="semodule" name="hll" dev="mmcblk1p2" ino=9384 scontext=unconfined_u:unconfined_r:semanage_t:s0-s0:c0.c1023 tcontext=unconfined_u:object_r:semanage_store_t:s0 tclass=file permissive=0
Aug 06 17:48:09 tactiq-rock5a audit[740]: AVC avc:  denied  { relabelfrom } for  pid=740 comm="semodule" name="timidity" dev="mmcblk1p2" ino=9381 scontext=unconfined_u:unconfined_r:semanage_t:s0-s0:c0.c1023 tcontext=unconfined_u:object_r:semanage_store_t:s0 tclass=dir permissive=0
Aug 06 17:48:09 tactiq-rock5a audit[740]: AVC avc:  denied  { relabelfrom } for  pid=740 comm="semodule" name="lang_ext" dev="mmcblk1p2" ino=9386 scontext=unconfined_u:unconfined_r:semanage_t:s0-s0:c0.c1023 tcontext=unconfined_u:object_r:semanage_store_t:s0 tclass=file permissive=0
Aug 06 17:48:09 tactiq-rock5a audit[740]: AVC avc:  denied  { relabelfrom } for  pid=740 comm="semodule" name="cil" dev="mmcblk1p2" ino=9387 scontext=unconfined_u:unconfined_r:semanage_t:s0-s0:c0.c1023 tcontext=unconfined_u:object_r:semanage_store_t:s0 tclass=file permissive=0
Aug 06 17:48:09 tactiq-rock5a audit[740]: AVC avc:  denied  { relabelfrom } for  pid=740 comm="semodule" name="hll" dev="mmcblk1p2" ino=9388 scontext=unconfined_u:unconfined_r:semanage_t:s0-s0:c0.c1023 tcontext=unconfined_u:object_r:semanage_store_t:s0 tclass=file permissive=0
Aug 06 17:48:09 tactiq-rock5a audit[740]: AVC avc:  denied  { relabelfrom } for  pid=740 comm="semodule" name="l2tp" dev="mmcblk1p2" ino=9385 scontext=unconfined_u:unconfined_r:semanage_t:s0-s0:c0.c1023 tcontext=unconfined_u:object_r:semanage_store_t:s0 tclass=dir permissive=0
Aug 06 17:48:09 tactiq-rock5a audit[740]: AVC avc:  denied  { relabelfrom } for  pid=740 comm="semodule" name="lang_ext" dev="mmcblk1p2" ino=9390 scontext=unconfined_u:unconfined_r:semanage_t:s0-s0:c0.c1023 tcontext=unconfined_u:object_r:semanage_store_t:s0 tclass=file permissive=0
Aug 06 17:48:09 tactiq-rock5a audit[740]: AVC avc:  denied  { relabelfrom } for  pid=740 comm="semodule" name="cil" dev="mmcblk1p2" ino=9391 scontext=unconfined_u:unconfined_r:semanage_t:s0-s0:c0.c1023 tcontext=unconfined_u:object_r:semanage_store_t:s0 tclass=file permissive=0
Aug 06 17:48:09 tactiq-rock5a audit[740]: AVC avc:  denied  { relabelfrom } for  pid=740 comm="semodule" name="hll" dev="mmcblk1p2" ino=9392 scontext=unconfined_u:unconfined_r:semanage_t:s0-s0:c0.c1023 tcontext=unconfined_u:object_r:semanage_store_t:s0 tclass=file permissive=0
Aug 06 17:48:09 tactiq-rock5a audit[740]: AVC avc:  denied  { relabelfrom } for  pid=740 comm="semodule" name="switcheroo" dev="mmcblk1p2" ino=9389 scontext=unconfined_u:unconfined_r:semanage_t:s0-s0:c0.c1023 tcontext=unconfined_u:object_r:semanage_store_t:s0 tclass=dir permissive=0
Aug 06 17:48:09 tactiq-rock5a audit[740]: AVC avc:  denied  { relabelfrom } for  pid=740 comm="semodule" name="lang_ext" dev="mmcblk1p2" ino=9394 scontext=unconfined_u:unconfined_r:semanage_t:s0-s0:c0.c1023 tcontext=unconfined_u:object_r:semanage_store_t:s0 tclass=file permissive=0
Aug 06 17:48:09 tactiq-rock5a audit[740]: AVC avc:  denied  { relabelfrom } for  pid=740 comm="semodule" name="cil" dev="mmcblk1p2" ino=9395 scontext=unconfined_u:unconfined_r:semanage_t:s0-s0:c0.c1023 tcontext=unconfined_u:object_r:semanage_store_t:s0 tclass=file permissive=0
Aug 06 17:48:09 tactiq-rock5a audit[740]: AVC avc:  denied  { relabelfrom } for  pid=740 comm="semodule" name="hll" dev="mmcblk1p2" ino=9396 scontext=unconfined_u:unconfined_r:semanage_t:s0-s0:c0.c1023 tcontext=unconfined_u:object_r:semanage_store_t:s0 tclass=file permissive=0
Aug 06 17:48:09 tactiq-rock5a audit[740]: AVC avc:  denied  { relabelfrom } for  pid=740 comm="semodule" name="psad" dev="mmcblk1p2" ino=9393 scontext=unconfined_u:unconfined_r:semanage_t:s0-s0:c0.c1023 tcontext=unconfined_u:object_r:semanage_store_t:s0 tclass=dir permissive=0
Aug 06 17:48:09 tactiq-rock5a audit[740]: AVC avc:  denied  { relabelfrom } for  pid=740 comm="semodule" name="lang_ext" dev="mmcblk1p2" ino=9398 scontext=unconfined_u:unconfined_r:semanage_t:s0-s0:c0.c1023 tcontext=unconfined_u:object_r:semanage_store_t:s0 tclass=file permissive=0
Aug 06 17:48:09 tactiq-rock5a audit[740]: AVC avc:  denied  { relabelfrom } for  pid=740 comm="semodule" name="cil" dev="mmcblk1p2" ino=9399 scontext=unconfined_u:unconfined_r:semanage_t:s0-s0:c0.c1023 tcontext=unconfined_u:object_r:semanage_store_t:s0 tclass=file permissive=0
Aug 06 17:48:09 tactiq-rock5a audit[740]: AVC avc:  denied  { relabelfrom } for  pid=740 comm="semodule" name="hll" dev="mmcblk1p2" ino=9400 scontext=unconfined_u:unconfined_r:semanage_t:s0-s0:c0.c1023 tcontext=unconfined_u:object_r:semanage_store_t:s0 tclass=file permissive=0
Aug 06 17:48:09 tactiq-rock5a audit[740]: AVC avc:  denied  { relabelfrom } for  pid=740 comm="semodule" name="cobbler" dev="mmcblk1p2" ino=9397 scontext=unconfined_u:unconfined_r:semanage_t:s0-s0:c0.c1023 tcontext=unconfined_u:object_r:semanage_store_t:s0 tclass=dir permissive=0
Aug 06 17:48:09 tactiq-rock5a audit[740]: AVC avc:  denied  { relabelfrom } for  pid=740 comm="semodule" name="lang_ext" dev="mmcblk1p2" ino=9402 scontext=unconfined_u:unconfined_r:semanage_t:s0-s0:c0.c1023 tcontext=unconfined_u:object_r:semanage_store_t:s0 tclass=file permissive=0
Aug 06 17:48:09 tactiq-rock5a audit[740]: AVC avc:  denied  { relabelfrom } for  pid=740 comm="semodule" name="cil" dev="mmcblk1p2" ino=9403 scontext=unconfined_u:unconfined_r:semanage_t:s0-s0:c0.c1023 tcontext=unconfined_u:object_r:semanage_store_t:s0 tclass=file permissive=0
Aug 06 17:48:09 tactiq-rock5a audit[740]: AVC avc:  denied  { relabelfrom } for  pid=740 comm="semodule" name="hll" dev="mmcblk1p2" ino=9404 scontext=unconfined_u:unconfined_r:semanage_t:s0-s0:c0.c1023 tcontext=unconfined_u:object_r:semanage_store_t:s0 tclass=file permissive=0
Aug 06 17:48:09 tactiq-rock5a audit[740]: AVC avc:  denied  { relabelfrom } for  pid=740 comm="semodule" name="cpufreqselector" dev="mmcblk1p2" ino=9401 scontext=unconfined_u:unconfined_r:semanage_t:s0-s0:c0.c1023 tcontext=unconfined_u:object_r:semanage_store_t:s0 tclass=dir permissive=0
Aug 06 17:48:09 tactiq-rock5a audit[740]: AVC avc:  denied  { relabelfrom } for  pid=740 comm="semodule" name="lang_ext" dev="mmcblk1p2" ino=9406 scontext=unconfined_u:unconfined_r:semanage_t:s0-s0:c0.c1023 tcontext=unconfined_u:object_r:semanage_store_t:s0 tclass=file permissive=0
Aug 06 17:48:09 tactiq-rock5a audit[740]: AVC avc:  denied  { relabelfrom } for  pid=740 comm="semodule" name="cil" dev="mmcblk1p2" ino=9407 scontext=unconfined_u:unconfined_r:semanage_t:s0-s0:c0.c1023 tcontext=unconfined_u:object_r:semanage_store_t:s0 tclass=file permissive=0
Aug 06 17:48:09 tactiq-rock5a audit[740]: AVC avc:  denied  { relabelfrom } for  pid=740 comm="semodule" name="hll" dev="mmcblk1p2" ino=9408 scontext=unconfined_u:unconfined_r:semanage_t:s0-s0:c0.c1023 tcontext=unconfined_u:object_r:semanage_store_t:s0 tclass=file permissive=0
Aug 06 17:48:09 tactiq-rock5a audit[740]: AVC avc:  denied  { relabelfrom } for  pid=740 comm="semodule" name="dbadm" dev="mmcblk1p2" ino=9405 scontext=unconfined_u:unconfined_r:semanage_t:s0-s0:c0.c1023 tcontext=unconfined_u:object_r:semanage_store_t:s0 tclass=dir permissive=0
Aug 06 17:48:09 tactiq-rock5a audit[740]: AVC avc:  denied  { relabelfrom } for  pid=740 comm="semodule" name="lang_ext" dev="mmcblk1p2" ino=9410 scontext=unconfined_u:unconfined_r:semanage_t:s0-s0:c0.c1023 tcontext=unconfined_u:object_r:semanage_store_t:s0 tclass=file permissive=0
Aug 06 17:48:09 tactiq-rock5a audit[740]: AVC avc:  denied  { relabelfrom } for  pid=740 comm="semodule" name="cil" dev="mmcblk1p2" ino=9411 scontext=unconfined_u:unconfined_r:semanage_t:s0-s0:c0.c1023 tcontext=unconfined_u:object_r:semanage_store_t:s0 tclass=file permissive=0
Aug 06 17:48:09 tactiq-rock5a audit[740]: AVC avc:  denied  { relabelfrom } for  pid=740 comm="semodule" name="hll" dev="mmcblk1p2" ino=9412 scontext=unconfined_u:unconfined_r:semanage_t:s0-s0:c0.c1023 tcontext=unconfined_u:object_r:semanage_store_t:s0 tclass=file permissive=0
Aug 06 17:48:09 tactiq-rock5a audit[740]: AVC avc:  denied  { relabelfrom } for  pid=740 comm="semodule" name="cgmanager" dev="mmcblk1p2" ino=9409 scontext=unconfined_u:unconfined_r:semanage_t:s0-s0:c0.c1023 tcontext=unconfined_u:object_r:semanage_store_t:s0 tclass=dir permissive=0
Aug 06 17:48:09 tactiq-rock5a audit[740]: AVC avc:  denied  { relabelfrom } for  pid=740 comm="semodule" name="lang_ext" dev="mmcblk1p2" ino=9414 scontext=unconfined_u:unconfined_r:semanage_t:s0-s0:c0.c1023 tcontext=unconfined_u:object_r:semanage_store_t:s0 tclass=file permissive=0
Aug 06 17:48:09 tactiq-rock5a audit[740]: AVC avc:  denied  { relabelfrom } for  pid=740 comm="semodule" name="cil" dev="mmcblk1p2" ino=9415 scontext=unconfined_u:unconfined_r:semanage_t:s0-s0:c0.c1023 tcontext=unconfined_u:object_r:semanage_store_t:s0 tclass=file permissive=0
Aug 06 17:48:09 tactiq-rock5a audit[740]: AVC avc:  denied  { relabelfrom } for  pid=740 comm="semodule" name="hll" dev="mmcblk1p2" ino=9416 scontext=unconfined_u:unconfined_r:semanage_t:s0-s0:c0.c1023 tcontext=unconfined_u:object_r:semanage_store_t:s0 tclass=file permissive=0
Aug 06 17:48:09 tactiq-rock5a audit[740]: AVC avc:  denied  { relabelfrom } for  pid=740 comm="semodule" name="tvtime" dev="mmcblk1p2" ino=9413 scontext=unconfined_u:unconfined_r:semanage_t:s0-s0:c0.c1023 tcontext=unconfined_u:object_r:semanage_store_t:s0 tclass=dir permissive=0
Aug 06 17:48:09 tactiq-rock5a audit[740]: AVC avc:  denied  { relabelfrom } for  pid=740 comm="semodule" name="lang_ext" dev="mmcblk1p2" ino=9418 scontext=unconfined_u:unconfined_r:semanage_t:s0-s0:c0.c1023 tcontext=unconfined_u:object_r:semanage_store_t:s0 tclass=file permissive=0
Aug 06 17:48:09 tactiq-rock5a audit[740]: AVC avc:  denied  { relabelfrom } for  pid=740 comm="semodule" name="cil" dev="mmcblk1p2" ino=9419 scontext=unconfined_u:unconfined_r:semanage_t:s0-s0:c0.c1023 tcontext=unconfined_u:object_r:semanage_store_t:s0 tclass=file permissive=0
Aug 06 17:48:09 tactiq-rock5a audit[740]: AVC avc:  denied  { relabelfrom } for  pid=740 comm="semodule" name="hll" dev="mmcblk1p2" ino=9420 scontext=unconfined_u:unconfined_r:semanage_t:s0-s0:c0.c1023 tcontext=unconfined_u:object_r:semanage_store_t:s0 tclass=file permissive=0
Aug 06 17:48:09 tactiq-rock5a audit[740]: AVC avc:  denied  { relabelfrom } for  pid=740 comm="semodule" name="gnomeclock" dev="mmcblk1p2" ino=9417 scontext=unconfined_u:unconfined_r:semanage_t:s0-s0:c0.c1023 tcontext=unconfined_u:object_r:semanage_store_t:s0 tclass=dir permissive=0
Aug 06 17:48:09 tactiq-rock5a audit[740]: AVC avc:  denied  { relabelfrom } for  pid=740 comm="semodule" name="lang_ext" dev="mmcblk1p2" ino=9422 scontext=unconfined_u:unconfined_r:semanage_t:s0-s0:c0.c1023 tcontext=unconfined_u:object_r:semanage_store_t:s0 tclass=file permissive=0
Aug 06 17:48:09 tactiq-rock5a audit[740]: AVC avc:  denied  { relabelfrom } for  pid=740 comm="semodule" name="cil" dev="mmcblk1p2" ino=9423 scontext=unconfined_u:unconfined_r:semanage_t:s0-s0:c0.c1023 tcontext=unconfined_u:object_r:semanage_store_t:s0 tclass=file permissive=0
Aug 06 17:48:09 tactiq-rock5a audit[740]: AVC avc:  denied  { relabelfrom } for  pid=740 comm="semodule" name="hll" dev="mmcblk1p2" ino=9424 scontext=unconfined_u:unconfined_r:semanage_t:s0-s0:c0.c1023 tcontext=unconfined_u:object_r:semanage_store_t:s0 tclass=file permissive=0
Aug 06 17:48:09 tactiq-rock5a audit[740]: AVC avc:  denied  { relabelfrom } for  pid=740 comm="semodule" name="mount" dev="mmcblk1p2" ino=9421 scontext=unconfined_u:unconfined_r:semanage_t:s0-s0:c0.c1023 tcontext=unconfined_u:object_r:semanage_store_t:s0 tclass=dir permissive=0
Aug 06 17:48:09 tactiq-rock5a audit[740]: AVC avc:  denied  { relabelfrom } for  pid=740 comm="semodule" name="lang_ext" dev="mmcblk1p2" ino=9426 scontext=unconfined_u:unconfined_r:semanage_t:s0-s0:c0.c1023 tcontext=unconfined_u:object_r:semanage_store_t:s0 tclass=file permissive=0
Aug 06 17:48:09 tactiq-rock5a audit[740]: AVC avc:  denied  { relabelfrom } for  pid=740 comm="semodule" name="cil" dev="mmcblk1p2" ino=9427 scontext=unconfined_u:unconfined_r:semanage_t:s0-s0:c0.c1023 tcontext=unconfined_u:object_r:semanage_store_t:s0 tclass=file permissive=0
Aug 06 17:48:09 tactiq-rock5a audit[740]: AVC avc:  denied  { relabelfrom } for  pid=740 comm="semodule" name="hll" dev="mmcblk1p2" ino=9428 scontext=unconfined_u:unconfined_r:semanage_t:s0-s0:c0.c1023 tcontext=unconfined_u:object_r:semanage_store_t:s0 tclass=file permissive=0
Aug 06 17:48:09 tactiq-rock5a audit[740]: AVC avc:  denied  { relabelfrom } for  pid=740 comm="semodule" name="pxe" dev="mmcblk1p2" ino=9425 scontext=unconfined_u:unconfined_r:semanage_t:s0-s0:c0.c1023 tcontext=unconfined_u:object_r:semanage_store_t:s0 tclass=dir permissive=0
Aug 06 17:48:09 tactiq-rock5a audit[740]: AVC avc:  denied  { relabelfrom } for  pid=740 comm="semodule" name="lang_ext" dev="mmcblk1p2" ino=9430 scontext=unconfined_u:unconfined_r:semanage_t:s0-s0:c0.c1023 tcontext=unconfined_u:object_r:semanage_store_t:s0 tclass=file permissive=0
Aug 06 17:48:09 tactiq-rock5a audit[740]: AVC avc:  denied  { relabelfrom } for  pid=740 comm="semodule" name="cil" dev="mmcblk1p2" ino=9431 scontext=unconfined_u:unconfined_r:semanage_t:s0-s0:c0.c1023 tcontext=unconfined_u:object_r:semanage_store_t:s0 tclass=file permissive=0
Aug 06 17:48:09 tactiq-rock5a audit[740]: AVC avc:  denied  { relabelfrom } for  pid=740 comm="semodule" name="hll" dev="mmcblk1p2" ino=9432 scontext=unconfined_u:unconfined_r:semanage_t:s0-s0:c0.c1023 tcontext=unconfined_u:object_r:semanage_store_t:s0 tclass=file permissive=0
Aug 06 17:48:09 tactiq-rock5a audit[740]: AVC avc:  denied  { relabelfrom } for  pid=740 comm="semodule" name="amavis" dev="mmcblk1p2" ino=9429 scontext=unconfined_u:unconfined_r:semanage_t:s0-s0:c0.c1023 tcontext=unconfined_u:object_r:semanage_store_t:s0 tclass=dir permissive=0
Aug 06 17:48:09 tactiq-rock5a audit[740]: AVC avc:  denied  { relabelfrom } for  pid=740 comm="semodule" name="lang_ext" dev="mmcblk1p2" ino=9434 scontext=unconfined_u:unconfined_r:semanage_t:s0-s0:c0.c1023 tcontext=unconfined_u:object_r:semanage_store_t:s0 tclass=file permissive=0
Aug 06 17:48:09 tactiq-rock5a audit[740]: AVC avc:  denied  { relabelfrom } for  pid=740 comm="semodule" name="cil" dev="mmcblk1p2" ino=9435 scontext=unconfined_u:unconfined_r:semanage_t:s0-s0:c0.c1023 tcontext=unconfined_u:object_r:semanage_store_t:s0 tclass=file permissive=0
Aug 06 17:48:09 tactiq-rock5a audit[740]: AVC avc:  denied  { relabelfrom } for  pid=740 comm="semodule" name="hll" dev="mmcblk1p2" ino=9436 scontext=unconfined_u:unconfined_r:semanage_t:s0-s0:c0.c1023 tcontext=unconfined_u:object_r:semanage_store_t:s0 tclass=file permissive=0
Aug 06 17:48:09 tactiq-rock5a audit[740]: AVC avc:  denied  { relabelfrom } for  pid=740 comm="semodule" name="wireguard" dev="mmcblk1p2" ino=9433 scontext=unconfined_u:unconfined_r:semanage_t:s0-s0:c0.c1023 tcontext=unconfined_u:object_r:semanage_store_t:s0 tclass=dir permissive=0
Aug 06 17:48:09 tactiq-rock5a audit[740]: AVC avc:  denied  { relabelfrom } for  pid=740 comm="semodule" name="lang_ext" dev="mmcblk1p2" ino=9438 scontext=unconfined_u:unconfined_r:semanage_t:s0-s0:c0.c1023 tcontext=unconfined_u:object_r:semanage_store_t:s0 tclass=file permissive=0
Aug 06 17:48:09 tactiq-rock5a audit[740]: AVC avc:  denied  { relabelfrom } for  pid=740 comm="semodule" name="cil" dev="mmcblk1p2" ino=9439 scontext=unconfined_u:unconfined_r:semanage_t:s0-s0:c0.c1023 tcontext=unconfined_u:object_r:semanage_store_t:s0 tclass=file permissive=0
Aug 06 17:48:09 tactiq-rock5a audit[740]: AVC avc:  denied  { relabelfrom } for  pid=740 comm="semodule" name="hll" dev="mmcblk1p2" ino=9440 scontext=unconfined_u:unconfined_r:semanage_t:s0-s0:c0.c1023 tcontext=unconfined_u:object_r:semanage_store_t:s0 tclass=file permissive=0
Aug 06 17:48:09 tactiq-rock5a audit[740]: AVC avc:  denied  { relabelfrom } for  pid=740 comm="semodule" name="pkcs" dev="mmcblk1p2" ino=9437 scontext=unconfined_u:unconfined_r:semanage_t:s0-s0:c0.c1023 tcontext=unconfined_u:object_r:semanage_store_t:s0 tclass=dir permissive=0
Aug 06 17:48:09 tactiq-rock5a audit[740]: AVC avc:  denied  { relabelfrom } for  pid=740 comm="semodule" name="lang_ext" dev="mmcblk1p2" ino=9442 scontext=unconfined_u:unconfined_r:semanage_t:s0-s0:c0.c1023 tcontext=unconfined_u:object_r:semanage_store_t:s0 tclass=file permissive=0
Aug 06 17:48:09 tactiq-rock5a audit[740]: AVC avc:  denied  { relabelfrom } for  pid=740 comm="semodule" name="cil" dev="mmcblk1p2" ino=9443 scontext=unconfined_u:unconfined_r:semanage_t:s0-s0:c0.c1023 tcontext=unconfined_u:object_r:semanage_store_t:s0 tclass=file permissive=0
Aug 06 17:48:09 tactiq-rock5a audit[740]: AVC avc:  denied  { relabelfrom } for  pid=740 comm="semodule" name="hll" dev="mmcblk1p2" ino=9444 scontext=unconfined_u:unconfined_r:semanage_t:s0-s0:c0.c1023 tcontext=unconfined_u:object_r:semanage_store_t:s0 tclass=file permissive=0
Aug 06 17:48:09 tactiq-rock5a audit[740]: AVC avc:  denied  { relabelfrom } for  pid=740 comm="semodule" name="userhelper" dev="mmcblk1p2" ino=9441 scontext=unconfined_u:unconfined_r:semanage_t:s0-s0:c0.c1023 tcontext=unconfined_u:object_r:semanage_store_t:s0 tclass=dir permissive=0
Aug 06 17:48:09 tactiq-rock5a audit[740]: AVC avc:  denied  { relabelfrom } for  pid=740 comm="semodule" name="lang_ext" dev="mmcblk1p2" ino=9446 scontext=unconfined_u:unconfined_r:semanage_t:s0-s0:c0.c1023 tcontext=unconfined_u:object_r:semanage_store_t:s0 tclass=file permissive=0
Aug 06 17:48:09 tactiq-rock5a audit[740]: AVC avc:  denied  { relabelfrom } for  pid=740 comm="semodule" name="cil" dev="mmcblk1p2" ino=9447 scontext=unconfined_u:unconfined_r:semanage_t:s0-s0:c0.c1023 tcontext=unconfined_u:object_r:semanage_store_t:s0 tclass=file permissive=0
Aug 06 17:48:09 tactiq-rock5a audit[740]: AVC avc:  denied  { relabelfrom } for  pid=740 comm="semodule" name="hll" dev="mmcblk1p2" ino=9448 scontext=unconfined_u:unconfined_r:semanage_t:s0-s0:c0.c1023 tcontext=unconfined_u:object_r:semanage_store_t:s0 tclass=file permissive=0
Aug 06 17:48:09 tactiq-rock5a audit[740]: AVC avc:  denied  { relabelfrom } for  pid=740 comm="semodule" name="dphysswapfile" dev="mmcblk1p2" ino=9445 scontext=unconfined_u:unconfined_r:semanage_t:s0-s0:c0.c1023 tcontext=unconfined_u:object_r:semanage_store_t:s0 tclass=dir permissive=0
Aug 06 17:48:09 tactiq-rock5a audit[740]: AVC avc:  denied  { relabelfrom } for  pid=740 comm="semodule" name="lang_ext" dev="mmcblk1p2" ino=9450 scontext=unconfined_u:unconfined_r:semanage_t:s0-s0:c0.c1023 tcontext=unconfined_u:object_r:semanage_store_t:s0 tclass=file permissive=0
Aug 06 17:48:09 tactiq-rock5a audit[740]: AVC avc:  denied  { relabelfrom } for  pid=740 comm="semodule" name="cil" dev="mmcblk1p2" ino=9451 scontext=unconfined_u:unconfined_r:semanage_t:s0-s0:c0.c1023 tcontext=unconfined_u:object_r:semanage_store_t:s0 tclass=file permissive=0
Aug 06 17:48:09 tactiq-rock5a audit[740]: AVC avc:  denied  { relabelfrom } for  pid=740 comm="semodule" name="hll" dev="mmcblk1p2" ino=9452 scontext=unconfined_u:unconfined_r:semanage_t:s0-s0:c0.c1023 tcontext=unconfined_u:object_r:semanage_store_t:s0 tclass=file permissive=0
Aug 06 17:48:09 tactiq-rock5a audit[740]: AVC avc:  denied  { relabelfrom } for  pid=740 comm="semodule" name="shorewall" dev="mmcblk1p2" ino=9449 scontext=unconfined_u:unconfined_r:semanage_t:s0-s0:c0.c1023 tcontext=unconfined_u:object_r:semanage_store_t:s0 tclass=dir permissive=0
Aug 06 17:48:09 tactiq-rock5a audit[740]: AVC avc:  denied  { relabelfrom } for  pid=740 comm="semodule" name="lang_ext" dev="mmcblk1p2" ino=9454 scontext=unconfined_u:unconfined_r:semanage_t:s0-s0:c0.c1023 tcontext=unconfined_u:object_r:semanage_store_t:s0 tclass=file permissive=0
Aug 06 17:48:09 tactiq-rock5a audit[740]: AVC avc:  denied  { relabelfrom } for  pid=740 comm="semodule" name="cil" dev="mmcblk1p2" ino=9455 scontext=unconfined_u:unconfined_r:semanage_t:s0-s0:c0.c1023 tcontext=unconfined_u:object_r:semanage_store_t:s0 tclass=file permissive=0
Aug 06 17:48:09 tactiq-rock5a audit[740]: AVC avc:  denied  { relabelfrom } for  pid=740 comm="semodule" name="hll" dev="mmcblk1p2" ino=9456 scontext=unconfined_u:unconfined_r:semanage_t:s0-s0:c0.c1023 tcontext=unconfined_u:object_r:semanage_store_t:s0 tclass=file permissive=0
Aug 06 17:48:09 tactiq-rock5a audit[740]: AVC avc:  denied  { relabelfrom } for  pid=740 comm="semodule" name="cups" dev="mmcblk1p2" ino=9453 scontext=unconfined_u:unconfined_r:semanage_t:s0-s0:c0.c1023 tcontext=unconfined_u:object_r:semanage_store_t:s0 tclass=dir permissive=0
Aug 06 17:48:09 tactiq-rock5a audit[740]: AVC avc:  denied  { relabelfrom } for  pid=740 comm="semodule" name="lang_ext" dev="mmcblk1p2" ino=9458 scontext=unconfined_u:unconfined_r:semanage_t:s0-s0:c0.c1023 tcontext=unconfined_u:object_r:semanage_store_t:s0 tclass=file permissive=0
Aug 06 17:48:09 tactiq-rock5a audit[740]: AVC avc:  denied  { relabelfrom } for  pid=740 comm="semodule" name="cil" dev="mmcblk1p2" ino=9459 scontext=unconfined_u:unconfined_r:semanage_t:s0-s0:c0.c1023 tcontext=unconfined_u:object_r:semanage_store_t:s0 tclass=file permissive=0
Aug 06 17:48:09 tactiq-rock5a audit[740]: AVC avc:  denied  { relabelfrom } for  pid=740 comm="semodule" name="hll" dev="mmcblk1p2" ino=9460 scontext=unconfined_u:unconfined_r:semanage_t:s0-s0:c0.c1023 tcontext=unconfined_u:object_r:semanage_store_t:s0 tclass=file permissive=0
Aug 06 17:48:09 tactiq-rock5a audit[740]: AVC avc:  denied  { relabelfrom } for  pid=740 comm="semodule" name="locallogin" dev="mmcblk1p2" ino=9457 scontext=unconfined_u:unconfined_r:semanage_t:s0-s0:c0.c1023 tcontext=unconfined_u:object_r:semanage_store_t:s0 tclass=dir permissive=0
Aug 06 17:48:09 tactiq-rock5a audit[740]: AVC avc:  denied  { relabelfrom } for  pid=740 comm="semodule" name="lang_ext" dev="mmcblk1p2" ino=9462 scontext=unconfined_u:unconfined_r:semanage_t:s0-s0:c0.c1023 tcontext=unconfined_u:object_r:semanage_store_t:s0 tclass=file permissive=0
Aug 06 17:48:09 tactiq-rock5a audit[740]: AVC avc:  denied  { relabelfrom } for  pid=740 comm="semodule" name="cil" dev="mmcblk1p2" ino=9463 scontext=unconfined_u:unconfined_r:semanage_t:s0-s0:c0.c1023 tcontext=unconfined_u:object_r:semanage_store_t:s0 tclass=file permissive=0
Aug 06 17:48:09 tactiq-rock5a audit[740]: AVC avc:  denied  { relabelfrom } for  pid=740 comm="semodule" name="hll" dev="mmcblk1p2" ino=9464 scontext=unconfined_u:unconfined_r:semanage_t:s0-s0:c0.c1023 tcontext=unconfined_u:object_r:semanage_store_t:s0 tclass=file permissive=0
Aug 06 17:48:09 tactiq-rock5a audit[740]: AVC avc:  denied  { relabelfrom } for  pid=740 comm="semodule" name="openct" dev="mmcblk1p2" ino=9461 scontext=unconfined_u:unconfined_r:semanage_t:s0-s0:c0.c1023 tcontext=unconfined_u:object_r:semanage_store_t:s0 tclass=dir permissive=0
Aug 06 17:48:09 tactiq-rock5a audit[740]: AVC avc:  denied  { relabelfrom } for  pid=740 comm="semodule" name="lang_ext" dev="mmcblk1p2" ino=9466 scontext=unconfined_u:unconfined_r:semanage_t:s0-s0:c0.c1023 tcontext=unconfined_u:object_r:semanage_store_t:s0 tclass=file permissive=0
Aug 06 17:48:09 tactiq-rock5a audit[740]: AVC avc:  denied  { relabelfrom } for  pid=740 comm="semodule" name="cil" dev="mmcblk1p2" ino=9467 scontext=unconfined_u:unconfined_r:semanage_t:s0-s0:c0.c1023 tcontext=unconfined_u:object_r:semanage_store_t:s0 tclass=file permissive=0
Aug 06 17:48:09 tactiq-rock5a audit[740]: AVC avc:  denied  { relabelfrom } for  pid=740 comm="semodule" name="hll" dev="mmcblk1p2" ino=9468 scontext=unconfined_u:unconfined_r:semanage_t:s0-s0:c0.c1023 tcontext=unconfined_u:object_r:semanage_store_t:s0 tclass=file permissive=0
Aug 06 17:48:09 tactiq-rock5a audit[740]: AVC avc:  denied  { relabelfrom } for  pid=740 comm="semodule" name="certmaster" dev="mmcblk1p2" ino=9465 scontext=unconfined_u:unconfined_r:semanage_t:s0-s0:c0.c1023 tcontext=unconfined_u:object_r:semanage_store_t:s0 tclass=dir permissive=0
Aug 06 17:48:09 tactiq-rock5a audit[740]: AVC avc:  denied  { relabelfrom } for  pid=740 comm="semodule" name="lang_ext" dev="mmcblk1p2" ino=9470 scontext=unconfined_u:unconfined_r:semanage_t:s0-s0:c0.c1023 tcontext=unconfined_u:object_r:semanage_store_t:s0 tclass=file permissive=0
Aug 06 17:48:09 tactiq-rock5a audit[740]: AVC avc:  denied  { relabelfrom } for  pid=740 comm="semodule" name="cil" dev="mmcblk1p2" ino=9471 scontext=unconfined_u:unconfined_r:semanage_t:s0-s0:c0.c1023 tcontext=unconfined_u:object_r:semanage_store_t:s0 tclass=file permissive=0
Aug 06 17:48:09 tactiq-rock5a audit[740]: AVC avc:  denied  { relabelfrom } for  pid=740 comm="semodule" name="hll" dev="mmcblk1p2" ino=9472 scontext=unconfined_u:unconfined_r:semanage_t:s0-s0:c0.c1023 tcontext=unconfined_u:object_r:semanage_store_t:s0 tclass=file permissive=0
Aug 06 17:48:09 tactiq-rock5a audit[740]: AVC avc:  denied  { relabelfrom } for  pid=740 comm="semodule" name="pegasus" dev="mmcblk1p2" ino=9469 scontext=unconfined_u:unconfined_r:semanage_t:s0-s0:c0.c1023 tcontext=unconfined_u:object_r:semanage_store_t:s0 tclass=dir permissive=0
Aug 06 17:48:09 tactiq-rock5a audit[740]: AVC avc:  denied  { relabelfrom } for  pid=740 comm="semodule" name="lang_ext" dev="mmcblk1p2" ino=9474 scontext=unconfined_u:unconfined_r:semanage_t:s0-s0:c0.c1023 tcontext=unconfined_u:object_r:semanage_store_t:s0 tclass=file permissive=0
Aug 06 17:48:09 tactiq-rock5a audit[740]: AVC avc:  denied  { relabelfrom } for  pid=740 comm="semodule" name="cil" dev="mmcblk1p2" ino=9475 scontext=unconfined_u:unconfined_r:semanage_t:s0-s0:c0.c1023 tcontext=unconfined_u:object_r:semanage_store_t:s0 tclass=file permissive=0
Aug 06 17:48:09 tactiq-rock5a audit[740]: AVC avc:  denied  { relabelfrom } for  pid=740 comm="semodule" name="hll" dev="mmcblk1p2" ino=9476 scontext=unconfined_u:unconfined_r:semanage_t:s0-s0:c0.c1023 tcontext=unconfined_u:object_r:semanage_store_t:s0 tclass=file permissive=0
Aug 06 17:48:09 tactiq-rock5a audit[740]: AVC avc:  denied  { relabelfrom } for  pid=740 comm="semodule" name="mandb" dev="mmcblk1p2" ino=9473 scontext=unconfined_u:unconfined_r:semanage_t:s0-s0:c0.c1023 tcontext=unconfined_u:object_r:semanage_store_t:s0 tclass=dir permissive=0
Aug 06 17:48:09 tactiq-rock5a audit[740]: AVC avc:  denied  { relabelfrom } for  pid=740 comm="semodule" name="lang_ext" dev="mmcblk1p2" ino=9478 scontext=unconfined_u:unconfined_r:semanage_t:s0-s0:c0.c1023 tcontext=unconfined_u:object_r:semanage_store_t:s0 tclass=file permissive=0
Aug 06 17:48:09 tactiq-rock5a audit[740]: AVC avc:  denied  { relabelfrom } for  pid=740 comm="semodule" name="cil" dev="mmcblk1p2" ino=9479 scontext=unconfined_u:unconfined_r:semanage_t:s0-s0:c0.c1023 tcontext=unconfined_u:object_r:semanage_store_t:s0 tclass=file permissive=0
Aug 06 17:48:09 tactiq-rock5a audit[740]: AVC avc:  denied  { relabelfrom } for  pid=740 comm="semodule" name="hll" dev="mmcblk1p2" ino=9480 scontext=unconfined_u:unconfined_r:semanage_t:s0-s0:c0.c1023 tcontext=unconfined_u:object_r:semanage_store_t:s0 tclass=file permissive=0
Aug 06 17:48:09 tactiq-rock5a audit[740]: AVC avc:  denied  { relabelfrom } for  pid=740 comm="semodule" name="shibboleth" dev="mmcblk1p2" ino=9477 scontext=unconfined_u:unconfined_r:semanage_t:s0-s0:c0.c1023 tcontext=unconfined_u:object_r:semanage_store_t:s0 tclass=dir permissive=0
Aug 06 17:48:09 tactiq-rock5a audit[740]: AVC avc:  denied  { relabelfrom } for  pid=740 comm="semodule" name="lang_ext" dev="mmcblk1p2" ino=9482 scontext=unconfined_u:unconfined_r:semanage_t:s0-s0:c0.c1023 tcontext=unconfined_u:object_r:semanage_store_t:s0 tclass=file permissive=0
Aug 06 17:48:09 tactiq-rock5a audit[740]: AVC avc:  denied  { relabelfrom } for  pid=740 comm="semodule" name="cil" dev="mmcblk1p2" ino=9483 scontext=unconfined_u:unconfined_r:semanage_t:s0-s0:c0.c1023 tcontext=unconfined_u:object_r:semanage_store_t:s0 tclass=file permissive=0
Aug 06 17:48:09 tactiq-rock5a audit[740]: AVC avc:  denied  { relabelfrom } for  pid=740 comm="semodule" name="hll" dev="mmcblk1p2" ino=9484 scontext=unconfined_u:unconfined_r:semanage_t:s0-s0:c0.c1023 tcontext=unconfined_u:object_r:semanage_store_t:s0 tclass=file permissive=0
Aug 06 17:48:09 tactiq-rock5a audit[740]: AVC avc:  denied  { relabelfrom } for  pid=740 comm="semodule" name="tee_supplicant" dev="mmcblk1p2" ino=9481 scontext=unconfined_u:unconfined_r:semanage_t:s0-s0:c0.c1023 tcontext=unconfined_u:object_r:semanage_store_t:s0 tclass=dir permissive=0
Aug 06 17:48:09 tactiq-rock5a audit[740]: AVC avc:  denied  { relabelfrom } for  pid=740 comm="semodule" name="lang_ext" dev="mmcblk1p2" ino=9486 scontext=unconfined_u:unconfined_r:semanage_t:s0-s0:c0.c1023 tcontext=unconfined_u:object_r:semanage_store_t:s0 tclass=file permissive=0
Aug 06 17:48:09 tactiq-rock5a audit[740]: AVC avc:  denied  { relabelfrom } for  pid=740 comm="semodule" name="cil" dev="mmcblk1p2" ino=9487 scontext=unconfined_u:unconfined_r:semanage_t:s0-s0:c0.c1023 tcontext=unconfined_u:object_r:semanage_store_t:s0 tclass=file permissive=0
Aug 06 17:48:09 tactiq-rock5a audit[740]: AVC avc:  denied  { relabelfrom } for  pid=740 comm="semodule" name="hll" dev="mmcblk1p2" ino=9488 scontext=unconfined_u:unconfined_r:semanage_t:s0-s0:c0.c1023 tcontext=unconfined_u:object_r:semanage_store_t:s0 tclass=file permissive=0
Aug 06 17:48:09 tactiq-rock5a audit[740]: AVC avc:  denied  { relabelfrom } for  pid=740 comm="semodule" name="dbus" dev="mmcblk1p2" ino=9485 scontext=unconfined_u:unconfined_r:semanage_t:s0-s0:c0.c1023 tcontext=unconfined_u:object_r:semanage_store_t:s0 tclass=dir permissive=0
Aug 06 17:48:09 tactiq-rock5a audit[740]: AVC avc:  denied  { relabelfrom } for  pid=740 comm="semodule" name="lang_ext" dev="mmcblk1p2" ino=9490 scontext=unconfined_u:unconfined_r:semanage_t:s0-s0:c0.c1023 tcontext=unconfined_u:object_r:semanage_store_t:s0 tclass=file permissive=0
Aug 06 17:48:09 tactiq-rock5a audit[740]: AVC avc:  denied  { relabelfrom } for  pid=740 comm="semodule" name="cil" dev="mmcblk1p2" ino=9491 scontext=unconfined_u:unconfined_r:semanage_t:s0-s0:c0.c1023 tcontext=unconfined_u:object_r:semanage_store_t:s0 tclass=file permissive=0
Aug 06 17:48:09 tactiq-rock5a audit[740]: AVC avc:  denied  { relabelfrom } for  pid=740 comm="semodule" name="hll" dev="mmcblk1p2" ino=9492 scontext=unconfined_u:unconfined_r:semanage_t:s0-s0:c0.c1023 tcontext=unconfined_u:object_r:semanage_store_t:s0 tclass=file permissive=0
Aug 06 17:48:09 tactiq-rock5a audit[740]: AVC avc:  denied  { relabelfrom } for  pid=740 comm="semodule" name="mojomojo" dev="mmcblk1p2" ino=9489 scontext=unconfined_u:unconfined_r:semanage_t:s0-s0:c0.c1023 tcontext=unconfined_u:object_r:semanage_store_t:s0 tclass=dir permissive=0
Aug 06 17:48:09 tactiq-rock5a audit[740]: AVC avc:  denied  { relabelfrom } for  pid=740 comm="semodule" name="lang_ext" dev="mmcblk1p2" ino=9494 scontext=unconfined_u:unconfined_r:semanage_t:s0-s0:c0.c1023 tcontext=unconfined_u:object_r:semanage_store_t:s0 tclass=file permissive=0
Aug 06 17:48:09 tactiq-rock5a audit[740]: AVC avc:  denied  { relabelfrom } for  pid=740 comm="semodule" name="cil" dev="mmcblk1p2" ino=9495 scontext=unconfined_u:unconfined_r:semanage_t:s0-s0:c0.c1023 tcontext=unconfined_u:object_r:semanage_store_t:s0 tclass=file permissive=0
Aug 06 17:48:09 tactiq-rock5a audit[740]: AVC avc:  denied  { relabelfrom } for  pid=740 comm="semodule" name="hll" dev="mmcblk1p2" ino=9496 scontext=unconfined_u:unconfined_r:semanage_t:s0-s0:c0.c1023 tcontext=unconfined_u:object_r:semanage_store_t:s0 tclass=file permissive=0
Aug 06 17:48:09 tactiq-rock5a audit[740]: AVC avc:  denied  { relabelfrom } for  pid=740 comm="semodule" name="lpd" dev="mmcblk1p2" ino=9493 scontext=unconfined_u:unconfined_r:semanage_t:s0-s0:c0.c1023 tcontext=unconfined_u:object_r:semanage_store_t:s0 tclass=dir permissive=0
Aug 06 17:48:09 tactiq-rock5a audit[740]: AVC avc:  denied  { relabelfrom } for  pid=740 comm="semodule" name="lang_ext" dev="mmcblk1p2" ino=9498 scontext=unconfined_u:unconfined_r:semanage_t:s0-s0:c0.c1023 tcontext=unconfined_u:object_r:semanage_store_t:s0 tclass=file permissive=0
Aug 06 17:48:09 tactiq-rock5a audit[740]: AVC avc:  denied  { relabelfrom } for  pid=740 comm="semodule" name="cil" dev="mmcblk1p2" ino=9499 scontext=unconfined_u:unconfined_r:semanage_t:s0-s0:c0.c1023 tcontext=unconfined_u:object_r:semanage_store_t:s0 tclass=file permissive=0
Aug 06 17:48:09 tactiq-rock5a audit[740]: AVC avc:  denied  { relabelfrom } for  pid=740 comm="semodule" name="hll" dev="mmcblk1p2" ino=9500 scontext=unconfined_u:unconfined_r:semanage_t:s0-s0:c0.c1023 tcontext=unconfined_u:object_r:semanage_store_t:s0 tclass=file permissive=0
Aug 06 17:48:09 tactiq-rock5a audit[740]: AVC avc:  denied  { relabelfrom } for  pid=740 comm="semodule" name="su" dev="mmcblk1p2" ino=9497 scontext=unconfined_u:unconfined_r:semanage_t:s0-s0:c0.c1023 tcontext=unconfined_u:object_r:semanage_store_t:s0 tclass=dir permissive=0
Aug 06 17:48:09 tactiq-rock5a audit[740]: AVC avc:  denied  { relabelfrom } for  pid=740 comm="semodule" name="lang_ext" dev="mmcblk1p2" ino=9502 scontext=unconfined_u:unconfined_r:semanage_t:s0-s0:c0.c1023 tcontext=unconfined_u:object_r:semanage_store_t:s0 tclass=file permissive=0
Aug 06 17:48:09 tactiq-rock5a audit[740]: AVC avc:  denied  { relabelfrom } for  pid=740 comm="semodule" name="cil" dev="mmcblk1p2" ino=9503 scontext=unconfined_u:unconfined_r:semanage_t:s0-s0:c0.c1023 tcontext=unconfined_u:object_r:semanage_store_t:s0 tclass=file permissive=0
Aug 06 17:48:09 tactiq-rock5a audit[740]: AVC avc:  denied  { relabelfrom } for  pid=740 comm="semodule" name="hll" dev="mmcblk1p2" ino=9504 scontext=unconfined_u:unconfined_r:semanage_t:s0-s0:c0.c1023 tcontext=unconfined_u:object_r:semanage_store_t:s0 tclass=file permissive=0
Aug 06 17:48:09 tactiq-rock5a audit[740]: AVC avc:  denied  { relabelfrom } for  pid=740 comm="semodule" name="ppp" dev="mmcblk1p2" ino=9501 scontext=unconfined_u:unconfined_r:semanage_t:s0-s0:c0.c1023 tcontext=unconfined_u:object_r:semanage_store_t:s0 tclass=dir permissive=0
Aug 06 17:48:09 tactiq-rock5a audit[740]: AVC avc:  denied  { relabelfrom } for  pid=740 comm="semodule" name="lang_ext" dev="mmcblk1p2" ino=9506 scontext=unconfined_u:unconfined_r:semanage_t:s0-s0:c0.c1023 tcontext=unconfined_u:object_r:semanage_store_t:s0 tclass=file permissive=0
Aug 06 17:48:09 tactiq-rock5a audit[740]: AVC avc:  denied  { relabelfrom } for  pid=740 comm="semodule" name="cil" dev="mmcblk1p2" ino=9507 scontext=unconfined_u:unconfined_r:semanage_t:s0-s0:c0.c1023 tcontext=unconfined_u:object_r:semanage_store_t:s0 tclass=file permissive=0
Aug 06 17:48:09 tactiq-rock5a audit[740]: AVC avc:  denied  { relabelfrom } for  pid=740 comm="semodule" name="hll" dev="mmcblk1p2" ino=9508 scontext=unconfined_u:unconfined_r:semanage_t:s0-s0:c0.c1023 tcontext=unconfined_u:object_r:semanage_store_t:s0 tclass=file permissive=0
Aug 06 17:48:09 tactiq-rock5a audit[740]: AVC avc:  denied  { relabelfrom } for  pid=740 comm="semodule" name="tactiq_verifier" dev="mmcblk1p2" ino=9505 scontext=unconfined_u:unconfined_r:semanage_t:s0-s0:c0.c1023 tcontext=unconfined_u:object_r:semanage_store_t:s0 tclass=dir permissive=0
Aug 06 17:48:09 tactiq-rock5a audit[740]: AVC avc:  denied  { relabelfrom } for  pid=740 comm="semodule" name="lang_ext" dev="mmcblk1p2" ino=9510 scontext=unconfined_u:unconfined_r:semanage_t:s0-s0:c0.c1023 tcontext=unconfined_u:object_r:semanage_store_t:s0 tclass=file permissive=0
Aug 06 17:48:09 tactiq-rock5a audit[740]: AVC avc:  denied  { relabelfrom } for  pid=740 comm="semodule" name="cil" dev="mmcblk1p2" ino=9511 scontext=unconfined_u:unconfined_r:semanage_t:s0-s0:c0.c1023 tcontext=unconfined_u:object_r:semanage_store_t:s0 tclass=file permissive=0
Aug 06 17:48:09 tactiq-rock5a audit[740]: AVC avc:  denied  { relabelfrom } for  pid=740 comm="semodule" name="hll" dev="mmcblk1p2" ino=9512 scontext=unconfined_u:unconfined_r:semanage_t:s0-s0:c0.c1023 tcontext=unconfined_u:object_r:semanage_store_t:s0 tclass=file permissive=0
Aug 06 17:48:09 tactiq-rock5a audit[740]: AVC avc:  denied  { relabelfrom } for  pid=740 comm="semodule" name="cdrecord" dev="mmcblk1p2" ino=9509 scontext=unconfined_u:unconfined_r:semanage_t:s0-s0:c0.c1023 tcontext=unconfined_u:object_r:semanage_store_t:s0 tclass=dir permissive=0
Aug 06 17:48:09 tactiq-rock5a audit[740]: AVC avc:  denied  { relabelfrom } for  pid=740 comm="semodule" name="lang_ext" dev="mmcblk1p2" ino=9514 scontext=unconfined_u:unconfined_r:semanage_t:s0-s0:c0.c1023 tcontext=unconfined_u:object_r:semanage_store_t:s0 tclass=file permissive=0
Aug 06 17:48:09 tactiq-rock5a audit[740]: AVC avc:  denied  { relabelfrom } for  pid=740 comm="semodule" name="cil" dev="mmcblk1p2" ino=9515 scontext=unconfined_u:unconfined_r:semanage_t:s0-s0:c0.c1023 tcontext=unconfined_u:object_r:semanage_store_t:s0 tclass=file permissive=0
Aug 06 17:48:09 tactiq-rock5a audit[740]: AVC avc:  denied  { relabelfrom } for  pid=740 comm="semodule" name="hll" dev="mmcblk1p2" ino=9516 scontext=unconfined_u:unconfined_r:semanage_t:s0-s0:c0.c1023 tcontext=unconfined_u:object_r:semanage_store_t:s0 tclass=file permissive=0
Aug 06 17:48:09 tactiq-rock5a audit[740]: AVC avc:  denied  { relabelfrom } for  pid=740 comm="semodule" name="modutils" dev="mmcblk1p2" ino=9513 scontext=unconfined_u:unconfined_r:semanage_t:s0-s0:c0.c1023 tcontext=unconfined_u:object_r:semanage_store_t:s0 tclass=dir permissive=0
Aug 06 17:48:09 tactiq-rock5a audit[740]: AVC avc:  denied  { relabelfrom } for  pid=740 comm="semodule" name="lang_ext" dev="mmcblk1p2" ino=9518 scontext=unconfined_u:unconfined_r:semanage_t:s0-s0:c0.c1023 tcontext=unconfined_u:object_r:semanage_store_t:s0 tclass=file permissive=0
Aug 06 17:48:09 tactiq-rock5a audit[740]: AVC avc:  denied  { relabelfrom } for  pid=740 comm="semodule" name="cil" dev="mmcblk1p2" ino=9519 scontext=unconfined_u:unconfined_r:semanage_t:s0-s0:c0.c1023 tcontext=unconfined_u:object_r:semanage_store_t:s0 tclass=file permissive=0
Aug 06 17:48:09 tactiq-rock5a audit[740]: AVC avc:  denied  { relabelfrom } for  pid=740 comm="semodule" name="hll" dev="mmcblk1p2" ino=9520 scontext=unconfined_u:unconfined_r:semanage_t:s0-s0:c0.c1023 tcontext=unconfined_u:object_r:semanage_store_t:s0 tclass=file permissive=0
Aug 06 17:48:09 tactiq-rock5a audit[740]: AVC avc:  denied  { relabelfrom } for  pid=740 comm="semodule" name="libmtp" dev="mmcblk1p2" ino=9517 scontext=unconfined_u:unconfined_r:semanage_t:s0-s0:c0.c1023 tcontext=unconfined_u:object_r:semanage_store_t:s0 tclass=dir permissive=0
Aug 06 17:48:09 tactiq-rock5a audit[740]: AVC avc:  denied  { relabelfrom } for  pid=740 comm="semodule" name="lang_ext" dev="mmcblk1p2" ino=9522 scontext=unconfined_u:unconfined_r:semanage_t:s0-s0:c0.c1023 tcontext=unconfined_u:object_r:semanage_store_t:s0 tclass=file permissive=0
Aug 06 17:48:09 tactiq-rock5a audit[740]: AVC avc:  denied  { relabelfrom } for  pid=740 comm="semodule" name="cil" dev="mmcblk1p2" ino=9523 scontext=unconfined_u:unconfined_r:semanage_t:s0-s0:c0.c1023 tcontext=unconfined_u:object_r:semanage_store_t:s0 tclass=file permissive=0
Aug 06 17:48:09 tactiq-rock5a audit[740]: AVC avc:  denied  { relabelfrom } for  pid=740 comm="semodule" name="hll" dev="mmcblk1p2" ino=9524 scontext=unconfined_u:unconfined_r:semanage_t:s0-s0:c0.c1023 tcontext=unconfined_u:object_r:semanage_store_t:s0 tclass=file permissive=0
Aug 06 17:48:09 tactiq-rock5a audit[740]: AVC avc:  denied  { relabelfrom } for  pid=740 comm="semodule" name="tboot" dev="mmcblk1p2" ino=9521 scontext=unconfined_u:unconfined_r:semanage_t:s0-s0:c0.c1023 tcontext=unconfined_u:object_r:semanage_store_t:s0 tclass=dir permissive=0
Aug 06 17:48:09 tactiq-rock5a audit[740]: AVC avc:  denied  { relabelfrom } for  pid=740 comm="semodule" name="lang_ext" dev="mmcblk1p2" ino=9526 scontext=unconfined_u:unconfined_r:semanage_t:s0-s0:c0.c1023 tcontext=unconfined_u:object_r:semanage_store_t:s0 tclass=file permissive=0
Aug 06 17:48:09 tactiq-rock5a audit[740]: AVC avc:  denied  { relabelfrom } for  pid=740 comm="semodule" name="cil" dev="mmcblk1p2" ino=9527 scontext=unconfined_u:unconfined_r:semanage_t:s0-s0:c0.c1023 tcontext=unconfined_u:object_r:semanage_store_t:s0 tclass=file permissive=0
Aug 06 17:48:09 tactiq-rock5a audit[740]: AVC avc:  denied  { relabelfrom } for  pid=740 comm="semodule" name="hll" dev="mmcblk1p2" ino=9528 scontext=unconfined_u:unconfined_r:semanage_t:s0-s0:c0.c1023 tcontext=unconfined_u:object_r:semanage_store_t:s0 tclass=file permissive=0
Aug 06 17:48:09 tactiq-rock5a audit[740]: AVC avc:  denied  { relabelfrom } for  pid=740 comm="semodule" name="canna" dev="mmcblk1p2" ino=9525 scontext=unconfined_u:unconfined_r:semanage_t:s0-s0:c0.c1023 tcontext=unconfined_u:object_r:semanage_store_t:s0 tclass=dir permissive=0
Aug 06 17:48:09 tactiq-rock5a audit[740]: AVC avc:  denied  { relabelfrom } for  pid=740 comm="semodule" name="lang_ext" dev="mmcblk1p2" ino=9530 scontext=unconfined_u:unconfined_r:semanage_t:s0-s0:c0.c1023 tcontext=unconfined_u:object_r:semanage_store_t:s0 tclass=file permissive=0
Aug 06 17:48:09 tactiq-rock5a audit[740]: AVC avc:  denied  { relabelfrom } for  pid=740 comm="semodule" name="cil" dev="mmcblk1p2" ino=9531 scontext=unconfined_u:unconfined_r:semanage_t:s0-s0:c0.c1023 tcontext=unconfined_u:object_r:semanage_store_t:s0 tclass=file permissive=0
Aug 06 17:48:09 tactiq-rock5a audit[740]: AVC avc:  denied  { relabelfrom } for  pid=740 comm="semodule" name="hll" dev="mmcblk1p2" ino=9532 scontext=unconfined_u:unconfined_r:semanage_t:s0-s0:c0.c1023 tcontext=unconfined_u:object_r:semanage_store_t:s0 tclass=file permissive=0
Aug 06 17:48:09 tactiq-rock5a audit[740]: AVC avc:  denied  { relabelfrom } for  pid=740 comm="semodule" name="modemmanager" dev="mmcblk1p2" ino=9529 scontext=unconfined_u:unconfined_r:semanage_t:s0-s0:c0.c1023 tcontext=unconfined_u:object_r:semanage_store_t:s0 tclass=dir permissive=0
Aug 06 17:48:09 tactiq-rock5a audit[740]: AVC avc:  denied  { relabelfrom } for  pid=740 comm="semodule" name="lang_ext" dev="mmcblk1p2" ino=9534 scontext=unconfined_u:unconfined_r:semanage_t:s0-s0:c0.c1023 tcontext=unconfined_u:object_r:semanage_store_t:s0 tclass=file permissive=0
Aug 06 17:48:09 tactiq-rock5a audit[740]: AVC avc:  denied  { relabelfrom } for  pid=740 comm="semodule" name="cil" dev="mmcblk1p2" ino=9535 scontext=unconfined_u:unconfined_r:semanage_t:s0-s0:c0.c1023 tcontext=unconfined_u:object_r:semanage_store_t:s0 tclass=file permissive=0
Aug 06 17:48:09 tactiq-rock5a audit[740]: AVC avc:  denied  { relabelfrom } for  pid=740 comm="semodule" name="hll" dev="mmcblk1p2" ino=9536 scontext=unconfined_u:unconfined_r:semanage_t:s0-s0:c0.c1023 tcontext=unconfined_u:object_r:semanage_store_t:s0 tclass=file permissive=0
Aug 06 17:48:09 tactiq-rock5a audit[740]: AVC avc:  denied  { relabelfrom } for  pid=740 comm="semodule" name="firstboot" dev="mmcblk1p2" ino=9533 scontext=unconfined_u:unconfined_r:semanage_t:s0-s0:c0.c1023 tcontext=unconfined_u:object_r:semanage_store_t:s0 tclass=dir permissive=0
Aug 06 17:48:09 tactiq-rock5a audit[740]: AVC avc:  denied  { relabelfrom } for  pid=740 comm="semodule" name="lang_ext" dev="mmcblk1p2" ino=9538 scontext=unconfined_u:unconfined_r:semanage_t:s0-s0:c0.c1023 tcontext=unconfined_u:object_r:semanage_store_t:s0 tclass=file permissive=0
Aug 06 17:48:09 tactiq-rock5a audit[740]: AVC avc:  denied  { relabelfrom } for  pid=740 comm="semodule" name="cil" dev="mmcblk1p2" ino=9539 scontext=unconfined_u:unconfined_r:semanage_t:s0-s0:c0.c1023 tcontext=unconfined_u:object_r:semanage_store_t:s0 tclass=file permissive=0
Aug 06 17:48:09 tactiq-rock5a audit[740]: AVC avc:  denied  { relabelfrom } for  pid=740 comm="semodule" name="hll" dev="mmcblk1p2" ino=9540 scontext=unconfined_u:unconfined_r:semanage_t:s0-s0:c0.c1023 tcontext=unconfined_u:object_r:semanage_store_t:s0 tclass=file permissive=0
Aug 06 17:48:09 tactiq-rock5a audit[740]: AVC avc:  denied  { relabelfrom } for  pid=740 comm="semodule" name="xdg" dev="mmcblk1p2" ino=9537 scontext=unconfined_u:unconfined_r:semanage_t:s0-s0:c0.c1023 tcontext=unconfined_u:object_r:semanage_store_t:s0 tclass=dir permissive=0
Aug 06 17:48:09 tactiq-rock5a audit[740]: AVC avc:  denied  { relabelfrom } for  pid=740 comm="semodule" name="lang_ext" dev="mmcblk1p2" ino=9542 scontext=unconfined_u:unconfined_r:semanage_t:s0-s0:c0.c1023 tcontext=unconfined_u:object_r:semanage_store_t:s0 tclass=file permissive=0
Aug 06 17:48:09 tactiq-rock5a audit[740]: AVC avc:  denied  { relabelfrom } for  pid=740 comm="semodule" name="cil" dev="mmcblk1p2" ino=9543 scontext=unconfined_u:unconfined_r:semanage_t:s0-s0:c0.c1023 tcontext=unconfined_u:object_r:semanage_store_t:s0 tclass=file permissive=0
Aug 06 17:48:09 tactiq-rock5a audit[740]: AVC avc:  denied  { relabelfrom } for  pid=740 comm="semodule" name="hll" dev="mmcblk1p2" ino=9544 scontext=unconfined_u:unconfined_r:semanage_t:s0-s0:c0.c1023 tcontext=unconfined_u:object_r:semanage_store_t:s0 tclass=file permissive=0
Aug 06 17:48:09 tactiq-rock5a audit[740]: AVC avc:  denied  { relabelfrom } for  pid=740 comm="semodule" name="tactiq_tpm" dev="mmcblk1p2" ino=9541 scontext=unconfined_u:unconfined_r:semanage_t:s0-s0:c0.c1023 tcontext=unconfined_u:object_r:semanage_store_t:s0 tclass=dir permissive=0
Aug 06 17:48:09 tactiq-rock5a audit[740]: AVC avc:  denied  { relabelfrom } for  pid=740 comm="semodule" name="lang_ext" dev="mmcblk1p2" ino=9546 scontext=unconfined_u:unconfined_r:semanage_t:s0-s0:c0.c1023 tcontext=unconfined_u:object_r:semanage_store_t:s0 tclass=file permissive=0
Aug 06 17:48:09 tactiq-rock5a audit[740]: AVC avc:  denied  { relabelfrom } for  pid=740 comm="semodule" name="cil" dev="mmcblk1p2" ino=9547 scontext=unconfined_u:unconfined_r:semanage_t:s0-s0:c0.c1023 tcontext=unconfined_u:object_r:semanage_store_t:s0 tclass=file permissive=0
Aug 06 17:48:09 tactiq-rock5a audit[740]: AVC avc:  denied  { relabelfrom } for  pid=740 comm="semodule" name="hll" dev="mmcblk1p2" ino=9548 scontext=unconfined_u:unconfined_r:semanage_t:s0-s0:c0.c1023 tcontext=unconfined_u:object_r:semanage_store_t:s0 tclass=file permissive=0
Aug 06 17:48:09 tactiq-rock5a audit[740]: AVC avc:  denied  { relabelfrom } for  pid=740 comm="semodule" name="sysnetwork" dev="mmcblk1p2" ino=9545 scontext=unconfined_u:unconfined_r:semanage_t:s0-s0:c0.c1023 tcontext=unconfined_u:object_r:semanage_store_t:s0 tclass=dir permissive=0
Aug 06 17:48:09 tactiq-rock5a audit[740]: AVC avc:  denied  { relabelfrom } for  pid=740 comm="semodule" name="lang_ext" dev="mmcblk1p2" ino=9550 scontext=unconfined_u:unconfined_r:semanage_t:s0-s0:c0.c1023 tcontext=unconfined_u:object_r:semanage_store_t:s0 tclass=file permissive=0
Aug 06 17:48:09 tactiq-rock5a audit[740]: AVC avc:  denied  { relabelfrom } for  pid=740 comm="semodule" name="cil" dev="mmcblk1p2" ino=9551 scontext=unconfined_u:unconfined_r:semanage_t:s0-s0:c0.c1023 tcontext=unconfined_u:object_r:semanage_store_t:s0 tclass=file permissive=0
Aug 06 17:48:09 tactiq-rock5a audit[740]: AVC avc:  denied  { relabelfrom } for  pid=740 comm="semodule" name="hll" dev="mmcblk1p2" ino=9552 scontext=unconfined_u:unconfined_r:semanage_t:s0-s0:c0.c1023 tcontext=unconfined_u:object_r:semanage_store_t:s0 tclass=file permissive=0
Aug 06 17:48:09 tactiq-rock5a audit[740]: AVC avc:  denied  { relabelfrom } for  pid=740 comm="semodule" name="anaconda" dev="mmcblk1p2" ino=9549 scontext=unconfined_u:unconfined_r:semanage_t:s0-s0:c0.c1023 tcontext=unconfined_u:object_r:semanage_store_t:s0 tclass=dir permissive=0
Aug 06 17:48:09 tactiq-rock5a audit[740]: AVC avc:  denied  { relabelfrom } for  pid=740 comm="semodule" name="lang_ext" dev="mmcblk1p2" ino=9554 scontext=unconfined_u:unconfined_r:semanage_t:s0-s0:c0.c1023 tcontext=unconfined_u:object_r:semanage_store_t:s0 tclass=file permissive=0
Aug 06 17:48:09 tactiq-rock5a audit[740]: AVC avc:  denied  { relabelfrom } for  pid=740 comm="semodule" name="cil" dev="mmcblk1p2" ino=9555 scontext=unconfined_u:unconfined_r:semanage_t:s0-s0:c0.c1023 tcontext=unconfined_u:object_r:semanage_store_t:s0 tclass=file permissive=0
Aug 06 17:48:09 tactiq-rock5a audit[740]: AVC avc:  denied  { relabelfrom } for  pid=740 comm="semodule" name="hll" dev="mmcblk1p2" ino=9556 scontext=unconfined_u:unconfined_r:semanage_t:s0-s0:c0.c1023 tcontext=unconfined_u:object_r:semanage_store_t:s0 tclass=file permissive=0
Aug 06 17:48:09 tactiq-rock5a audit[740]: AVC avc:  denied  { relabelfrom } for  pid=740 comm="semodule" name="livecd" dev="mmcblk1p2" ino=9553 scontext=unconfined_u:unconfined_r:semanage_t:s0-s0:c0.c1023 tcontext=unconfined_u:object_r:semanage_store_t:s0 tclass=dir permissive=0
Aug 06 17:48:09 tactiq-rock5a audit[740]: AVC avc:  denied  { relabelfrom } for  pid=740 comm="semodule" name="lang_ext" dev="mmcblk1p2" ino=9558 scontext=unconfined_u:unconfined_r:semanage_t:s0-s0:c0.c1023 tcontext=unconfined_u:object_r:semanage_store_t:s0 tclass=file permissive=0
Aug 06 17:48:09 tactiq-rock5a audit[740]: AVC avc:  denied  { relabelfrom } for  pid=740 comm="semodule" name="cil" dev="mmcblk1p2" ino=9559 scontext=unconfined_u:unconfined_r:semanage_t:s0-s0:c0.c1023 tcontext=unconfined_u:object_r:semanage_store_t:s0 tclass=file permissive=0
Aug 06 17:48:09 tactiq-rock5a audit[740]: AVC avc:  denied  { relabelfrom } for  pid=740 comm="semodule" name="hll" dev="mmcblk1p2" ino=9560 scontext=unconfined_u:unconfined_r:semanage_t:s0-s0:c0.c1023 tcontext=unconfined_u:object_r:semanage_store_t:s0 tclass=file permissive=0
Aug 06 17:48:09 tactiq-rock5a audit[740]: AVC avc:  denied  { relabelfrom } for  pid=740 comm="semodule" name="zarafa" dev="mmcblk1p2" ino=9557 scontext=unconfined_u:unconfined_r:semanage_t:s0-s0:c0.c1023 tcontext=unconfined_u:object_r:semanage_store_t:s0 tclass=dir permissive=0
Aug 06 17:48:09 tactiq-rock5a audit[740]: AVC avc:  denied  { relabelfrom } for  pid=740 comm="semodule" name="lang_ext" dev="mmcblk1p2" ino=9562 scontext=unconfined_u:unconfined_r:semanage_t:s0-s0:c0.c1023 tcontext=unconfined_u:object_r:semanage_store_t:s0 tclass=file permissive=0
Aug 06 17:48:09 tactiq-rock5a audit[740]: AVC avc:  denied  { relabelfrom } for  pid=740 comm="semodule" name="cil" dev="mmcblk1p2" ino=9563 scontext=unconfined_u:unconfined_r:semanage_t:s0-s0:c0.c1023 tcontext=unconfined_u:object_r:semanage_store_t:s0 tclass=file permissive=0
Aug 06 17:48:09 tactiq-rock5a audit[740]: AVC avc:  denied  { relabelfrom } for  pid=740 comm="semodule" name="hll" dev="mmcblk1p2" ino=9564 scontext=unconfined_u:unconfined_r:semanage_t:s0-s0:c0.c1023 tcontext=unconfined_u:object_r:semanage_store_t:s0 tclass=file permissive=0
Aug 06 17:48:09 tactiq-rock5a audit[740]: AVC avc:  denied  { relabelfrom } for  pid=740 comm="semodule" name="userdomain" dev="mmcblk1p2" ino=9561 scontext=unconfined_u:unconfined_r:semanage_t:s0-s0:c0.c1023 tcontext=unconfined_u:object_r:semanage_store_t:s0 tclass=dir permissive=0
Aug 06 17:48:09 tactiq-rock5a audit[740]: AVC avc:  denied  { relabelfrom } for  pid=740 comm="semodule" name="lang_ext" dev="mmcblk1p2" ino=9566 scontext=unconfined_u:unconfined_r:semanage_t:s0-s0:c0.c1023 tcontext=unconfined_u:object_r:semanage_store_t:s0 tclass=file permissive=0
Aug 06 17:48:09 tactiq-rock5a audit[740]: AVC avc:  denied  { relabelfrom } for  pid=740 comm="semodule" name="cil" dev="mmcblk1p2" ino=9567 scontext=unconfined_u:unconfined_r:semanage_t:s0-s0:c0.c1023 tcontext=unconfined_u:object_r:semanage_store_t:s0 tclass=file permissive=0
Aug 06 17:48:09 tactiq-rock5a audit[740]: AVC avc:  denied  { relabelfrom } for  pid=740 comm="semodule" name="hll" dev="mmcblk1p2" ino=9568 scontext=unconfined_u:unconfined_r:semanage_t:s0-s0:c0.c1023 tcontext=unconfined_u:object_r:semanage_store_t:s0 tclass=file permissive=0
Aug 06 17:48:09 tactiq-rock5a audit[740]: AVC avc:  denied  { relabelfrom } for  pid=740 comm="semodule" name="mysql" dev="mmcblk1p2" ino=9565 scontext=unconfined_u:unconfined_r:semanage_t:s0-s0:c0.c1023 tcontext=unconfined_u:object_r:semanage_store_t:s0 tclass=dir permissive=0
Aug 06 17:48:09 tactiq-rock5a audit[740]: AVC avc:  denied  { relabelfrom } for  pid=740 comm="semodule" name="lang_ext" dev="mmcblk1p2" ino=9570 scontext=unconfined_u:unconfined_r:semanage_t:s0-s0:c0.c1023 tcontext=unconfined_u:object_r:semanage_store_t:s0 tclass=file permissive=0
Aug 06 17:48:09 tactiq-rock5a audit[740]: AVC avc:  denied  { relabelfrom } for  pid=740 comm="semodule" name="cil" dev="mmcblk1p2" ino=9571 scontext=unconfined_u:unconfined_r:semanage_t:s0-s0:c0.c1023 tcontext=unconfined_u:object_r:semanage_store_t:s0 tclass=file permissive=0
Aug 06 17:48:09 tactiq-rock5a audit[740]: AVC avc:  denied  { relabelfrom } for  pid=740 comm="semodule" name="hll" dev="mmcblk1p2" ino=9572 scontext=unconfined_u:unconfined_r:semanage_t:s0-s0:c0.c1023 tcontext=unconfined_u:object_r:semanage_store_t:s0 tclass=file permissive=0
Aug 06 17:48:09 tactiq-rock5a audit[740]: AVC avc:  denied  { relabelfrom } for  pid=740 comm="semodule" name="tftp" dev="mmcblk1p2" ino=9569 scontext=unconfined_u:unconfined_r:semanage_t:s0-s0:c0.c1023 tcontext=unconfined_u:object_r:semanage_store_t:s0 tclass=dir permissive=0
Aug 06 17:48:09 tactiq-rock5a audit[740]: AVC avc:  denied  { relabelfrom } for  pid=740 comm="semodule" name="lang_ext" dev="mmcblk1p2" ino=9574 scontext=unconfined_u:unconfined_r:semanage_t:s0-s0:c0.c1023 tcontext=unconfined_u:object_r:semanage_store_t:s0 tclass=file permissive=0
Aug 06 17:48:09 tactiq-rock5a audit[740]: AVC avc:  denied  { relabelfrom } for  pid=740 comm="semodule" name="cil" dev="mmcblk1p2" ino=9575 scontext=unconfined_u:unconfined_r:semanage_t:s0-s0:c0.c1023 tcontext=unconfined_u:object_r:semanage_store_t:s0 tclass=file permissive=0
Aug 06 17:48:09 tactiq-rock5a audit[740]: AVC avc:  denied  { relabelfrom } for  pid=740 comm="semodule" name="hll" dev="mmcblk1p2" ino=9576 scontext=unconfined_u:unconfined_r:semanage_t:s0-s0:c0.c1023 tcontext=unconfined_u:object_r:semanage_store_t:s0 tclass=file permissive=0
Aug 06 17:48:09 tactiq-rock5a audit[740]: AVC avc:  denied  { relabelfrom } for  pid=740 comm="semodule" name="samba" dev="mmcblk1p2" ino=9573 scontext=unconfined_u:unconfined_r:semanage_t:s0-s0:c0.c1023 tcontext=unconfined_u:object_r:semanage_store_t:s0 tclass=dir permissive=0
Aug 06 17:48:09 tactiq-rock5a audit[740]: AVC avc:  denied  { relabelfrom } for  pid=740 comm="semodule" name="lang_ext" dev="mmcblk1p2" ino=9578 scontext=unconfined_u:unconfined_r:semanage_t:s0-s0:c0.c1023 tcontext=unconfined_u:object_r:semanage_store_t:s0 tclass=file permissive=0
Aug 06 17:48:09 tactiq-rock5a audit[740]: AVC avc:  denied  { relabelfrom } for  pid=740 comm="semodule" name="cil" dev="mmcblk1p2" ino=9579 scontext=unconfined_u:unconfined_r:semanage_t:s0-s0:c0.c1023 tcontext=unconfined_u:object_r:semanage_store_t:s0 tclass=file permissive=0
Aug 06 17:48:09 tactiq-rock5a audit[740]: AVC avc:  denied  { relabelfrom } for  pid=740 comm="semodule" name="hll" dev="mmcblk1p2" ino=9580 scontext=unconfined_u:unconfined_r:semanage_t:s0-s0:c0.c1023 tcontext=unconfined_u:object_r:semanage_store_t:s0 tclass=file permissive=0
Aug 06 17:48:09 tactiq-rock5a audit[740]: AVC avc:  denied  { relabelfrom } for  pid=740 comm="semodule" name="dovecot" dev="mmcblk1p2" ino=9577 scontext=unconfined_u:unconfined_r:semanage_t:s0-s0:c0.c1023 tcontext=unconfined_u:object_r:semanage_store_t:s0 tclass=dir permissive=0
Aug 06 17:48:09 tactiq-rock5a audit[740]: AVC avc:  denied  { relabelfrom } for  pid=740 comm="semodule" name="lang_ext" dev="mmcblk1p2" ino=9582 scontext=unconfined_u:unconfined_r:semanage_t:s0-s0:c0.c1023 tcontext=unconfined_u:object_r:semanage_store_t:s0 tclass=file permissive=0
Aug 06 17:48:09 tactiq-rock5a audit[740]: AVC avc:  denied  { relabelfrom } for  pid=740 comm="semodule" name="cil" dev="mmcblk1p2" ino=9583 scontext=unconfined_u:unconfined_r:semanage_t:s0-s0:c0.c1023 tcontext=unconfined_u:object_r:semanage_store_t:s0 tclass=file permissive=0
Aug 06 17:48:09 tactiq-rock5a audit[740]: AVC avc:  denied  { relabelfrom } for  pid=740 comm="semodule" name="hll" dev="mmcblk1p2" ino=9584 scontext=unconfined_u:unconfined_r:semanage_t:s0-s0:c0.c1023 tcontext=unconfined_u:object_r:semanage_store_t:s0 tclass=file permissive=0
Aug 06 17:48:09 tactiq-rock5a audit[740]: AVC avc:  denied  { relabelfrom } for  pid=740 comm="semodule" name="tpm2" dev="mmcblk1p2" ino=9581 scontext=unconfined_u:unconfined_r:semanage_t:s0-s0:c0.c1023 tcontext=unconfined_u:object_r:semanage_store_t:s0 tclass=dir permissive=0
Aug 06 17:48:09 tactiq-rock5a audit[740]: AVC avc:  denied  { relabelfrom } for  pid=740 comm="semodule" name="lang_ext" dev="mmcblk1p2" ino=9586 scontext=unconfined_u:unconfined_r:semanage_t:s0-s0:c0.c1023 tcontext=unconfined_u:object_r:semanage_store_t:s0 tclass=file permissive=0
Aug 06 17:48:09 tactiq-rock5a audit[740]: AVC avc:  denied  { relabelfrom } for  pid=740 comm="semodule" name="cil" dev="mmcblk1p2" ino=9587 scontext=unconfined_u:unconfined_r:semanage_t:s0-s0:c0.c1023 tcontext=unconfined_u:object_r:semanage_store_t:s0 tclass=file permissive=0
Aug 06 17:48:09 tactiq-rock5a audit[740]: AVC avc:  denied  { relabelfrom } for  pid=740 comm="semodule" name="hll" dev="mmcblk1p2" ino=9588 scontext=unconfined_u:unconfined_r:semanage_t:s0-s0:c0.c1023 tcontext=unconfined_u:object_r:semanage_store_t:s0 tclass=file permissive=0
Aug 06 17:48:09 tactiq-rock5a audit[740]: AVC avc:  denied  { relabelfrom } for  pid=740 comm="semodule" name="hddtemp" dev="mmcblk1p2" ino=9585 scontext=unconfined_u:unconfined_r:semanage_t:s0-s0:c0.c1023 tcontext=unconfined_u:object_r:semanage_store_t:s0 tclass=dir permissive=0
Aug 06 17:48:09 tactiq-rock5a audit[740]: AVC avc:  denied  { relabelfrom } for  pid=740 comm="semodule" name="lang_ext" dev="mmcblk1p2" ino=9590 scontext=unconfined_u:unconfined_r:semanage_t:s0-s0:c0.c1023 tcontext=unconfined_u:object_r:semanage_store_t:s0 tclass=file permissive=0
Aug 06 17:48:09 tactiq-rock5a audit[740]: AVC avc:  denied  { relabelfrom } for  pid=740 comm="semodule" name="cil" dev="mmcblk1p2" ino=9591 scontext=unconfined_u:unconfined_r:semanage_t:s0-s0:c0.c1023 tcontext=unconfined_u:object_r:semanage_store_t:s0 tclass=file permissive=0
Aug 06 17:48:09 tactiq-rock5a audit[740]: AVC avc:  denied  { relabelfrom } for  pid=740 comm="semodule" name="hll" dev="mmcblk1p2" ino=9592 scontext=unconfined_u:unconfined_r:semanage_t:s0-s0:c0.c1023 tcontext=unconfined_u:object_r:semanage_store_t:s0 tclass=file permissive=0
Aug 06 17:48:09 tactiq-rock5a audit[740]: AVC avc:  denied  { relabelfrom } for  pid=740 comm="semodule" name="ntp" dev="mmcblk1p2" ino=9589 scontext=unconfined_u:unconfined_r:semanage_t:s0-s0:c0.c1023 tcontext=unconfined_u:object_r:semanage_store_t:s0 tclass=dir permissive=0
Aug 06 17:48:09 tactiq-rock5a audit[740]: AVC avc:  denied  { relabelfrom } for  pid=740 comm="semodule" name="lang_ext" dev="mmcblk1p2" ino=9594 scontext=unconfined_u:unconfined_r:semanage_t:s0-s0:c0.c1023 tcontext=unconfined_u:object_r:semanage_store_t:s0 tclass=file permissive=0
Aug 06 17:48:09 tactiq-rock5a audit[740]: AVC avc:  denied  { relabelfrom } for  pid=740 comm="semodule" name="cil" dev="mmcblk1p2" ino=9595 scontext=unconfined_u:unconfined_r:semanage_t:s0-s0:c0.c1023 tcontext=unconfined_u:object_r:semanage_store_t:s0 tclass=file permissive=0
Aug 06 17:48:09 tactiq-rock5a audit[740]: AVC avc:  denied  { relabelfrom } for  pid=740 comm="semodule" name="hll" dev="mmcblk1p2" ino=9596 scontext=unconfined_u:unconfined_r:semanage_t:s0-s0:c0.c1023 tcontext=unconfined_u:object_r:semanage_store_t:s0 tclass=file permissive=0
Aug 06 17:48:09 tactiq-rock5a audit[740]: AVC avc:  denied  { relabelfrom } for  pid=740 comm="semodule" name="vbetool" dev="mmcblk1p2" ino=9593 scontext=unconfined_u:unconfined_r:semanage_t:s0-s0:c0.c1023 tcontext=unconfined_u:object_r:semanage_store_t:s0 tclass=dir permissive=0
Aug 06 17:48:09 tactiq-rock5a audit[740]: AVC avc:  denied  { relabelfrom } for  pid=740 comm="semodule" name="lang_ext" dev="mmcblk1p2" ino=9598 scontext=unconfined_u:unconfined_r:semanage_t:s0-s0:c0.c1023 tcontext=unconfined_u:object_r:semanage_store_t:s0 tclass=file permissive=0
Aug 06 17:48:09 tactiq-rock5a audit[740]: AVC avc:  denied  { relabelfrom } for  pid=740 comm="semodule" name="cil" dev="mmcblk1p2" ino=9599 scontext=unconfined_u:unconfined_r:semanage_t:s0-s0:c0.c1023 tcontext=unconfined_u:object_r:semanage_store_t:s0 tclass=file permissive=0
Aug 06 17:48:09 tactiq-rock5a audit[740]: AVC avc:  denied  { relabelfrom } for  pid=740 comm="semodule" name="hll" dev="mmcblk1p2" ino=9600 scontext=unconfined_u:unconfined_r:semanage_t:s0-s0:c0.c1023 tcontext=unconfined_u:object_r:semanage_store_t:s0 tclass=file permissive=0
Aug 06 17:48:09 tactiq-rock5a audit[740]: AVC avc:  denied  { relabelfrom } for  pid=740 comm="semodule" name="sudo" dev="mmcblk1p2" ino=9597 scontext=unconfined_u:unconfined_r:semanage_t:s0-s0:c0.c1023 tcontext=unconfined_u:object_r:semanage_store_t:s0 tclass=dir permissive=0
Aug 06 17:48:09 tactiq-rock5a audit[740]: AVC avc:  denied  { relabelfrom } for  pid=740 comm="semodule" name="lang_ext" dev="mmcblk1p2" ino=9602 scontext=unconfined_u:unconfined_r:semanage_t:s0-s0:c0.c1023 tcontext=unconfined_u:object_r:semanage_store_t:s0 tclass=file permissive=0
Aug 06 17:48:09 tactiq-rock5a audit[740]: AVC avc:  denied  { relabelfrom } for  pid=740 comm="semodule" name="cil" dev="mmcblk1p2" ino=9603 scontext=unconfined_u:unconfined_r:semanage_t:s0-s0:c0.c1023 tcontext=unconfined_u:object_r:semanage_store_t:s0 tclass=file permissive=0
Aug 06 17:48:09 tactiq-rock5a audit[740]: AVC avc:  denied  { relabelfrom } for  pid=740 comm="semodule" name="hll" dev="mmcblk1p2" ino=9604 scontext=unconfined_u:unconfined_r:semanage_t:s0-s0:c0.c1023 tcontext=unconfined_u:object_r:semanage_store_t:s0 tclass=file permissive=0
Aug 06 17:48:09 tactiq-rock5a audit[740]: AVC avc:  denied  { relabelfrom } for  pid=740 comm="semodule" name="chkrootkit" dev="mmcblk1p2" ino=9601 scontext=unconfined_u:unconfined_r:semanage_t:s0-s0:c0.c1023 tcontext=unconfined_u:object_r:semanage_store_t:s0 tclass=dir permissive=0
Aug 06 17:48:09 tactiq-rock5a audit[740]: AVC avc:  denied  { relabelfrom } for  pid=740 comm="semodule" name="lang_ext" dev="mmcblk1p2" ino=9606 scontext=unconfined_u:unconfined_r:semanage_t:s0-s0:c0.c1023 tcontext=unconfined_u:object_r:semanage_store_t:s0 tclass=file permissive=0
Aug 06 17:48:09 tactiq-rock5a audit[740]: AVC avc:  denied  { relabelfrom } for  pid=740 comm="semodule" name="cil" dev="mmcblk1p2" ino=9607 scontext=unconfined_u:unconfined_r:semanage_t:s0-s0:c0.c1023 tcontext=unconfined_u:object_r:semanage_store_t:s0 tclass=file permissive=0
Aug 06 17:48:09 tactiq-rock5a audit[740]: AVC avc:  denied  { relabelfrom } for  pid=740 comm="semodule" name="hll" dev="mmcblk1p2" ino=9608 scontext=unconfined_u:unconfined_r:semanage_t:s0-s0:c0.c1023 tcontext=unconfined_u:object_r:semanage_store_t:s0 tclass=file permissive=0
Aug 06 17:48:09 tactiq-rock5a audit[740]: AVC avc:  denied  { relabelfrom } for  pid=740 comm="semodule" name="uuidd" dev="mmcblk1p2" ino=9605 scontext=unconfined_u:unconfined_r:semanage_t:s0-s0:c0.c1023 tcontext=unconfined_u:object_r:semanage_store_t:s0 tclass=dir permissive=0
Aug 06 17:48:09 tactiq-rock5a audit[740]: AVC avc:  denied  { relabelfrom } for  pid=740 comm="semodule" name="lang_ext" dev="mmcblk1p2" ino=9610 scontext=unconfined_u:unconfined_r:semanage_t:s0-s0:c0.c1023 tcontext=unconfined_u:object_r:semanage_store_t:s0 tclass=file permissive=0
Aug 06 17:48:09 tactiq-rock5a audit[740]: AVC avc:  denied  { relabelfrom } for  pid=740 comm="semodule" name="cil" dev="mmcblk1p2" ino=9611 scontext=unconfined_u:unconfined_r:semanage_t:s0-s0:c0.c1023 tcontext=unconfined_u:object_r:semanage_store_t:s0 tclass=file permissive=0
Aug 06 17:48:09 tactiq-rock5a audit[740]: AVC avc:  denied  { relabelfrom } for  pid=740 comm="semodule" name="hll" dev="mmcblk1p2" ino=9612 scontext=unconfined_u:unconfined_r:semanage_t:s0-s0:c0.c1023 tcontext=unconfined_u:object_r:semanage_store_t:s0 tclass=file permissive=0
Aug 06 17:48:09 tactiq-rock5a audit[740]: AVC avc:  denied  { relabelfrom } for  pid=740 comm="semodule" name="needrestart" dev="mmcblk1p2" ino=9609 scontext=unconfined_u:unconfined_r:semanage_t:s0-s0:c0.c1023 tcontext=unconfined_u:object_r:semanage_store_t:s0 tclass=dir permissive=0
Aug 06 17:48:09 tactiq-rock5a audit[740]: AVC avc:  denied  { relabelfrom } for  pid=740 comm="semodule" name="lang_ext" dev="mmcblk1p2" ino=9614 scontext=unconfined_u:unconfined_r:semanage_t:s0-s0:c0.c1023 tcontext=unconfined_u:object_r:semanage_store_t:s0 tclass=file permissive=0
Aug 06 17:48:09 tactiq-rock5a audit[740]: AVC avc:  denied  { relabelfrom } for  pid=740 comm="semodule" name="cil" dev="mmcblk1p2" ino=9615 scontext=unconfined_u:unconfined_r:semanage_t:s0-s0:c0.c1023 tcontext=unconfined_u:object_r:semanage_store_t:s0 tclass=file permissive=0
Aug 06 17:48:09 tactiq-rock5a audit[740]: AVC avc:  denied  { relabelfrom } for  pid=740 comm="semodule" name="hll" dev="mmcblk1p2" ino=9616 scontext=unconfined_u:unconfined_r:semanage_t:s0-s0:c0.c1023 tcontext=unconfined_u:object_r:semanage_store_t:s0 tclass=file permissive=0
Aug 06 17:48:09 tactiq-rock5a audit[740]: AVC avc:  denied  { relabelfrom } for  pid=740 comm="semodule" name="seatd" dev="mmcblk1p2" ino=9613 scontext=unconfined_u:unconfined_r:semanage_t:s0-s0:c0.c1023 tcontext=unconfined_u:object_r:semanage_store_t:s0 tclass=dir permissive=0
Aug 06 17:48:09 tactiq-rock5a audit[740]: AVC avc:  denied  { relabelfrom } for  pid=740 comm="semodule" name="lang_ext" dev="mmcblk1p2" ino=9618 scontext=unconfined_u:unconfined_r:semanage_t:s0-s0:c0.c1023 tcontext=unconfined_u:object_r:semanage_store_t:s0 tclass=file permissive=0
Aug 06 17:48:09 tactiq-rock5a audit[740]: AVC avc:  denied  { relabelfrom } for  pid=740 comm="semodule" name="cil" dev="mmcblk1p2" ino=9619 scontext=unconfined_u:unconfined_r:semanage_t:s0-s0:c0.c1023 tcontext=unconfined_u:object_r:semanage_store_t:s0 tclass=file permissive=0
Aug 06 17:48:09 tactiq-rock5a audit[740]: AVC avc:  denied  { relabelfrom } for  pid=740 comm="semodule" name="hll" dev="mmcblk1p2" ino=9620 scontext=unconfined_u:unconfined_r:semanage_t:s0-s0:c0.c1023 tcontext=unconfined_u:object_r:semanage_store_t:s0 tclass=file permissive=0
Aug 06 17:48:09 tactiq-rock5a audit[740]: AVC avc:  denied  { relabelfrom } for  pid=740 comm="semodule" name="openca" dev="mmcblk1p2" ino=9617 scontext=unconfined_u:unconfined_r:semanage_t:s0-s0:c0.c1023 tcontext=unconfined_u:object_r:semanage_store_t:s0 tclass=dir permissive=0
Aug 06 17:48:09 tactiq-rock5a audit[740]: AVC avc:  denied  { relabelfrom } for  pid=740 comm="semodule" name="lang_ext" dev="mmcblk1p2" ino=9622 scontext=unconfined_u:unconfined_r:semanage_t:s0-s0:c0.c1023 tcontext=unconfined_u:object_r:semanage_store_t:s0 tclass=file permissive=0
Aug 06 17:48:09 tactiq-rock5a audit[740]: AVC avc:  denied  { relabelfrom } for  pid=740 comm="semodule" name="cil" dev="mmcblk1p2" ino=9623 scontext=unconfined_u:unconfined_r:semanage_t:s0-s0:c0.c1023 tcontext=unconfined_u:object_r:semanage_store_t:s0 tclass=file permissive=0
Aug 06 17:48:09 tactiq-rock5a audit[740]: AVC avc:  denied  { relabelfrom } for  pid=740 comm="semodule" name="hll" dev="mmcblk1p2" ino=9624 scontext=unconfined_u:unconfined_r:semanage_t:s0-s0:c0.c1023 tcontext=unconfined_u:object_r:semanage_store_t:s0 tclass=file permissive=0
Aug 06 17:48:09 tactiq-rock5a audit[740]: AVC avc:  denied  { relabelfrom } for  pid=740 comm="semodule" name="chromium" dev="mmcblk1p2" ino=9621 scontext=unconfined_u:unconfined_r:semanage_t:s0-s0:c0.c1023 tcontext=unconfined_u:object_r:semanage_store_t:s0 tclass=dir permissive=0
Aug 06 17:48:09 tactiq-rock5a audit[740]: AVC avc:  denied  { relabelfrom } for  pid=740 comm="semodule" name="lang_ext" dev="mmcblk1p2" ino=9626 scontext=unconfined_u:unconfined_r:semanage_t:s0-s0:c0.c1023 tcontext=unconfined_u:object_r:semanage_store_t:s0 tclass=file permissive=0
Aug 06 17:48:09 tactiq-rock5a audit[740]: AVC avc:  denied  { relabelfrom } for  pid=740 comm="semodule" name="cil" dev="mmcblk1p2" ino=9627 scontext=unconfined_u:unconfined_r:semanage_t:s0-s0:c0.c1023 tcontext=unconfined_u:object_r:semanage_store_t:s0 tclass=file permissive=0
Aug 06 17:48:09 tactiq-rock5a audit[740]: AVC avc:  denied  { relabelfrom } for  pid=740 comm="semodule" name="hll" dev="mmcblk1p2" ino=9628 scontext=unconfined_u:unconfined_r:semanage_t:s0-s0:c0.c1023 tcontext=unconfined_u:object_r:semanage_store_t:s0 tclass=file permissive=0
Aug 06 17:48:09 tactiq-rock5a audit[740]: AVC avc:  denied  { relabelfrom } for  pid=740 comm="semodule" name="entropyd" dev="mmcblk1p2" ino=9625 scontext=unconfined_u:unconfined_r:semanage_t:s0-s0:c0.c1023 tcontext=unconfined_u:object_r:semanage_store_t:s0 tclass=dir permissive=0
Aug 06 17:48:09 tactiq-rock5a audit[740]: AVC avc:  denied  { relabelfrom } for  pid=740 comm="semodule" name="lang_ext" dev="mmcblk1p2" ino=9630 scontext=unconfined_u:unconfined_r:semanage_t:s0-s0:c0.c1023 tcontext=unconfined_u:object_r:semanage_store_t:s0 tclass=file permissive=0
Aug 06 17:48:09 tactiq-rock5a audit[740]: AVC avc:  denied  { relabelfrom } for  pid=740 comm="semodule" name="cil" dev="mmcblk1p2" ino=9631 scontext=unconfined_u:unconfined_r:semanage_t:s0-s0:c0.c1023 tcontext=unconfined_u:object_r:semanage_store_t:s0 tclass=file permissive=0
Aug 06 17:48:09 tactiq-rock5a audit[740]: AVC avc:  denied  { relabelfrom } for  pid=740 comm="semodule" name="hll" dev="mmcblk1p2" ino=9632 scontext=unconfined_u:unconfined_r:semanage_t:s0-s0:c0.c1023 tcontext=unconfined_u:object_r:semanage_store_t:s0 tclass=file permissive=0
Aug 06 17:48:09 tactiq-rock5a audit[740]: AVC avc:  denied  { relabelfrom } for  pid=740 comm="semodule" name="sigrok" dev="mmcblk1p2" ino=9629 scontext=unconfined_u:unconfined_r:semanage_t:s0-s0:c0.c1023 tcontext=unconfined_u:object_r:semanage_store_t:s0 tclass=dir permissive=0
Aug 06 17:48:09 tactiq-rock5a audit[740]: AVC avc:  denied  { relabelfrom } for  pid=740 comm="semodule" name="lang_ext" dev="mmcblk1p2" ino=9634 scontext=unconfined_u:unconfined_r:semanage_t:s0-s0:c0.c1023 tcontext=unconfined_u:object_r:semanage_store_t:s0 tclass=file permissive=0
Aug 06 17:48:09 tactiq-rock5a audit[740]: AVC avc:  denied  { relabelfrom } for  pid=740 comm="semodule" name="cil" dev="mmcblk1p2" ino=9635 scontext=unconfined_u:unconfined_r:semanage_t:s0-s0:c0.c1023 tcontext=unconfined_u:object_r:semanage_store_t:s0 tclass=file permissive=0
Aug 06 17:48:09 tactiq-rock5a audit[740]: AVC avc:  denied  { relabelfrom } for  pid=740 comm="semodule" name="hll" dev="mmcblk1p2" ino=9636 scontext=unconfined_u:unconfined_r:semanage_t:s0-s0:c0.c1023 tcontext=unconfined_u:object_r:semanage_store_t:s0 tclass=file permissive=0
Aug 06 17:48:09 tactiq-rock5a audit[740]: AVC avc:  denied  { relabelfrom } for  pid=740 comm="semodule" name="rpc" dev="mmcblk1p2" ino=9633 scontext=unconfined_u:unconfined_r:semanage_t:s0-s0:c0.c1023 tcontext=unconfined_u:object_r:semanage_store_t:s0 tclass=dir permissive=0
Aug 06 17:48:09 tactiq-rock5a audit[740]: AVC avc:  denied  { relabelfrom } for  pid=740 comm="semodule" name="lang_ext" dev="mmcblk1p2" ino=9638 scontext=unconfined_u:unconfined_r:semanage_t:s0-s0:c0.c1023 tcontext=unconfined_u:object_r:semanage_store_t:s0 tclass=file permissive=0
Aug 06 17:48:09 tactiq-rock5a audit[740]: AVC avc:  denied  { relabelfrom } for  pid=740 comm="semodule" name="cil" dev="mmcblk1p2" ino=9639 scontext=unconfined_u:unconfined_r:semanage_t:s0-s0:c0.c1023 tcontext=unconfined_u:object_r:semanage_store_t:s0 tclass=file permissive=0
Aug 06 17:48:09 tactiq-rock5a audit[740]: AVC avc:  denied  { relabelfrom } for  pid=740 comm="semodule" name="hll" dev="mmcblk1p2" ino=9640 scontext=unconfined_u:unconfined_r:semanage_t:s0-s0:c0.c1023 tcontext=unconfined_u:object_r:semanage_store_t:s0 tclass=file permissive=0
Aug 06 17:48:09 tactiq-rock5a audit[740]: AVC avc:  denied  { relabelfrom } for  pid=740 comm="semodule" name="rpcbind" dev="mmcblk1p2" ino=9637 scontext=unconfined_u:unconfined_r:semanage_t:s0-s0:c0.c1023 tcontext=unconfined_u:object_r:semanage_store_t:s0 tclass=dir permissive=0
Aug 06 17:48:09 tactiq-rock5a audit[740]: AVC avc:  denied  { relabelfrom } for  pid=740 comm="semodule" name="lang_ext" dev="mmcblk1p2" ino=9642 scontext=unconfined_u:unconfined_r:semanage_t:s0-s0:c0.c1023 tcontext=unconfined_u:object_r:semanage_store_t:s0 tclass=file permissive=0
Aug 06 17:48:09 tactiq-rock5a audit[740]: AVC avc:  denied  { relabelfrom } for  pid=740 comm="semodule" name="cil" dev="mmcblk1p2" ino=9643 scontext=unconfined_u:unconfined_r:semanage_t:s0-s0:c0.c1023 tcontext=unconfined_u:object_r:semanage_store_t:s0 tclass=file permissive=0
Aug 06 17:48:09 tactiq-rock5a audit[740]: AVC avc:  denied  { relabelfrom } for  pid=740 comm="semodule" name="hll" dev="mmcblk1p2" ino=9644 scontext=unconfined_u:unconfined_r:semanage_t:s0-s0:c0.c1023 tcontext=unconfined_u:object_r:semanage_store_t:s0 tclass=file permissive=0
Aug 06 17:48:09 tactiq-rock5a audit[740]: AVC avc:  denied  { relabelfrom } for  pid=740 comm="semodule" name="backup" dev="mmcblk1p2" ino=9641 scontext=unconfined_u:unconfined_r:semanage_t:s0-s0:c0.c1023 tcontext=unconfined_u:object_r:semanage_store_t:s0 tclass=dir permissive=0
Aug 06 17:48:09 tactiq-rock5a audit[740]: AVC avc:  denied  { relabelfrom } for  pid=740 comm="semodule" name="lang_ext" dev="mmcblk1p2" ino=9646 scontext=unconfined_u:unconfined_r:semanage_t:s0-s0:c0.c1023 tcontext=unconfined_u:object_r:semanage_store_t:s0 tclass=file permissive=0
Aug 06 17:48:09 tactiq-rock5a audit[740]: AVC avc:  denied  { relabelfrom } for  pid=740 comm="semodule" name="cil" dev="mmcblk1p2" ino=9647 scontext=unconfined_u:unconfined_r:semanage_t:s0-s0:c0.c1023 tcontext=unconfined_u:object_r:semanage_store_t:s0 tclass=file permissive=0
Aug 06 17:48:09 tactiq-rock5a audit[740]: AVC avc:  denied  { relabelfrom } for  pid=740 comm="semodule" name="hll" dev="mmcblk1p2" ino=9648 scontext=unconfined_u:unconfined_r:semanage_t:s0-s0:c0.c1023 tcontext=unconfined_u:object_r:semanage_store_t:s0 tclass=file permissive=0
Aug 06 17:48:09 tactiq-rock5a audit[740]: AVC avc:  denied  { relabelfrom } for  pid=740 comm="semodule" name="usbmodules" dev="mmcblk1p2" ino=9645 scontext=unconfined_u:unconfined_r:semanage_t:s0-s0:c0.c1023 tcontext=unconfined_u:object_r:semanage_store_t:s0 tclass=dir permissive=0
Aug 06 17:48:09 tactiq-rock5a audit[740]: AVC avc:  denied  { relabelfrom } for  pid=740 comm="semodule" name="lang_ext" dev="mmcblk1p2" ino=9650 scontext=unconfined_u:unconfined_r:semanage_t:s0-s0:c0.c1023 tcontext=unconfined_u:object_r:semanage_store_t:s0 tclass=file permissive=0
Aug 06 17:48:09 tactiq-rock5a audit[740]: AVC avc:  denied  { relabelfrom } for  pid=740 comm="semodule" name="cil" dev="mmcblk1p2" ino=9651 scontext=unconfined_u:unconfined_r:semanage_t:s0-s0:c0.c1023 tcontext=unconfined_u:object_r:semanage_store_t:s0 tclass=file permissive=0
Aug 06 17:48:09 tactiq-rock5a audit[740]: AVC avc:  denied  { relabelfrom } for  pid=740 comm="semodule" name="hll" dev="mmcblk1p2" ino=9652 scontext=unconfined_u:unconfined_r:semanage_t:s0-s0:c0.c1023 tcontext=unconfined_u:object_r:semanage_store_t:s0 tclass=file permissive=0
Aug 06 17:48:09 tactiq-rock5a audit[740]: AVC avc:  denied  { relabelfrom } for  pid=740 comm="semodule" name="gnome" dev="mmcblk1p2" ino=9649 scontext=unconfined_u:unconfined_r:semanage_t:s0-s0:c0.c1023 tcontext=unconfined_u:object_r:semanage_store_t:s0 tclass=dir permissive=0
Aug 06 17:48:09 tactiq-rock5a audit[740]: AVC avc:  denied  { relabelfrom } for  pid=740 comm="semodule" name="lang_ext" dev="mmcblk1p2" ino=9654 scontext=unconfined_u:unconfined_r:semanage_t:s0-s0:c0.c1023 tcontext=unconfined_u:object_r:semanage_store_t:s0 tclass=file permissive=0
Aug 06 17:48:09 tactiq-rock5a audit[740]: AVC avc:  denied  { relabelfrom } for  pid=740 comm="semodule" name="cil" dev="mmcblk1p2" ino=9655 scontext=unconfined_u:unconfined_r:semanage_t:s0-s0:c0.c1023 tcontext=unconfined_u:object_r:semanage_store_t:s0 tclass=file permissive=0
Aug 06 17:48:09 tactiq-rock5a audit[740]: AVC avc:  denied  { relabelfrom } for  pid=740 comm="semodule" name="hll" dev="mmcblk1p2" ino=9656 scontext=unconfined_u:unconfined_r:semanage_t:s0-s0:c0.c1023 tcontext=unconfined_u:object_r:semanage_store_t:s0 tclass=file permissive=0
Aug 06 17:48:09 tactiq-rock5a audit[740]: AVC avc:  denied  { relabelfrom } for  pid=740 comm="semodule" name="sensord" dev="mmcblk1p2" ino=9653 scontext=unconfined_u:unconfined_r:semanage_t:s0-s0:c0.c1023 tcontext=unconfined_u:object_r:semanage_store_t:s0 tclass=dir permissive=0
Aug 06 17:48:09 tactiq-rock5a audit[740]: AVC avc:  denied  { relabelfrom } for  pid=740 comm="semodule" name="lang_ext" dev="mmcblk1p2" ino=9658 scontext=unconfined_u:unconfined_r:semanage_t:s0-s0:c0.c1023 tcontext=unconfined_u:object_r:semanage_store_t:s0 tclass=file permissive=0
Aug 06 17:48:09 tactiq-rock5a audit[740]: AVC avc:  denied  { relabelfrom } for  pid=740 comm="semodule" name="cil" dev="mmcblk1p2" ino=9659 scontext=unconfined_u:unconfined_r:semanage_t:s0-s0:c0.c1023 tcontext=unconfined_u:object_r:semanage_store_t:s0 tclass=file permissive=0
Aug 06 17:48:09 tactiq-rock5a audit[740]: AVC avc:  denied  { relabelfrom } for  pid=740 comm="semodule" name="hll" dev="mmcblk1p2" ino=9660 scontext=unconfined_u:unconfined_r:semanage_t:s0-s0:c0.c1023 tcontext=unconfined_u:object_r:semanage_store_t:s0 tclass=file permissive=0
Aug 06 17:48:09 tactiq-rock5a audit[740]: AVC avc:  denied  { relabelfrom } for  pid=740 comm="semodule" name="boinc" dev="mmcblk1p2" ino=9657 scontext=unconfined_u:unconfined_r:semanage_t:s0-s0:c0.c1023 tcontext=unconfined_u:object_r:semanage_store_t:s0 tclass=dir permissive=0
Aug 06 17:48:09 tactiq-rock5a audit[740]: AVC avc:  denied  { relabelfrom } for  pid=740 comm="semodule" name="lang_ext" dev="mmcblk1p2" ino=9662 scontext=unconfined_u:unconfined_r:semanage_t:s0-s0:c0.c1023 tcontext=unconfined_u:object_r:semanage_store_t:s0 tclass=file permissive=0
Aug 06 17:48:09 tactiq-rock5a audit[740]: AVC avc:  denied  { relabelfrom } for  pid=740 comm="semodule" name="cil" dev="mmcblk1p2" ino=9663 scontext=unconfined_u:unconfined_r:semanage_t:s0-s0:c0.c1023 tcontext=unconfined_u:object_r:semanage_store_t:s0 tclass=file permissive=0
Aug 06 17:48:09 tactiq-rock5a audit[740]: AVC avc:  denied  { relabelfrom } for  pid=740 comm="semodule" name="hll" dev="mmcblk1p2" ino=9664 scontext=unconfined_u:unconfined_r:semanage_t:s0-s0:c0.c1023 tcontext=unconfined_u:object_r:semanage_store_t:s0 tclass=file permissive=0
Aug 06 17:48:09 tactiq-rock5a audit[740]: AVC avc:  denied  { relabelfrom } for  pid=740 comm="semodule" name="mediawiki" dev="mmcblk1p2" ino=9661 scontext=unconfined_u:unconfined_r:semanage_t:s0-s0:c0.c1023 tcontext=unconfined_u:object_r:semanage_store_t:s0 tclass=dir permissive=0
Aug 06 17:48:09 tactiq-rock5a audit[740]: AVC avc:  denied  { relabelfrom } for  pid=740 comm="semodule" name="lang_ext" dev="mmcblk1p2" ino=9666 scontext=unconfined_u:unconfined_r:semanage_t:s0-s0:c0.c1023 tcontext=unconfined_u:object_r:semanage_store_t:s0 tclass=file permissive=0
Aug 06 17:48:09 tactiq-rock5a audit[740]: AVC avc:  denied  { relabelfrom } for  pid=740 comm="semodule" name="cil" dev="mmcblk1p2" ino=9667 scontext=unconfined_u:unconfined_r:semanage_t:s0-s0:c0.c1023 tcontext=unconfined_u:object_r:semanage_store_t:s0 tclass=file permissive=0
Aug 06 17:48:09 tactiq-rock5a audit[740]: AVC avc:  denied  { relabelfrom } for  pid=740 comm="semodule" name="hll" dev="mmcblk1p2" ino=9668 scontext=unconfined_u:unconfined_r:semanage_t:s0-s0:c0.c1023 tcontext=unconfined_u:object_r:semanage_store_t:s0 tclass=file permissive=0
Aug 06 17:48:09 tactiq-rock5a audit[740]: AVC avc:  denied  { relabelfrom } for  pid=740 comm="semodule" name="pwauth" dev="mmcblk1p2" ino=9665 scontext=unconfined_u:unconfined_r:semanage_t:s0-s0:c0.c1023 tcontext=unconfined_u:object_r:semanage_store_t:s0 tclass=dir permissive=0
Aug 06 17:48:09 tactiq-rock5a audit[740]: AVC avc:  denied  { relabelfrom } for  pid=740 comm="semodule" name="lang_ext" dev="mmcblk1p2" ino=9670 scontext=unconfined_u:unconfined_r:semanage_t:s0-s0:c0.c1023 tcontext=unconfined_u:object_r:semanage_store_t:s0 tclass=file permissive=0
Aug 06 17:48:09 tactiq-rock5a audit[740]: AVC avc:  denied  { relabelfrom } for  pid=740 comm="semodule" name="cil" dev="mmcblk1p2" ino=9671 scontext=unconfined_u:unconfined_r:semanage_t:s0-s0:c0.c1023 tcontext=unconfined_u:object_r:semanage_store_t:s0 tclass=file permissive=0
Aug 06 17:48:09 tactiq-rock5a audit[740]: AVC avc:  denied  { relabelfrom } for  pid=740 comm="semodule" name="hll" dev="mmcblk1p2" ino=9672 scontext=unconfined_u:unconfined_r:semanage_t:s0-s0:c0.c1023 tcontext=unconfined_u:object_r:semanage_store_t:s0 tclass=file permissive=0
Aug 06 17:48:09 tactiq-rock5a audit[740]: AVC avc:  denied  { relabelfrom } for  pid=740 comm="semodule" name="gpsd" dev="mmcblk1p2" ino=9669 scontext=unconfined_u:unconfined_r:semanage_t:s0-s0:c0.c1023 tcontext=unconfined_u:object_r:semanage_store_t:s0 tclass=dir permissive=0
Aug 06 17:48:09 tactiq-rock5a audit[740]: AVC avc:  denied  { relabelfrom } for  pid=740 comm="semodule" name="lang_ext" dev="mmcblk1p2" ino=9674 scontext=unconfined_u:unconfined_r:semanage_t:s0-s0:c0.c1023 tcontext=unconfined_u:object_r:semanage_store_t:s0 tclass=file permissive=0
Aug 06 17:48:09 tactiq-rock5a audit[740]: AVC avc:  denied  { relabelfrom } for  pid=740 comm="semodule" name="cil" dev="mmcblk1p2" ino=9675 scontext=unconfined_u:unconfined_r:semanage_t:s0-s0:c0.c1023 tcontext=unconfined_u:object_r:semanage_store_t:s0 tclass=file permissive=0
Aug 06 17:48:09 tactiq-rock5a audit[740]: AVC avc:  denied  { relabelfrom } for  pid=740 comm="semodule" name="hll" dev="mmcblk1p2" ino=9676 scontext=unconfined_u:unconfined_r:semanage_t:s0-s0:c0.c1023 tcontext=unconfined_u:object_r:semanage_store_t:s0 tclass=file permissive=0
Aug 06 17:48:09 tactiq-rock5a audit[740]: AVC avc:  denied  { relabelfrom } for  pid=740 comm="semodule" name="podman" dev="mmcblk1p2" ino=9673 scontext=unconfined_u:unconfined_r:semanage_t:s0-s0:c0.c1023 tcontext=unconfined_u:object_r:semanage_store_t:s0 tclass=dir permissive=0
Aug 06 17:48:09 tactiq-rock5a audit[740]: AVC avc:  denied  { relabelfrom } for  pid=740 comm="semodule" name="lang_ext" dev="mmcblk1p2" ino=9678 scontext=unconfined_u:unconfined_r:semanage_t:s0-s0:c0.c1023 tcontext=unconfined_u:object_r:semanage_store_t:s0 tclass=file permissive=0
Aug 06 17:48:09 tactiq-rock5a audit[740]: AVC avc:  denied  { relabelfrom } for  pid=740 comm="semodule" name="cil" dev="mmcblk1p2" ino=9679 scontext=unconfined_u:unconfined_r:semanage_t:s0-s0:c0.c1023 tcontext=unconfined_u:object_r:semanage_store_t:s0 tclass=file permissive=0
Aug 06 17:48:09 tactiq-rock5a audit[740]: AVC avc:  denied  { relabelfrom } for  pid=740 comm="semodule" name="hll" dev="mmcblk1p2" ino=9680 scontext=unconfined_u:unconfined_r:semanage_t:s0-s0:c0.c1023 tcontext=unconfined_u:object_r:semanage_store_t:s0 tclass=file permissive=0
Aug 06 17:48:09 tactiq-rock5a audit[740]: AVC avc:  denied  { relabelfrom } for  pid=740 comm="semodule" name="lldpad" dev="mmcblk1p2" ino=9677 scontext=unconfined_u:unconfined_r:semanage_t:s0-s0:c0.c1023 tcontext=unconfined_u:object_r:semanage_store_t:s0 tclass=dir permissive=0
Aug 06 17:48:09 tactiq-rock5a audit[740]: AVC avc:  denied  { relabelfrom } for  pid=740 comm="semodule" name="lang_ext" dev="mmcblk1p2" ino=9682 scontext=unconfined_u:unconfined_r:semanage_t:s0-s0:c0.c1023 tcontext=unconfined_u:object_r:semanage_store_t:s0 tclass=file permissive=0
Aug 06 17:48:09 tactiq-rock5a audit[740]: AVC avc:  denied  { relabelfrom } for  pid=740 comm="semodule" name="cil" dev="mmcblk1p2" ino=9683 scontext=unconfined_u:unconfined_r:semanage_t:s0-s0:c0.c1023 tcontext=unconfined_u:object_r:semanage_store_t:s0 tclass=file permissive=0
Aug 06 17:48:09 tactiq-rock5a audit[740]: AVC avc:  denied  { relabelfrom } for  pid=740 comm="semodule" name="hll" dev="mmcblk1p2" ino=9684 scontext=unconfined_u:unconfined_r:semanage_t:s0-s0:c0.c1023 tcontext=unconfined_u:object_r:semanage_store_t:s0 tclass=file permissive=0
Aug 06 17:48:09 tactiq-rock5a audit[740]: AVC avc:  denied  { relabelfrom } for  pid=740 comm="semodule" name="logrotate" dev="mmcblk1p2" ino=9681 scontext=unconfined_u:unconfined_r:semanage_t:s0-s0:c0.c1023 tcontext=unconfined_u:object_r:semanage_store_t:s0 tclass=dir permissive=0
Aug 06 17:48:09 tactiq-rock5a audit[740]: AVC avc:  denied  { relabelfrom } for  pid=740 comm="semodule" name="lang_ext" dev="mmcblk1p2" ino=9686 scontext=unconfined_u:unconfined_r:semanage_t:s0-s0:c0.c1023 tcontext=unconfined_u:object_r:semanage_store_t:s0 tclass=file permissive=0
Aug 06 17:48:09 tactiq-rock5a audit[740]: AVC avc:  denied  { relabelfrom } for  pid=740 comm="semodule" name="cil" dev="mmcblk1p2" ino=9687 scontext=unconfined_u:unconfined_r:semanage_t:s0-s0:c0.c1023 tcontext=unconfined_u:object_r:semanage_store_t:s0 tclass=file permissive=0
Aug 06 17:48:09 tactiq-rock5a audit[740]: AVC avc:  denied  { relabelfrom } for  pid=740 comm="semodule" name="hll" dev="mmcblk1p2" ino=9688 scontext=unconfined_u:unconfined_r:semanage_t:s0-s0:c0.c1023 tcontext=unconfined_u:object_r:semanage_store_t:s0 tclass=file permissive=0
Aug 06 17:48:09 tactiq-rock5a audit[740]: AVC avc:  denied  { relabelfrom } for  pid=740 comm="semodule" name="libraries" dev="mmcblk1p2" ino=9685 scontext=unconfined_u:unconfined_r:semanage_t:s0-s0:c0.c1023 tcontext=unconfined_u:object_r:semanage_store_t:s0 tclass=dir permissive=0
Aug 06 17:48:09 tactiq-rock5a audit[740]: AVC avc:  denied  { relabelfrom } for  pid=740 comm="semodule" name="lang_ext" dev="mmcblk1p2" ino=9690 scontext=unconfined_u:unconfined_r:semanage_t:s0-s0:c0.c1023 tcontext=unconfined_u:object_r:semanage_store_t:s0 tclass=file permissive=0
Aug 06 17:48:09 tactiq-rock5a audit[740]: AVC avc:  denied  { relabelfrom } for  pid=740 comm="semodule" name="cil" dev="mmcblk1p2" ino=9691 scontext=unconfined_u:unconfined_r:semanage_t:s0-s0:c0.c1023 tcontext=unconfined_u:object_r:semanage_store_t:s0 tclass=file permissive=0
Aug 06 17:48:09 tactiq-rock5a audit[740]: AVC avc:  denied  { relabelfrom } for  pid=740 comm="semodule" name="hll" dev="mmcblk1p2" ino=9692 scontext=unconfined_u:unconfined_r:semanage_t:s0-s0:c0.c1023 tcontext=unconfined_u:object_r:semanage_store_t:s0 tclass=file permissive=0
Aug 06 17:48:09 tactiq-rock5a audit[740]: AVC avc:  denied  { relabelfrom } for  pid=740 comm="semodule" name="fprintd" dev="mmcblk1p2" ino=9689 scontext=unconfined_u:unconfined_r:semanage_t:s0-s0:c0.c1023 tcontext=unconfined_u:object_r:semanage_store_t:s0 tclass=dir permissive=0
Aug 06 17:48:09 tactiq-rock5a audit[740]: AVC avc:  denied  { relabelfrom } for  pid=740 comm="semodule" name="lang_ext" dev="mmcblk1p2" ino=9694 scontext=unconfined_u:unconfined_r:semanage_t:s0-s0:c0.c1023 tcontext=unconfined_u:object_r:semanage_store_t:s0 tclass=file permissive=0
Aug 06 17:48:09 tactiq-rock5a audit[740]: AVC avc:  denied  { relabelfrom } for  pid=740 comm="semodule" name="cil" dev="mmcblk1p2" ino=9695 scontext=unconfined_u:unconfined_r:semanage_t:s0-s0:c0.c1023 tcontext=unconfined_u:object_r:semanage_store_t:s0 tclass=file permissive=0
Aug 06 17:48:09 tactiq-rock5a audit[740]: AVC avc:  denied  { relabelfrom } for  pid=740 comm="semodule" name="hll" dev="mmcblk1p2" ino=9696 scontext=unconfined_u:unconfined_r:semanage_t:s0-s0:c0.c1023 tcontext=unconfined_u:object_r:semanage_store_t:s0 tclass=file permissive=0
Aug 06 17:48:09 tactiq-rock5a audit[740]: AVC avc:  denied  { relabelfrom } for  pid=740 comm="semodule" name="cyphesis" dev="mmcblk1p2" ino=9693 scontext=unconfined_u:unconfined_r:semanage_t:s0-s0:c0.c1023 tcontext=unconfined_u:object_r:semanage_store_t:s0 tclass=dir permissive=0
Aug 06 17:48:09 tactiq-rock5a audit[740]: AVC avc:  denied  { relabelfrom } for  pid=740 comm="semodule" name="lang_ext" dev="mmcblk1p2" ino=9698 scontext=unconfined_u:unconfined_r:semanage_t:s0-s0:c0.c1023 tcontext=unconfined_u:object_r:semanage_store_t:s0 tclass=file permissive=0
Aug 06 17:48:09 tactiq-rock5a audit[740]: AVC avc:  denied  { relabelfrom } for  pid=740 comm="semodule" name="cil" dev="mmcblk1p2" ino=9699 scontext=unconfined_u:unconfined_r:semanage_t:s0-s0:c0.c1023 tcontext=unconfined_u:object_r:semanage_store_t:s0 tclass=file permissive=0
Aug 06 17:48:09 tactiq-rock5a audit[740]: AVC avc:  denied  { relabelfrom } for  pid=740 comm="semodule" name="hll" dev="mmcblk1p2" ino=9700 scontext=unconfined_u:unconfined_r:semanage_t:s0-s0:c0.c1023 tcontext=unconfined_u:object_r:semanage_store_t:s0 tclass=file permissive=0
Aug 06 17:48:09 tactiq-rock5a audit[740]: AVC avc:  denied  { relabelfrom } for  pid=740 comm="semodule" name="iiosensorproxy" dev="mmcblk1p2" ino=9697 scontext=unconfined_u:unconfined_r:semanage_t:s0-s0:c0.c1023 tcontext=unconfined_u:object_r:semanage_store_t:s0 tclass=dir permissive=0
Aug 06 17:48:09 tactiq-rock5a audit[740]: AVC avc:  denied  { relabelfrom } for  pid=740 comm="semodule" name="lang_ext" dev="mmcblk1p2" ino=9702 scontext=unconfined_u:unconfined_r:semanage_t:s0-s0:c0.c1023 tcontext=unconfined_u:object_r:semanage_store_t:s0 tclass=file permissive=0
Aug 06 17:48:09 tactiq-rock5a audit[740]: AVC avc:  denied  { relabelfrom } for  pid=740 comm="semodule" name="cil" dev="mmcblk1p2" ino=9703 scontext=unconfined_u:unconfined_r:semanage_t:s0-s0:c0.c1023 tcontext=unconfined_u:object_r:semanage_store_t:s0 tclass=file permissive=0
Aug 06 17:48:09 tactiq-rock5a audit[740]: AVC avc:  denied  { relabelfrom } for  pid=740 comm="semodule" name="hll" dev="mmcblk1p2" ino=9704 scontext=unconfined_u:unconfined_r:semanage_t:s0-s0:c0.c1023 tcontext=unconfined_u:object_r:semanage_store_t:s0 tclass=file permissive=0
Aug 06 17:48:09 tactiq-rock5a audit[740]: AVC avc:  denied  { relabelfrom } for  pid=740 comm="semodule" name="sympa" dev="mmcblk1p2" ino=9701 scontext=unconfined_u:unconfined_r:semanage_t:s0-s0:c0.c1023 tcontext=unconfined_u:object_r:semanage_store_t:s0 tclass=dir permissive=0
Aug 06 17:48:09 tactiq-rock5a audit[740]: AVC avc:  denied  { relabelfrom } for  pid=740 comm="semodule" name="lang_ext" dev="mmcblk1p2" ino=9706 scontext=unconfined_u:unconfined_r:semanage_t:s0-s0:c0.c1023 tcontext=unconfined_u:object_r:semanage_store_t:s0 tclass=file permissive=0
Aug 06 17:48:09 tactiq-rock5a audit[740]: AVC avc:  denied  { relabelfrom } for  pid=740 comm="semodule" name="cil" dev="mmcblk1p2" ino=9707 scontext=unconfined_u:unconfined_r:semanage_t:s0-s0:c0.c1023 tcontext=unconfined_u:object_r:semanage_store_t:s0 tclass=file permissive=0
Aug 06 17:48:09 tactiq-rock5a audit[740]: AVC avc:  denied  { relabelfrom } for  pid=740 comm="semodule" name="hll" dev="mmcblk1p2" ino=9708 scontext=unconfined_u:unconfined_r:semanage_t:s0-s0:c0.c1023 tcontext=unconfined_u:object_r:semanage_store_t:s0 tclass=file permissive=0
Aug 06 17:48:09 tactiq-rock5a audit[740]: AVC avc:  denied  { relabelfrom } for  pid=740 comm="semodule" name="bootloader" dev="mmcblk1p2" ino=9705 scontext=unconfined_u:unconfined_r:semanage_t:s0-s0:c0.c1023 tcontext=unconfined_u:object_r:semanage_store_t:s0 tclass=dir permissive=0
Aug 06 17:48:09 tactiq-rock5a audit[740]: AVC avc:  denied  { relabelfrom } for  pid=740 comm="semodule" name="lang_ext" dev="mmcblk1p2" ino=9710 scontext=unconfined_u:unconfined_r:semanage_t:s0-s0:c0.c1023 tcontext=unconfined_u:object_r:semanage_store_t:s0 tclass=file permissive=0
Aug 06 17:48:09 tactiq-rock5a audit[740]: AVC avc:  denied  { relabelfrom } for  pid=740 comm="semodule" name="cil" dev="mmcblk1p2" ino=9711 scontext=unconfined_u:unconfined_r:semanage_t:s0-s0:c0.c1023 tcontext=unconfined_u:object_r:semanage_store_t:s0 tclass=file permissive=0
Aug 06 17:48:09 tactiq-rock5a audit[740]: AVC avc:  denied  { relabelfrom } for  pid=740 comm="semodule" name="hll" dev="mmcblk1p2" ino=9712 scontext=unconfined_u:unconfined_r:semanage_t:s0-s0:c0.c1023 tcontext=unconfined_u:object_r:semanage_store_t:s0 tclass=file permissive=0
Aug 06 17:48:09 tactiq-rock5a audit[740]: AVC avc:  denied  { relabelfrom } for  pid=740 comm="semodule" name="fwupd" dev="mmcblk1p2" ino=9709 scontext=unconfined_u:unconfined_r:semanage_t:s0-s0:c0.c1023 tcontext=unconfined_u:object_r:semanage_store_t:s0 tclass=dir permissive=0
Aug 06 17:48:09 tactiq-rock5a audit[740]: AVC avc:  denied  { relabelfrom } for  pid=740 comm="semodule" name="lang_ext" dev="mmcblk1p2" ino=9714 scontext=unconfined_u:unconfined_r:semanage_t:s0-s0:c0.c1023 tcontext=unconfined_u:object_r:semanage_store_t:s0 tclass=file permissive=0
Aug 06 17:48:09 tactiq-rock5a audit[740]: AVC avc:  denied  { relabelfrom } for  pid=740 comm="semodule" name="cil" dev="mmcblk1p2" ino=9715 scontext=unconfined_u:unconfined_r:semanage_t:s0-s0:c0.c1023 tcontext=unconfined_u:object_r:semanage_store_t:s0 tclass=file permissive=0
Aug 06 17:48:09 tactiq-rock5a audit[740]: AVC avc:  denied  { relabelfrom } for  pid=740 comm="semodule" name="hll" dev="mmcblk1p2" ino=9716 scontext=unconfined_u:unconfined_r:semanage_t:s0-s0:c0.c1023 tcontext=unconfined_u:object_r:semanage_store_t:s0 tclass=file permissive=0
Aug 06 17:48:09 tactiq-rock5a audit[740]: AVC avc:  denied  { relabelfrom } for  pid=740 comm="semodule" name="pads" dev="mmcblk1p2" ino=9713 scontext=unconfined_u:unconfined_r:semanage_t:s0-s0:c0.c1023 tcontext=unconfined_u:object_r:semanage_store_t:s0 tclass=dir permissive=0
Aug 06 17:48:09 tactiq-rock5a audit[740]: AVC avc:  denied  { relabelfrom } for  pid=740 comm="semodule" name="lang_ext" dev="mmcblk1p2" ino=9718 scontext=unconfined_u:unconfined_r:semanage_t:s0-s0:c0.c1023 tcontext=unconfined_u:object_r:semanage_store_t:s0 tclass=file permissive=0
Aug 06 17:48:09 tactiq-rock5a audit[740]: AVC avc:  denied  { relabelfrom } for  pid=740 comm="semodule" name="cil" dev="mmcblk1p2" ino=9719 scontext=unconfined_u:unconfined_r:semanage_t:s0-s0:c0.c1023 tcontext=unconfined_u:object_r:semanage_store_t:s0 tclass=file permissive=0
Aug 06 17:48:09 tactiq-rock5a audit[740]: AVC avc:  denied  { relabelfrom } for  pid=740 comm="semodule" name="hll" dev="mmcblk1p2" ino=9720 scontext=unconfined_u:unconfined_r:semanage_t:s0-s0:c0.c1023 tcontext=unconfined_u:object_r:semanage_store_t:s0 tclass=file permissive=0
Aug 06 17:48:09 tactiq-rock5a audit[740]: AVC avc:  denied  { relabelfrom } for  pid=740 comm="semodule" name="portmap" dev="mmcblk1p2" ino=9717 scontext=unconfined_u:unconfined_r:semanage_t:s0-s0:c0.c1023 tcontext=unconfined_u:object_r:semanage_store_t:s0 tclass=dir permissive=0
Aug 06 17:48:09 tactiq-rock5a audit[740]: AVC avc:  denied  { relabelfrom } for  pid=740 comm="semodule" name="lang_ext" dev="mmcblk1p2" ino=9722 scontext=unconfined_u:unconfined_r:semanage_t:s0-s0:c0.c1023 tcontext=unconfined_u:object_r:semanage_store_t:s0 tclass=file permissive=0
Aug 06 17:48:09 tactiq-rock5a audit[740]: AVC avc:  denied  { relabelfrom } for  pid=740 comm="semodule" name="cil" dev="mmcblk1p2" ino=9723 scontext=unconfined_u:unconfined_r:semanage_t:s0-s0:c0.c1023 tcontext=unconfined_u:object_r:semanage_store_t:s0 tclass=file permissive=0
Aug 06 17:48:09 tactiq-rock5a audit[740]: AVC avc:  denied  { relabelfrom } for  pid=740 comm="semodule" name="hll" dev="mmcblk1p2" ino=9724 scontext=unconfined_u:unconfined_r:semanage_t:s0-s0:c0.c1023 tcontext=unconfined_u:object_r:semanage_store_t:s0 tclass=file permissive=0
Aug 06 17:48:09 tactiq-rock5a audit[740]: AVC avc:  denied  { relabelfrom } for  pid=740 comm="semodule" name="certwatch" dev="mmcblk1p2" ino=9721 scontext=unconfined_u:unconfined_r:semanage_t:s0-s0:c0.c1023 tcontext=unconfined_u:object_r:semanage_store_t:s0 tclass=dir permissive=0
Aug 06 17:48:09 tactiq-rock5a audit[740]: AVC avc:  denied  { relabelfrom } for  pid=740 comm="semodule" name="lang_ext" dev="mmcblk1p2" ino=9726 scontext=unconfined_u:unconfined_r:semanage_t:s0-s0:c0.c1023 tcontext=unconfined_u:object_r:semanage_store_t:s0 tclass=file permissive=0
Aug 06 17:48:09 tactiq-rock5a audit[740]: AVC avc:  denied  { relabelfrom } for  pid=740 comm="semodule" name="cil" dev="mmcblk1p2" ino=9727 scontext=unconfined_u:unconfined_r:semanage_t:s0-s0:c0.c1023 tcontext=unconfined_u:object_r:semanage_store_t:s0 tclass=file permissive=0
Aug 06 17:48:09 tactiq-rock5a audit[740]: AVC avc:  denied  { relabelfrom } for  pid=740 comm="semodule" name="hll" dev="mmcblk1p2" ino=9728 scontext=unconfined_u:unconfined_r:semanage_t:s0-s0:c0.c1023 tcontext=unconfined_u:object_r:semanage_store_t:s0 tclass=file permissive=0
Aug 06 17:48:09 tactiq-rock5a audit[740]: AVC avc:  denied  { relabelfrom } for  pid=740 comm="semodule" name="varnishd" dev="mmcblk1p2" ino=9725 scontext=unconfined_u:unconfined_r:semanage_t:s0-s0:c0.c1023 tcontext=unconfined_u:object_r:semanage_store_t:s0 tclass=dir permissive=0
Aug 06 17:48:09 tactiq-rock5a audit[740]: AVC avc:  denied  { relabelfrom } for  pid=740 comm="semodule" name="lang_ext" dev="mmcblk1p2" ino=9730 scontext=unconfined_u:unconfined_r:semanage_t:s0-s0:c0.c1023 tcontext=unconfined_u:object_r:semanage_store_t:s0 tclass=file permissive=0
Aug 06 17:48:09 tactiq-rock5a audit[740]: AVC avc:  denied  { relabelfrom } for  pid=740 comm="semodule" name="cil" dev="mmcblk1p2" ino=9731 scontext=unconfined_u:unconfined_r:semanage_t:s0-s0:c0.c1023 tcontext=unconfined_u:object_r:semanage_store_t:s0 tclass=file permissive=0
Aug 06 17:48:09 tactiq-rock5a audit[740]: AVC avc:  denied  { relabelfrom } for  pid=740 comm="semodule" name="hll" dev="mmcblk1p2" ino=9732 scontext=unconfined_u:unconfined_r:semanage_t:s0-s0:c0.c1023 tcontext=unconfined_u:object_r:semanage_store_t:s0 tclass=file permissive=0
Aug 06 17:48:09 tactiq-rock5a audit[740]: AVC avc:  denied  { relabelfrom } for  pid=740 comm="semodule" name="lvm" dev="mmcblk1p2" ino=9729 scontext=unconfined_u:unconfined_r:semanage_t:s0-s0:c0.c1023 tcontext=unconfined_u:object_r:semanage_store_t:s0 tclass=dir permissive=0
Aug 06 17:48:09 tactiq-rock5a audit[740]: AVC avc:  denied  { relabelfrom } for  pid=740 comm="semodule" name="lang_ext" dev="mmcblk1p2" ino=9734 scontext=unconfined_u:unconfined_r:semanage_t:s0-s0:c0.c1023 tcontext=unconfined_u:object_r:semanage_store_t:s0 tclass=file permissive=0
Aug 06 17:48:09 tactiq-rock5a audit[740]: AVC avc:  denied  { relabelfrom } for  pid=740 comm="semodule" name="cil" dev="mmcblk1p2" ino=9735 scontext=unconfined_u:unconfined_r:semanage_t:s0-s0:c0.c1023 tcontext=unconfined_u:object_r:semanage_store_t:s0 tclass=file permissive=0
Aug 06 17:48:09 tactiq-rock5a audit[740]: AVC avc:  denied  { relabelfrom } for  pid=740 comm="semodule" name="hll" dev="mmcblk1p2" ino=9736 scontext=unconfined_u:unconfined_r:semanage_t:s0-s0:c0.c1023 tcontext=unconfined_u:object_r:semanage_store_t:s0 tclass=file permissive=0
Aug 06 17:48:09 tactiq-rock5a audit[740]: AVC avc:  denied  { relabelfrom } for  pid=740 comm="semodule" name="node_exporter" dev="mmcblk1p2" ino=9733 scontext=unconfined_u:unconfined_r:semanage_t:s0-s0:c0.c1023 tcontext=unconfined_u:object_r:semanage_store_t:s0 tclass=dir permissive=0
Aug 06 17:48:09 tactiq-rock5a audit[740]: AVC avc:  denied  { relabelfrom } for  pid=740 comm="semodule" name="lang_ext" dev="mmcblk1p2" ino=9738 scontext=unconfined_u:unconfined_r:semanage_t:s0-s0:c0.c1023 tcontext=unconfined_u:object_r:semanage_store_t:s0 tclass=file permissive=0
Aug 06 17:48:09 tactiq-rock5a audit[740]: AVC avc:  denied  { relabelfrom } for  pid=740 comm="semodule" name="cil" dev="mmcblk1p2" ino=9739 scontext=unconfined_u:unconfined_r:semanage_t:s0-s0:c0.c1023 tcontext=unconfined_u:object_r:semanage_store_t:s0 tclass=file permissive=0
Aug 06 17:48:09 tactiq-rock5a audit[740]: AVC avc:  denied  { relabelfrom } for  pid=740 comm="semodule" name="hll" dev="mmcblk1p2" ino=9740 scontext=unconfined_u:unconfined_r:semanage_t:s0-s0:c0.c1023 tcontext=unconfined_u:object_r:semanage_store_t:s0 tclass=file permissive=0
Aug 06 17:48:09 tactiq-rock5a audit[740]: AVC avc:  denied  { relabelfrom } for  pid=740 comm="semodule" name="acpi" dev="mmcblk1p2" ino=9737 scontext=unconfined_u:unconfined_r:semanage_t:s0-s0:c0.c1023 tcontext=unconfined_u:object_r:semanage_store_t:s0 tclass=dir permissive=0
Aug 06 17:48:09 tactiq-rock5a audit[740]: AVC avc:  denied  { relabelfrom } for  pid=740 comm="semodule" name="lang_ext" dev="mmcblk1p2" ino=9742 scontext=unconfined_u:unconfined_r:semanage_t:s0-s0:c0.c1023 tcontext=unconfined_u:object_r:semanage_store_t:s0 tclass=file permissive=0
Aug 06 17:48:09 tactiq-rock5a audit[740]: AVC avc:  denied  { relabelfrom } for  pid=740 comm="semodule" name="cil" dev="mmcblk1p2" ino=9743 scontext=unconfined_u:unconfined_r:semanage_t:s0-s0:c0.c1023 tcontext=unconfined_u:object_r:semanage_store_t:s0 tclass=file permissive=0
Aug 06 17:48:09 tactiq-rock5a audit[740]: AVC avc:  denied  { relabelfrom } for  pid=740 comm="semodule" name="hll" dev="mmcblk1p2" ino=9744 scontext=unconfined_u:unconfined_r:semanage_t:s0-s0:c0.c1023 tcontext=unconfined_u:object_r:semanage_store_t:s0 tclass=file permissive=0
Aug 06 17:48:09 tactiq-rock5a audit[740]: AVC avc:  denied  { relabelfrom } for  pid=740 comm="semodule" name="consoletype" dev="mmcblk1p2" ino=9741 scontext=unconfined_u:unconfined_r:semanage_t:s0-s0:c0.c1023 tcontext=unconfined_u:object_r:semanage_store_t:s0 tclass=dir permissive=0
Aug 06 17:48:09 tactiq-rock5a audit[740]: AVC avc:  denied  { relabelfrom } for  pid=740 comm="semodule" name="lang_ext" dev="mmcblk1p2" ino=9746 scontext=unconfined_u:unconfined_r:semanage_t:s0-s0:c0.c1023 tcontext=unconfined_u:object_r:semanage_store_t:s0 tclass=file permissive=0
Aug 06 17:48:09 tactiq-rock5a audit[740]: AVC avc:  denied  { relabelfrom } for  pid=740 comm="semodule" name="cil" dev="mmcblk1p2" ino=9747 scontext=unconfined_u:unconfined_r:semanage_t:s0-s0:c0.c1023 tcontext=unconfined_u:object_r:semanage_store_t:s0 tclass=file permissive=0
Aug 06 17:48:09 tactiq-rock5a audit[740]: AVC avc:  denied  { relabelfrom } for  pid=740 comm="semodule" name="hll" dev="mmcblk1p2" ino=9748 scontext=unconfined_u:unconfined_r:semanage_t:s0-s0:c0.c1023 tcontext=unconfined_u:object_r:semanage_store_t:s0 tclass=file permissive=0
Aug 06 17:48:09 tactiq-rock5a audit[740]: AVC avc:  denied  { relabelfrom } for  pid=740 comm="semodule" name="authlogin" dev="mmcblk1p2" ino=9745 scontext=unconfined_u:unconfined_r:semanage_t:s0-s0:c0.c1023 tcontext=unconfined_u:object_r:semanage_store_t:s0 tclass=dir permissive=0
Aug 06 17:48:09 tactiq-rock5a audit[740]: AVC avc:  denied  { relabelfrom } for  pid=740 comm="semodule" name="lang_ext" dev="mmcblk1p2" ino=9750 scontext=unconfined_u:unconfined_r:semanage_t:s0-s0:c0.c1023 tcontext=unconfined_u:object_r:semanage_store_t:s0 tclass=file permissive=0
Aug 06 17:48:09 tactiq-rock5a audit[740]: AVC avc:  denied  { relabelfrom } for  pid=740 comm="semodule" name="cil" dev="mmcblk1p2" ino=9751 scontext=unconfined_u:unconfined_r:semanage_t:s0-s0:c0.c1023 tcontext=unconfined_u:object_r:semanage_store_t:s0 tclass=file permissive=0
Aug 06 17:48:09 tactiq-rock5a audit[740]: AVC avc:  denied  { relabelfrom } for  pid=740 comm="semodule" name="hll" dev="mmcblk1p2" ino=9752 scontext=unconfined_u:unconfined_r:semanage_t:s0-s0:c0.c1023 tcontext=unconfined_u:object_r:semanage_store_t:s0 tclass=file permissive=0
Aug 06 17:48:09 tactiq-rock5a audit[740]: AVC avc:  denied  { relabelfrom } for  pid=740 comm="semodule" name="inn" dev="mmcblk1p2" ino=9749 scontext=unconfined_u:unconfined_r:semanage_t:s0-s0:c0.c1023 tcontext=unconfined_u:object_r:semanage_store_t:s0 tclass=dir permissive=0
Aug 06 17:48:09 tactiq-rock5a audit[740]: AVC avc:  denied  { relabelfrom } for  pid=740 comm="semodule" name="lang_ext" dev="mmcblk1p2" ino=9754 scontext=unconfined_u:unconfined_r:semanage_t:s0-s0:c0.c1023 tcontext=unconfined_u:object_r:semanage_store_t:s0 tclass=file permissive=0
Aug 06 17:48:09 tactiq-rock5a audit[740]: AVC avc:  denied  { relabelfrom } for  pid=740 comm="semodule" name="cil" dev="mmcblk1p2" ino=9755 scontext=unconfined_u:unconfined_r:semanage_t:s0-s0:c0.c1023 tcontext=unconfined_u:object_r:semanage_store_t:s0 tclass=file permissive=0
Aug 06 17:48:09 tactiq-rock5a audit[740]: AVC avc:  denied  { relabelfrom } for  pid=740 comm="semodule" name="hll" dev="mmcblk1p2" ino=9756 scontext=unconfined_u:unconfined_r:semanage_t:s0-s0:c0.c1023 tcontext=unconfined_u:object_r:semanage_store_t:s0 tclass=file permissive=0
Aug 06 17:48:09 tactiq-rock5a audit[740]: AVC avc:  denied  { relabelfrom } for  pid=740 comm="semodule" name="secadm" dev="mmcblk1p2" ino=9753 scontext=unconfined_u:unconfined_r:semanage_t:s0-s0:c0.c1023 tcontext=unconfined_u:object_r:semanage_store_t:s0 tclass=dir permissive=0
Aug 06 17:48:09 tactiq-rock5a audit[740]: AVC avc:  denied  { relabelfrom } for  pid=740 comm="semodule" name="lang_ext" dev="mmcblk1p2" ino=9758 scontext=unconfined_u:unconfined_r:semanage_t:s0-s0:c0.c1023 tcontext=unconfined_u:object_r:semanage_store_t:s0 tclass=file permissive=0
Aug 06 17:48:09 tactiq-rock5a audit[740]: AVC avc:  denied  { relabelfrom } for  pid=740 comm="semodule" name="cil" dev="mmcblk1p2" ino=9759 scontext=unconfined_u:unconfined_r:semanage_t:s0-s0:c0.c1023 tcontext=unconfined_u:object_r:semanage_store_t:s0 tclass=file permissive=0
Aug 06 17:48:09 tactiq-rock5a audit[740]: AVC avc:  denied  { relabelfrom } for  pid=740 comm="semodule" name="hll" dev="mmcblk1p2" ino=9760 scontext=unconfined_u:unconfined_r:semanage_t:s0-s0:c0.c1023 tcontext=unconfined_u:object_r:semanage_store_t:s0 tclass=file permissive=0
Aug 06 17:48:09 tactiq-rock5a audit[740]: AVC avc:  denied  { relabelfrom } for  pid=740 comm="semodule" name="xguest" dev="mmcblk1p2" ino=9757 scontext=unconfined_u:unconfined_r:semanage_t:s0-s0:c0.c1023 tcontext=unconfined_u:object_r:semanage_store_t:s0 tclass=dir permissive=0
Aug 06 17:48:09 tactiq-rock5a audit[740]: AVC avc:  denied  { relabelfrom } for  pid=740 comm="semodule" name="lang_ext" dev="mmcblk1p2" ino=9762 scontext=unconfined_u:unconfined_r:semanage_t:s0-s0:c0.c1023 tcontext=unconfined_u:object_r:semanage_store_t:s0 tclass=file permissive=0
Aug 06 17:48:09 tactiq-rock5a audit[740]: AVC avc:  denied  { relabelfrom } for  pid=740 comm="semodule" name="cil" dev="mmcblk1p2" ino=9763 scontext=unconfined_u:unconfined_r:semanage_t:s0-s0:c0.c1023 tcontext=unconfined_u:object_r:semanage_store_t:s0 tclass=file permissive=0
Aug 06 17:48:09 tactiq-rock5a audit[740]: AVC avc:  denied  { relabelfrom } for  pid=740 comm="semodule" name="hll" dev="mmcblk1p2" ino=9764 scontext=unconfined_u:unconfined_r:semanage_t:s0-s0:c0.c1023 tcontext=unconfined_u:object_r:semanage_store_t:s0 tclass=file permissive=0
Aug 06 17:48:09 tactiq-rock5a audit[740]: AVC avc:  denied  { relabelfrom } for  pid=740 comm="semodule" name="sxid" dev="mmcblk1p2" ino=9761 scontext=unconfined_u:unconfined_r:semanage_t:s0-s0:c0.c1023 tcontext=unconfined_u:object_r:semanage_store_t:s0 tclass=dir permissive=0
Aug 06 17:48:09 tactiq-rock5a audit[740]: AVC avc:  denied  { relabelfrom } for  pid=740 comm="semodule" name="lang_ext" dev="mmcblk1p2" ino=9766 scontext=unconfined_u:unconfined_r:semanage_t:s0-s0:c0.c1023 tcontext=unconfined_u:object_r:semanage_store_t:s0 tclass=file permissive=0
Aug 06 17:48:09 tactiq-rock5a audit[740]: AVC avc:  denied  { relabelfrom } for  pid=740 comm="semodule" name="cil" dev="mmcblk1p2" ino=9767 scontext=unconfined_u:unconfined_r:semanage_t:s0-s0:c0.c1023 tcontext=unconfined_u:object_r:semanage_store_t:s0 tclass=file permissive=0
Aug 06 17:48:09 tactiq-rock5a audit[740]: AVC avc:  denied  { relabelfrom } for  pid=740 comm="semodule" name="hll" dev="mmcblk1p2" ino=9768 scontext=unconfined_u:unconfined_r:semanage_t:s0-s0:c0.c1023 tcontext=unconfined_u:object_r:semanage_store_t:s0 tclass=file permissive=0
Aug 06 17:48:09 tactiq-rock5a audit[740]: AVC avc:  denied  { relabelfrom } for  pid=740 comm="semodule" name="squid" dev="mmcblk1p2" ino=9765 scontext=unconfined_u:unconfined_r:semanage_t:s0-s0:c0.c1023 tcontext=unconfined_u:object_r:semanage_store_t:s0 tclass=dir permissive=0
Aug 06 17:48:09 tactiq-rock5a audit[740]: AVC avc:  denied  { relabelfrom } for  pid=740 comm="semodule" name="lang_ext" dev="mmcblk1p2" ino=9770 scontext=unconfined_u:unconfined_r:semanage_t:s0-s0:c0.c1023 tcontext=unconfined_u:object_r:semanage_store_t:s0 tclass=file permissive=0
Aug 06 17:48:09 tactiq-rock5a audit[740]: AVC avc:  denied  { relabelfrom } for  pid=740 comm="semodule" name="cil" dev="mmcblk1p2" ino=9771 scontext=unconfined_u:unconfined_r:semanage_t:s0-s0:c0.c1023 tcontext=unconfined_u:object_r:semanage_store_t:s0 tclass=file permissive=0
Aug 06 17:48:09 tactiq-rock5a audit[740]: AVC avc:  denied  { relabelfrom } for  pid=740 comm="semodule" name="hll" dev="mmcblk1p2" ino=9772 scontext=unconfined_u:unconfined_r:semanage_t:s0-s0:c0.c1023 tcontext=unconfined_u:object_r:semanage_store_t:s0 tclass=file permissive=0
Aug 06 17:48:09 tactiq-rock5a audit[740]: AVC avc:  denied  { relabelfrom } for  pid=740 comm="semodule" name="setroubleshoot" dev="mmcblk1p2" ino=9769 scontext=unconfined_u:unconfined_r:semanage_t:s0-s0:c0.c1023 tcontext=unconfined_u:object_r:semanage_store_t:s0 tclass=dir permissive=0
Aug 06 17:48:09 tactiq-rock5a audit[740]: AVC avc:  denied  { relabelfrom } for  pid=740 comm="semodule" name="lang_ext" dev="mmcblk1p2" ino=9774 scontext=unconfined_u:unconfined_r:semanage_t:s0-s0:c0.c1023 tcontext=unconfined_u:object_r:semanage_store_t:s0 tclass=file permissive=0
Aug 06 17:48:09 tactiq-rock5a audit[740]: AVC avc:  denied  { relabelfrom } for  pid=740 comm="semodule" name="cil" dev="mmcblk1p2" ino=9775 scontext=unconfined_u:unconfined_r:semanage_t:s0-s0:c0.c1023 tcontext=unconfined_u:object_r:semanage_store_t:s0 tclass=file permissive=0
Aug 06 17:48:09 tactiq-rock5a audit[740]: AVC avc:  denied  { relabelfrom } for  pid=740 comm="semodule" name="hll" dev="mmcblk1p2" ino=9776 scontext=unconfined_u:unconfined_r:semanage_t:s0-s0:c0.c1023 tcontext=unconfined_u:object_r:semanage_store_t:s0 tclass=file permissive=0
Aug 06 17:48:09 tactiq-rock5a audit[740]: AVC avc:  denied  { relabelfrom } for  pid=740 comm="semodule" name="aide" dev="mmcblk1p2" ino=9773 scontext=unconfined_u:unconfined_r:semanage_t:s0-s0:c0.c1023 tcontext=unconfined_u:object_r:semanage_store_t:s0 tclass=dir permissive=0
Aug 06 17:48:09 tactiq-rock5a audit[740]: AVC avc:  denied  { relabelfrom } for  pid=740 comm="semodule" name="lang_ext" dev="mmcblk1p2" ino=9778 scontext=unconfined_u:unconfined_r:semanage_t:s0-s0:c0.c1023 tcontext=unconfined_u:object_r:semanage_store_t:s0 tclass=file permissive=0
Aug 06 17:48:09 tactiq-rock5a audit[740]: AVC avc:  denied  { relabelfrom } for  pid=740 comm="semodule" name="cil" dev="mmcblk1p2" ino=9779 scontext=unconfined_u:unconfined_r:semanage_t:s0-s0:c0.c1023 tcontext=unconfined_u:object_r:semanage_store_t:s0 tclass=file permissive=0
Aug 06 17:48:09 tactiq-rock5a audit[740]: AVC avc:  denied  { relabelfrom } for  pid=740 comm="semodule" name="hll" dev="mmcblk1p2" ino=9780 scontext=unconfined_u:unconfined_r:semanage_t:s0-s0:c0.c1023 tcontext=unconfined_u:object_r:semanage_store_t:s0 tclass=file permissive=0
Aug 06 17:48:09 tactiq-rock5a audit[740]: AVC avc:  denied  { relabelfrom } for  pid=740 comm="semodule" name="dbskk" dev="mmcblk1p2" ino=9777 scontext=unconfined_u:unconfined_r:semanage_t:s0-s0:c0.c1023 tcontext=unconfined_u:object_r:semanage_store_t:s0 tclass=dir permissive=0
Aug 06 17:48:09 tactiq-rock5a audit[740]: AVC avc:  denied  { relabelfrom } for  pid=740 comm="semodule" name="lang_ext" dev="mmcblk1p2" ino=9782 scontext=unconfined_u:unconfined_r:semanage_t:s0-s0:c0.c1023 tcontext=unconfined_u:object_r:semanage_store_t:s0 tclass=file permissive=0
Aug 06 17:48:09 tactiq-rock5a audit[740]: AVC avc:  denied  { relabelfrom } for  pid=740 comm="semodule" name="cil" dev="mmcblk1p2" ino=9783 scontext=unconfined_u:unconfined_r:semanage_t:s0-s0:c0.c1023 tcontext=unconfined_u:object_r:semanage_store_t:s0 tclass=file permissive=0
Aug 06 17:48:09 tactiq-rock5a audit[740]: AVC avc:  denied  { relabelfrom } for  pid=740 comm="semodule" name="hll" dev="mmcblk1p2" ino=9784 scontext=unconfined_u:unconfined_r:semanage_t:s0-s0:c0.c1023 tcontext=unconfined_u:object_r:semanage_store_t:s0 tclass=file permissive=0
Aug 06 17:48:09 tactiq-rock5a audit[740]: AVC avc:  denied  { relabelfrom } for  pid=740 comm="semodule" name="updfstab" dev="mmcblk1p2" ino=9781 scontext=unconfined_u:unconfined_r:semanage_t:s0-s0:c0.c1023 tcontext=unconfined_u:object_r:semanage_store_t:s0 tclass=dir permissive=0
Aug 06 17:48:09 tactiq-rock5a audit[740]: AVC avc:  denied  { relabelfrom } for  pid=740 comm="semodule" name="lang_ext" dev="mmcblk1p2" ino=9786 scontext=unconfined_u:unconfined_r:semanage_t:s0-s0:c0.c1023 tcontext=unconfined_u:object_r:semanage_store_t:s0 tclass=file permissive=0
Aug 06 17:48:09 tactiq-rock5a audit[740]: AVC avc:  denied  { relabelfrom } for  pid=740 comm="semodule" name="cil" dev="mmcblk1p2" ino=9787 scontext=unconfined_u:unconfined_r:semanage_t:s0-s0:c0.c1023 tcontext=unconfined_u:object_r:semanage_store_t:s0 tclass=file permissive=0
Aug 06 17:48:09 tactiq-rock5a audit[740]: AVC avc:  denied  { relabelfrom } for  pid=740 comm="semodule" name="hll" dev="mmcblk1p2" ino=9788 scontext=unconfined_u:unconfined_r:semanage_t:s0-s0:c0.c1023 tcontext=unconfined_u:object_r:semanage_store_t:s0 tclass=file permissive=0
Aug 06 17:48:09 tactiq-rock5a audit[740]: AVC avc:  denied  { relabelfrom } for  pid=740 comm="semodule" name="watchdog" dev="mmcblk1p2" ino=9785 scontext=unconfined_u:unconfined_r:semanage_t:s0-s0:c0.c1023 tcontext=unconfined_u:object_r:semanage_store_t:s0 tclass=dir permissive=0
Aug 06 17:48:09 tactiq-rock5a audit[740]: AVC avc:  denied  { relabelfrom } for  pid=740 comm="semodule" name="lang_ext" dev="mmcblk1p2" ino=9790 scontext=unconfined_u:unconfined_r:semanage_t:s0-s0:c0.c1023 tcontext=unconfined_u:object_r:semanage_store_t:s0 tclass=file permissive=0
Aug 06 17:48:09 tactiq-rock5a audit[740]: AVC avc:  denied  { relabelfrom } for  pid=740 comm="semodule" name="cil" dev="mmcblk1p2" ino=9791 scontext=unconfined_u:unconfined_r:semanage_t:s0-s0:c0.c1023 tcontext=unconfined_u:object_r:semanage_store_t:s0 tclass=file permissive=0
Aug 06 17:48:09 tactiq-rock5a audit[740]: AVC avc:  denied  { relabelfrom } for  pid=740 comm="semodule" name="hll" dev="mmcblk1p2" ino=9792 scontext=unconfined_u:unconfined_r:semanage_t:s0-s0:c0.c1023 tcontext=unconfined_u:object_r:semanage_store_t:s0 tclass=file permissive=0
Aug 06 17:48:09 tactiq-rock5a audit[740]: AVC avc:  denied  { relabelfrom } for  pid=740 comm="semodule" name="zosremote" dev="mmcblk1p2" ino=9789 scontext=unconfined_u:unconfined_r:semanage_t:s0-s0:c0.c1023 tcontext=unconfined_u:object_r:semanage_store_t:s0 tclass=dir permissive=0
Aug 06 17:48:09 tactiq-rock5a audit[740]: AVC avc:  denied  { relabelfrom } for  pid=740 comm="semodule" name="lang_ext" dev="mmcblk1p2" ino=9794 scontext=unconfined_u:unconfined_r:semanage_t:s0-s0:c0.c1023 tcontext=unconfined_u:object_r:semanage_store_t:s0 tclass=file permissive=0
Aug 06 17:48:09 tactiq-rock5a audit[740]: AVC avc:  denied  { relabelfrom } for  pid=740 comm="semodule" name="cil" dev="mmcblk1p2" ino=9795 scontext=unconfined_u:unconfined_r:semanage_t:s0-s0:c0.c1023 tcontext=unconfined_u:object_r:semanage_store_t:s0 tclass=file permissive=0
Aug 06 17:48:09 tactiq-rock5a audit[740]: AVC avc:  denied  { relabelfrom } for  pid=740 comm="semodule" name="hll" dev="mmcblk1p2" ino=9796 scontext=unconfined_u:unconfined_r:semanage_t:s0-s0:c0.c1023 tcontext=unconfined_u:object_r:semanage_store_t:s0 tclass=file permissive=0
Aug 06 17:48:09 tactiq-rock5a audit[740]: AVC avc:  denied  { relabelfrom } for  pid=740 comm="semodule" name="tmpreaper" dev="mmcblk1p2" ino=9793 scontext=unconfined_u:unconfined_r:semanage_t:s0-s0:c0.c1023 tcontext=unconfined_u:object_r:semanage_store_t:s0 tclass=dir permissive=0
Aug 06 17:48:09 tactiq-rock5a audit[740]: AVC avc:  denied  { relabelfrom } for  pid=740 comm="semodule" name="lang_ext" dev="mmcblk1p2" ino=9798 scontext=unconfined_u:unconfined_r:semanage_t:s0-s0:c0.c1023 tcontext=unconfined_u:object_r:semanage_store_t:s0 tclass=file permissive=0
Aug 06 17:48:09 tactiq-rock5a audit[740]: AVC avc:  denied  { relabelfrom } for  pid=740 comm="semodule" name="cil" dev="mmcblk1p2" ino=9799 scontext=unconfined_u:unconfined_r:semanage_t:s0-s0:c0.c1023 tcontext=unconfined_u:object_r:semanage_store_t:s0 tclass=file permissive=0
Aug 06 17:48:09 tactiq-rock5a audit[740]: AVC avc:  denied  { relabelfrom } for  pid=740 comm="semodule" name="hll" dev="mmcblk1p2" ino=9800 scontext=unconfined_u:unconfined_r:semanage_t:s0-s0:c0.c1023 tcontext=unconfined_u:object_r:semanage_store_t:s0 tclass=file permissive=0
Aug 06 17:48:09 tactiq-rock5a audit[740]: AVC avc:  denied  { relabelfrom } for  pid=740 comm="semodule" name="openoffice" dev="mmcblk1p2" ino=9797 scontext=unconfined_u:unconfined_r:semanage_t:s0-s0:c0.c1023 tcontext=unconfined_u:object_r:semanage_store_t:s0 tclass=dir permissive=0
Aug 06 17:48:09 tactiq-rock5a audit[740]: AVC avc:  denied  { relabelfrom } for  pid=740 comm="semodule" name="lang_ext" dev="mmcblk1p2" ino=9802 scontext=unconfined_u:unconfined_r:semanage_t:s0-s0:c0.c1023 tcontext=unconfined_u:object_r:semanage_store_t:s0 tclass=file permissive=0
Aug 06 17:48:09 tactiq-rock5a audit[740]: AVC avc:  denied  { relabelfrom } for  pid=740 comm="semodule" name="cil" dev="mmcblk1p2" ino=9803 scontext=unconfined_u:unconfined_r:semanage_t:s0-s0:c0.c1023 tcontext=unconfined_u:object_r:semanage_store_t:s0 tclass=file permissive=0
Aug 06 17:48:09 tactiq-rock5a audit[740]: AVC avc:  denied  { relabelfrom } for  pid=740 comm="semodule" name="hll" dev="mmcblk1p2" ino=9804 scontext=unconfined_u:unconfined_r:semanage_t:s0-s0:c0.c1023 tcontext=unconfined_u:object_r:semanage_store_t:s0 tclass=file permissive=0
Aug 06 17:48:09 tactiq-rock5a audit[740]: AVC avc:  denied  { relabelfrom } for  pid=740 comm="semodule" name="automount" dev="mmcblk1p2" ino=9801 scontext=unconfined_u:unconfined_r:semanage_t:s0-s0:c0.c1023 tcontext=unconfined_u:object_r:semanage_store_t:s0 tclass=dir permissive=0
Aug 06 17:48:09 tactiq-rock5a audit[740]: AVC avc:  denied  { relabelfrom } for  pid=740 comm="semodule" name="lang_ext" dev="mmcblk1p2" ino=9806 scontext=unconfined_u:unconfined_r:semanage_t:s0-s0:c0.c1023 tcontext=unconfined_u:object_r:semanage_store_t:s0 tclass=file permissive=0
Aug 06 17:48:09 tactiq-rock5a audit[740]: AVC avc:  denied  { relabelfrom } for  pid=740 comm="semodule" name="cil" dev="mmcblk1p2" ino=9807 scontext=unconfined_u:unconfined_r:semanage_t:s0-s0:c0.c1023 tcontext=unconfined_u:object_r:semanage_store_t:s0 tclass=file permissive=0
Aug 06 17:48:09 tactiq-rock5a audit[740]: AVC avc:  denied  { relabelfrom } for  pid=740 comm="semodule" name="hll" dev="mmcblk1p2" ino=9808 scontext=unconfined_u:unconfined_r:semanage_t:s0-s0:c0.c1023 tcontext=unconfined_u:object_r:semanage_store_t:s0 tclass=file permissive=0
Aug 06 17:48:09 tactiq-rock5a audit[740]: AVC avc:  denied  { relabelfrom } for  pid=740 comm="semodule" name="abrt" dev="mmcblk1p2" ino=9805 scontext=unconfined_u:unconfined_r:semanage_t:s0-s0:c0.c1023 tcontext=unconfined_u:object_r:semanage_store_t:s0 tclass=dir permissive=0
Aug 06 17:48:09 tactiq-rock5a audit[740]: AVC avc:  denied  { relabelfrom } for  pid=740 comm="semodule" name="lang_ext" dev="mmcblk1p2" ino=9810 scontext=unconfined_u:unconfined_r:semanage_t:s0-s0:c0.c1023 tcontext=unconfined_u:object_r:semanage_store_t:s0 tclass=file permissive=0
Aug 06 17:48:09 tactiq-rock5a audit[740]: AVC avc:  denied  { relabelfrom } for  pid=740 comm="semodule" name="cil" dev="mmcblk1p2" ino=9811 scontext=unconfined_u:unconfined_r:semanage_t:s0-s0:c0.c1023 tcontext=unconfined_u:object_r:semanage_store_t:s0 tclass=file permissive=0
Aug 06 17:48:09 tactiq-rock5a audit[740]: AVC avc:  denied  { relabelfrom } for  pid=740 comm="semodule" name="hll" dev="mmcblk1p2" ino=9812 scontext=unconfined_u:unconfined_r:semanage_t:s0-s0:c0.c1023 tcontext=unconfined_u:object_r:semanage_store_t:s0 tclass=file permissive=0
Aug 06 17:48:09 tactiq-rock5a audit[740]: AVC avc:  denied  { relabelfrom } for  pid=740 comm="semodule" name="opensm" dev="mmcblk1p2" ino=9809 scontext=unconfined_u:unconfined_r:semanage_t:s0-s0:c0.c1023 tcontext=unconfined_u:object_r:semanage_store_t:s0 tclass=dir permissive=0
Aug 06 17:48:09 tactiq-rock5a audit[740]: AVC avc:  denied  { relabelfrom } for  pid=740 comm="semodule" name="lang_ext" dev="mmcblk1p2" ino=9814 scontext=unconfined_u:unconfined_r:semanage_t:s0-s0:c0.c1023 tcontext=unconfined_u:object_r:semanage_store_t:s0 tclass=file permissive=0
Aug 06 17:48:09 tactiq-rock5a audit[740]: AVC avc:  denied  { relabelfrom } for  pid=740 comm="semodule" name="cil" dev="mmcblk1p2" ino=9815 scontext=unconfined_u:unconfined_r:semanage_t:s0-s0:c0.c1023 tcontext=unconfined_u:object_r:semanage_store_t:s0 tclass=file permissive=0
Aug 06 17:48:09 tactiq-rock5a audit[740]: AVC avc:  denied  { relabelfrom } for  pid=740 comm="semodule" name="hll" dev="mmcblk1p2" ino=9816 scontext=unconfined_u:unconfined_r:semanage_t:s0-s0:c0.c1023 tcontext=unconfined_u:object_r:semanage_store_t:s0 tclass=file permissive=0
Aug 06 17:48:09 tactiq-rock5a audit[740]: AVC avc:  denied  { relabelfrom } for  pid=740 comm="semodule" name="apache" dev="mmcblk1p2" ino=9813 scontext=unconfined_u:unconfined_r:semanage_t:s0-s0:c0.c1023 tcontext=unconfined_u:object_r:semanage_store_t:s0 tclass=dir permissive=0
Aug 06 17:48:09 tactiq-rock5a audit[740]: AVC avc:  denied  { relabelfrom } for  pid=740 comm="semodule" name="lang_ext" dev="mmcblk1p2" ino=9818 scontext=unconfined_u:unconfined_r:semanage_t:s0-s0:c0.c1023 tcontext=unconfined_u:object_r:semanage_store_t:s0 tclass=file permissive=0
Aug 06 17:48:09 tactiq-rock5a audit[740]: AVC avc:  denied  { relabelfrom } for  pid=740 comm="semodule" name="cil" dev="mmcblk1p2" ino=9819 scontext=unconfined_u:unconfined_r:semanage_t:s0-s0:c0.c1023 tcontext=unconfined_u:object_r:semanage_store_t:s0 tclass=file permissive=0
Aug 06 17:48:09 tactiq-rock5a audit[740]: AVC avc:  denied  { relabelfrom } for  pid=740 comm="semodule" name="hll" dev="mmcblk1p2" ino=9820 scontext=unconfined_u:unconfined_r:semanage_t:s0-s0:c0.c1023 tcontext=unconfined_u:object_r:semanage_store_t:s0 tclass=file permissive=0
Aug 06 17:48:09 tactiq-rock5a audit[740]: AVC avc:  denied  { relabelfrom } for  pid=740 comm="semodule" name="opensnitch" dev="mmcblk1p2" ino=9817 scontext=unconfined_u:unconfined_r:semanage_t:s0-s0:c0.c1023 tcontext=unconfined_u:object_r:semanage_store_t:s0 tclass=dir permissive=0
Aug 06 17:48:09 tactiq-rock5a audit[740]: AVC avc:  denied  { relabelfrom } for  pid=740 comm="semodule" name="lang_ext" dev="mmcblk1p2" ino=9822 scontext=unconfined_u:unconfined_r:semanage_t:s0-s0:c0.c1023 tcontext=unconfined_u:object_r:semanage_store_t:s0 tclass=file permissive=0
Aug 06 17:48:09 tactiq-rock5a audit[740]: AVC avc:  denied  { relabelfrom } for  pid=740 comm="semodule" name="cil" dev="mmcblk1p2" ino=9823 scontext=unconfined_u:unconfined_r:semanage_t:s0-s0:c0.c1023 tcontext=unconfined_u:object_r:semanage_store_t:s0 tclass=file permissive=0
Aug 06 17:48:09 tactiq-rock5a audit[740]: AVC avc:  denied  { relabelfrom } for  pid=740 comm="semodule" name="hll" dev="mmcblk1p2" ino=9824 scontext=unconfined_u:unconfined_r:semanage_t:s0-s0:c0.c1023 tcontext=unconfined_u:object_r:semanage_store_t:s0 tclass=file permissive=0
Aug 06 17:48:09 tactiq-rock5a audit[740]: AVC avc:  denied  { relabelfrom } for  pid=740 comm="semodule" name="udev" dev="mmcblk1p2" ino=9821 scontext=unconfined_u:unconfined_r:semanage_t:s0-s0:c0.c1023 tcontext=unconfined_u:object_r:semanage_store_t:s0 tclass=dir permissive=0
Aug 06 17:48:09 tactiq-rock5a audit[740]: AVC avc:  denied  { relabelfrom } for  pid=740 comm="semodule" name="lang_ext" dev="mmcblk1p2" ino=9826 scontext=unconfined_u:unconfined_r:semanage_t:s0-s0:c0.c1023 tcontext=unconfined_u:object_r:semanage_store_t:s0 tclass=file permissive=0
Aug 06 17:48:09 tactiq-rock5a audit[740]: AVC avc:  denied  { relabelfrom } for  pid=740 comm="semodule" name="cil" dev="mmcblk1p2" ino=9827 scontext=unconfined_u:unconfined_r:semanage_t:s0-s0:c0.c1023 tcontext=unconfined_u:object_r:semanage_store_t:s0 tclass=file permissive=0
Aug 06 17:48:09 tactiq-rock5a audit[740]: AVC avc:  denied  { relabelfrom } for  pid=740 comm="semodule" name="hll" dev="mmcblk1p2" ino=9828 scontext=unconfined_u:unconfined_r:semanage_t:s0-s0:c0.c1023 tcontext=unconfined_u:object_r:semanage_store_t:s0 tclass=file permissive=0
Aug 06 17:48:09 tactiq-rock5a audit[740]: AVC avc:  denied  { relabelfrom } for  pid=740 comm="semodule" name="mailman" dev="mmcblk1p2" ino=9825 scontext=unconfined_u:unconfined_r:semanage_t:s0-s0:c0.c1023 tcontext=unconfined_u:object_r:semanage_store_t:s0 tclass=dir permissive=0
Aug 06 17:48:09 tactiq-rock5a audit[740]: AVC avc:  denied  { relabelfrom } for  pid=740 comm="semodule" name="lang_ext" dev="mmcblk1p2" ino=9830 scontext=unconfined_u:unconfined_r:semanage_t:s0-s0:c0.c1023 tcontext=unconfined_u:object_r:semanage_store_t:s0 tclass=file permissive=0
Aug 06 17:48:09 tactiq-rock5a audit[740]: AVC avc:  denied  { relabelfrom } for  pid=740 comm="semodule" name="cil" dev="mmcblk1p2" ino=9831 scontext=unconfined_u:unconfined_r:semanage_t:s0-s0:c0.c1023 tcontext=unconfined_u:object_r:semanage_store_t:s0 tclass=file permissive=0
Aug 06 17:48:09 tactiq-rock5a audit[740]: AVC avc:  denied  { relabelfrom } for  pid=740 comm="semodule" name="hll" dev="mmcblk1p2" ino=9832 scontext=unconfined_u:unconfined_r:semanage_t:s0-s0:c0.c1023 tcontext=unconfined_u:object_r:semanage_store_t:s0 tclass=file permissive=0
Aug 06 17:48:09 tactiq-rock5a audit[740]: AVC avc:  denied  { relabelfrom } for  pid=740 comm="semodule" name="sysstat" dev="mmcblk1p2" ino=9829 scontext=unconfined_u:unconfined_r:semanage_t:s0-s0:c0.c1023 tcontext=unconfined_u:object_r:semanage_store_t:s0 tclass=dir permissive=0
Aug 06 17:48:09 tactiq-rock5a audit[740]: AVC avc:  denied  { relabelfrom } for  pid=740 comm="semodule" name="lang_ext" dev="mmcblk1p2" ino=9834 scontext=unconfined_u:unconfined_r:semanage_t:s0-s0:c0.c1023 tcontext=unconfined_u:object_r:semanage_store_t:s0 tclass=file permissive=0
Aug 06 17:48:09 tactiq-rock5a audit[740]: AVC avc:  denied  { relabelfrom } for  pid=740 comm="semodule" name="cil" dev="mmcblk1p2" ino=9835 scontext=unconfined_u:unconfined_r:semanage_t:s0-s0:c0.c1023 tcontext=unconfined_u:object_r:semanage_store_t:s0 tclass=file permissive=0
Aug 06 17:48:09 tactiq-rock5a audit[740]: AVC avc:  denied  { relabelfrom } for  pid=740 comm="semodule" name="hll" dev="mmcblk1p2" ino=9836 scontext=unconfined_u:unconfined_r:semanage_t:s0-s0:c0.c1023 tcontext=unconfined_u:object_r:semanage_store_t:s0 tclass=file permissive=0
Aug 06 17:48:09 tactiq-rock5a audit[740]: AVC avc:  denied  { relabelfrom } for  pid=740 comm="semodule" name="rootlesskit" dev="mmcblk1p2" ino=9833 scontext=unconfined_u:unconfined_r:semanage_t:s0-s0:c0.c1023 tcontext=unconfined_u:object_r:semanage_store_t:s0 tclass=dir permissive=0
Aug 06 17:48:09 tactiq-rock5a audit[740]: AVC avc:  denied  { relabelfrom } for  pid=740 comm="semodule" name="lang_ext" dev="mmcblk1p2" ino=9838 scontext=unconfined_u:unconfined_r:semanage_t:s0-s0:c0.c1023 tcontext=unconfined_u:object_r:semanage_store_t:s0 tclass=file permissive=0
Aug 06 17:48:09 tactiq-rock5a audit[740]: AVC avc:  denied  { relabelfrom } for  pid=740 comm="semodule" name="cil" dev="mmcblk1p2" ino=9839 scontext=unconfined_u:unconfined_r:semanage_t:s0-s0:c0.c1023 tcontext=unconfined_u:object_r:semanage_store_t:s0 tclass=file permissive=0
Aug 06 17:48:09 tactiq-rock5a audit[740]: AVC avc:  denied  { relabelfrom } for  pid=740 comm="semodule" name="hll" dev="mmcblk1p2" ino=9840 scontext=unconfined_u:unconfined_r:semanage_t:s0-s0:c0.c1023 tcontext=unconfined_u:object_r:semanage_store_t:s0 tclass=file permissive=0
Aug 06 17:48:09 tactiq-rock5a audit[740]: AVC avc:  denied  { relabelfrom } for  pid=740 comm="semodule" name="vhostmd" dev="mmcblk1p2" ino=9837 scontext=unconfined_u:unconfined_r:semanage_t:s0-s0:c0.c1023 tcontext=unconfined_u:object_r:semanage_store_t:s0 tclass=dir permissive=0
Aug 06 17:48:09 tactiq-rock5a audit[740]: AVC avc:  denied  { relabelfrom } for  pid=740 comm="semodule" name="lang_ext" dev="mmcblk1p2" ino=9842 scontext=unconfined_u:unconfined_r:semanage_t:s0-s0:c0.c1023 tcontext=unconfined_u:object_r:semanage_store_t:s0 tclass=file permissive=0
Aug 06 17:48:09 tactiq-rock5a audit[740]: AVC avc:  denied  { relabelfrom } for  pid=740 comm="semodule" name="cil" dev="mmcblk1p2" ino=9843 scontext=unconfined_u:unconfined_r:semanage_t:s0-s0:c0.c1023 tcontext=unconfined_u:object_r:semanage_store_t:s0 tclass=file permissive=0
Aug 06 17:48:09 tactiq-rock5a audit[740]: AVC avc:  denied  { relabelfrom } for  pid=740 comm="semodule" name="hll" dev="mmcblk1p2" ino=9844 scontext=unconfined_u:unconfined_r:semanage_t:s0-s0:c0.c1023 tcontext=unconfined_u:object_r:semanage_store_t:s0 tclass=file permissive=0
Aug 06 17:48:09 tactiq-rock5a audit[740]: AVC avc:  denied  { relabelfrom } for  pid=740 comm="semodule" name="xdsprpcd" dev="mmcblk1p2" ino=9841 scontext=unconfined_u:unconfined_r:semanage_t:s0-s0:c0.c1023 tcontext=unconfined_u:object_r:semanage_store_t:s0 tclass=dir permissive=0
Aug 06 17:48:09 tactiq-rock5a audit[740]: AVC avc:  denied  { relabelfrom } for  pid=740 comm="semodule" name="lang_ext" dev="mmcblk1p2" ino=9846 scontext=unconfined_u:unconfined_r:semanage_t:s0-s0:c0.c1023 tcontext=unconfined_u:object_r:semanage_store_t:s0 tclass=file permissive=0
Aug 06 17:48:09 tactiq-rock5a audit[740]: AVC avc:  denied  { relabelfrom } for  pid=740 comm="semodule" name="cil" dev="mmcblk1p2" ino=9847 scontext=unconfined_u:unconfined_r:semanage_t:s0-s0:c0.c1023 tcontext=unconfined_u:object_r:semanage_store_t:s0 tclass=file permissive=0
Aug 06 17:48:09 tactiq-rock5a audit[740]: AVC avc:  denied  { relabelfrom } for  pid=740 comm="semodule" name="hll" dev="mmcblk1p2" ino=9848 scontext=unconfined_u:unconfined_r:semanage_t:s0-s0:c0.c1023 tcontext=unconfined_u:object_r:semanage_store_t:s0 tclass=file permissive=0
Aug 06 17:48:09 tactiq-rock5a audit[740]: AVC avc:  denied  { relabelfrom } for  pid=740 comm="semodule" name="rsync" dev="mmcblk1p2" ino=9845 scontext=unconfined_u:unconfined_r:semanage_t:s0-s0:c0.c1023 tcontext=unconfined_u:object_r:semanage_store_t:s0 tclass=dir permissive=0
Aug 06 17:48:09 tactiq-rock5a audit[740]: AVC avc:  denied  { relabelfrom } for  pid=740 comm="semodule" name="lang_ext" dev="mmcblk1p2" ino=9850 scontext=unconfined_u:unconfined_r:semanage_t:s0-s0:c0.c1023 tcontext=unconfined_u:object_r:semanage_store_t:s0 tclass=file permissive=0
Aug 06 17:48:09 tactiq-rock5a audit[740]: AVC avc:  denied  { relabelfrom } for  pid=740 comm="semodule" name="cil" dev="mmcblk1p2" ino=9851 scontext=unconfined_u:unconfined_r:semanage_t:s0-s0:c0.c1023 tcontext=unconfined_u:object_r:semanage_store_t:s0 tclass=file permissive=0
Aug 06 17:48:09 tactiq-rock5a audit[740]: AVC avc:  denied  { relabelfrom } for  pid=740 comm="semodule" name="hll" dev="mmcblk1p2" ino=9852 scontext=unconfined_u:unconfined_r:semanage_t:s0-s0:c0.c1023 tcontext=unconfined_u:object_r:semanage_store_t:s0 tclass=file permissive=0
Aug 06 17:48:09 tactiq-rock5a audit[740]: AVC avc:  denied  { relabelfrom } for  pid=740 comm="semodule" name="sendmail" dev="mmcblk1p2" ino=9849 scontext=unconfined_u:unconfined_r:semanage_t:s0-s0:c0.c1023 tcontext=unconfined_u:object_r:semanage_store_t:s0 tclass=dir permissive=0
Aug 06 17:48:09 tactiq-rock5a audit[740]: AVC avc:  denied  { relabelfrom } for  pid=740 comm="semodule" name="lang_ext" dev="mmcblk1p2" ino=9854 scontext=unconfined_u:unconfined_r:semanage_t:s0-s0:c0.c1023 tcontext=unconfined_u:object_r:semanage_store_t:s0 tclass=file permissive=0
Aug 06 17:48:09 tactiq-rock5a audit[740]: AVC avc:  denied  { relabelfrom } for  pid=740 comm="semodule" name="cil" dev="mmcblk1p2" ino=9855 scontext=unconfined_u:unconfined_r:semanage_t:s0-s0:c0.c1023 tcontext=unconfined_u:object_r:semanage_store_t:s0 tclass=file permissive=0
Aug 06 17:48:09 tactiq-rock5a audit[740]: AVC avc:  denied  { relabelfrom } for  pid=740 comm="semodule" name="hll" dev="mmcblk1p2" ino=9856 scontext=unconfined_u:unconfined_r:semanage_t:s0-s0:c0.c1023 tcontext=unconfined_u:object_r:semanage_store_t:s0 tclass=file permissive=0
Aug 06 17:48:09 tactiq-rock5a audit[740]: AVC avc:  denied  { relabelfrom } for  pid=740 comm="semodule" name="ssh" dev="mmcblk1p2" ino=9853 scontext=unconfined_u:unconfined_r:semanage_t:s0-s0:c0.c1023 tcontext=unconfined_u:object_r:semanage_store_t:s0 tclass=dir permissive=0
Aug 06 17:48:09 tactiq-rock5a audit[740]: AVC avc:  denied  { relabelfrom } for  pid=740 comm="semodule" name="lang_ext" dev="mmcblk1p2" ino=9858 scontext=unconfined_u:unconfined_r:semanage_t:s0-s0:c0.c1023 tcontext=unconfined_u:object_r:semanage_store_t:s0 tclass=file permissive=0
Aug 06 17:48:09 tactiq-rock5a audit[740]: AVC avc:  denied  { relabelfrom } for  pid=740 comm="semodule" name="cil" dev="mmcblk1p2" ino=9859 scontext=unconfined_u:unconfined_r:semanage_t:s0-s0:c0.c1023 tcontext=unconfined_u:object_r:semanage_store_t:s0 tclass=file permissive=0
Aug 06 17:48:09 tactiq-rock5a audit[740]: AVC avc:  denied  { relabelfrom } for  pid=740 comm="semodule" name="hll" dev="mmcblk1p2" ino=9860 scontext=unconfined_u:unconfined_r:semanage_t:s0-s0:c0.c1023 tcontext=unconfined_u:object_r:semanage_store_t:s0 tclass=file permissive=0
Aug 06 17:48:09 tactiq-rock5a audit[740]: AVC avc:  denied  { relabelfrom } for  pid=740 comm="semodule" name="kerberos" dev="mmcblk1p2" ino=9857 scontext=unconfined_u:unconfined_r:semanage_t:s0-s0:c0.c1023 tcontext=unconfined_u:object_r:semanage_store_t:s0 tclass=dir permissive=0
Aug 06 17:48:09 tactiq-rock5a audit[740]: AVC avc:  denied  { relabelfrom } for  pid=740 comm="semodule" name="lang_ext" dev="mmcblk1p2" ino=9862 scontext=unconfined_u:unconfined_r:semanage_t:s0-s0:c0.c1023 tcontext=unconfined_u:object_r:semanage_store_t:s0 tclass=file permissive=0
Aug 06 17:48:09 tactiq-rock5a audit[740]: AVC avc:  denied  { relabelfrom } for  pid=740 comm="semodule" name="cil" dev="mmcblk1p2" ino=9863 scontext=unconfined_u:unconfined_r:semanage_t:s0-s0:c0.c1023 tcontext=unconfined_u:object_r:semanage_store_t:s0 tclass=file permissive=0
Aug 06 17:48:09 tactiq-rock5a audit[740]: AVC avc:  denied  { relabelfrom } for  pid=740 comm="semodule" name="hll" dev="mmcblk1p2" ino=9864 scontext=unconfined_u:unconfined_r:semanage_t:s0-s0:c0.c1023 tcontext=unconfined_u:object_r:semanage_store_t:s0 tclass=file permissive=0
Aug 06 17:48:09 tactiq-rock5a audit[740]: AVC avc:  denied  { relabelfrom } for  pid=740 comm="semodule" name="cyrus" dev="mmcblk1p2" ino=9861 scontext=unconfined_u:unconfined_r:semanage_t:s0-s0:c0.c1023 tcontext=unconfined_u:object_r:semanage_store_t:s0 tclass=dir permissive=0
Aug 06 17:48:09 tactiq-rock5a audit[740]: AVC avc:  denied  { relabelfrom } for  pid=740 comm="semodule" name="lang_ext" dev="mmcblk1p2" ino=9866 scontext=unconfined_u:unconfined_r:semanage_t:s0-s0:c0.c1023 tcontext=unconfined_u:object_r:semanage_store_t:s0 tclass=file permissive=0
Aug 06 17:48:09 tactiq-rock5a audit[740]: AVC avc:  denied  { relabelfrom } for  pid=740 comm="semodule" name="cil" dev="mmcblk1p2" ino=9867 scontext=unconfined_u:unconfined_r:semanage_t:s0-s0:c0.c1023 tcontext=unconfined_u:object_r:semanage_store_t:s0 tclass=file permissive=0
Aug 06 17:48:09 tactiq-rock5a audit[740]: AVC avc:  denied  { relabelfrom } for  pid=740 comm="semodule" name="hll" dev="mmcblk1p2" ino=9868 scontext=unconfined_u:unconfined_r:semanage_t:s0-s0:c0.c1023 tcontext=unconfined_u:object_r:semanage_store_t:s0 tclass=file permissive=0
Aug 06 17:48:09 tactiq-rock5a audit[740]: AVC avc:  denied  { relabelfrom } for  pid=740 comm="semodule" name="iptables" dev="mmcblk1p2" ino=9865 scontext=unconfined_u:unconfined_r:semanage_t:s0-s0:c0.c1023 tcontext=unconfined_u:object_r:semanage_store_t:s0 tclass=dir permissive=0
Aug 06 17:48:09 tactiq-rock5a audit[740]: AVC avc:  denied  { relabelfrom } for  pid=740 comm="semodule" name="lang_ext" dev="mmcblk1p2" ino=9870 scontext=unconfined_u:unconfined_r:semanage_t:s0-s0:c0.c1023 tcontext=unconfined_u:object_r:semanage_store_t:s0 tclass=file permissive=0
Aug 06 17:48:09 tactiq-rock5a audit[740]: AVC avc:  denied  { relabelfrom } for  pid=740 comm="semodule" name="cil" dev="mmcblk1p2" ino=9871 scontext=unconfined_u:unconfined_r:semanage_t:s0-s0:c0.c1023 tcontext=unconfined_u:object_r:semanage_store_t:s0 tclass=file permissive=0
Aug 06 17:48:09 tactiq-rock5a audit[740]: AVC avc:  denied  { relabelfrom } for  pid=740 comm="semodule" name="hll" dev="mmcblk1p2" ino=9872 scontext=unconfined_u:unconfined_r:semanage_t:s0-s0:c0.c1023 tcontext=unconfined_u:object_r:semanage_store_t:s0 tclass=file permissive=0
Aug 06 17:48:09 tactiq-rock5a audit[740]: AVC avc:  denied  { relabelfrom } for  pid=740 comm="semodule" name="mplayer" dev="mmcblk1p2" ino=9869 scontext=unconfined_u:unconfined_r:semanage_t:s0-s0:c0.c1023 tcontext=unconfined_u:object_r:semanage_store_t:s0 tclass=dir permissive=0
Aug 06 17:48:09 tactiq-rock5a audit[740]: AVC avc:  denied  { relabelfrom } for  pid=740 comm="semodule" name="lang_ext" dev="mmcblk1p2" ino=9874 scontext=unconfined_u:unconfined_r:semanage_t:s0-s0:c0.c1023 tcontext=unconfined_u:object_r:semanage_store_t:s0 tclass=file permissive=0
Aug 06 17:48:09 tactiq-rock5a audit[740]: AVC avc:  denied  { relabelfrom } for  pid=740 comm="semodule" name="cil" dev="mmcblk1p2" ino=9875 scontext=unconfined_u:unconfined_r:semanage_t:s0-s0:c0.c1023 tcontext=unconfined_u:object_r:semanage_store_t:s0 tclass=file permissive=0
Aug 06 17:48:09 tactiq-rock5a audit[740]: AVC avc:  denied  { relabelfrom } for  pid=740 comm="semodule" name="hll" dev="mmcblk1p2" ino=9876 scontext=unconfined_u:unconfined_r:semanage_t:s0-s0:c0.c1023 tcontext=unconfined_u:object_r:semanage_store_t:s0 tclass=file permissive=0
Aug 06 17:48:09 tactiq-rock5a audit[740]: AVC avc:  denied  { relabelfrom } for  pid=740 comm="semodule" name="dirmngr" dev="mmcblk1p2" ino=9873 scontext=unconfined_u:unconfined_r:semanage_t:s0-s0:c0.c1023 tcontext=unconfined_u:object_r:semanage_store_t:s0 tclass=dir permissive=0
Aug 06 17:48:09 tactiq-rock5a audit[740]: AVC avc:  denied  { relabelfrom } for  pid=740 comm="semodule" name="lang_ext" dev="mmcblk1p2" ino=9878 scontext=unconfined_u:unconfined_r:semanage_t:s0-s0:c0.c1023 tcontext=unconfined_u:object_r:semanage_store_t:s0 tclass=file permissive=0
Aug 06 17:48:09 tactiq-rock5a audit[740]: AVC avc:  denied  { relabelfrom } for  pid=740 comm="semodule" name="cil" dev="mmcblk1p2" ino=9879 scontext=unconfined_u:unconfined_r:semanage_t:s0-s0:c0.c1023 tcontext=unconfined_u:object_r:semanage_store_t:s0 tclass=file permissive=0
Aug 06 17:48:09 tactiq-rock5a audit[740]: AVC avc:  denied  { relabelfrom } for  pid=740 comm="semodule" name="hll" dev="mmcblk1p2" ino=9880 scontext=unconfined_u:unconfined_r:semanage_t:s0-s0:c0.c1023 tcontext=unconfined_u:object_r:semanage_store_t:s0 tclass=file permissive=0
Aug 06 17:48:09 tactiq-rock5a audit[740]: AVC avc:  denied  { relabelfrom } for  pid=740 comm="semodule" name="dkim" dev="mmcblk1p2" ino=9877 scontext=unconfined_u:unconfined_r:semanage_t:s0-s0:c0.c1023 tcontext=unconfined_u:object_r:semanage_store_t:s0 tclass=dir permissive=0
Aug 06 17:48:09 tactiq-rock5a audit[740]: AVC avc:  denied  { relabelfrom } for  pid=740 comm="semodule" name="lang_ext" dev="mmcblk1p2" ino=9882 scontext=unconfined_u:unconfined_r:semanage_t:s0-s0:c0.c1023 tcontext=unconfined_u:object_r:semanage_store_t:s0 tclass=file permissive=0
Aug 06 17:48:09 tactiq-rock5a audit[740]: AVC avc:  denied  { relabelfrom } for  pid=740 comm="semodule" name="cil" dev="mmcblk1p2" ino=9883 scontext=unconfined_u:unconfined_r:semanage_t:s0-s0:c0.c1023 tcontext=unconfined_u:object_r:semanage_store_t:s0 tclass=file permissive=0
Aug 06 17:48:09 tactiq-rock5a audit[740]: AVC avc:  denied  { relabelfrom } for  pid=740 comm="semodule" name="hll" dev="mmcblk1p2" ino=9884 scontext=unconfined_u:unconfined_r:semanage_t:s0-s0:c0.c1023 tcontext=unconfined_u:object_r:semanage_store_t:s0 tclass=file permissive=0
Aug 06 17:48:09 tactiq-rock5a audit[740]: AVC avc:  denied  { relabelfrom } for  pid=740 comm="semodule" name="cachefilesd" dev="mmcblk1p2" ino=9881 scontext=unconfined_u:unconfined_r:semanage_t:s0-s0:c0.c1023 tcontext=unconfined_u:object_r:semanage_store_t:s0 tclass=dir permissive=0
Aug 06 17:48:09 tactiq-rock5a audit[740]: AVC avc:  denied  { relabelfrom } for  pid=740 comm="semodule" name="lang_ext" dev="mmcblk1p2" ino=9886 scontext=unconfined_u:unconfined_r:semanage_t:s0-s0:c0.c1023 tcontext=unconfined_u:object_r:semanage_store_t:s0 tclass=file permissive=0
Aug 06 17:48:09 tactiq-rock5a audit[740]: AVC avc:  denied  { relabelfrom } for  pid=740 comm="semodule" name="cil" dev="mmcblk1p2" ino=9887 scontext=unconfined_u:unconfined_r:semanage_t:s0-s0:c0.c1023 tcontext=unconfined_u:object_r:semanage_store_t:s0 tclass=file permissive=0
Aug 06 17:48:09 tactiq-rock5a audit[740]: AVC avc:  denied  { relabelfrom } for  pid=740 comm="semodule" name="hll" dev="mmcblk1p2" ino=9888 scontext=unconfined_u:unconfined_r:semanage_t:s0-s0:c0.c1023 tcontext=unconfined_u:object_r:semanage_store_t:s0 tclass=file permissive=0
Aug 06 17:48:09 tactiq-rock5a audit[740]: AVC avc:  denied  { relabelfrom } for  pid=740 comm="semodule" name="tactiq_agent" dev="mmcblk1p2" ino=9885 scontext=unconfined_u:unconfined_r:semanage_t:s0-s0:c0.c1023 tcontext=unconfined_u:object_r:semanage_store_t:s0 tclass=dir permissive=0
Aug 06 17:48:09 tactiq-rock5a audit[740]: AVC avc:  denied  { relabelfrom } for  pid=740 comm="semodule" name="lang_ext" dev="mmcblk1p2" ino=9890 scontext=unconfined_u:unconfined_r:semanage_t:s0-s0:c0.c1023 tcontext=unconfined_u:object_r:semanage_store_t:s0 tclass=file permissive=0
Aug 06 17:48:09 tactiq-rock5a audit[740]: AVC avc:  denied  { relabelfrom } for  pid=740 comm="semodule" name="cil" dev="mmcblk1p2" ino=9891 scontext=unconfined_u:unconfined_r:semanage_t:s0-s0:c0.c1023 tcontext=unconfined_u:object_r:semanage_store_t:s0 tclass=file permissive=0
Aug 06 17:48:09 tactiq-rock5a audit[740]: AVC avc:  denied  { relabelfrom } for  pid=740 comm="semodule" name="hll" dev="mmcblk1p2" ino=9892 scontext=unconfined_u:unconfined_r:semanage_t:s0-s0:c0.c1023 tcontext=unconfined_u:object_r:semanage_store_t:s0 tclass=file permissive=0
Aug 06 17:48:09 tactiq-rock5a audit[740]: AVC avc:  denied  { relabelfrom } for  pid=740 comm="semodule" name="condor" dev="mmcblk1p2" ino=9889 scontext=unconfined_u:unconfined_r:semanage_t:s0-s0:c0.c1023 tcontext=unconfined_u:object_r:semanage_store_t:s0 tclass=dir permissive=0
Aug 06 17:48:09 tactiq-rock5a audit[740]: AVC avc:  denied  { relabelfrom } for  pid=740 comm="semodule" name="lang_ext" dev="mmcblk1p2" ino=9894 scontext=unconfined_u:unconfined_r:semanage_t:s0-s0:c0.c1023 tcontext=unconfined_u:object_r:semanage_store_t:s0 tclass=file permissive=0
Aug 06 17:48:09 tactiq-rock5a audit[740]: AVC avc:  denied  { relabelfrom } for  pid=740 comm="semodule" name="cil" dev="mmcblk1p2" ino=9895 scontext=unconfined_u:unconfined_r:semanage_t:s0-s0:c0.c1023 tcontext=unconfined_u:object_r:semanage_store_t:s0 tclass=file permissive=0
Aug 06 17:48:09 tactiq-rock5a audit[740]: AVC avc:  denied  { relabelfrom } for  pid=740 comm="semodule" name="hll" dev="mmcblk1p2" ino=9896 scontext=unconfined_u:unconfined_r:semanage_t:s0-s0:c0.c1023 tcontext=unconfined_u:object_r:semanage_store_t:s0 tclass=file permissive=0
Aug 06 17:48:09 tactiq-rock5a audit[740]: AVC avc:  denied  { relabelfrom } for  pid=740 comm="semodule" name="wdmd" dev="mmcblk1p2" ino=9893 scontext=unconfined_u:unconfined_r:semanage_t:s0-s0:c0.c1023 tcontext=unconfined_u:object_r:semanage_store_t:s0 tclass=dir permissive=0
Aug 06 17:48:09 tactiq-rock5a audit[740]: AVC avc:  denied  { relabelfrom } for  pid=740 comm="semodule" name="lang_ext" dev="mmcblk1p2" ino=9898 scontext=unconfined_u:unconfined_r:semanage_t:s0-s0:c0.c1023 tcontext=unconfined_u:object_r:semanage_store_t:s0 tclass=file permissive=0
Aug 06 17:48:09 tactiq-rock5a audit[740]: AVC avc:  denied  { relabelfrom } for  pid=740 comm="semodule" name="cil" dev="mmcblk1p2" ino=9899 scontext=unconfined_u:unconfined_r:semanage_t:s0-s0:c0.c1023 tcontext=unconfined_u:object_r:semanage_store_t:s0 tclass=file permissive=0
Aug 06 17:48:09 tactiq-rock5a audit[740]: AVC avc:  denied  { relabelfrom } for  pid=740 comm="semodule" name="hll" dev="mmcblk1p2" ino=9900 scontext=unconfined_u:unconfined_r:semanage_t:s0-s0:c0.c1023 tcontext=unconfined_u:object_r:semanage_store_t:s0 tclass=file permissive=0
Aug 06 17:48:09 tactiq-rock5a audit[740]: AVC avc:  denied  { relabelfrom } for  pid=740 comm="semodule" name="systemtap" dev="mmcblk1p2" ino=9897 scontext=unconfined_u:unconfined_r:semanage_t:s0-s0:c0.c1023 tcontext=unconfined_u:object_r:semanage_store_t:s0 tclass=dir permissive=0
Aug 06 17:48:09 tactiq-rock5a audit[740]: AVC avc:  denied  { relabelfrom } for  pid=740 comm="semodule" name="lang_ext" dev="mmcblk1p2" ino=9902 scontext=unconfined_u:unconfined_r:semanage_t:s0-s0:c0.c1023 tcontext=unconfined_u:object_r:semanage_store_t:s0 tclass=file permissive=0
Aug 06 17:48:09 tactiq-rock5a audit[740]: AVC avc:  denied  { relabelfrom } for  pid=740 comm="semodule" name="cil" dev="mmcblk1p2" ino=9903 scontext=unconfined_u:unconfined_r:semanage_t:s0-s0:c0.c1023 tcontext=unconfined_u:object_r:semanage_store_t:s0 tclass=file permissive=0
Aug 06 17:48:09 tactiq-rock5a audit[740]: AVC avc:  denied  { relabelfrom } for  pid=740 comm="semodule" name="hll" dev="mmcblk1p2" ino=9904 scontext=unconfined_u:unconfined_r:semanage_t:s0-s0:c0.c1023 tcontext=unconfined_u:object_r:semanage_store_t:s0 tclass=file permissive=0
Aug 06 17:48:09 tactiq-rock5a audit[740]: AVC avc:  denied  { relabelfrom } for  pid=740 comm="semodule" name="rssh" dev="mmcblk1p2" ino=9901 scontext=unconfined_u:unconfined_r:semanage_t:s0-s0:c0.c1023 tcontext=unconfined_u:object_r:semanage_store_t:s0 tclass=dir permissive=0
Aug 06 17:48:09 tactiq-rock5a audit[740]: AVC avc:  denied  { relabelfrom } for  pid=740 comm="semodule" name="lang_ext" dev="mmcblk1p2" ino=9906 scontext=unconfined_u:unconfined_r:semanage_t:s0-s0:c0.c1023 tcontext=unconfined_u:object_r:semanage_store_t:s0 tclass=file permissive=0
Aug 06 17:48:09 tactiq-rock5a audit[740]: AVC avc:  denied  { relabelfrom } for  pid=740 comm="semodule" name="cil" dev="mmcblk1p2" ino=9907 scontext=unconfined_u:unconfined_r:semanage_t:s0-s0:c0.c1023 tcontext=unconfined_u:object_r:semanage_store_t:s0 tclass=file permissive=0
Aug 06 17:48:09 tactiq-rock5a audit[740]: AVC avc:  denied  { relabelfrom } for  pid=740 comm="semodule" name="hll" dev="mmcblk1p2" ino=9908 scontext=unconfined_u:unconfined_r:semanage_t:s0-s0:c0.c1023 tcontext=unconfined_u:object_r:semanage_store_t:s0 tclass=file permissive=0
Aug 06 17:48:09 tactiq-rock5a audit[740]: AVC avc:  denied  { relabelfrom } for  pid=740 comm="semodule" name="sysadm" dev="mmcblk1p2" ino=9905 scontext=unconfined_u:unconfined_r:semanage_t:s0-s0:c0.c1023 tcontext=unconfined_u:object_r:semanage_store_t:s0 tclass=dir permissive=0
Aug 06 17:48:09 tactiq-rock5a audit[740]: AVC avc:  denied  { relabelfrom } for  pid=740 comm="semodule" name="lang_ext" dev="mmcblk1p2" ino=9910 scontext=unconfined_u:unconfined_r:semanage_t:s0-s0:c0.c1023 tcontext=unconfined_u:object_r:semanage_store_t:s0 tclass=file permissive=0
Aug 06 17:48:09 tactiq-rock5a audit[740]: AVC avc:  denied  { relabelfrom } for  pid=740 comm="semodule" name="cil" dev="mmcblk1p2" ino=9911 scontext=unconfined_u:unconfined_r:semanage_t:s0-s0:c0.c1023 tcontext=unconfined_u:object_r:semanage_store_t:s0 tclass=file permissive=0
Aug 06 17:48:09 tactiq-rock5a audit[740]: AVC avc:  denied  { relabelfrom } for  pid=740 comm="semodule" name="hll" dev="mmcblk1p2" ino=9912 scontext=unconfined_u:unconfined_r:semanage_t:s0-s0:c0.c1023 tcontext=unconfined_u:object_r:semanage_store_t:s0 tclass=file permissive=0
Aug 06 17:48:09 tactiq-rock5a audit[740]: AVC avc:  denied  { relabelfrom } for  pid=740 comm="semodule" name="memlockd" dev="mmcblk1p2" ino=9909 scontext=unconfined_u:unconfined_r:semanage_t:s0-s0:c0.c1023 tcontext=unconfined_u:object_r:semanage_store_t:s0 tclass=dir permissive=0
Aug 06 17:48:09 tactiq-rock5a audit[740]: AVC avc:  denied  { relabelfrom } for  pid=740 comm="semodule" name="lang_ext" dev="mmcblk1p2" ino=9914 scontext=unconfined_u:unconfined_r:semanage_t:s0-s0:c0.c1023 tcontext=unconfined_u:object_r:semanage_store_t:s0 tclass=file permissive=0
Aug 06 17:48:09 tactiq-rock5a audit[740]: AVC avc:  denied  { relabelfrom } for  pid=740 comm="semodule" name="cil" dev="mmcblk1p2" ino=9915 scontext=unconfined_u:unconfined_r:semanage_t:s0-s0:c0.c1023 tcontext=unconfined_u:object_r:semanage_store_t:s0 tclass=file permissive=0
Aug 06 17:48:09 tactiq-rock5a audit[740]: AVC avc:  denied  { relabelfrom } for  pid=740 comm="semodule" name="hll" dev="mmcblk1p2" ino=9916 scontext=unconfined_u:unconfined_r:semanage_t:s0-s0:c0.c1023 tcontext=unconfined_u:object_r:semanage_store_t:s0 tclass=file permissive=0
Aug 06 17:48:09 tactiq-rock5a audit[740]: AVC avc:  denied  { relabelfrom } for  pid=740 comm="semodule" name="nslcd" dev="mmcblk1p2" ino=9913 scontext=unconfined_u:unconfined_r:semanage_t:s0-s0:c0.c1023 tcontext=unconfined_u:object_r:semanage_store_t:s0 tclass=dir permissive=0
Aug 06 17:48:09 tactiq-rock5a audit[740]: AVC avc:  denied  { relabelfrom } for  pid=740 comm="semodule" name="lang_ext" dev="mmcblk1p2" ino=9918 scontext=unconfined_u:unconfined_r:semanage_t:s0-s0:c0.c1023 tcontext=unconfined_u:object_r:semanage_store_t:s0 tclass=file permissive=0
Aug 06 17:48:09 tactiq-rock5a audit[740]: AVC avc:  denied  { relabelfrom } for  pid=740 comm="semodule" name="cil" dev="mmcblk1p2" ino=9919 scontext=unconfined_u:unconfined_r:semanage_t:s0-s0:c0.c1023 tcontext=unconfined_u:object_r:semanage_store_t:s0 tclass=file permissive=0
Aug 06 17:48:09 tactiq-rock5a audit[740]: AVC avc:  denied  { relabelfrom } for  pid=740 comm="semodule" name="hll" dev="mmcblk1p2" ino=9920 scontext=unconfined_u:unconfined_r:semanage_t:s0-s0:c0.c1023 tcontext=unconfined_u:object_r:semanage_store_t:s0 tclass=file permissive=0
Aug 06 17:48:09 tactiq-rock5a audit[740]: AVC avc:  denied  { relabelfrom } for  pid=740 comm="semodule" name="openvswitch" dev="mmcblk1p2" ino=9917 scontext=unconfined_u:unconfined_r:semanage_t:s0-s0:c0.c1023 tcontext=unconfined_u:object_r:semanage_store_t:s0 tclass=dir permissive=0
Aug 06 17:48:09 tactiq-rock5a audit[740]: AVC avc:  denied  { relabelfrom } for  pid=740 comm="semodule" name="lang_ext" dev="mmcblk1p2" ino=9922 scontext=unconfined_u:unconfined_r:semanage_t:s0-s0:c0.c1023 tcontext=unconfined_u:object_r:semanage_store_t:s0 tclass=file permissive=0
Aug 06 17:48:09 tactiq-rock5a audit[740]: AVC avc:  denied  { relabelfrom } for  pid=740 comm="semodule" name="cil" dev="mmcblk1p2" ino=9923 scontext=unconfined_u:unconfined_r:semanage_t:s0-s0:c0.c1023 tcontext=unconfined_u:object_r:semanage_store_t:s0 tclass=file permissive=0
Aug 06 17:48:09 tactiq-rock5a audit[740]: AVC avc:  denied  { relabelfrom } for  pid=740 comm="semodule" name="hll" dev="mmcblk1p2" ino=9924 scontext=unconfined_u:unconfined_r:semanage_t:s0-s0:c0.c1023 tcontext=unconfined_u:object_r:semanage_store_t:s0 tclass=file permissive=0
Aug 06 17:48:09 tactiq-rock5a audit[740]: AVC avc:  denied  { relabelfrom } for  pid=740 comm="semodule" name="fstools" dev="mmcblk1p2" ino=9921 scontext=unconfined_u:unconfined_r:semanage_t:s0-s0:c0.c1023 tcontext=unconfined_u:object_r:semanage_store_t:s0 tclass=dir permissive=0
Aug 06 17:48:09 tactiq-rock5a audit[740]: AVC avc:  denied  { relabelfrom } for  pid=740 comm="semodule" name="lang_ext" dev="mmcblk1p2" ino=9926 scontext=unconfined_u:unconfined_r:semanage_t:s0-s0:c0.c1023 tcontext=unconfined_u:object_r:semanage_store_t:s0 tclass=file permissive=0
Aug 06 17:48:09 tactiq-rock5a audit[740]: AVC avc:  denied  { relabelfrom } for  pid=740 comm="semodule" name="cil" dev="mmcblk1p2" ino=9927 scontext=unconfined_u:unconfined_r:semanage_t:s0-s0:c0.c1023 tcontext=unconfined_u:object_r:semanage_store_t:s0 tclass=file permissive=0
Aug 06 17:48:09 tactiq-rock5a audit[740]: AVC avc:  denied  { relabelfrom } for  pid=740 comm="semodule" name="hll" dev="mmcblk1p2" ino=9928 scontext=unconfined_u:unconfined_r:semanage_t:s0-s0:c0.c1023 tcontext=unconfined_u:object_r:semanage_store_t:s0 tclass=file permissive=0
Aug 06 17:48:09 tactiq-rock5a audit[740]: AVC avc:  denied  { relabelfrom } for  pid=740 comm="semodule" name="stubby" dev="mmcblk1p2" ino=9925 scontext=unconfined_u:unconfined_r:semanage_t:s0-s0:c0.c1023 tcontext=unconfined_u:object_r:semanage_store_t:s0 tclass=dir permissive=0
Aug 06 17:48:09 tactiq-rock5a audit[740]: AVC avc:  denied  { relabelfrom } for  pid=740 comm="semodule" name="lang_ext" dev="mmcblk1p2" ino=9930 scontext=unconfined_u:unconfined_r:semanage_t:s0-s0:c0.c1023 tcontext=unconfined_u:object_r:semanage_store_t:s0 tclass=file permissive=0
Aug 06 17:48:09 tactiq-rock5a audit[740]: AVC avc:  denied  { relabelfrom } for  pid=740 comm="semodule" name="cil" dev="mmcblk1p2" ino=9931 scontext=unconfined_u:unconfined_r:semanage_t:s0-s0:c0.c1023 tcontext=unconfined_u:object_r:semanage_store_t:s0 tclass=file permissive=0
Aug 06 17:48:09 tactiq-rock5a audit[740]: AVC avc:  denied  { relabelfrom } for  pid=740 comm="semodule" name="hll" dev="mmcblk1p2" ino=9932 scontext=unconfined_u:unconfined_r:semanage_t:s0-s0:c0.c1023 tcontext=unconfined_u:object_r:semanage_store_t:s0 tclass=file permissive=0
Aug 06 17:48:09 tactiq-rock5a audit[740]: AVC avc:  denied  { relabelfrom } for  pid=740 comm="semodule" name="storage" dev="mmcblk1p2" ino=9929 scontext=unconfined_u:unconfined_r:semanage_t:s0-s0:c0.c1023 tcontext=unconfined_u:object_r:semanage_store_t:s0 tclass=dir permissive=0
Aug 06 17:48:09 tactiq-rock5a audit[740]: AVC avc:  denied  { relabelfrom } for  pid=740 comm="semodule" name="lang_ext" dev="mmcblk1p2" ino=9934 scontext=unconfined_u:unconfined_r:semanage_t:s0-s0:c0.c1023 tcontext=unconfined_u:object_r:semanage_store_t:s0 tclass=file permissive=0
Aug 06 17:48:09 tactiq-rock5a audit[740]: AVC avc:  denied  { relabelfrom } for  pid=740 comm="semodule" name="cil" dev="mmcblk1p2" ino=9935 scontext=unconfined_u:unconfined_r:semanage_t:s0-s0:c0.c1023 tcontext=unconfined_u:object_r:semanage_store_t:s0 tclass=file permissive=0
Aug 06 17:48:09 tactiq-rock5a audit[740]: AVC avc:  denied  { relabelfrom } for  pid=740 comm="semodule" name="hll" dev="mmcblk1p2" ino=9936 scontext=unconfined_u:unconfined_r:semanage_t:s0-s0:c0.c1023 tcontext=unconfined_u:object_r:semanage_store_t:s0 tclass=file permissive=0
Aug 06 17:48:09 tactiq-rock5a audit[740]: AVC avc:  denied  { relabelfrom } for  pid=740 comm="semodule" name="games" dev="mmcblk1p2" ino=9933 scontext=unconfined_u:unconfined_r:semanage_t:s0-s0:c0.c1023 tcontext=unconfined_u:object_r:semanage_store_t:s0 tclass=dir permissive=0
Aug 06 17:48:09 tactiq-rock5a audit[740]: AVC avc:  denied  { relabelfrom } for  pid=740 comm="semodule" name="lang_ext" dev="mmcblk1p2" ino=9938 scontext=unconfined_u:unconfined_r:semanage_t:s0-s0:c0.c1023 tcontext=unconfined_u:object_r:semanage_store_t:s0 tclass=file permissive=0
Aug 06 17:48:09 tactiq-rock5a audit[740]: AVC avc:  denied  { relabelfrom } for  pid=740 comm="semodule" name="cil" dev="mmcblk1p2" ino=9939 scontext=unconfined_u:unconfined_r:semanage_t:s0-s0:c0.c1023 tcontext=unconfined_u:object_r:semanage_store_t:s0 tclass=file permissive=0
Aug 06 17:48:09 tactiq-rock5a audit[740]: AVC avc:  denied  { relabelfrom } for  pid=740 comm="semodule" name="hll" dev="mmcblk1p2" ino=9940 scontext=unconfined_u:unconfined_r:semanage_t:s0-s0:c0.c1023 tcontext=unconfined_u:object_r:semanage_store_t:s0 tclass=file permissive=0
Aug 06 17:48:09 tactiq-rock5a audit[740]: AVC avc:  denied  { relabelfrom } for  pid=740 comm="semodule" name="haproxy" dev="mmcblk1p2" ino=9937 scontext=unconfined_u:unconfined_r:semanage_t:s0-s0:c0.c1023 tcontext=unconfined_u:object_r:semanage_store_t:s0 tclass=dir permissive=0
Aug 06 17:48:09 tactiq-rock5a audit[740]: AVC avc:  denied  { relabelfrom } for  pid=740 comm="semodule" name="lang_ext" dev="mmcblk1p2" ino=9942 scontext=unconfined_u:unconfined_r:semanage_t:s0-s0:c0.c1023 tcontext=unconfined_u:object_r:semanage_store_t:s0 tclass=file permissive=0
Aug 06 17:48:09 tactiq-rock5a audit[740]: AVC avc:  denied  { relabelfrom } for  pid=740 comm="semodule" name="cil" dev="mmcblk1p2" ino=9943 scontext=unconfined_u:unconfined_r:semanage_t:s0-s0:c0.c1023 tcontext=unconfined_u:object_r:semanage_store_t:s0 tclass=file permissive=0
Aug 06 17:48:09 tactiq-rock5a audit[740]: AVC avc:  denied  { relabelfrom } for  pid=740 comm="semodule" name="hll" dev="mmcblk1p2" ino=9944 scontext=unconfined_u:unconfined_r:semanage_t:s0-s0:c0.c1023 tcontext=unconfined_u:object_r:semanage_store_t:s0 tclass=file permissive=0
Aug 06 17:48:09 tactiq-rock5a audit[740]: AVC avc:  denied  { relabelfrom } for  pid=740 comm="semodule" name="i18n_input" dev="mmcblk1p2" ino=9941 scontext=unconfined_u:unconfined_r:semanage_t:s0-s0:c0.c1023 tcontext=unconfined_u:object_r:semanage_store_t:s0 tclass=dir permissive=0
Aug 06 17:48:09 tactiq-rock5a audit[740]: AVC avc:  denied  { relabelfrom } for  pid=740 comm="semodule" name="lang_ext" dev="mmcblk1p2" ino=9946 scontext=unconfined_u:unconfined_r:semanage_t:s0-s0:c0.c1023 tcontext=unconfined_u:object_r:semanage_store_t:s0 tclass=file permissive=0
Aug 06 17:48:09 tactiq-rock5a audit[740]: AVC avc:  denied  { relabelfrom } for  pid=740 comm="semodule" name="cil" dev="mmcblk1p2" ino=9947 scontext=unconfined_u:unconfined_r:semanage_t:s0-s0:c0.c1023 tcontext=unconfined_u:object_r:semanage_store_t:s0 tclass=file permissive=0
Aug 06 17:48:09 tactiq-rock5a audit[740]: AVC avc:  denied  { relabelfrom } for  pid=740 comm="semodule" name="hll" dev="mmcblk1p2" ino=9948 scontext=unconfined_u:unconfined_r:semanage_t:s0-s0:c0.c1023 tcontext=unconfined_u:object_r:semanage_store_t:s0 tclass=file permissive=0
Aug 06 17:48:09 tactiq-rock5a audit[740]: AVC avc:  denied  { relabelfrom } for  pid=740 comm="semodule" name="tgtd" dev="mmcblk1p2" ino=9945 scontext=unconfined_u:unconfined_r:semanage_t:s0-s0:c0.c1023 tcontext=unconfined_u:object_r:semanage_store_t:s0 tclass=dir permissive=0
Aug 06 17:48:09 tactiq-rock5a audit[740]: AVC avc:  denied  { relabelfrom } for  pid=740 comm="semodule" name="lang_ext" dev="mmcblk1p2" ino=9950 scontext=unconfined_u:unconfined_r:semanage_t:s0-s0:c0.c1023 tcontext=unconfined_u:object_r:semanage_store_t:s0 tclass=file permissive=0
Aug 06 17:48:09 tactiq-rock5a audit[740]: AVC avc:  denied  { relabelfrom } for  pid=740 comm="semodule" name="cil" dev="mmcblk1p2" ino=9951 scontext=unconfined_u:unconfined_r:semanage_t:s0-s0:c0.c1023 tcontext=unconfined_u:object_r:semanage_store_t:s0 tclass=file permissive=0
Aug 06 17:48:09 tactiq-rock5a audit[740]: AVC avc:  denied  { relabelfrom } for  pid=740 comm="semodule" name="hll" dev="mmcblk1p2" ino=9952 scontext=unconfined_u:unconfined_r:semanage_t:s0-s0:c0.c1023 tcontext=unconfined_u:object_r:semanage_store_t:s0 tclass=file permissive=0
Aug 06 17:48:09 tactiq-rock5a audit[740]: AVC avc:  denied  { relabelfrom } for  pid=740 comm="semodule" name="remotelogin" dev="mmcblk1p2" ino=9949 scontext=unconfined_u:unconfined_r:semanage_t:s0-s0:c0.c1023 tcontext=unconfined_u:object_r:semanage_store_t:s0 tclass=dir permissive=0
Aug 06 17:48:09 tactiq-rock5a audit[740]: AVC avc:  denied  { relabelfrom } for  pid=740 comm="semodule" name="lang_ext" dev="mmcblk1p2" ino=9954 scontext=unconfined_u:unconfined_r:semanage_t:s0-s0:c0.c1023 tcontext=unconfined_u:object_r:semanage_store_t:s0 tclass=file permissive=0
Aug 06 17:48:09 tactiq-rock5a audit[740]: AVC avc:  denied  { relabelfrom } for  pid=740 comm="semodule" name="cil" dev="mmcblk1p2" ino=9955 scontext=unconfined_u:unconfined_r:semanage_t:s0-s0:c0.c1023 tcontext=unconfined_u:object_r:semanage_store_t:s0 tclass=file permissive=0
Aug 06 17:48:09 tactiq-rock5a audit[740]: AVC avc:  denied  { relabelfrom } for  pid=740 comm="semodule" name="hll" dev="mmcblk1p2" ino=9956 scontext=unconfined_u:unconfined_r:semanage_t:s0-s0:c0.c1023 tcontext=unconfined_u:object_r:semanage_store_t:s0 tclass=file permissive=0
Aug 06 17:48:09 tactiq-rock5a audit[740]: AVC avc:  denied  { relabelfrom } for  pid=740 comm="semodule" name="pulseaudio" dev="mmcblk1p2" ino=9953 scontext=unconfined_u:unconfined_r:semanage_t:s0-s0:c0.c1023 tcontext=unconfined_u:object_r:semanage_store_t:s0 tclass=dir permissive=0
Aug 06 17:48:09 tactiq-rock5a audit[740]: AVC avc:  denied  { relabelfrom } for  pid=740 comm="semodule" name="lang_ext" dev="mmcblk1p2" ino=9958 scontext=unconfined_u:unconfined_r:semanage_t:s0-s0:c0.c1023 tcontext=unconfined_u:object_r:semanage_store_t:s0 tclass=file permissive=0
Aug 06 17:48:09 tactiq-rock5a audit[740]: AVC avc:  denied  { relabelfrom } for  pid=740 comm="semodule" name="cil" dev="mmcblk1p2" ino=9959 scontext=unconfined_u:unconfined_r:semanage_t:s0-s0:c0.c1023 tcontext=unconfined_u:object_r:semanage_store_t:s0 tclass=file permissive=0
Aug 06 17:48:09 tactiq-rock5a audit[740]: AVC avc:  denied  { relabelfrom } for  pid=740 comm="semodule" name="hll" dev="mmcblk1p2" ino=9960 scontext=unconfined_u:unconfined_r:semanage_t:s0-s0:c0.c1023 tcontext=unconfined_u:object_r:semanage_store_t:s0 tclass=file permissive=0
Aug 06 17:48:09 tactiq-rock5a audit[740]: AVC avc:  denied  { relabelfrom } for  pid=740 comm="semodule" name="uptime" dev="mmcblk1p2" ino=9957 scontext=unconfined_u:unconfined_r:semanage_t:s0-s0:c0.c1023 tcontext=unconfined_u:object_r:semanage_store_t:s0 tclass=dir permissive=0
Aug 06 17:48:09 tactiq-rock5a audit[740]: AVC avc:  denied  { relabelfrom } for  pid=740 comm="semodule" name="lang_ext" dev="mmcblk1p2" ino=9962 scontext=unconfined_u:unconfined_r:semanage_t:s0-s0:c0.c1023 tcontext=unconfined_u:object_r:semanage_store_t:s0 tclass=file permissive=0
Aug 06 17:48:09 tactiq-rock5a audit[740]: AVC avc:  denied  { relabelfrom } for  pid=740 comm="semodule" name="cil" dev="mmcblk1p2" ino=9963 scontext=unconfined_u:unconfined_r:semanage_t:s0-s0:c0.c1023 tcontext=unconfined_u:object_r:semanage_store_t:s0 tclass=file permissive=0
Aug 06 17:48:09 tactiq-rock5a audit[740]: AVC avc:  denied  { relabelfrom } for  pid=740 comm="semodule" name="hll" dev="mmcblk1p2" ino=9964 scontext=unconfined_u:unconfined_r:semanage_t:s0-s0:c0.c1023 tcontext=unconfined_u:object_r:semanage_store_t:s0 tclass=file permissive=0
Aug 06 17:48:09 tactiq-rock5a audit[740]: AVC avc:  denied  { relabelfrom } for  pid=740 comm="semodule" name="blueman" dev="mmcblk1p2" ino=9961 scontext=unconfined_u:unconfined_r:semanage_t:s0-s0:c0.c1023 tcontext=unconfined_u:object_r:semanage_store_t:s0 tclass=dir permissive=0
Aug 06 17:48:09 tactiq-rock5a audit[740]: AVC avc:  denied  { relabelfrom } for  pid=740 comm="semodule" name="lang_ext" dev="mmcblk1p2" ino=9966 scontext=unconfined_u:unconfined_r:semanage_t:s0-s0:c0.c1023 tcontext=unconfined_u:object_r:semanage_store_t:s0 tclass=file permissive=0
Aug 06 17:48:09 tactiq-rock5a audit[740]: AVC avc:  denied  { relabelfrom } for  pid=740 comm="semodule" name="cil" dev="mmcblk1p2" ino=9967 scontext=unconfined_u:unconfined_r:semanage_t:s0-s0:c0.c1023 tcontext=unconfined_u:object_r:semanage_store_t:s0 tclass=file permissive=0
Aug 06 17:48:09 tactiq-rock5a audit[740]: AVC avc:  denied  { relabelfrom } for  pid=740 comm="semodule" name="hll" dev="mmcblk1p2" ino=9968 scontext=unconfined_u:unconfined_r:semanage_t:s0-s0:c0.c1023 tcontext=unconfined_u:object_r:semanage_store_t:s0 tclass=file permissive=0
Aug 06 17:48:09 tactiq-rock5a audit[740]: AVC avc:  denied  { relabelfrom } for  pid=740 comm="semodule" name="lowmemorymonitor" dev="mmcblk1p2" ino=9965 scontext=unconfined_u:unconfined_r:semanage_t:s0-s0:c0.c1023 tcontext=unconfined_u:object_r:semanage_store_t:s0 tclass=dir permissive=0
Aug 06 17:48:09 tactiq-rock5a audit[740]: AVC avc:  denied  { relabelfrom } for  pid=740 comm="semodule" name="lang_ext" dev="mmcblk1p2" ino=9970 scontext=unconfined_u:unconfined_r:semanage_t:s0-s0:c0.c1023 tcontext=unconfined_u:object_r:semanage_store_t:s0 tclass=file permissive=0
Aug 06 17:48:09 tactiq-rock5a audit[740]: AVC avc:  denied  { relabelfrom } for  pid=740 comm="semodule" name="cil" dev="mmcblk1p2" ino=9971 scontext=unconfined_u:unconfined_r:semanage_t:s0-s0:c0.c1023 tcontext=unconfined_u:object_r:semanage_store_t:s0 tclass=file permissive=0
Aug 06 17:48:09 tactiq-rock5a audit[740]: AVC avc:  denied  { relabelfrom } for  pid=740 comm="semodule" name="hll" dev="mmcblk1p2" ino=9972 scontext=unconfined_u:unconfined_r:semanage_t:s0-s0:c0.c1023 tcontext=unconfined_u:object_r:semanage_store_t:s0 tclass=file permissive=0
Aug 06 17:48:09 tactiq-rock5a audit[740]: AVC avc:  denied  { relabelfrom } for  pid=740 comm="semodule" name="resmgr" dev="mmcblk1p2" ino=9969 scontext=unconfined_u:unconfined_r:semanage_t:s0-s0:c0.c1023 tcontext=unconfined_u:object_r:semanage_store_t:s0 tclass=dir permissive=0
Aug 06 17:48:09 tactiq-rock5a audit[740]: AVC avc:  denied  { relabelfrom } for  pid=740 comm="semodule" name="lang_ext" dev="mmcblk1p2" ino=9974 scontext=unconfined_u:unconfined_r:semanage_t:s0-s0:c0.c1023 tcontext=unconfined_u:object_r:semanage_store_t:s0 tclass=file permissive=0
Aug 06 17:48:09 tactiq-rock5a audit[740]: AVC avc:  denied  { relabelfrom } for  pid=740 comm="semodule" name="cil" dev="mmcblk1p2" ino=9975 scontext=unconfined_u:unconfined_r:semanage_t:s0-s0:c0.c1023 tcontext=unconfined_u:object_r:semanage_store_t:s0 tclass=file permissive=0
Aug 06 17:48:09 tactiq-rock5a audit[740]: AVC avc:  denied  { relabelfrom } for  pid=740 comm="semodule" name="hll" dev="mmcblk1p2" ino=9976 scontext=unconfined_u:unconfined_r:semanage_t:s0-s0:c0.c1023 tcontext=unconfined_u:object_r:semanage_store_t:s0 tclass=file permissive=0
Aug 06 17:48:09 tactiq-rock5a audit[740]: AVC avc:  denied  { relabelfrom } for  pid=740 comm="semodule" name="logadm" dev="mmcblk1p2" ino=9973 scontext=unconfined_u:unconfined_r:semanage_t:s0-s0:c0.c1023 tcontext=unconfined_u:object_r:semanage_store_t:s0 tclass=dir permissive=0
Aug 06 17:48:09 tactiq-rock5a audit[740]: AVC avc:  denied  { relabelfrom } for  pid=740 comm="semodule" name="lang_ext" dev="mmcblk1p2" ino=9978 scontext=unconfined_u:unconfined_r:semanage_t:s0-s0:c0.c1023 tcontext=unconfined_u:object_r:semanage_store_t:s0 tclass=file permissive=0
Aug 06 17:48:09 tactiq-rock5a audit[740]: AVC avc:  denied  { relabelfrom } for  pid=740 comm="semodule" name="cil" dev="mmcblk1p2" ino=9979 scontext=unconfined_u:unconfined_r:semanage_t:s0-s0:c0.c1023 tcontext=unconfined_u:object_r:semanage_store_t:s0 tclass=file permissive=0
Aug 06 17:48:09 tactiq-rock5a audit[740]: AVC avc:  denied  { relabelfrom } for  pid=740 comm="semodule" name="hll" dev="mmcblk1p2" ino=9980 scontext=unconfined_u:unconfined_r:semanage_t:s0-s0:c0.c1023 tcontext=unconfined_u:object_r:semanage_store_t:s0 tclass=file permissive=0
Aug 06 17:48:09 tactiq-rock5a audit[740]: AVC avc:  denied  { relabelfrom } for  pid=740 comm="semodule" name="stunnel" dev="mmcblk1p2" ino=9977 scontext=unconfined_u:unconfined_r:semanage_t:s0-s0:c0.c1023 tcontext=unconfined_u:object_r:semanage_store_t:s0 tclass=dir permissive=0
Aug 06 17:48:09 tactiq-rock5a audit[740]: AVC avc:  denied  { relabelfrom } for  pid=740 comm="semodule" name="lang_ext" dev="mmcblk1p2" ino=9982 scontext=unconfined_u:unconfined_r:semanage_t:s0-s0:c0.c1023 tcontext=unconfined_u:object_r:semanage_store_t:s0 tclass=file permissive=0
Aug 06 17:48:09 tactiq-rock5a audit[740]: AVC avc:  denied  { relabelfrom } for  pid=740 comm="semodule" name="cil" dev="mmcblk1p2" ino=9983 scontext=unconfined_u:unconfined_r:semanage_t:s0-s0:c0.c1023 tcontext=unconfined_u:object_r:semanage_store_t:s0 tclass=file permissive=0
Aug 06 17:48:09 tactiq-rock5a audit[740]: AVC avc:  denied  { relabelfrom } for  pid=740 comm="semodule" name="hll" dev="mmcblk1p2" ino=9984 scontext=unconfined_u:unconfined_r:semanage_t:s0-s0:c0.c1023 tcontext=unconfined_u:object_r:semanage_store_t:s0 tclass=file permissive=0
Aug 06 17:48:09 tactiq-rock5a audit[740]: AVC avc:  denied  { relabelfrom } for  pid=740 comm="semodule" name="amanda" dev="mmcblk1p2" ino=9981 scontext=unconfined_u:unconfined_r:semanage_t:s0-s0:c0.c1023 tcontext=unconfined_u:object_r:semanage_store_t:s0 tclass=dir permissive=0
Aug 06 17:48:09 tactiq-rock5a audit[740]: AVC avc:  denied  { relabelfrom } for  pid=740 comm="semodule" name="lang_ext" dev="mmcblk1p2" ino=9986 scontext=unconfined_u:unconfined_r:semanage_t:s0-s0:c0.c1023 tcontext=unconfined_u:object_r:semanage_store_t:s0 tclass=file permissive=0
Aug 06 17:48:09 tactiq-rock5a audit[740]: AVC avc:  denied  { relabelfrom } for  pid=740 comm="semodule" name="cil" dev="mmcblk1p2" ino=9987 scontext=unconfined_u:unconfined_r:semanage_t:s0-s0:c0.c1023 tcontext=unconfined_u:object_r:semanage_store_t:s0 tclass=file permissive=0
Aug 06 17:48:09 tactiq-rock5a audit[740]: AVC avc:  denied  { relabelfrom } for  pid=740 comm="semodule" name="hll" dev="mmcblk1p2" ino=9988 scontext=unconfined_u:unconfined_r:semanage_t:s0-s0:c0.c1023 tcontext=unconfined_u:object_r:semanage_store_t:s0 tclass=file permissive=0
Aug 06 17:48:09 tactiq-rock5a audit[740]: AVC avc:  denied  { relabelfrom } for  pid=740 comm="semodule" name="chronyd" dev="mmcblk1p2" ino=9985 scontext=unconfined_u:unconfined_r:semanage_t:s0-s0:c0.c1023 tcontext=unconfined_u:object_r:semanage_store_t:s0 tclass=dir permissive=0
Aug 06 17:48:09 tactiq-rock5a audit[740]: AVC avc:  denied  { relabelfrom } for  pid=740 comm="semodule" name="lang_ext" dev="mmcblk1p2" ino=9990 scontext=unconfined_u:unconfined_r:semanage_t:s0-s0:c0.c1023 tcontext=unconfined_u:object_r:semanage_store_t:s0 tclass=file permissive=0
Aug 06 17:48:09 tactiq-rock5a audit[740]: AVC avc:  denied  { relabelfrom } for  pid=740 comm="semodule" name="cil" dev="mmcblk1p2" ino=9991 scontext=unconfined_u:unconfined_r:semanage_t:s0-s0:c0.c1023 tcontext=unconfined_u:object_r:semanage_store_t:s0 tclass=file permissive=0
Aug 06 17:48:09 tactiq-rock5a audit[740]: AVC avc:  denied  { relabelfrom } for  pid=740 comm="semodule" name="hll" dev="mmcblk1p2" ino=9992 scontext=unconfined_u:unconfined_r:semanage_t:s0-s0:c0.c1023 tcontext=unconfined_u:object_r:semanage_store_t:s0 tclass=file permissive=0
Aug 06 17:48:09 tactiq-rock5a audit[740]: AVC avc:  denied  { relabelfrom } for  pid=740 comm="semodule" name="prelink" dev="mmcblk1p2" ino=9989 scontext=unconfined_u:unconfined_r:semanage_t:s0-s0:c0.c1023 tcontext=unconfined_u:object_r:semanage_store_t:s0 tclass=dir permissive=0
Aug 06 17:48:09 tactiq-rock5a audit[740]: AVC avc:  denied  { relabelfrom } for  pid=740 comm="semodule" name="lang_ext" dev="mmcblk1p2" ino=9994 scontext=unconfined_u:unconfined_r:semanage_t:s0-s0:c0.c1023 tcontext=unconfined_u:object_r:semanage_store_t:s0 tclass=file permissive=0
Aug 06 17:48:09 tactiq-rock5a audit[740]: AVC avc:  denied  { relabelfrom } for  pid=740 comm="semodule" name="cil" dev="mmcblk1p2" ino=9995 scontext=unconfined_u:unconfined_r:semanage_t:s0-s0:c0.c1023 tcontext=unconfined_u:object_r:semanage_store_t:s0 tclass=file permissive=0
Aug 06 17:48:09 tactiq-rock5a audit[740]: AVC avc:  denied  { relabelfrom } for  pid=740 comm="semodule" name="hll" dev="mmcblk1p2" ino=9996 scontext=unconfined_u:unconfined_r:semanage_t:s0-s0:c0.c1023 tcontext=unconfined_u:object_r:semanage_store_t:s0 tclass=file permissive=0
Aug 06 17:48:09 tactiq-rock5a audit[740]: AVC avc:  denied  { relabelfrom } for  pid=740 comm="semodule" name="gpg" dev="mmcblk1p2" ino=9993 scontext=unconfined_u:unconfined_r:semanage_t:s0-s0:c0.c1023 tcontext=unconfined_u:object_r:semanage_store_t:s0 tclass=dir permissive=0
Aug 06 17:48:09 tactiq-rock5a audit[740]: AVC avc:  denied  { relabelfrom } for  pid=740 comm="semodule" name="lang_ext" dev="mmcblk1p2" ino=9998 scontext=unconfined_u:unconfined_r:semanage_t:s0-s0:c0.c1023 tcontext=unconfined_u:object_r:semanage_store_t:s0 tclass=file permissive=0
Aug 06 17:48:09 tactiq-rock5a audit[740]: AVC avc:  denied  { relabelfrom } for  pid=740 comm="semodule" name="cil" dev="mmcblk1p2" ino=9999 scontext=unconfined_u:unconfined_r:semanage_t:s0-s0:c0.c1023 tcontext=unconfined_u:object_r:semanage_store_t:s0 tclass=file permissive=0
Aug 06 17:48:09 tactiq-rock5a audit[740]: AVC avc:  denied  { relabelfrom } for  pid=740 comm="semodule" name="hll" dev="mmcblk1p2" ino=10000 scontext=unconfined_u:unconfined_r:semanage_t:s0-s0:c0.c1023 tcontext=unconfined_u:object_r:semanage_store_t:s0 tclass=file permissive=0
Aug 06 17:48:09 tactiq-rock5a audit[740]: AVC avc:  denied  { relabelfrom } for  pid=740 comm="semodule" name="openarc" dev="mmcblk1p2" ino=9997 scontext=unconfined_u:unconfined_r:semanage_t:s0-s0:c0.c1023 tcontext=unconfined_u:object_r:semanage_store_t:s0 tclass=dir permissive=0
Aug 06 17:48:09 tactiq-rock5a audit[740]: AVC avc:  denied  { relabelfrom } for  pid=740 comm="semodule" name="lang_ext" dev="mmcblk1p2" ino=10002 scontext=unconfined_u:unconfined_r:semanage_t:s0-s0:c0.c1023 tcontext=unconfined_u:object_r:semanage_store_t:s0 tclass=file permissive=0
Aug 06 17:48:09 tactiq-rock5a audit[740]: AVC avc:  denied  { relabelfrom } for  pid=740 comm="semodule" name="cil" dev="mmcblk1p2" ino=10003 scontext=unconfined_u:unconfined_r:semanage_t:s0-s0:c0.c1023 tcontext=unconfined_u:object_r:semanage_store_t:s0 tclass=file permissive=0
Aug 06 17:48:09 tactiq-rock5a audit[740]: AVC avc:  denied  { relabelfrom } for  pid=740 comm="semodule" name="hll" dev="mmcblk1p2" ino=10004 scontext=unconfined_u:unconfined_r:semanage_t:s0-s0:c0.c1023 tcontext=unconfined_u:object_r:semanage_store_t:s0 tclass=file permissive=0
Aug 06 17:48:09 tactiq-rock5a audit[740]: AVC avc:  denied  { relabelfrom } for  pid=740 comm="semodule" name="collectd" dev="mmcblk1p2" ino=10001 scontext=unconfined_u:unconfined_r:semanage_t:s0-s0:c0.c1023 tcontext=unconfined_u:object_r:semanage_store_t:s0 tclass=dir permissive=0
Aug 06 17:48:09 tactiq-rock5a audit[740]: AVC avc:  denied  { relabelfrom } for  pid=740 comm="semodule" name="lang_ext" dev="mmcblk1p2" ino=10006 scontext=unconfined_u:unconfined_r:semanage_t:s0-s0:c0.c1023 tcontext=unconfined_u:object_r:semanage_store_t:s0 tclass=file permissive=0
Aug 06 17:48:09 tactiq-rock5a audit[740]: AVC avc:  denied  { relabelfrom } for  pid=740 comm="semodule" name="cil" dev="mmcblk1p2" ino=10007 scontext=unconfined_u:unconfined_r:semanage_t:s0-s0:c0.c1023 tcontext=unconfined_u:object_r:semanage_store_t:s0 tclass=file permissive=0
Aug 06 17:48:09 tactiq-rock5a audit[740]: AVC avc:  denied  { relabelfrom } for  pid=740 comm="semodule" name="hll" dev="mmcblk1p2" ino=10008 scontext=unconfined_u:unconfined_r:semanage_t:s0-s0:c0.c1023 tcontext=unconfined_u:object_r:semanage_store_t:s0 tclass=file permissive=0
Aug 06 17:48:09 tactiq-rock5a audit[740]: AVC avc:  denied  { relabelfrom } for  pid=740 comm="semodule" name="postgresql" dev="mmcblk1p2" ino=10005 scontext=unconfined_u:unconfined_r:semanage_t:s0-s0:c0.c1023 tcontext=unconfined_u:object_r:semanage_store_t:s0 tclass=dir permissive=0
Aug 06 17:48:09 tactiq-rock5a audit[740]: AVC avc:  denied  { relabelfrom } for  pid=740 comm="semodule" name="lang_ext" dev="mmcblk1p2" ino=10010 scontext=unconfined_u:unconfined_r:semanage_t:s0-s0:c0.c1023 tcontext=unconfined_u:object_r:semanage_store_t:s0 tclass=file permissive=0
Aug 06 17:48:09 tactiq-rock5a audit[740]: AVC avc:  denied  { relabelfrom } for  pid=740 comm="semodule" name="cil" dev="mmcblk1p2" ino=10011 scontext=unconfined_u:unconfined_r:semanage_t:s0-s0:c0.c1023 tcontext=unconfined_u:object_r:semanage_store_t:s0 tclass=file permissive=0
Aug 06 17:48:09 tactiq-rock5a audit[740]: AVC avc:  denied  { relabelfrom } for  pid=740 comm="semodule" name="hll" dev="mmcblk1p2" ino=10012 scontext=unconfined_u:unconfined_r:semanage_t:s0-s0:c0.c1023 tcontext=unconfined_u:object_r:semanage_store_t:s0 tclass=file permissive=0
Aug 06 17:48:09 tactiq-rock5a audit[740]: AVC avc:  denied  { relabelfrom } for  pid=740 comm="semodule" name="asterisk" dev="mmcblk1p2" ino=10009 scontext=unconfined_u:unconfined_r:semanage_t:s0-s0:c0.c1023 tcontext=unconfined_u:object_r:semanage_store_t:s0 tclass=dir permissive=0
Aug 06 17:48:09 tactiq-rock5a audit[740]: AVC avc:  denied  { relabelfrom } for  pid=740 comm="semodule" name="lang_ext" dev="mmcblk1p2" ino=10014 scontext=unconfined_u:unconfined_r:semanage_t:s0-s0:c0.c1023 tcontext=unconfined_u:object_r:semanage_store_t:s0 tclass=file permissive=0
Aug 06 17:48:09 tactiq-rock5a audit[740]: AVC avc:  denied  { relabelfrom } for  pid=740 comm="semodule" name="cil" dev="mmcblk1p2" ino=10015 scontext=unconfined_u:unconfined_r:semanage_t:s0-s0:c0.c1023 tcontext=unconfined_u:object_r:semanage_store_t:s0 tclass=file permissive=0
Aug 06 17:48:09 tactiq-rock5a audit[740]: AVC avc:  denied  { relabelfrom } for  pid=740 comm="semodule" name="hll" dev="mmcblk1p2" ino=10016 scontext=unconfined_u:unconfined_r:semanage_t:s0-s0:c0.c1023 tcontext=unconfined_u:object_r:semanage_store_t:s0 tclass=file permissive=0
Aug 06 17:48:09 tactiq-rock5a audit[740]: AVC avc:  denied  { relabelfrom } for  pid=740 comm="semodule" name="eg25manager" dev="mmcblk1p2" ino=10013 scontext=unconfined_u:unconfined_r:semanage_t:s0-s0:c0.c1023 tcontext=unconfined_u:object_r:semanage_store_t:s0 tclass=dir permissive=0
Aug 06 17:48:09 tactiq-rock5a audit[740]: AVC avc:  denied  { relabelfrom } for  pid=740 comm="semodule" name="lang_ext" dev="mmcblk1p2" ino=10018 scontext=unconfined_u:unconfined_r:semanage_t:s0-s0:c0.c1023 tcontext=unconfined_u:object_r:semanage_store_t:s0 tclass=file permissive=0
Aug 06 17:48:09 tactiq-rock5a audit[740]: AVC avc:  denied  { relabelfrom } for  pid=740 comm="semodule" name="cil" dev="mmcblk1p2" ino=10019 scontext=unconfined_u:unconfined_r:semanage_t:s0-s0:c0.c1023 tcontext=unconfined_u:object_r:semanage_store_t:s0 tclass=file permissive=0
Aug 06 17:48:09 tactiq-rock5a audit[740]: AVC avc:  denied  { relabelfrom } for  pid=740 comm="semodule" name="hll" dev="mmcblk1p2" ino=10020 scontext=unconfined_u:unconfined_r:semanage_t:s0-s0:c0.c1023 tcontext=unconfined_u:object_r:semanage_store_t:s0 tclass=file permissive=0
Aug 06 17:48:09 tactiq-rock5a audit[740]: AVC avc:  denied  { relabelfrom } for  pid=740 comm="semodule" name="ofono" dev="mmcblk1p2" ino=10017 scontext=unconfined_u:unconfined_r:semanage_t:s0-s0:c0.c1023 tcontext=unconfined_u:object_r:semanage_store_t:s0 tclass=dir permissive=0
Aug 06 17:48:09 tactiq-rock5a audit[740]: AVC avc:  denied  { relabelfrom } for  pid=740 comm="semodule" name="lang_ext" dev="mmcblk1p2" ino=10022 scontext=unconfined_u:unconfined_r:semanage_t:s0-s0:c0.c1023 tcontext=unconfined_u:object_r:semanage_store_t:s0 tclass=file permissive=0
Aug 06 17:48:09 tactiq-rock5a audit[740]: AVC avc:  denied  { relabelfrom } for  pid=740 comm="semodule" name="cil" dev="mmcblk1p2" ino=10023 scontext=unconfined_u:unconfined_r:semanage_t:s0-s0:c0.c1023 tcontext=unconfined_u:object_r:semanage_store_t:s0 tclass=file permissive=0
Aug 06 17:48:09 tactiq-rock5a audit[740]: AVC avc:  denied  { relabelfrom } for  pid=740 comm="semodule" name="hll" dev="mmcblk1p2" ino=10024 scontext=unconfined_u:unconfined_r:semanage_t:s0-s0:c0.c1023 tcontext=unconfined_u:object_r:semanage_store_t:s0 tclass=file permissive=0
Aug 06 17:48:09 tactiq-rock5a audit[740]: AVC avc:  denied  { relabelfrom } for  pid=740 comm="semodule" name="ldap" dev="mmcblk1p2" ino=10021 scontext=unconfined_u:unconfined_r:semanage_t:s0-s0:c0.c1023 tcontext=unconfined_u:object_r:semanage_store_t:s0 tclass=dir permissive=0
Aug 06 17:48:09 tactiq-rock5a audit[740]: AVC avc:  denied  { relabelfrom } for  pid=740 comm="semodule" name="lang_ext" dev="mmcblk1p2" ino=10026 scontext=unconfined_u:unconfined_r:semanage_t:s0-s0:c0.c1023 tcontext=unconfined_u:object_r:semanage_store_t:s0 tclass=file permissive=0
Aug 06 17:48:09 tactiq-rock5a audit[740]: AVC avc:  denied  { relabelfrom } for  pid=740 comm="semodule" name="cil" dev="mmcblk1p2" ino=10027 scontext=unconfined_u:unconfined_r:semanage_t:s0-s0:c0.c1023 tcontext=unconfined_u:object_r:semanage_store_t:s0 tclass=file permissive=0
Aug 06 17:48:09 tactiq-rock5a audit[740]: AVC avc:  denied  { relabelfrom } for  pid=740 comm="semodule" name="hll" dev="mmcblk1p2" ino=10028 scontext=unconfined_u:unconfined_r:semanage_t:s0-s0:c0.c1023 tcontext=unconfined_u:object_r:semanage_store_t:s0 tclass=file permissive=0
Aug 06 17:48:09 tactiq-rock5a audit[740]: AVC avc:  denied  { relabelfrom } for  pid=740 comm="semodule" name="aisexec" dev="mmcblk1p2" ino=10025 scontext=unconfined_u:unconfined_r:semanage_t:s0-s0:c0.c1023 tcontext=unconfined_u:object_r:semanage_store_t:s0 tclass=dir permissive=0
Aug 06 17:48:09 tactiq-rock5a audit[740]: AVC avc:  denied  { relabelfrom } for  pid=740 comm="semodule" name="lang_ext" dev="mmcblk1p2" ino=10030 scontext=unconfined_u:unconfined_r:semanage_t:s0-s0:c0.c1023 tcontext=unconfined_u:object_r:semanage_store_t:s0 tclass=file permissive=0
Aug 06 17:48:09 tactiq-rock5a audit[740]: AVC avc:  denied  { relabelfrom } for  pid=740 comm="semodule" name="cil" dev="mmcblk1p2" ino=10031 scontext=unconfined_u:unconfined_r:semanage_t:s0-s0:c0.c1023 tcontext=unconfined_u:object_r:semanage_store_t:s0 tclass=file permissive=0
Aug 06 17:48:09 tactiq-rock5a audit[740]: AVC avc:  denied  { relabelfrom } for  pid=740 comm="semodule" name="hll" dev="mmcblk1p2" ino=10032 scontext=unconfined_u:unconfined_r:semanage_t:s0-s0:c0.c1023 tcontext=unconfined_u:object_r:semanage_store_t:s0 tclass=file permissive=0
Aug 06 17:48:09 tactiq-rock5a audit[740]: AVC avc:  denied  { relabelfrom } for  pid=740 comm="semodule" name="ucspitcp" dev="mmcblk1p2" ino=10029 scontext=unconfined_u:unconfined_r:semanage_t:s0-s0:c0.c1023 tcontext=unconfined_u:object_r:semanage_store_t:s0 tclass=dir permissive=0
Aug 06 17:48:09 tactiq-rock5a audit[740]: AVC avc:  denied  { relabelfrom } for  pid=740 comm="semodule" name="lang_ext" dev="mmcblk1p2" ino=10034 scontext=unconfined_u:unconfined_r:semanage_t:s0-s0:c0.c1023 tcontext=unconfined_u:object_r:semanage_store_t:s0 tclass=file permissive=0
Aug 06 17:48:09 tactiq-rock5a audit[740]: AVC avc:  denied  { relabelfrom } for  pid=740 comm="semodule" name="cil" dev="mmcblk1p2" ino=10035 scontext=unconfined_u:unconfined_r:semanage_t:s0-s0:c0.c1023 tcontext=unconfined_u:object_r:semanage_store_t:s0 tclass=file permissive=0
Aug 06 17:48:09 tactiq-rock5a audit[740]: AVC avc:  denied  { relabelfrom } for  pid=740 comm="semodule" name="hll" dev="mmcblk1p2" ino=10036 scontext=unconfined_u:unconfined_r:semanage_t:s0-s0:c0.c1023 tcontext=unconfined_u:object_r:semanage_store_t:s0 tclass=file permissive=0
Aug 06 17:48:09 tactiq-rock5a audit[740]: AVC avc:  denied  { relabelfrom } for  pid=740 comm="semodule" name="snort" dev="mmcblk1p2" ino=10033 scontext=unconfined_u:unconfined_r:semanage_t:s0-s0:c0.c1023 tcontext=unconfined_u:object_r:semanage_store_t:s0 tclass=dir permissive=0
Aug 06 17:48:09 tactiq-rock5a audit[740]: AVC avc:  denied  { relabelfrom } for  pid=740 comm="semodule" name="lang_ext" dev="mmcblk1p2" ino=10038 scontext=unconfined_u:unconfined_r:semanage_t:s0-s0:c0.c1023 tcontext=unconfined_u:object_r:semanage_store_t:s0 tclass=file permissive=0
Aug 06 17:48:09 tactiq-rock5a audit[740]: AVC avc:  denied  { relabelfrom } for  pid=740 comm="semodule" name="cil" dev="mmcblk1p2" ino=10039 scontext=unconfined_u:unconfined_r:semanage_t:s0-s0:c0.c1023 tcontext=unconfined_u:object_r:semanage_store_t:s0 tclass=file permissive=0
Aug 06 17:48:09 tactiq-rock5a audit[740]: AVC avc:  denied  { relabelfrom } for  pid=740 comm="semodule" name="hll" dev="mmcblk1p2" ino=10040 scontext=unconfined_u:unconfined_r:semanage_t:s0-s0:c0.c1023 tcontext=unconfined_u:object_r:semanage_store_t:s0 tclass=file permissive=0
Aug 06 17:48:09 tactiq-rock5a audit[740]: AVC avc:  denied  { relabelfrom } for  pid=740 comm="semodule" name="docker" dev="mmcblk1p2" ino=10037 scontext=unconfined_u:unconfined_r:semanage_t:s0-s0:c0.c1023 tcontext=unconfined_u:object_r:semanage_store_t:s0 tclass=dir permissive=0
Aug 06 17:48:09 tactiq-rock5a audit[740]: AVC avc:  denied  { relabelfrom } for  pid=740 comm="semodule" name="lang_ext" dev="mmcblk1p2" ino=10042 scontext=unconfined_u:unconfined_r:semanage_t:s0-s0:c0.c1023 tcontext=unconfined_u:object_r:semanage_store_t:s0 tclass=file permissive=0
Aug 06 17:48:09 tactiq-rock5a audit[740]: AVC avc:  denied  { relabelfrom } for  pid=740 comm="semodule" name="cil" dev="mmcblk1p2" ino=10043 scontext=unconfined_u:unconfined_r:semanage_t:s0-s0:c0.c1023 tcontext=unconfined_u:object_r:semanage_store_t:s0 tclass=file permissive=0
Aug 06 17:48:09 tactiq-rock5a audit[740]: AVC avc:  denied  { relabelfrom } for  pid=740 comm="semodule" name="hll" dev="mmcblk1p2" ino=10044 scontext=unconfined_u:unconfined_r:semanage_t:s0-s0:c0.c1023 tcontext=unconfined_u:object_r:semanage_store_t:s0 tclass=file permissive=0
Aug 06 17:48:09 tactiq-rock5a audit[740]: AVC avc:  denied  { relabelfrom } for  pid=740 comm="semodule" name="kerneloops" dev="mmcblk1p2" ino=10041 scontext=unconfined_u:unconfined_r:semanage_t:s0-s0:c0.c1023 tcontext=unconfined_u:object_r:semanage_store_t:s0 tclass=dir permissive=0
Aug 06 17:48:09 tactiq-rock5a audit[740]: AVC avc:  denied  { relabelfrom } for  pid=740 comm="semodule" name="lang_ext" dev="mmcblk1p2" ino=10046 scontext=unconfined_u:unconfined_r:semanage_t:s0-s0:c0.c1023 tcontext=unconfined_u:object_r:semanage_store_t:s0 tclass=file permissive=0
Aug 06 17:48:09 tactiq-rock5a audit[740]: AVC avc:  denied  { relabelfrom } for  pid=740 comm="semodule" name="cil" dev="mmcblk1p2" ino=10047 scontext=unconfined_u:unconfined_r:semanage_t:s0-s0:c0.c1023 tcontext=unconfined_u:object_r:semanage_store_t:s0 tclass=file permissive=0
Aug 06 17:48:09 tactiq-rock5a audit[740]: AVC avc:  denied  { relabelfrom } for  pid=740 comm="semodule" name="hll" dev="mmcblk1p2" ino=10048 scontext=unconfined_u:unconfined_r:semanage_t:s0-s0:c0.c1023 tcontext=unconfined_u:object_r:semanage_store_t:s0 tclass=file permissive=0
Aug 06 17:48:09 tactiq-rock5a audit[740]: AVC avc:  denied  { relabelfrom } for  pid=740 comm="semodule" name="hwloc" dev="mmcblk1p2" ino=10045 scontext=unconfined_u:unconfined_r:semanage_t:s0-s0:c0.c1023 tcontext=unconfined_u:object_r:semanage_store_t:s0 tclass=dir permissive=0
Aug 06 17:48:09 tactiq-rock5a audit[740]: AVC avc:  denied  { relabelfrom } for  pid=740 comm="semodule" name="lang_ext" dev="mmcblk1p2" ino=10050 scontext=unconfined_u:unconfined_r:semanage_t:s0-s0:c0.c1023 tcontext=unconfined_u:object_r:semanage_store_t:s0 tclass=file permissive=0
Aug 06 17:48:09 tactiq-rock5a audit[740]: AVC avc:  denied  { relabelfrom } for  pid=740 comm="semodule" name="cil" dev="mmcblk1p2" ino=10051 scontext=unconfined_u:unconfined_r:semanage_t:s0-s0:c0.c1023 tcontext=unconfined_u:object_r:semanage_store_t:s0 tclass=file permissive=0
Aug 06 17:48:09 tactiq-rock5a audit[740]: AVC avc:  denied  { relabelfrom } for  pid=740 comm="semodule" name="hll" dev="mmcblk1p2" ino=10052 scontext=unconfined_u:unconfined_r:semanage_t:s0-s0:c0.c1023 tcontext=unconfined_u:object_r:semanage_store_t:s0 tclass=file permissive=0
Aug 06 17:48:09 tactiq-rock5a audit[740]: AVC avc:  denied  { relabelfrom } for  pid=740 comm="semodule" name="rwho" dev="mmcblk1p2" ino=10049 scontext=unconfined_u:unconfined_r:semanage_t:s0-s0:c0.c1023 tcontext=unconfined_u:object_r:semanage_store_t:s0 tclass=dir permissive=0
Aug 06 17:48:09 tactiq-rock5a audit[740]: AVC avc:  denied  { relabelfrom } for  pid=740 comm="semodule" name="lang_ext" dev="mmcblk1p2" ino=10054 scontext=unconfined_u:unconfined_r:semanage_t:s0-s0:c0.c1023 tcontext=unconfined_u:object_r:semanage_store_t:s0 tclass=file permissive=0
Aug 06 17:48:09 tactiq-rock5a audit[740]: AVC avc:  denied  { relabelfrom } for  pid=740 comm="semodule" name="cil" dev="mmcblk1p2" ino=10055 scontext=unconfined_u:unconfined_r:semanage_t:s0-s0:c0.c1023 tcontext=unconfined_u:object_r:semanage_store_t:s0 tclass=file permissive=0
Aug 06 17:48:09 tactiq-rock5a audit[740]: AVC avc:  denied  { relabelfrom } for  pid=740 comm="semodule" name="hll" dev="mmcblk1p2" ino=10056 scontext=unconfined_u:unconfined_r:semanage_t:s0-s0:c0.c1023 tcontext=unconfined_u:object_r:semanage_store_t:s0 tclass=file permissive=0
Aug 06 17:48:09 tactiq-rock5a audit[740]: AVC avc:  denied  { relabelfrom } for  pid=740 comm="semodule" name="fakehwclock" dev="mmcblk1p2" ino=10053 scontext=unconfined_u:unconfined_r:semanage_t:s0-s0:c0.c1023 tcontext=unconfined_u:object_r:semanage_store_t:s0 tclass=dir permissive=0
Aug 06 17:48:09 tactiq-rock5a audit[740]: AVC avc:  denied  { relabelfrom } for  pid=740 comm="semodule" name="lang_ext" dev="mmcblk1p2" ino=10058 scontext=unconfined_u:unconfined_r:semanage_t:s0-s0:c0.c1023 tcontext=unconfined_u:object_r:semanage_store_t:s0 tclass=file permissive=0
Aug 06 17:48:09 tactiq-rock5a audit[740]: AVC avc:  denied  { relabelfrom } for  pid=740 comm="semodule" name="cil" dev="mmcblk1p2" ino=10059 scontext=unconfined_u:unconfined_r:semanage_t:s0-s0:c0.c1023 tcontext=unconfined_u:object_r:semanage_store_t:s0 tclass=file permissive=0
Aug 06 17:48:09 tactiq-rock5a audit[740]: AVC avc:  denied  { relabelfrom } for  pid=740 comm="semodule" name="hll" dev="mmcblk1p2" ino=10060 scontext=unconfined_u:unconfined_r:semanage_t:s0-s0:c0.c1023 tcontext=unconfined_u:object_r:semanage_store_t:s0 tclass=file permissive=0
Aug 06 17:48:09 tactiq-rock5a audit[740]: AVC avc:  denied  { relabelfrom } for  pid=740 comm="semodule" name="container" dev="mmcblk1p2" ino=10057 scontext=unconfined_u:unconfined_r:semanage_t:s0-s0:c0.c1023 tcontext=unconfined_u:object_r:semanage_store_t:s0 tclass=dir permissive=0
Aug 06 17:48:09 tactiq-rock5a audit[740]: AVC avc:  denied  { relabelfrom } for  pid=740 comm="semodule" name="lang_ext" dev="mmcblk1p2" ino=10062 scontext=unconfined_u:unconfined_r:semanage_t:s0-s0:c0.c1023 tcontext=unconfined_u:object_r:semanage_store_t:s0 tclass=file permissive=0
Aug 06 17:48:09 tactiq-rock5a audit[740]: AVC avc:  denied  { relabelfrom } for  pid=740 comm="semodule" name="cil" dev="mmcblk1p2" ino=10063 scontext=unconfined_u:unconfined_r:semanage_t:s0-s0:c0.c1023 tcontext=unconfined_u:object_r:semanage_store_t:s0 tclass=file permissive=0
Aug 06 17:48:09 tactiq-rock5a audit[740]: AVC avc:  denied  { relabelfrom } for  pid=740 comm="semodule" name="hll" dev="mmcblk1p2" ino=10064 scontext=unconfined_u:unconfined_r:semanage_t:s0-s0:c0.c1023 tcontext=unconfined_u:object_r:semanage_store_t:s0 tclass=file permissive=0
Aug 06 17:48:09 tactiq-rock5a audit[740]: AVC avc:  denied  { relabelfrom } for  pid=740 comm="semodule" name="webalizer" dev="mmcblk1p2" ino=10061 scontext=unconfined_u:unconfined_r:semanage_t:s0-s0:c0.c1023 tcontext=unconfined_u:object_r:semanage_store_t:s0 tclass=dir permissive=0
Aug 06 17:48:09 tactiq-rock5a audit[740]: AVC avc:  denied  { relabelfrom } for  pid=740 comm="semodule" name="lang_ext" dev="mmcblk1p2" ino=10066 scontext=unconfined_u:unconfined_r:semanage_t:s0-s0:c0.c1023 tcontext=unconfined_u:object_r:semanage_store_t:s0 tclass=file permissive=0
Aug 06 17:48:09 tactiq-rock5a audit[740]: AVC avc:  denied  { relabelfrom } for  pid=740 comm="semodule" name="cil" dev="mmcblk1p2" ino=10067 scontext=unconfined_u:unconfined_r:semanage_t:s0-s0:c0.c1023 tcontext=unconfined_u:object_r:semanage_store_t:s0 tclass=file permissive=0
Aug 06 17:48:09 tactiq-rock5a audit[740]: AVC avc:  denied  { relabelfrom } for  pid=740 comm="semodule" name="hll" dev="mmcblk1p2" ino=10068 scontext=unconfined_u:unconfined_r:semanage_t:s0-s0:c0.c1023 tcontext=unconfined_u:object_r:semanage_store_t:s0 tclass=file permissive=0
Aug 06 17:48:09 tactiq-rock5a audit[740]: AVC avc:  denied  { relabelfrom } for  pid=740 comm="semodule" name="kanidm" dev="mmcblk1p2" ino=10065 scontext=unconfined_u:unconfined_r:semanage_t:s0-s0:c0.c1023 tcontext=unconfined_u:object_r:semanage_store_t:s0 tclass=dir permissive=0
Aug 06 17:48:09 tactiq-rock5a audit[740]: AVC avc:  denied  { relabelfrom } for  pid=740 comm="semodule" name="lang_ext" dev="mmcblk1p2" ino=10070 scontext=unconfined_u:unconfined_r:semanage_t:s0-s0:c0.c1023 tcontext=unconfined_u:object_r:semanage_store_t:s0 tclass=file permissive=0
Aug 06 17:48:09 tactiq-rock5a audit[740]: AVC avc:  denied  { relabelfrom } for  pid=740 comm="semodule" name="cil" dev="mmcblk1p2" ino=10071 scontext=unconfined_u:unconfined_r:semanage_t:s0-s0:c0.c1023 tcontext=unconfined_u:object_r:semanage_store_t:s0 tclass=file permissive=0
Aug 06 17:48:09 tactiq-rock5a audit[740]: AVC avc:  denied  { relabelfrom } for  pid=740 comm="semodule" name="hll" dev="mmcblk1p2" ino=10072 scontext=unconfined_u:unconfined_r:semanage_t:s0-s0:c0.c1023 tcontext=unconfined_u:object_r:semanage_store_t:s0 tclass=file permissive=0
Aug 06 17:48:09 tactiq-rock5a audit[740]: AVC avc:  denied  { relabelfrom } for  pid=740 comm="semodule" name="publicfile" dev="mmcblk1p2" ino=10069 scontext=unconfined_u:unconfined_r:semanage_t:s0-s0:c0.c1023 tcontext=unconfined_u:object_r:semanage_store_t:s0 tclass=dir permissive=0
Aug 06 17:48:09 tactiq-rock5a audit[740]: AVC avc:  denied  { relabelfrom } for  pid=740 comm="semodule" name="lang_ext" dev="mmcblk1p2" ino=10074 scontext=unconfined_u:unconfined_r:semanage_t:s0-s0:c0.c1023 tcontext=unconfined_u:object_r:semanage_store_t:s0 tclass=file permissive=0
Aug 06 17:48:09 tactiq-rock5a audit[740]: AVC avc:  denied  { relabelfrom } for  pid=740 comm="semodule" name="cil" dev="mmcblk1p2" ino=10075 scontext=unconfined_u:unconfined_r:semanage_t:s0-s0:c0.c1023 tcontext=unconfined_u:object_r:semanage_store_t:s0 tclass=file permissive=0
Aug 06 17:48:09 tactiq-rock5a audit[740]: AVC avc:  denied  { relabelfrom } for  pid=740 comm="semodule" name="hll" dev="mmcblk1p2" ino=10076 scontext=unconfined_u:unconfined_r:semanage_t:s0-s0:c0.c1023 tcontext=unconfined_u:object_r:semanage_store_t:s0 tclass=file permissive=0
Aug 06 17:48:09 tactiq-rock5a audit[740]: AVC avc:  denied  { relabelfrom } for  pid=740 comm="semodule" name="couchdb" dev="mmcblk1p2" ino=10073 scontext=unconfined_u:unconfined_r:semanage_t:s0-s0:c0.c1023 tcontext=unconfined_u:object_r:semanage_store_t:s0 tclass=dir permissive=0
Aug 06 17:48:09 tactiq-rock5a audit[740]: AVC avc:  denied  { relabelfrom } for  pid=740 comm="semodule" name="lang_ext" dev="mmcblk1p2" ino=10078 scontext=unconfined_u:unconfined_r:semanage_t:s0-s0:c0.c1023 tcontext=unconfined_u:object_r:semanage_store_t:s0 tclass=file permissive=0
Aug 06 17:48:09 tactiq-rock5a audit[740]: AVC avc:  denied  { relabelfrom } for  pid=740 comm="semodule" name="cil" dev="mmcblk1p2" ino=10079 scontext=unconfined_u:unconfined_r:semanage_t:s0-s0:c0.c1023 tcontext=unconfined_u:object_r:semanage_store_t:s0 tclass=file permissive=0
Aug 06 17:48:09 tactiq-rock5a audit[740]: AVC avc:  denied  { relabelfrom } for  pid=740 comm="semodule" name="hll" dev="mmcblk1p2" ino=10080 scontext=unconfined_u:unconfined_r:semanage_t:s0-s0:c0.c1023 tcontext=unconfined_u:object_r:semanage_store_t:s0 tclass=file permissive=0
Aug 06 17:48:09 tactiq-rock5a audit[740]: AVC avc:  denied  { relabelfrom } for  pid=740 comm="semodule" name="fapolicyd" dev="mmcblk1p2" ino=10077 scontext=unconfined_u:unconfined_r:semanage_t:s0-s0:c0.c1023 tcontext=unconfined_u:object_r:semanage_store_t:s0 tclass=dir permissive=0
Aug 06 17:48:09 tactiq-rock5a audit[740]: AVC avc:  denied  { relabelfrom } for  pid=740 comm="semodule" name="lang_ext" dev="mmcblk1p2" ino=10082 scontext=unconfined_u:unconfined_r:semanage_t:s0-s0:c0.c1023 tcontext=unconfined_u:object_r:semanage_store_t:s0 tclass=file permissive=0
Aug 06 17:48:09 tactiq-rock5a audit[740]: AVC avc:  denied  { relabelfrom } for  pid=740 comm="semodule" name="cil" dev="mmcblk1p2" ino=10083 scontext=unconfined_u:unconfined_r:semanage_t:s0-s0:c0.c1023 tcontext=unconfined_u:object_r:semanage_store_t:s0 tclass=file permissive=0
Aug 06 17:48:09 tactiq-rock5a audit[740]: AVC avc:  denied  { relabelfrom } for  pid=740 comm="semodule" name="hll" dev="mmcblk1p2" ino=10084 scontext=unconfined_u:unconfined_r:semanage_t:s0-s0:c0.c1023 tcontext=unconfined_u:object_r:semanage_store_t:s0 tclass=file permissive=0
Aug 06 17:48:09 tactiq-rock5a audit[740]: AVC avc:  denied  { relabelfrom } for  pid=740 comm="semodule" name="dmidecode" dev="mmcblk1p2" ino=10081 scontext=unconfined_u:unconfined_r:semanage_t:s0-s0:c0.c1023 tcontext=unconfined_u:object_r:semanage_store_t:s0 tclass=dir permissive=0
Aug 06 17:48:09 tactiq-rock5a audit[740]: AVC avc:  denied  { relabelfrom } for  pid=740 comm="semodule" name="lang_ext" dev="mmcblk1p2" ino=10086 scontext=unconfined_u:unconfined_r:semanage_t:s0-s0:c0.c1023 tcontext=unconfined_u:object_r:semanage_store_t:s0 tclass=file permissive=0
Aug 06 17:48:09 tactiq-rock5a audit[740]: AVC avc:  denied  { relabelfrom } for  pid=740 comm="semodule" name="cil" dev="mmcblk1p2" ino=10087 scontext=unconfined_u:unconfined_r:semanage_t:s0-s0:c0.c1023 tcontext=unconfined_u:object_r:semanage_store_t:s0 tclass=file permissive=0
Aug 06 17:48:09 tactiq-rock5a audit[740]: AVC avc:  denied  { relabelfrom } for  pid=740 comm="semodule" name="hll" dev="mmcblk1p2" ino=10088 scontext=unconfined_u:unconfined_r:semanage_t:s0-s0:c0.c1023 tcontext=unconfined_u:object_r:semanage_store_t:s0 tclass=file permissive=0
Aug 06 17:48:09 tactiq-rock5a audit[740]: AVC avc:  denied  { relabelfrom } for  pid=740 comm="semodule" name="uwimap" dev="mmcblk1p2" ino=10085 scontext=unconfined_u:unconfined_r:semanage_t:s0-s0:c0.c1023 tcontext=unconfined_u:object_r:semanage_store_t:s0 tclass=dir permissive=0
Aug 06 17:48:09 tactiq-rock5a audit[740]: AVC avc:  denied  { relabelfrom } for  pid=740 comm="semodule" name="lang_ext" dev="mmcblk1p2" ino=10090 scontext=unconfined_u:unconfined_r:semanage_t:s0-s0:c0.c1023 tcontext=unconfined_u:object_r:semanage_store_t:s0 tclass=file permissive=0
Aug 06 17:48:09 tactiq-rock5a audit[740]: AVC avc:  denied  { relabelfrom } for  pid=740 comm="semodule" name="cil" dev="mmcblk1p2" ino=10091 scontext=unconfined_u:unconfined_r:semanage_t:s0-s0:c0.c1023 tcontext=unconfined_u:object_r:semanage_store_t:s0 tclass=file permissive=0
Aug 06 17:48:09 tactiq-rock5a audit[740]: AVC avc:  denied  { relabelfrom } for  pid=740 comm="semodule" name="hll" dev="mmcblk1p2" ino=10092 scontext=unconfined_u:unconfined_r:semanage_t:s0-s0:c0.c1023 tcontext=unconfined_u:object_r:semanage_store_t:s0 tclass=file permissive=0
Aug 06 17:48:09 tactiq-rock5a audit[740]: AVC avc:  denied  { relabelfrom } for  pid=740 comm="semodule" name="privoxy" dev="mmcblk1p2" ino=10089 scontext=unconfined_u:unconfined_r:semanage_t:s0-s0:c0.c1023 tcontext=unconfined_u:object_r:semanage_store_t:s0 tclass=dir permissive=0
Aug 06 17:48:09 tactiq-rock5a audit[740]: AVC avc:  denied  { relabelfrom } for  pid=740 comm="semodule" name="lang_ext" dev="mmcblk1p2" ino=10094 scontext=unconfined_u:unconfined_r:semanage_t:s0-s0:c0.c1023 tcontext=unconfined_u:object_r:semanage_store_t:s0 tclass=file permissive=0
Aug 06 17:48:09 tactiq-rock5a audit[740]: AVC avc:  denied  { relabelfrom } for  pid=740 comm="semodule" name="cil" dev="mmcblk1p2" ino=10095 scontext=unconfined_u:unconfined_r:semanage_t:s0-s0:c0.c1023 tcontext=unconfined_u:object_r:semanage_store_t:s0 tclass=file permissive=0
Aug 06 17:48:09 tactiq-rock5a audit[740]: AVC avc:  denied  { relabelfrom } for  pid=740 comm="semodule" name="hll" dev="mmcblk1p2" ino=10096 scontext=unconfined_u:unconfined_r:semanage_t:s0-s0:c0.c1023 tcontext=unconfined_u:object_r:semanage_store_t:s0 tclass=file permissive=0
Aug 06 17:48:09 tactiq-rock5a audit[740]: AVC avc:  denied  { relabelfrom } for  pid=740 comm="semodule" name="clock" dev="mmcblk1p2" ino=10093 scontext=unconfined_u:unconfined_r:semanage_t:s0-s0:c0.c1023 tcontext=unconfined_u:object_r:semanage_store_t:s0 tclass=dir permissive=0
Aug 06 17:48:09 tactiq-rock5a audit[740]: AVC avc:  denied  { relabelfrom } for  pid=740 comm="semodule" name="lang_ext" dev="mmcblk1p2" ino=10098 scontext=unconfined_u:unconfined_r:semanage_t:s0-s0:c0.c1023 tcontext=unconfined_u:object_r:semanage_store_t:s0 tclass=file permissive=0
Aug 06 17:48:09 tactiq-rock5a audit[740]: AVC avc:  denied  { relabelfrom } for  pid=740 comm="semodule" name="cil" dev="mmcblk1p2" ino=10099 scontext=unconfined_u:unconfined_r:semanage_t:s0-s0:c0.c1023 tcontext=unconfined_u:object_r:semanage_store_t:s0 tclass=file permissive=0
Aug 06 17:48:09 tactiq-rock5a audit[740]: AVC avc:  denied  { relabelfrom } for  pid=740 comm="semodule" name="hll" dev="mmcblk1p2" ino=10100 scontext=unconfined_u:unconfined_r:semanage_t:s0-s0:c0.c1023 tcontext=unconfined_u:object_r:semanage_store_t:s0 tclass=file permissive=0
Aug 06 17:48:09 tactiq-rock5a audit[740]: AVC avc:  denied  { relabelfrom } for  pid=740 comm="semodule" name="virt" dev="mmcblk1p2" ino=10097 scontext=unconfined_u:unconfined_r:semanage_t:s0-s0:c0.c1023 tcontext=unconfined_u:object_r:semanage_store_t:s0 tclass=dir permissive=0
Aug 06 17:48:09 tactiq-rock5a audit[740]: AVC avc:  denied  { relabelfrom } for  pid=740 comm="semodule" name="lang_ext" dev="mmcblk1p2" ino=10102 scontext=unconfined_u:unconfined_r:semanage_t:s0-s0:c0.c1023 tcontext=unconfined_u:object_r:semanage_store_t:s0 tclass=file permissive=0
Aug 06 17:48:09 tactiq-rock5a audit[740]: AVC avc:  denied  { relabelfrom } for  pid=740 comm="semodule" name="cil" dev="mmcblk1p2" ino=10103 scontext=unconfined_u:unconfined_r:semanage_t:s0-s0:c0.c1023 tcontext=unconfined_u:object_r:semanage_store_t:s0 tclass=file permissive=0
Aug 06 17:48:09 tactiq-rock5a audit[740]: AVC avc:  denied  { relabelfrom } for  pid=740 comm="semodule" name="hll" dev="mmcblk1p2" ino=10104 scontext=unconfined_u:unconfined_r:semanage_t:s0-s0:c0.c1023 tcontext=unconfined_u:object_r:semanage_store_t:s0 tclass=file permissive=0
Aug 06 17:48:09 tactiq-rock5a audit[740]: AVC avc:  denied  { relabelfrom } for  pid=740 comm="semodule" name="mono" dev="mmcblk1p2" ino=10101 scontext=unconfined_u:unconfined_r:semanage_t:s0-s0:c0.c1023 tcontext=unconfined_u:object_r:semanage_store_t:s0 tclass=dir permissive=0
Aug 06 17:48:09 tactiq-rock5a audit[740]: AVC avc:  denied  { relabelfrom } for  pid=740 comm="semodule" name="lang_ext" dev="mmcblk1p2" ino=10106 scontext=unconfined_u:unconfined_r:semanage_t:s0-s0:c0.c1023 tcontext=unconfined_u:object_r:semanage_store_t:s0 tclass=file permissive=0
Aug 06 17:48:09 tactiq-rock5a audit[740]: AVC avc:  denied  { relabelfrom } for  pid=740 comm="semodule" name="cil" dev="mmcblk1p2" ino=10107 scontext=unconfined_u:unconfined_r:semanage_t:s0-s0:c0.c1023 tcontext=unconfined_u:object_r:semanage_store_t:s0 tclass=file permissive=0
Aug 06 17:48:09 tactiq-rock5a audit[740]: AVC avc:  denied  { relabelfrom } for  pid=740 comm="semodule" name="hll" dev="mmcblk1p2" ino=10108 scontext=unconfined_u:unconfined_r:semanage_t:s0-s0:c0.c1023 tcontext=unconfined_u:object_r:semanage_store_t:s0 tclass=file permissive=0
Aug 06 17:48:09 tactiq-rock5a audit[740]: AVC avc:  denied  { relabelfrom } for  pid=740 comm="semodule" name="mcelog" dev="mmcblk1p2" ino=10105 scontext=unconfined_u:unconfined_r:semanage_t:s0-s0:c0.c1023 tcontext=unconfined_u:object_r:semanage_store_t:s0 tclass=dir permissive=0
Aug 06 17:48:09 tactiq-rock5a audit[740]: AVC avc:  denied  { relabelfrom } for  pid=740 comm="semodule" name="lang_ext" dev="mmcblk1p2" ino=10110 scontext=unconfined_u:unconfined_r:semanage_t:s0-s0:c0.c1023 tcontext=unconfined_u:object_r:semanage_store_t:s0 tclass=file permissive=0
Aug 06 17:48:09 tactiq-rock5a audit[740]: AVC avc:  denied  { relabelfrom } for  pid=740 comm="semodule" name="cil" dev="mmcblk1p2" ino=10111 scontext=unconfined_u:unconfined_r:semanage_t:s0-s0:c0.c1023 tcontext=unconfined_u:object_r:semanage_store_t:s0 tclass=file permissive=0
Aug 06 17:48:09 tactiq-rock5a audit[740]: AVC avc:  denied  { relabelfrom } for  pid=740 comm="semodule" name="hll" dev="mmcblk1p2" ino=10112 scontext=unconfined_u:unconfined_r:semanage_t:s0-s0:c0.c1023 tcontext=unconfined_u:object_r:semanage_store_t:s0 tclass=file permissive=0
Aug 06 17:48:09 tactiq-rock5a audit[740]: AVC avc:  denied  { relabelfrom } for  pid=740 comm="semodule" name="bugzilla" dev="mmcblk1p2" ino=10109 scontext=unconfined_u:unconfined_r:semanage_t:s0-s0:c0.c1023 tcontext=unconfined_u:object_r:semanage_store_t:s0 tclass=dir permissive=0
Aug 06 17:48:09 tactiq-rock5a audit[740]: AVC avc:  denied  { relabelfrom } for  pid=740 comm="semodule" name="lang_ext" dev="mmcblk1p2" ino=10114 scontext=unconfined_u:unconfined_r:semanage_t:s0-s0:c0.c1023 tcontext=unconfined_u:object_r:semanage_store_t:s0 tclass=file permissive=0
Aug 06 17:48:09 tactiq-rock5a audit[740]: AVC avc:  denied  { relabelfrom } for  pid=740 comm="semodule" name="cil" dev="mmcblk1p2" ino=10115 scontext=unconfined_u:unconfined_r:semanage_t:s0-s0:c0.c1023 tcontext=unconfined_u:object_r:semanage_store_t:s0 tclass=file permissive=0
Aug 06 17:48:09 tactiq-rock5a audit[740]: AVC avc:  denied  { relabelfrom } for  pid=740 comm="semodule" name="hll" dev="mmcblk1p2" ino=10116 scontext=unconfined_u:unconfined_r:semanage_t:s0-s0:c0.c1023 tcontext=unconfined_u:object_r:semanage_store_t:s0 tclass=file permissive=0
Aug 06 17:48:09 tactiq-rock5a audit[740]: AVC avc:  denied  { relabelfrom } for  pid=740 comm="semodule" name="plymouthd" dev="mmcblk1p2" ino=10113 scontext=unconfined_u:unconfined_r:semanage_t:s0-s0:c0.c1023 tcontext=unconfined_u:object_r:semanage_store_t:s0 tclass=dir permissive=0
Aug 06 17:48:09 tactiq-rock5a audit[740]: AVC avc:  denied  { relabelfrom } for  pid=740 comm="semodule" name="lang_ext" dev="mmcblk1p2" ino=10118 scontext=unconfined_u:unconfined_r:semanage_t:s0-s0:c0.c1023 tcontext=unconfined_u:object_r:semanage_store_t:s0 tclass=file permissive=0
Aug 06 17:48:09 tactiq-rock5a audit[740]: AVC avc:  denied  { relabelfrom } for  pid=740 comm="semodule" name="cil" dev="mmcblk1p2" ino=10119 scontext=unconfined_u:unconfined_r:semanage_t:s0-s0:c0.c1023 tcontext=unconfined_u:object_r:semanage_store_t:s0 tclass=file permissive=0
Aug 06 17:48:09 tactiq-rock5a audit[740]: AVC avc:  denied  { relabelfrom } for  pid=740 comm="semodule" name="hll" dev="mmcblk1p2" ino=10120 scontext=unconfined_u:unconfined_r:semanage_t:s0-s0:c0.c1023 tcontext=unconfined_u:object_r:semanage_store_t:s0 tclass=file permissive=0
Aug 06 17:48:09 tactiq-rock5a audit[740]: AVC avc:  denied  { relabelfrom } for  pid=740 comm="semodule" name="gpm" dev="mmcblk1p2" ino=10117 scontext=unconfined_u:unconfined_r:semanage_t:s0-s0:c0.c1023 tcontext=unconfined_u:object_r:semanage_store_t:s0 tclass=dir permissive=0
Aug 06 17:48:09 tactiq-rock5a audit[740]: AVC avc:  denied  { relabelfrom } for  pid=740 comm="semodule" name="lang_ext" dev="mmcblk1p2" ino=10122 scontext=unconfined_u:unconfined_r:semanage_t:s0-s0:c0.c1023 tcontext=unconfined_u:object_r:semanage_store_t:s0 tclass=file permissive=0
Aug 06 17:48:09 tactiq-rock5a audit[740]: AVC avc:  denied  { relabelfrom } for  pid=740 comm="semodule" name="cil" dev="mmcblk1p2" ino=10123 scontext=unconfined_u:unconfined_r:semanage_t:s0-s0:c0.c1023 tcontext=unconfined_u:object_r:semanage_store_t:s0 tclass=file permissive=0
Aug 06 17:48:09 tactiq-rock5a audit[740]: AVC avc:  denied  { relabelfrom } for  pid=740 comm="semodule" name="hll" dev="mmcblk1p2" ino=10124 scontext=unconfined_u:unconfined_r:semanage_t:s0-s0:c0.c1023 tcontext=unconfined_u:object_r:semanage_store_t:s0 tclass=file permissive=0
Aug 06 17:48:09 tactiq-rock5a audit[740]: AVC avc:  denied  { relabelfrom } for  pid=740 comm="semodule" name="incus" dev="mmcblk1p2" ino=10121 scontext=unconfined_u:unconfined_r:semanage_t:s0-s0:c0.c1023 tcontext=unconfined_u:object_r:semanage_store_t:s0 tclass=dir permissive=0
Aug 06 17:48:09 tactiq-rock5a audit[740]: AVC avc:  denied  { relabelfrom } for  pid=740 comm="semodule" name="lang_ext" dev="mmcblk1p2" ino=10126 scontext=unconfined_u:unconfined_r:semanage_t:s0-s0:c0.c1023 tcontext=unconfined_u:object_r:semanage_store_t:s0 tclass=file permissive=0
Aug 06 17:48:09 tactiq-rock5a audit[740]: AVC avc:  denied  { relabelfrom } for  pid=740 comm="semodule" name="cil" dev="mmcblk1p2" ino=10127 scontext=unconfined_u:unconfined_r:semanage_t:s0-s0:c0.c1023 tcontext=unconfined_u:object_r:semanage_store_t:s0 tclass=file permissive=0
Aug 06 17:48:09 tactiq-rock5a audit[740]: AVC avc:  denied  { relabelfrom } for  pid=740 comm="semodule" name="hll" dev="mmcblk1p2" ino=10128 scontext=unconfined_u:unconfined_r:semanage_t:s0-s0:c0.c1023 tcontext=unconfined_u:object_r:semanage_store_t:s0 tclass=file permissive=0
Aug 06 17:48:09 tactiq-rock5a audit[740]: AVC avc:  denied  { relabelfrom } for  pid=740 comm="semodule" name="webadm" dev="mmcblk1p2" ino=10125 scontext=unconfined_u:unconfined_r:semanage_t:s0-s0:c0.c1023 tcontext=unconfined_u:object_r:semanage_store_t:s0 tclass=dir permissive=0
Aug 06 17:48:09 tactiq-rock5a audit[740]: AVC avc:  denied  { relabelfrom } for  pid=740 comm="semodule" name="lang_ext" dev="mmcblk1p2" ino=10130 scontext=unconfined_u:unconfined_r:semanage_t:s0-s0:c0.c1023 tcontext=unconfined_u:object_r:semanage_store_t:s0 tclass=file permissive=0
Aug 06 17:48:09 tactiq-rock5a audit[740]: AVC avc:  denied  { relabelfrom } for  pid=740 comm="semodule" name="cil" dev="mmcblk1p2" ino=10131 scontext=unconfined_u:unconfined_r:semanage_t:s0-s0:c0.c1023 tcontext=unconfined_u:object_r:semanage_store_t:s0 tclass=file permissive=0
Aug 06 17:48:09 tactiq-rock5a audit[740]: AVC avc:  denied  { relabelfrom } for  pid=740 comm="semodule" name="hll" dev="mmcblk1p2" ino=10132 scontext=unconfined_u:unconfined_r:semanage_t:s0-s0:c0.c1023 tcontext=unconfined_u:object_r:semanage_store_t:s0 tclass=file permissive=0
Aug 06 17:48:09 tactiq-rock5a audit[740]: AVC avc:  denied  { relabelfrom } for  pid=740 comm="semodule" name="xserver" dev="mmcblk1p2" ino=10129 scontext=unconfined_u:unconfined_r:semanage_t:s0-s0:c0.c1023 tcontext=unconfined_u:object_r:semanage_store_t:s0 tclass=dir permissive=0
Aug 06 17:48:09 tactiq-rock5a audit[740]: AVC avc:  denied  { relabelfrom } for  pid=740 comm="semodule" name="lang_ext" dev="mmcblk1p2" ino=10134 scontext=unconfined_u:unconfined_r:semanage_t:s0-s0:c0.c1023 tcontext=unconfined_u:object_r:semanage_store_t:s0 tclass=file permissive=0
Aug 06 17:48:09 tactiq-rock5a audit[740]: AVC avc:  denied  { relabelfrom } for  pid=740 comm="semodule" name="cil" dev="mmcblk1p2" ino=10135 scontext=unconfined_u:unconfined_r:semanage_t:s0-s0:c0.c1023 tcontext=unconfined_u:object_r:semanage_store_t:s0 tclass=file permissive=0
Aug 06 17:48:09 tactiq-rock5a audit[740]: AVC avc:  denied  { relabelfrom } for  pid=740 comm="semodule" name="hll" dev="mmcblk1p2" ino=10136 scontext=unconfined_u:unconfined_r:semanage_t:s0-s0:c0.c1023 tcontext=unconfined_u:object_r:semanage_store_t:s0 tclass=file permissive=0
Aug 06 17:48:09 tactiq-rock5a audit[740]: AVC avc:  denied  { relabelfrom } for  pid=740 comm="semodule" name="distcc" dev="mmcblk1p2" ino=10133 scontext=unconfined_u:unconfined_r:semanage_t:s0-s0:c0.c1023 tcontext=unconfined_u:object_r:semanage_store_t:s0 tclass=dir permissive=0
Aug 06 17:48:09 tactiq-rock5a audit[740]: AVC avc:  denied  { relabelfrom } for  pid=740 comm="semodule" name="lang_ext" dev="mmcblk1p2" ino=10138 scontext=unconfined_u:unconfined_r:semanage_t:s0-s0:c0.c1023 tcontext=unconfined_u:object_r:semanage_store_t:s0 tclass=file permissive=0
Aug 06 17:48:09 tactiq-rock5a audit[740]: AVC avc:  denied  { relabelfrom } for  pid=740 comm="semodule" name="cil" dev="mmcblk1p2" ino=10139 scontext=unconfined_u:unconfined_r:semanage_t:s0-s0:c0.c1023 tcontext=unconfined_u:object_r:semanage_store_t:s0 tclass=file permissive=0
Aug 06 17:48:09 tactiq-rock5a audit[740]: AVC avc:  denied  { relabelfrom } for  pid=740 comm="semodule" name="hll" dev="mmcblk1p2" ino=10140 scontext=unconfined_u:unconfined_r:semanage_t:s0-s0:c0.c1023 tcontext=unconfined_u:object_r:semanage_store_t:s0 tclass=file permissive=0
Aug 06 17:48:09 tactiq-rock5a audit[740]: AVC avc:  denied  { relabelfrom } for  pid=740 comm="semodule" name="zebra" dev="mmcblk1p2" ino=10137 scontext=unconfined_u:unconfined_r:semanage_t:s0-s0:c0.c1023 tcontext=unconfined_u:object_r:semanage_store_t:s0 tclass=dir permissive=0
Aug 06 17:48:09 tactiq-rock5a audit[740]: AVC avc:  denied  { relabelfrom } for  pid=740 comm="semodule" name="lang_ext" dev="mmcblk1p2" ino=10142 scontext=unconfined_u:unconfined_r:semanage_t:s0-s0:c0.c1023 tcontext=unconfined_u:object_r:semanage_store_t:s0 tclass=file permissive=0
Aug 06 17:48:09 tactiq-rock5a audit[740]: AVC avc:  denied  { relabelfrom } for  pid=740 comm="semodule" name="cil" dev="mmcblk1p2" ino=10143 scontext=unconfined_u:unconfined_r:semanage_t:s0-s0:c0.c1023 tcontext=unconfined_u:object_r:semanage_store_t:s0 tclass=file permissive=0
Aug 06 17:48:09 tactiq-rock5a audit[740]: AVC avc:  denied  { relabelfrom } for  pid=740 comm="semodule" name="hll" dev="mmcblk1p2" ino=10144 scontext=unconfined_u:unconfined_r:semanage_t:s0-s0:c0.c1023 tcontext=unconfined_u:object_r:semanage_store_t:s0 tclass=file permissive=0
Aug 06 17:48:09 tactiq-rock5a audit[740]: AVC avc:  denied  { relabelfrom } for  pid=740 comm="semodule" name="keystone" dev="mmcblk1p2" ino=10141 scontext=unconfined_u:unconfined_r:semanage_t:s0-s0:c0.c1023 tcontext=unconfined_u:object_r:semanage_store_t:s0 tclass=dir permissive=0
Aug 06 17:48:09 tactiq-rock5a audit[740]: AVC avc:  denied  { relabelfrom } for  pid=740 comm="semodule" name="lang_ext" dev="mmcblk1p2" ino=10146 scontext=unconfined_u:unconfined_r:semanage_t:s0-s0:c0.c1023 tcontext=unconfined_u:object_r:semanage_store_t:s0 tclass=file permissive=0
Aug 06 17:48:09 tactiq-rock5a audit[740]: AVC avc:  denied  { relabelfrom } for  pid=740 comm="semodule" name="cil" dev="mmcblk1p2" ino=10147 scontext=unconfined_u:unconfined_r:semanage_t:s0-s0:c0.c1023 tcontext=unconfined_u:object_r:semanage_store_t:s0 tclass=file permissive=0
Aug 06 17:48:09 tactiq-rock5a audit[740]: AVC avc:  denied  { relabelfrom } for  pid=740 comm="semodule" name="hll" dev="mmcblk1p2" ino=10148 scontext=unconfined_u:unconfined_r:semanage_t:s0-s0:c0.c1023 tcontext=unconfined_u:object_r:semanage_store_t:s0 tclass=file permissive=0
Aug 06 17:48:09 tactiq-rock5a audit[740]: AVC avc:  denied  { relabelfrom } for  pid=740 comm="semodule" name="devicekit" dev="mmcblk1p2" ino=10145 scontext=unconfined_u:unconfined_r:semanage_t:s0-s0:c0.c1023 tcontext=unconfined_u:object_r:semanage_store_t:s0 tclass=dir permissive=0
Aug 06 17:48:09 tactiq-rock5a audit[740]: AVC avc:  denied  { relabelfrom } for  pid=740 comm="semodule" name="lang_ext" dev="mmcblk1p2" ino=10150 scontext=unconfined_u:unconfined_r:semanage_t:s0-s0:c0.c1023 tcontext=unconfined_u:object_r:semanage_store_t:s0 tclass=file permissive=0
Aug 06 17:48:09 tactiq-rock5a audit[740]: AVC avc:  denied  { relabelfrom } for  pid=740 comm="semodule" name="cil" dev="mmcblk1p2" ino=10151 scontext=unconfined_u:unconfined_r:semanage_t:s0-s0:c0.c1023 tcontext=unconfined_u:object_r:semanage_store_t:s0 tclass=file permissive=0
Aug 06 17:48:09 tactiq-rock5a audit[740]: AVC avc:  denied  { relabelfrom } for  pid=740 comm="semodule" name="hll" dev="mmcblk1p2" ino=10152 scontext=unconfined_u:unconfined_r:semanage_t:s0-s0:c0.c1023 tcontext=unconfined_u:object_r:semanage_store_t:s0 tclass=file permissive=0
Aug 06 17:48:09 tactiq-rock5a audit[740]: AVC avc:  denied  { relabelfrom } for  pid=740 comm="semodule" name="inetd" dev="mmcblk1p2" ino=10149 scontext=unconfined_u:unconfined_r:semanage_t:s0-s0:c0.c1023 tcontext=unconfined_u:object_r:semanage_store_t:s0 tclass=dir permissive=0
Aug 06 17:48:09 tactiq-rock5a audit[740]: AVC avc:  denied  { relabelfrom } for  pid=740 comm="semodule" name="lang_ext" dev="mmcblk1p2" ino=10154 scontext=unconfined_u:unconfined_r:semanage_t:s0-s0:c0.c1023 tcontext=unconfined_u:object_r:semanage_store_t:s0 tclass=file permissive=0
Aug 06 17:48:09 tactiq-rock5a audit[740]: AVC avc:  denied  { relabelfrom } for  pid=740 comm="semodule" name="cil" dev="mmcblk1p2" ino=10155 scontext=unconfined_u:unconfined_r:semanage_t:s0-s0:c0.c1023 tcontext=unconfined_u:object_r:semanage_store_t:s0 tclass=file permissive=0
Aug 06 17:48:09 tactiq-rock5a audit[740]: AVC avc:  denied  { relabelfrom } for  pid=740 comm="semodule" name="hll" dev="mmcblk1p2" ino=10156 scontext=unconfined_u:unconfined_r:semanage_t:s0-s0:c0.c1023 tcontext=unconfined_u:object_r:semanage_store_t:s0 tclass=file permissive=0
Aug 06 17:48:09 tactiq-rock5a audit[740]: AVC avc:  denied  { relabelfrom } for  pid=740 comm="semodule" name="cloudinit" dev="mmcblk1p2" ino=10153 scontext=unconfined_u:unconfined_r:semanage_t:s0-s0:c0.c1023 tcontext=unconfined_u:object_r:semanage_store_t:s0 tclass=dir permissive=0
Aug 06 17:48:09 tactiq-rock5a audit[740]: AVC avc:  denied  { relabelfrom } for  pid=740 comm="semodule" name="lang_ext" dev="mmcblk1p2" ino=10158 scontext=unconfined_u:unconfined_r:semanage_t:s0-s0:c0.c1023 tcontext=unconfined_u:object_r:semanage_store_t:s0 tclass=file permissive=0
Aug 06 17:48:09 tactiq-rock5a audit[740]: AVC avc:  denied  { relabelfrom } for  pid=740 comm="semodule" name="cil" dev="mmcblk1p2" ino=10159 scontext=unconfined_u:unconfined_r:semanage_t:s0-s0:c0.c1023 tcontext=unconfined_u:object_r:semanage_store_t:s0 tclass=file permissive=0
Aug 06 17:48:09 tactiq-rock5a audit[740]: AVC avc:  denied  { relabelfrom } for  pid=740 comm="semodule" name="hll" dev="mmcblk1p2" ino=10160 scontext=unconfined_u:unconfined_r:semanage_t:s0-s0:c0.c1023 tcontext=unconfined_u:object_r:semanage_store_t:s0 tclass=file permissive=0
Aug 06 17:48:09 tactiq-rock5a audit[740]: AVC avc:  denied  { relabelfrom } for  pid=740 comm="semodule" name="oddjob" dev="mmcblk1p2" ino=10157 scontext=unconfined_u:unconfined_r:semanage_t:s0-s0:c0.c1023 tcontext=unconfined_u:object_r:semanage_store_t:s0 tclass=dir permissive=0
Aug 06 17:48:09 tactiq-rock5a audit[740]: AVC avc:  denied  { relabelfrom } for  pid=740 comm="semodule" name="lang_ext" dev="mmcblk1p2" ino=10162 scontext=unconfined_u:unconfined_r:semanage_t:s0-s0:c0.c1023 tcontext=unconfined_u:object_r:semanage_store_t:s0 tclass=file permissive=0
Aug 06 17:48:09 tactiq-rock5a audit[740]: AVC avc:  denied  { relabelfrom } for  pid=740 comm="semodule" name="cil" dev="mmcblk1p2" ino=10163 scontext=unconfined_u:unconfined_r:semanage_t:s0-s0:c0.c1023 tcontext=unconfined_u:object_r:semanage_store_t:s0 tclass=file permissive=0
Aug 06 17:48:09 tactiq-rock5a audit[740]: AVC avc:  denied  { relabelfrom } for  pid=740 comm="semodule" name="hll" dev="mmcblk1p2" ino=10164 scontext=unconfined_u:unconfined_r:semanage_t:s0-s0:c0.c1023 tcontext=unconfined_u:object_r:semanage_store_t:s0 tclass=file permissive=0
Aug 06 17:48:09 tactiq-rock5a audit[740]: AVC avc:  denied  { relabelfrom } for  pid=740 comm="semodule" name="samhain" dev="mmcblk1p2" ino=10161 scontext=unconfined_u:unconfined_r:semanage_t:s0-s0:c0.c1023 tcontext=unconfined_u:object_r:semanage_store_t:s0 tclass=dir permissive=0
Aug 06 17:48:09 tactiq-rock5a audit[740]: AVC avc:  denied  { relabelfrom } for  pid=740 comm="semodule" name="lang_ext" dev="mmcblk1p2" ino=10166 scontext=unconfined_u:unconfined_r:semanage_t:s0-s0:c0.c1023 tcontext=unconfined_u:object_r:semanage_store_t:s0 tclass=file permissive=0
Aug 06 17:48:09 tactiq-rock5a audit[740]: AVC avc:  denied  { relabelfrom } for  pid=740 comm="semodule" name="cil" dev="mmcblk1p2" ino=10167 scontext=unconfined_u:unconfined_r:semanage_t:s0-s0:c0.c1023 tcontext=unconfined_u:object_r:semanage_store_t:s0 tclass=file permissive=0
Aug 06 17:48:09 tactiq-rock5a audit[740]: AVC avc:  denied  { relabelfrom } for  pid=740 comm="semodule" name="hll" dev="mmcblk1p2" ino=10168 scontext=unconfined_u:unconfined_r:semanage_t:s0-s0:c0.c1023 tcontext=unconfined_u:object_r:semanage_store_t:s0 tclass=file permissive=0
Aug 06 17:48:09 tactiq-rock5a audit[740]: AVC avc:  denied  { relabelfrom } for  pid=740 comm="semodule" name="crio" dev="mmcblk1p2" ino=10165 scontext=unconfined_u:unconfined_r:semanage_t:s0-s0:c0.c1023 tcontext=unconfined_u:object_r:semanage_store_t:s0 tclass=dir permissive=0
Aug 06 17:48:09 tactiq-rock5a audit[740]: AVC avc:  denied  { relabelfrom } for  pid=740 comm="semodule" name="lang_ext" dev="mmcblk1p2" ino=10170 scontext=unconfined_u:unconfined_r:semanage_t:s0-s0:c0.c1023 tcontext=unconfined_u:object_r:semanage_store_t:s0 tclass=file permissive=0
Aug 06 17:48:09 tactiq-rock5a audit[740]: AVC avc:  denied  { relabelfrom } for  pid=740 comm="semodule" name="cil" dev="mmcblk1p2" ino=10171 scontext=unconfined_u:unconfined_r:semanage_t:s0-s0:c0.c1023 tcontext=unconfined_u:object_r:semanage_store_t:s0 tclass=file permissive=0
Aug 06 17:48:09 tactiq-rock5a audit[740]: AVC avc:  denied  { relabelfrom } for  pid=740 comm="semodule" name="hll" dev="mmcblk1p2" ino=10172 scontext=unconfined_u:unconfined_r:semanage_t:s0-s0:c0.c1023 tcontext=unconfined_u:object_r:semanage_store_t:s0 tclass=file permissive=0
Aug 06 17:48:09 tactiq-rock5a audit[740]: AVC avc:  denied  { relabelfrom } for  pid=740 comm="semodule" name="certmonger" dev="mmcblk1p2" ino=10169 scontext=unconfined_u:unconfined_r:semanage_t:s0-s0:c0.c1023 tcontext=unconfined_u:object_r:semanage_store_t:s0 tclass=dir permissive=0
Aug 06 17:48:09 tactiq-rock5a audit[740]: AVC avc:  denied  { relabelfrom } for  pid=740 comm="semodule" name="lang_ext" dev="mmcblk1p2" ino=10174 scontext=unconfined_u:unconfined_r:semanage_t:s0-s0:c0.c1023 tcontext=unconfined_u:object_r:semanage_store_t:s0 tclass=file permissive=0
Aug 06 17:48:09 tactiq-rock5a audit[740]: AVC avc:  denied  { relabelfrom } for  pid=740 comm="semodule" name="cil" dev="mmcblk1p2" ino=10175 scontext=unconfined_u:unconfined_r:semanage_t:s0-s0:c0.c1023 tcontext=unconfined_u:object_r:semanage_store_t:s0 tclass=file permissive=0
Aug 06 17:48:09 tactiq-rock5a audit[740]: AVC avc:  denied  { relabelfrom } for  pid=740 comm="semodule" name="hll" dev="mmcblk1p2" ino=10176 scontext=unconfined_u:unconfined_r:semanage_t:s0-s0:c0.c1023 tcontext=unconfined_u:object_r:semanage_store_t:s0 tclass=file permissive=0
Aug 06 17:48:09 tactiq-rock5a audit[740]: AVC avc:  denied  { relabelfrom } for  pid=740 comm="semodule" name="fetchmail" dev="mmcblk1p2" ino=10173 scontext=unconfined_u:unconfined_r:semanage_t:s0-s0:c0.c1023 tcontext=unconfined_u:object_r:semanage_store_t:s0 tclass=dir permissive=0
Aug 06 17:48:09 tactiq-rock5a audit[740]: AVC avc:  denied  { relabelfrom } for  pid=740 comm="semodule" name="lang_ext" dev="mmcblk1p2" ino=10178 scontext=unconfined_u:unconfined_r:semanage_t:s0-s0:c0.c1023 tcontext=unconfined_u:object_r:semanage_store_t:s0 tclass=file permissive=0
Aug 06 17:48:09 tactiq-rock5a audit[740]: AVC avc:  denied  { relabelfrom } for  pid=740 comm="semodule" name="cil" dev="mmcblk1p2" ino=10179 scontext=unconfined_u:unconfined_r:semanage_t:s0-s0:c0.c1023 tcontext=unconfined_u:object_r:semanage_store_t:s0 tclass=file permissive=0
Aug 06 17:48:09 tactiq-rock5a audit[740]: AVC avc:  denied  { relabelfrom } for  pid=740 comm="semodule" name="hll" dev="mmcblk1p2" ino=10180 scontext=unconfined_u:unconfined_r:semanage_t:s0-s0:c0.c1023 tcontext=unconfined_u:object_r:semanage_store_t:s0 tclass=file permissive=0
Aug 06 17:48:09 tactiq-rock5a audit[740]: AVC avc:  denied  { relabelfrom } for  pid=740 comm="semodule" name="apt" dev="mmcblk1p2" ino=10177 scontext=unconfined_u:unconfined_r:semanage_t:s0-s0:c0.c1023 tcontext=unconfined_u:object_r:semanage_store_t:s0 tclass=dir permissive=0
Aug 06 17:48:09 tactiq-rock5a audit[740]: AVC avc:  denied  { relabelfrom } for  pid=740 comm="semodule" name="lang_ext" dev="mmcblk1p2" ino=10182 scontext=unconfined_u:unconfined_r:semanage_t:s0-s0:c0.c1023 tcontext=unconfined_u:object_r:semanage_store_t:s0 tclass=file permissive=0
Aug 06 17:48:09 tactiq-rock5a audit[740]: AVC avc:  denied  { relabelfrom } for  pid=740 comm="semodule" name="cil" dev="mmcblk1p2" ino=10183 scontext=unconfined_u:unconfined_r:semanage_t:s0-s0:c0.c1023 tcontext=unconfined_u:object_r:semanage_store_t:s0 tclass=file permissive=0
Aug 06 17:48:09 tactiq-rock5a audit[740]: AVC avc:  denied  { relabelfrom } for  pid=740 comm="semodule" name="hll" dev="mmcblk1p2" ino=10184 scontext=unconfined_u:unconfined_r:semanage_t:s0-s0:c0.c1023 tcontext=unconfined_u:object_r:semanage_store_t:s0 tclass=file permissive=0
Aug 06 17:48:09 tactiq-rock5a audit[740]: AVC avc:  denied  { relabelfrom } for  pid=740 comm="semodule" name="courier" dev="mmcblk1p2" ino=10181 scontext=unconfined_u:unconfined_r:semanage_t:s0-s0:c0.c1023 tcontext=unconfined_u:object_r:semanage_store_t:s0 tclass=dir permissive=0
Aug 06 17:48:09 tactiq-rock5a audit[740]: AVC avc:  denied  { relabelfrom } for  pid=740 comm="semodule" name="lang_ext" dev="mmcblk1p2" ino=10186 scontext=unconfined_u:unconfined_r:semanage_t:s0-s0:c0.c1023 tcontext=unconfined_u:object_r:semanage_store_t:s0 tclass=file permissive=0
Aug 06 17:48:09 tactiq-rock5a audit[740]: AVC avc:  denied  { relabelfrom } for  pid=740 comm="semodule" name="cil" dev="mmcblk1p2" ino=10187 scontext=unconfined_u:unconfined_r:semanage_t:s0-s0:c0.c1023 tcontext=unconfined_u:object_r:semanage_store_t:s0 tclass=file permissive=0
Aug 06 17:48:09 tactiq-rock5a audit[740]: AVC avc:  denied  { relabelfrom } for  pid=740 comm="semodule" name="hll" dev="mmcblk1p2" ino=10188 scontext=unconfined_u:unconfined_r:semanage_t:s0-s0:c0.c1023 tcontext=unconfined_u:object_r:semanage_store_t:s0 tclass=file permissive=0
Aug 06 17:48:09 tactiq-rock5a audit[740]: AVC avc:  denied  { relabelfrom } for  pid=740 comm="semodule" name="usermanage" dev="mmcblk1p2" ino=10185 scontext=unconfined_u:unconfined_r:semanage_t:s0-s0:c0.c1023 tcontext=unconfined_u:object_r:semanage_store_t:s0 tclass=dir permissive=0
Aug 06 17:48:09 tactiq-rock5a audit[740]: AVC avc:  denied  { relabelfrom } for  pid=740 comm="semodule" name="lang_ext" dev="mmcblk1p2" ino=10190 scontext=unconfined_u:unconfined_r:semanage_t:s0-s0:c0.c1023 tcontext=unconfined_u:object_r:semanage_store_t:s0 tclass=file permissive=0
Aug 06 17:48:09 tactiq-rock5a audit[740]: AVC avc:  denied  { relabelfrom } for  pid=740 comm="semodule" name="cil" dev="mmcblk1p2" ino=10191 scontext=unconfined_u:unconfined_r:semanage_t:s0-s0:c0.c1023 tcontext=unconfined_u:object_r:semanage_store_t:s0 tclass=file permissive=0
Aug 06 17:48:09 tactiq-rock5a audit[740]: AVC avc:  denied  { relabelfrom } for  pid=740 comm="semodule" name="hll" dev="mmcblk1p2" ino=10192 scontext=unconfined_u:unconfined_r:semanage_t:s0-s0:c0.c1023 tcontext=unconfined_u:object_r:semanage_store_t:s0 tclass=file permissive=0
Aug 06 17:48:09 tactiq-rock5a audit[740]: AVC avc:  denied  { relabelfrom } for  pid=740 comm="semodule" name="tactiq_ctl" dev="mmcblk1p2" ino=10189 scontext=unconfined_u:unconfined_r:semanage_t:s0-s0:c0.c1023 tcontext=unconfined_u:object_r:semanage_store_t:s0 tclass=dir permissive=0
Aug 06 17:48:09 tactiq-rock5a audit[740]: AVC avc:  denied  { relabelfrom } for  pid=740 comm="semodule" name="lang_ext" dev="mmcblk1p2" ino=10194 scontext=unconfined_u:unconfined_r:semanage_t:s0-s0:c0.c1023 tcontext=unconfined_u:object_r:semanage_store_t:s0 tclass=file permissive=0
Aug 06 17:48:09 tactiq-rock5a audit[740]: AVC avc:  denied  { relabelfrom } for  pid=740 comm="semodule" name="cil" dev="mmcblk1p2" ino=10195 scontext=unconfined_u:unconfined_r:semanage_t:s0-s0:c0.c1023 tcontext=unconfined_u:object_r:semanage_store_t:s0 tclass=file permissive=0
Aug 06 17:48:09 tactiq-rock5a audit[740]: AVC avc:  denied  { relabelfrom } for  pid=740 comm="semodule" name="hll" dev="mmcblk1p2" ino=10196 scontext=unconfined_u:unconfined_r:semanage_t:s0-s0:c0.c1023 tcontext=unconfined_u:object_r:semanage_store_t:s0 tclass=file permissive=0
Aug 06 17:48:09 tactiq-rock5a audit[740]: AVC avc:  denied  { relabelfrom } for  pid=740 comm="semodule" name="milter" dev="mmcblk1p2" ino=10193 scontext=unconfined_u:unconfined_r:semanage_t:s0-s0:c0.c1023 tcontext=unconfined_u:object_r:semanage_store_t:s0 tclass=dir permissive=0
Aug 06 17:48:09 tactiq-rock5a audit[740]: AVC avc:  denied  { relabelfrom } for  pid=740 comm="semodule" name="lang_ext" dev="mmcblk1p2" ino=10198 scontext=unconfined_u:unconfined_r:semanage_t:s0-s0:c0.c1023 tcontext=unconfined_u:object_r:semanage_store_t:s0 tclass=file permissive=0
Aug 06 17:48:09 tactiq-rock5a audit[740]: AVC avc:  denied  { relabelfrom } for  pid=740 comm="semodule" name="cil" dev="mmcblk1p2" ino=10199 scontext=unconfined_u:unconfined_r:semanage_t:s0-s0:c0.c1023 tcontext=unconfined_u:object_r:semanage_store_t:s0 tclass=file permissive=0
Aug 06 17:48:09 tactiq-rock5a audit[740]: AVC avc:  denied  { relabelfrom } for  pid=740 comm="semodule" name="hll" dev="mmcblk1p2" ino=10200 scontext=unconfined_u:unconfined_r:semanage_t:s0-s0:c0.c1023 tcontext=unconfined_u:object_r:semanage_store_t:s0 tclass=file permissive=0
Aug 06 17:48:09 tactiq-rock5a audit[740]: AVC avc:  denied  { relabelfrom } for  pid=740 comm="semodule" name="usernetctl" dev="mmcblk1p2" ino=10197 scontext=unconfined_u:unconfined_r:semanage_t:s0-s0:c0.c1023 tcontext=unconfined_u:object_r:semanage_store_t:s0 tclass=dir permissive=0
Aug 06 17:48:09 tactiq-rock5a audit[740]: AVC avc:  denied  { relabelfrom } for  pid=740 comm="semodule" name="lang_ext" dev="mmcblk1p2" ino=10202 scontext=unconfined_u:unconfined_r:semanage_t:s0-s0:c0.c1023 tcontext=unconfined_u:object_r:semanage_store_t:s0 tclass=file permissive=0
Aug 06 17:48:09 tactiq-rock5a audit[740]: AVC avc:  denied  { relabelfrom } for  pid=740 comm="semodule" name="cil" dev="mmcblk1p2" ino=10203 scontext=unconfined_u:unconfined_r:semanage_t:s0-s0:c0.c1023 tcontext=unconfined_u:object_r:semanage_store_t:s0 tclass=file permissive=0
Aug 06 17:48:09 tactiq-rock5a audit[740]: AVC avc:  denied  { relabelfrom } for  pid=740 comm="semodule" name="hll" dev="mmcblk1p2" ino=10204 scontext=unconfined_u:unconfined_r:semanage_t:s0-s0:c0.c1023 tcontext=unconfined_u:object_r:semanage_store_t:s0 tclass=file permissive=0
Aug 06 17:48:09 tactiq-rock5a audit[740]: AVC avc:  denied  { relabelfrom } for  pid=740 comm="semodule" name="bitlbee" dev="mmcblk1p2" ino=10201 scontext=unconfined_u:unconfined_r:semanage_t:s0-s0:c0.c1023 tcontext=unconfined_u:object_r:semanage_store_t:s0 tclass=dir permissive=0
Aug 06 17:48:09 tactiq-rock5a audit[740]: AVC avc:  denied  { relabelfrom } for  pid=740 comm="semodule" name="lang_ext" dev="mmcblk1p2" ino=10206 scontext=unconfined_u:unconfined_r:semanage_t:s0-s0:c0.c1023 tcontext=unconfined_u:object_r:semanage_store_t:s0 tclass=file permissive=0
Aug 06 17:48:09 tactiq-rock5a audit[740]: AVC avc:  denied  { relabelfrom } for  pid=740 comm="semodule" name="cil" dev="mmcblk1p2" ino=10207 scontext=unconfined_u:unconfined_r:semanage_t:s0-s0:c0.c1023 tcontext=unconfined_u:object_r:semanage_store_t:s0 tclass=file permissive=0
Aug 06 17:48:09 tactiq-rock5a audit[740]: AVC avc:  denied  { relabelfrom } for  pid=740 comm="semodule" name="hll" dev="mmcblk1p2" ino=10208 scontext=unconfined_u:unconfined_r:semanage_t:s0-s0:c0.c1023 tcontext=unconfined_u:object_r:semanage_store_t:s0 tclass=file permissive=0
Aug 06 17:48:09 tactiq-rock5a audit[740]: AVC avc:  denied  { relabelfrom } for  pid=740 comm="semodule" name="djbdns" dev="mmcblk1p2" ino=10205 scontext=unconfined_u:unconfined_r:semanage_t:s0-s0:c0.c1023 tcontext=unconfined_u:object_r:semanage_store_t:s0 tclass=dir permissive=0
Aug 06 17:48:09 tactiq-rock5a audit[740]: AVC avc:  denied  { relabelfrom } for  pid=740 comm="semodule" name="lang_ext" dev="mmcblk1p2" ino=10210 scontext=unconfined_u:unconfined_r:semanage_t:s0-s0:c0.c1023 tcontext=unconfined_u:object_r:semanage_store_t:s0 tclass=file permissive=0
Aug 06 17:48:09 tactiq-rock5a audit[740]: AVC avc:  denied  { relabelfrom } for  pid=740 comm="semodule" name="cil" dev="mmcblk1p2" ino=10211 scontext=unconfined_u:unconfined_r:semanage_t:s0-s0:c0.c1023 tcontext=unconfined_u:object_r:semanage_store_t:s0 tclass=file permissive=0
Aug 06 17:48:09 tactiq-rock5a audit[740]: AVC avc:  denied  { relabelfrom } for  pid=740 comm="semodule" name="hll" dev="mmcblk1p2" ino=10212 scontext=unconfined_u:unconfined_r:semanage_t:s0-s0:c0.c1023 tcontext=unconfined_u:object_r:semanage_store_t:s0 tclass=file permissive=0
Aug 06 17:48:09 tactiq-rock5a audit[740]: AVC avc:  denied  { relabelfrom } for  pid=740 comm="semodule" name="netutils" dev="mmcblk1p2" ino=10209 scontext=unconfined_u:unconfined_r:semanage_t:s0-s0:c0.c1023 tcontext=unconfined_u:object_r:semanage_store_t:s0 tclass=dir permissive=0
Aug 06 17:48:09 tactiq-rock5a audit[740]: AVC avc:  denied  { relabelfrom } for  pid=740 comm="semodule" name="lang_ext" dev="mmcblk1p2" ino=10214 scontext=unconfined_u:unconfined_r:semanage_t:s0-s0:c0.c1023 tcontext=unconfined_u:object_r:semanage_store_t:s0 tclass=file permissive=0
Aug 06 17:48:09 tactiq-rock5a audit[740]: AVC avc:  denied  { relabelfrom } for  pid=740 comm="semodule" name="cil" dev="mmcblk1p2" ino=10215 scontext=unconfined_u:unconfined_r:semanage_t:s0-s0:c0.c1023 tcontext=unconfined_u:object_r:semanage_store_t:s0 tclass=file permissive=0
Aug 06 17:48:09 tactiq-rock5a audit[740]: AVC avc:  denied  { relabelfrom } for  pid=740 comm="semodule" name="hll" dev="mmcblk1p2" ino=10216 scontext=unconfined_u:unconfined_r:semanage_t:s0-s0:c0.c1023 tcontext=unconfined_u:object_r:semanage_store_t:s0 tclass=file permissive=0
Aug 06 17:48:09 tactiq-rock5a audit[740]: AVC avc:  denied  { relabelfrom } for  pid=740 comm="semodule" name="telepathy" dev="mmcblk1p2" ino=10213 scontext=unconfined_u:unconfined_r:semanage_t:s0-s0:c0.c1023 tcontext=unconfined_u:object_r:semanage_store_t:s0 tclass=dir permissive=0
Aug 06 17:48:09 tactiq-rock5a audit[740]: AVC avc:  denied  { relabelfrom } for  pid=740 comm="semodule" name="lang_ext" dev="mmcblk1p2" ino=10218 scontext=unconfined_u:unconfined_r:semanage_t:s0-s0:c0.c1023 tcontext=unconfined_u:object_r:semanage_store_t:s0 tclass=file permissive=0
Aug 06 17:48:09 tactiq-rock5a audit[740]: AVC avc:  denied  { relabelfrom } for  pid=740 comm="semodule" name="cil" dev="mmcblk1p2" ino=10219 scontext=unconfined_u:unconfined_r:semanage_t:s0-s0:c0.c1023 tcontext=unconfined_u:object_r:semanage_store_t:s0 tclass=file permissive=0
Aug 06 17:48:09 tactiq-rock5a audit[740]: AVC avc:  denied  { relabelfrom } for  pid=740 comm="semodule" name="hll" dev="mmcblk1p2" ino=10220 scontext=unconfined_u:unconfined_r:semanage_t:s0-s0:c0.c1023 tcontext=unconfined_u:object_r:semanage_store_t:s0 tclass=file permissive=0
Aug 06 17:48:09 tactiq-rock5a audit[740]: AVC avc:  denied  { relabelfrom } for  pid=740 comm="semodule" name="nis" dev="mmcblk1p2" ino=10217 scontext=unconfined_u:unconfined_r:semanage_t:s0-s0:c0.c1023 tcontext=unconfined_u:object_r:semanage_store_t:s0 tclass=dir permissive=0
Aug 06 17:48:09 tactiq-rock5a audit[740]: AVC avc:  denied  { relabelfrom } for  pid=740 comm="semodule" name="lang_ext" dev="mmcblk1p2" ino=10222 scontext=unconfined_u:unconfined_r:semanage_t:s0-s0:c0.c1023 tcontext=unconfined_u:object_r:semanage_store_t:s0 tclass=file permissive=0
Aug 06 17:48:09 tactiq-rock5a audit[740]: AVC avc:  denied  { relabelfrom } for  pid=740 comm="semodule" name="cil" dev="mmcblk1p2" ino=10223 scontext=unconfined_u:unconfined_r:semanage_t:s0-s0:c0.c1023 tcontext=unconfined_u:object_r:semanage_store_t:s0 tclass=file permissive=0
Aug 06 17:48:09 tactiq-rock5a audit[740]: AVC avc:  denied  { relabelfrom } for  pid=740 comm="semodule" name="hll" dev="mmcblk1p2" ino=10224 scontext=unconfined_u:unconfined_r:semanage_t:s0-s0:c0.c1023 tcontext=unconfined_u:object_r:semanage_store_t:s0 tclass=file permissive=0
Aug 06 17:48:09 tactiq-rock5a audit[740]: AVC avc:  denied  { relabelfrom } for  pid=740 comm="semodule" name="soundserver" dev="mmcblk1p2" ino=10221 scontext=unconfined_u:unconfined_r:semanage_t:s0-s0:c0.c1023 tcontext=unconfined_u:object_r:semanage_store_t:s0 tclass=dir permissive=0
Aug 06 17:48:09 tactiq-rock5a audit[740]: AVC avc:  denied  { relabelfrom } for  pid=740 comm="semodule" name="lang_ext" dev="mmcblk1p2" ino=10226 scontext=unconfined_u:unconfined_r:semanage_t:s0-s0:c0.c1023 tcontext=unconfined_u:object_r:semanage_store_t:s0 tclass=file permissive=0
Aug 06 17:48:09 tactiq-rock5a audit[740]: AVC avc:  denied  { relabelfrom } for  pid=740 comm="semodule" name="cil" dev="mmcblk1p2" ino=10227 scontext=unconfined_u:unconfined_r:semanage_t:s0-s0:c0.c1023 tcontext=unconfined_u:object_r:semanage_store_t:s0 tclass=file permissive=0
Aug 06 17:48:09 tactiq-rock5a audit[740]: AVC avc:  denied  { relabelfrom } for  pid=740 comm="semodule" name="hll" dev="mmcblk1p2" ino=10228 scontext=unconfined_u:unconfined_r:semanage_t:s0-s0:c0.c1023 tcontext=unconfined_u:object_r:semanage_store_t:s0 tclass=file permissive=0
Aug 06 17:48:09 tactiq-rock5a audit[740]: AVC avc:  denied  { relabelfrom } for  pid=740 comm="semodule" name="smokeping" dev="mmcblk1p2" ino=10225 scontext=unconfined_u:unconfined_r:semanage_t:s0-s0:c0.c1023 tcontext=unconfined_u:object_r:semanage_store_t:s0 tclass=dir permissive=0
Aug 06 17:48:09 tactiq-rock5a audit[740]: AVC avc:  denied  { relabelfrom } for  pid=740 comm="semodule" name="lang_ext" dev="mmcblk1p2" ino=10230 scontext=unconfined_u:unconfined_r:semanage_t:s0-s0:c0.c1023 tcontext=unconfined_u:object_r:semanage_store_t:s0 tclass=file permissive=0
Aug 06 17:48:09 tactiq-rock5a audit[740]: AVC avc:  denied  { relabelfrom } for  pid=740 comm="semodule" name="cil" dev="mmcblk1p2" ino=10231 scontext=unconfined_u:unconfined_r:semanage_t:s0-s0:c0.c1023 tcontext=unconfined_u:object_r:semanage_store_t:s0 tclass=file permissive=0
Aug 06 17:48:09 tactiq-rock5a audit[740]: AVC avc:  denied  { relabelfrom } for  pid=740 comm="semodule" name="hll" dev="mmcblk1p2" ino=10232 scontext=unconfined_u:unconfined_r:semanage_t:s0-s0:c0.c1023 tcontext=unconfined_u:object_r:semanage_store_t:s0 tclass=file permissive=0
Aug 06 17:48:09 tactiq-rock5a audit[740]: AVC avc:  denied  { relabelfrom } for  pid=740 comm="semodule" name="logwatch" dev="mmcblk1p2" ino=10229 scontext=unconfined_u:unconfined_r:semanage_t:s0-s0:c0.c1023 tcontext=unconfined_u:object_r:semanage_store_t:s0 tclass=dir permissive=0
Aug 06 17:48:09 tactiq-rock5a audit[740]: AVC avc:  denied  { relabelfrom } for  pid=740 comm="semodule" name="lang_ext" dev="mmcblk1p2" ino=10234 scontext=unconfined_u:unconfined_r:semanage_t:s0-s0:c0.c1023 tcontext=unconfined_u:object_r:semanage_store_t:s0 tclass=file permissive=0
Aug 06 17:48:09 tactiq-rock5a audit[740]: AVC avc:  denied  { relabelfrom } for  pid=740 comm="semodule" name="cil" dev="mmcblk1p2" ino=10235 scontext=unconfined_u:unconfined_r:semanage_t:s0-s0:c0.c1023 tcontext=unconfined_u:object_r:semanage_store_t:s0 tclass=file permissive=0
Aug 06 17:48:09 tactiq-rock5a audit[740]: AVC avc:  denied  { relabelfrom } for  pid=740 comm="semodule" name="hll" dev="mmcblk1p2" ino=10236 scontext=unconfined_u:unconfined_r:semanage_t:s0-s0:c0.c1023 tcontext=unconfined_u:object_r:semanage_store_t:s0 tclass=file permissive=0
Aug 06 17:48:09 tactiq-rock5a audit[740]: AVC avc:  denied  { relabelfrom } for  pid=740 comm="semodule" name="pingd" dev="mmcblk1p2" ino=10233 scontext=unconfined_u:unconfined_r:semanage_t:s0-s0:c0.c1023 tcontext=unconfined_u:object_r:semanage_store_t:s0 tclass=dir permissive=0
Aug 06 17:48:09 tactiq-rock5a audit[740]: AVC avc:  denied  { relabelfrom } for  pid=740 comm="semodule" name="lang_ext" dev="mmcblk1p2" ino=10238 scontext=unconfined_u:unconfined_r:semanage_t:s0-s0:c0.c1023 tcontext=unconfined_u:object_r:semanage_store_t:s0 tclass=file permissive=0
Aug 06 17:48:09 tactiq-rock5a audit[740]: AVC avc:  denied  { relabelfrom } for  pid=740 comm="semodule" name="cil" dev="mmcblk1p2" ino=10239 scontext=unconfined_u:unconfined_r:semanage_t:s0-s0:c0.c1023 tcontext=unconfined_u:object_r:semanage_store_t:s0 tclass=file permissive=0
Aug 06 17:48:09 tactiq-rock5a audit[740]: AVC avc:  denied  { relabelfrom } for  pid=740 comm="semodule" name="hll" dev="mmcblk1p2" ino=10240 scontext=unconfined_u:unconfined_r:semanage_t:s0-s0:c0.c1023 tcontext=unconfined_u:object_r:semanage_store_t:s0 tclass=file permissive=0
Aug 06 17:48:09 tactiq-rock5a audit[740]: AVC avc:  denied  { relabelfrom } for  pid=740 comm="semodule" name="feedbackd" dev="mmcblk1p2" ino=10237 scontext=unconfined_u:unconfined_r:semanage_t:s0-s0:c0.c1023 tcontext=unconfined_u:object_r:semanage_store_t:s0 tclass=dir permissive=0
Aug 06 17:48:09 tactiq-rock5a audit[740]: AVC avc:  denied  { relabelfrom } for  pid=740 comm="semodule" name="lang_ext" dev="mmcblk1p2" ino=10242 scontext=unconfined_u:unconfined_r:semanage_t:s0-s0:c0.c1023 tcontext=unconfined_u:object_r:semanage_store_t:s0 tclass=file permissive=0
Aug 06 17:48:09 tactiq-rock5a audit[740]: AVC avc:  denied  { relabelfrom } for  pid=740 comm="semodule" name="cil" dev="mmcblk1p2" ino=10243 scontext=unconfined_u:unconfined_r:semanage_t:s0-s0:c0.c1023 tcontext=unconfined_u:object_r:semanage_store_t:s0 tclass=file permissive=0
Aug 06 17:48:09 tactiq-rock5a audit[740]: AVC avc:  denied  { relabelfrom } for  pid=740 comm="semodule" name="hll" dev="mmcblk1p2" ino=10244 scontext=unconfined_u:unconfined_r:semanage_t:s0-s0:c0.c1023 tcontext=unconfined_u:object_r:semanage_store_t:s0 tclass=file permissive=0
Aug 06 17:48:09 tactiq-rock5a audit[740]: AVC avc:  denied  { relabelfrom } for  pid=740 comm="semodule" name="policykit" dev="mmcblk1p2" ino=10241 scontext=unconfined_u:unconfined_r:semanage_t:s0-s0:c0.c1023 tcontext=unconfined_u:object_r:semanage_store_t:s0 tclass=dir permissive=0
Aug 06 17:48:09 tactiq-rock5a audit[740]: AVC avc:  denied  { relabelfrom } for  pid=740 comm="semodule" name="lang_ext" dev="mmcblk1p2" ino=10246 scontext=unconfined_u:unconfined_r:semanage_t:s0-s0:c0.c1023 tcontext=unconfined_u:object_r:semanage_store_t:s0 tclass=file permissive=0
Aug 06 17:48:09 tactiq-rock5a audit[740]: AVC avc:  denied  { relabelfrom } for  pid=740 comm="semodule" name="cil" dev="mmcblk1p2" ino=10247 scontext=unconfined_u:unconfined_r:semanage_t:s0-s0:c0.c1023 tcontext=unconfined_u:object_r:semanage_store_t:s0 tclass=file permissive=0
Aug 06 17:48:09 tactiq-rock5a audit[740]: AVC avc:  denied  { relabelfrom } for  pid=740 comm="semodule" name="hll" dev="mmcblk1p2" ino=10248 scontext=unconfined_u:unconfined_r:semanage_t:s0-s0:c0.c1023 tcontext=unconfined_u:object_r:semanage_store_t:s0 tclass=file permissive=0
Aug 06 17:48:09 tactiq-rock5a audit[740]: AVC avc:  denied  { relabelfrom } for  pid=740 comm="semodule" name="java" dev="mmcblk1p2" ino=10245 scontext=unconfined_u:unconfined_r:semanage_t:s0-s0:c0.c1023 tcontext=unconfined_u:object_r:semanage_store_t:s0 tclass=dir permissive=0
Aug 06 17:48:09 tactiq-rock5a audit[740]: AVC avc:  denied  { relabelfrom } for  pid=740 comm="semodule" name="lang_ext" dev="mmcblk1p2" ino=10250 scontext=unconfined_u:unconfined_r:semanage_t:s0-s0:c0.c1023 tcontext=unconfined_u:object_r:semanage_store_t:s0 tclass=file permissive=0
Aug 06 17:48:09 tactiq-rock5a audit[740]: AVC avc:  denied  { relabelfrom } for  pid=740 comm="semodule" name="cil" dev="mmcblk1p2" ino=10251 scontext=unconfined_u:unconfined_r:semanage_t:s0-s0:c0.c1023 tcontext=unconfined_u:object_r:semanage_store_t:s0 tclass=file permissive=0
Aug 06 17:48:09 tactiq-rock5a audit[740]: AVC avc:  denied  { relabelfrom } for  pid=740 comm="semodule" name="hll" dev="mmcblk1p2" ino=10252 scontext=unconfined_u:unconfined_r:semanage_t:s0-s0:c0.c1023 tcontext=unconfined_u:object_r:semanage_store_t:s0 tclass=file permissive=0
Aug 06 17:48:09 tactiq-rock5a audit[740]: AVC avc:  denied  { relabelfrom } for  pid=740 comm="semodule" name="base" dev="mmcblk1p2" ino=10249 scontext=unconfined_u:unconfined_r:semanage_t:s0-s0:c0.c1023 tcontext=unconfined_u:object_r:semanage_store_t:s0 tclass=dir permissive=0
Aug 06 17:48:09 tactiq-rock5a audit[740]: AVC avc:  denied  { relabelfrom } for  pid=740 comm="semodule" name="lang_ext" dev="mmcblk1p2" ino=10254 scontext=unconfined_u:unconfined_r:semanage_t:s0-s0:c0.c1023 tcontext=unconfined_u:object_r:semanage_store_t:s0 tclass=file permissive=0
Aug 06 17:48:09 tactiq-rock5a audit[740]: AVC avc:  denied  { relabelfrom } for  pid=740 comm="semodule" name="cil" dev="mmcblk1p2" ino=10255 scontext=unconfined_u:unconfined_r:semanage_t:s0-s0:c0.c1023 tcontext=unconfined_u:object_r:semanage_store_t:s0 tclass=file permissive=0
Aug 06 17:48:09 tactiq-rock5a audit[740]: AVC avc:  denied  { relabelfrom } for  pid=740 comm="semodule" name="hll" dev="mmcblk1p2" ino=10256 scontext=unconfined_u:unconfined_r:semanage_t:s0-s0:c0.c1023 tcontext=unconfined_u:object_r:semanage_store_t:s0 tclass=file permissive=0
Aug 06 17:48:09 tactiq-rock5a audit[740]: AVC avc:  denied  { relabelfrom } for  pid=740 comm="semodule" name="application" dev="mmcblk1p2" ino=10253 scontext=unconfined_u:unconfined_r:semanage_t:s0-s0:c0.c1023 tcontext=unconfined_u:object_r:semanage_store_t:s0 tclass=dir permissive=0
Aug 06 17:48:09 tactiq-rock5a audit[740]: AVC avc:  denied  { relabelfrom } for  pid=740 comm="semodule" name="lang_ext" dev="mmcblk1p2" ino=10258 scontext=unconfined_u:unconfined_r:semanage_t:s0-s0:c0.c1023 tcontext=unconfined_u:object_r:semanage_store_t:s0 tclass=file permissive=0
Aug 06 17:48:09 tactiq-rock5a audit[740]: AVC avc:  denied  { relabelfrom } for  pid=740 comm="semodule" name="cil" dev="mmcblk1p2" ino=10259 scontext=unconfined_u:unconfined_r:semanage_t:s0-s0:c0.c1023 tcontext=unconfined_u:object_r:semanage_store_t:s0 tclass=file permissive=0
Aug 06 17:48:09 tactiq-rock5a audit[740]: AVC avc:  denied  { relabelfrom } for  pid=740 comm="semodule" name="hll" dev="mmcblk1p2" ino=10260 scontext=unconfined_u:unconfined_r:semanage_t:s0-s0:c0.c1023 tcontext=unconfined_u:object_r:semanage_store_t:s0 tclass=file permissive=0
Aug 06 17:48:09 tactiq-rock5a audit[740]: AVC avc:  denied  { relabelfrom } for  pid=740 comm="semodule" name="tzdata" dev="mmcblk1p2" ino=10257 scontext=unconfined_u:unconfined_r:semanage_t:s0-s0:c0.c1023 tcontext=unconfined_u:object_r:semanage_store_t:s0 tclass=dir permissive=0
Aug 06 17:48:09 tactiq-rock5a audit[740]: AVC avc:  denied  { relabelfrom } for  pid=740 comm="semodule" name="lang_ext" dev="mmcblk1p2" ino=10262 scontext=unconfined_u:unconfined_r:semanage_t:s0-s0:c0.c1023 tcontext=unconfined_u:object_r:semanage_store_t:s0 tclass=file permissive=0
Aug 06 17:48:09 tactiq-rock5a audit[740]: AVC avc:  denied  { relabelfrom } for  pid=740 comm="semodule" name="cil" dev="mmcblk1p2" ino=10263 scontext=unconfined_u:unconfined_r:semanage_t:s0-s0:c0.c1023 tcontext=unconfined_u:object_r:semanage_store_t:s0 tclass=file permissive=0
Aug 06 17:48:09 tactiq-rock5a audit[740]: AVC avc:  denied  { relabelfrom } for  pid=740 comm="semodule" name="hll" dev="mmcblk1p2" ino=10264 scontext=unconfined_u:unconfined_r:semanage_t:s0-s0:c0.c1023 tcontext=unconfined_u:object_r:semanage_store_t:s0 tclass=file permissive=0
Aug 06 17:48:09 tactiq-rock5a audit[740]: AVC avc:  denied  { relabelfrom } for  pid=740 comm="semodule" name="drbd" dev="mmcblk1p2" ino=10261 scontext=unconfined_u:unconfined_r:semanage_t:s0-s0:c0.c1023 tcontext=unconfined_u:object_r:semanage_store_t:s0 tclass=dir permissive=0
Aug 06 17:48:09 tactiq-rock5a audit[740]: AVC avc:  denied  { relabelfrom } for  pid=740 comm="semodule" name="lang_ext" dev="mmcblk1p2" ino=10266 scontext=unconfined_u:unconfined_r:semanage_t:s0-s0:c0.c1023 tcontext=unconfined_u:object_r:semanage_store_t:s0 tclass=file permissive=0
Aug 06 17:48:09 tactiq-rock5a audit[740]: AVC avc:  denied  { relabelfrom } for  pid=740 comm="semodule" name="cil" dev="mmcblk1p2" ino=10267 scontext=unconfined_u:unconfined_r:semanage_t:s0-s0:c0.c1023 tcontext=unconfined_u:object_r:semanage_store_t:s0 tclass=file permissive=0
Aug 06 17:48:09 tactiq-rock5a audit[740]: AVC avc:  denied  { relabelfrom } for  pid=740 comm="semodule" name="hll" dev="mmcblk1p2" ino=10268 scontext=unconfined_u:unconfined_r:semanage_t:s0-s0:c0.c1023 tcontext=unconfined_u:object_r:semanage_store_t:s0 tclass=file permissive=0
Aug 06 17:48:09 tactiq-rock5a audit[740]: AVC avc:  denied  { relabelfrom } for  pid=740 comm="semodule" name="openhpi" dev="mmcblk1p2" ino=10265 scontext=unconfined_u:unconfined_r:semanage_t:s0-s0:c0.c1023 tcontext=unconfined_u:object_r:semanage_store_t:s0 tclass=dir permissive=0
Aug 06 17:48:09 tactiq-rock5a audit[740]: AVC avc:  denied  { relabelfrom } for  pid=740 comm="semodule" name="lang_ext" dev="mmcblk1p2" ino=10270 scontext=unconfined_u:unconfined_r:semanage_t:s0-s0:c0.c1023 tcontext=unconfined_u:object_r:semanage_store_t:s0 tclass=file permissive=0
Aug 06 17:48:09 tactiq-rock5a audit[740]: AVC avc:  denied  { relabelfrom } for  pid=740 comm="semodule" name="cil" dev="mmcblk1p2" ino=10271 scontext=unconfined_u:unconfined_r:semanage_t:s0-s0:c0.c1023 tcontext=unconfined_u:object_r:semanage_store_t:s0 tclass=file permissive=0
Aug 06 17:48:09 tactiq-rock5a audit[740]: AVC avc:  denied  { relabelfrom } for  pid=740 comm="semodule" name="hll" dev="mmcblk1p2" ino=10272 scontext=unconfined_u:unconfined_r:semanage_t:s0-s0:c0.c1023 tcontext=unconfined_u:object_r:semanage_store_t:s0 tclass=file permissive=0
Aug 06 17:48:09 tactiq-rock5a audit[740]: AVC avc:  denied  { relabelfrom } for  pid=740 comm="semodule" name="xscreensaver" dev="mmcblk1p2" ino=10269 scontext=unconfined_u:unconfined_r:semanage_t:s0-s0:c0.c1023 tcontext=unconfined_u:object_r:semanage_store_t:s0 tclass=dir permissive=0
Aug 06 17:48:09 tactiq-rock5a audit[740]: AVC avc:  denied  { relabelfrom } for  pid=740 comm="semodule" name="lang_ext" dev="mmcblk1p2" ino=10274 scontext=unconfined_u:unconfined_r:semanage_t:s0-s0:c0.c1023 tcontext=unconfined_u:object_r:semanage_store_t:s0 tclass=file permissive=0
Aug 06 17:48:09 tactiq-rock5a audit[740]: AVC avc:  denied  { relabelfrom } for  pid=740 comm="semodule" name="cil" dev="mmcblk1p2" ino=10275 scontext=unconfined_u:unconfined_r:semanage_t:s0-s0:c0.c1023 tcontext=unconfined_u:object_r:semanage_store_t:s0 tclass=file permissive=0
Aug 06 17:48:09 tactiq-rock5a audit[740]: AVC avc:  denied  { relabelfrom } for  pid=740 comm="semodule" name="hll" dev="mmcblk1p2" ino=10276 scontext=unconfined_u:unconfined_r:semanage_t:s0-s0:c0.c1023 tcontext=unconfined_u:object_r:semanage_store_t:s0 tclass=file permissive=0
Aug 06 17:48:09 tactiq-rock5a audit[740]: AVC avc:  denied  { relabelfrom } for  pid=740 comm="semodule" name="portslave" dev="mmcblk1p2" ino=10273 scontext=unconfined_u:unconfined_r:semanage_t:s0-s0:c0.c1023 tcontext=unconfined_u:object_r:semanage_store_t:s0 tclass=dir permissive=0
Aug 06 17:48:09 tactiq-rock5a audit[740]: AVC avc:  denied  { relabelfrom } for  pid=740 comm="semodule" name="lang_ext" dev="mmcblk1p2" ino=10278 scontext=unconfined_u:unconfined_r:semanage_t:s0-s0:c0.c1023 tcontext=unconfined_u:object_r:semanage_store_t:s0 tclass=file permissive=0
Aug 06 17:48:09 tactiq-rock5a audit[740]: AVC avc:  denied  { relabelfrom } for  pid=740 comm="semodule" name="cil" dev="mmcblk1p2" ino=10279 scontext=unconfined_u:unconfined_r:semanage_t:s0-s0:c0.c1023 tcontext=unconfined_u:object_r:semanage_store_t:s0 tclass=file permissive=0
Aug 06 17:48:09 tactiq-rock5a audit[740]: AVC avc:  denied  { relabelfrom } for  pid=740 comm="semodule" name="hll" dev="mmcblk1p2" ino=10280 scontext=unconfined_u:unconfined_r:semanage_t:s0-s0:c0.c1023 tcontext=unconfined_u:object_r:semanage_store_t:s0 tclass=file permissive=0
Aug 06 17:48:09 tactiq-rock5a audit[740]: AVC avc:  denied  { relabelfrom } for  pid=740 comm="semodule" name="snmp" dev="mmcblk1p2" ino=10277 scontext=unconfined_u:unconfined_r:semanage_t:s0-s0:c0.c1023 tcontext=unconfined_u:object_r:semanage_store_t:s0 tclass=dir permissive=0
Aug 06 17:48:09 tactiq-rock5a audit[740]: AVC avc:  denied  { relabelfrom } for  pid=740 comm="semodule" name="lang_ext" dev="mmcblk1p2" ino=10282 scontext=unconfined_u:unconfined_r:semanage_t:s0-s0:c0.c1023 tcontext=unconfined_u:object_r:semanage_store_t:s0 tclass=file permissive=0
Aug 06 17:48:09 tactiq-rock5a audit[740]: AVC avc:  denied  { relabelfrom } for  pid=740 comm="semodule" name="cil" dev="mmcblk1p2" ino=10283 scontext=unconfined_u:unconfined_r:semanage_t:s0-s0:c0.c1023 tcontext=unconfined_u:object_r:semanage_store_t:s0 tclass=file permissive=0
Aug 06 17:48:09 tactiq-rock5a audit[740]: AVC avc:  denied  { relabelfrom } for  pid=740 comm="semodule" name="hll" dev="mmcblk1p2" ino=10284 scontext=unconfined_u:unconfined_r:semanage_t:s0-s0:c0.c1023 tcontext=unconfined_u:object_r:semanage_store_t:s0 tclass=file permissive=0
Aug 06 17:48:09 tactiq-rock5a audit[740]: AVC avc:  denied  { relabelfrom } for  pid=740 comm="semodule" name="minissdpd" dev="mmcblk1p2" ino=10281 scontext=unconfined_u:unconfined_r:semanage_t:s0-s0:c0.c1023 tcontext=unconfined_u:object_r:semanage_store_t:s0 tclass=dir permissive=0
Aug 06 17:48:09 tactiq-rock5a audit[740]: AVC avc:  denied  { relabelfrom } for  pid=740 comm="semodule" name="lang_ext" dev="mmcblk1p2" ino=10286 scontext=unconfined_u:unconfined_r:semanage_t:s0-s0:c0.c1023 tcontext=unconfined_u:object_r:semanage_store_t:s0 tclass=file permissive=0
Aug 06 17:48:09 tactiq-rock5a audit[740]: AVC avc:  denied  { relabelfrom } for  pid=740 comm="semodule" name="cil" dev="mmcblk1p2" ino=10287 scontext=unconfined_u:unconfined_r:semanage_t:s0-s0:c0.c1023 tcontext=unconfined_u:object_r:semanage_store_t:s0 tclass=file permissive=0
Aug 06 17:48:09 tactiq-rock5a audit[740]: AVC avc:  denied  { relabelfrom } for  pid=740 comm="semodule" name="hll" dev="mmcblk1p2" ino=10288 scontext=unconfined_u:unconfined_r:semanage_t:s0-s0:c0.c1023 tcontext=unconfined_u:object_r:semanage_store_t:s0 tclass=file permissive=0
Aug 06 17:48:09 tactiq-rock5a audit[740]: AVC avc:  denied  { relabelfrom } for  pid=740 comm="semodule" name="gdomap" dev="mmcblk1p2" ino=10285 scontext=unconfined_u:unconfined_r:semanage_t:s0-s0:c0.c1023 tcontext=unconfined_u:object_r:semanage_store_t:s0 tclass=dir permissive=0
Aug 06 17:48:09 tactiq-rock5a audit[740]: AVC avc:  denied  { relabelfrom } for  pid=740 comm="semodule" name="lang_ext" dev="mmcblk1p2" ino=10290 scontext=unconfined_u:unconfined_r:semanage_t:s0-s0:c0.c1023 tcontext=unconfined_u:object_r:semanage_store_t:s0 tclass=file permissive=0
Aug 06 17:48:09 tactiq-rock5a audit[740]: AVC avc:  denied  { relabelfrom } for  pid=740 comm="semodule" name="cil" dev="mmcblk1p2" ino=10291 scontext=unconfined_u:unconfined_r:semanage_t:s0-s0:c0.c1023 tcontext=unconfined_u:object_r:semanage_store_t:s0 tclass=file permissive=0
Aug 06 17:48:09 tactiq-rock5a audit[740]: AVC avc:  denied  { relabelfrom } for  pid=740 comm="semodule" name="hll" dev="mmcblk1p2" ino=10292 scontext=unconfined_u:unconfined_r:semanage_t:s0-s0:c0.c1023 tcontext=unconfined_u:object_r:semanage_store_t:s0 tclass=file permissive=0
Aug 06 17:48:09 tactiq-rock5a audit[740]: AVC avc:  denied  { relabelfrom } for  pid=740 comm="semodule" name="rngd" dev="mmcblk1p2" ino=10289 scontext=unconfined_u:unconfined_r:semanage_t:s0-s0:c0.c1023 tcontext=unconfined_u:object_r:semanage_store_t:s0 tclass=dir permissive=0
Aug 06 17:48:09 tactiq-rock5a audit[740]: AVC avc:  denied  { relabelfrom } for  pid=740 comm="semodule" name="lang_ext" dev="mmcblk1p2" ino=10294 scontext=unconfined_u:unconfined_r:semanage_t:s0-s0:c0.c1023 tcontext=unconfined_u:object_r:semanage_store_t:s0 tclass=file permissive=0
Aug 06 17:48:09 tactiq-rock5a audit[740]: AVC avc:  denied  { relabelfrom } for  pid=740 comm="semodule" name="cil" dev="mmcblk1p2" ino=10295 scontext=unconfined_u:unconfined_r:semanage_t:s0-s0:c0.c1023 tcontext=unconfined_u:object_r:semanage_store_t:s0 tclass=file permissive=0
Aug 06 17:48:09 tactiq-rock5a audit[740]: AVC avc:  denied  { relabelfrom } for  pid=740 comm="semodule" name="hll" dev="mmcblk1p2" ino=10296 scontext=unconfined_u:unconfined_r:semanage_t:s0-s0:c0.c1023 tcontext=unconfined_u:object_r:semanage_store_t:s0 tclass=file permissive=0
Aug 06 17:48:09 tactiq-rock5a audit[740]: AVC avc:  denied  { relabelfrom } for  pid=740 comm="semodule" name="certbot" dev="mmcblk1p2" ino=10293 scontext=unconfined_u:unconfined_r:semanage_t:s0-s0:c0.c1023 tcontext=unconfined_u:object_r:semanage_store_t:s0 tclass=dir permissive=0
Aug 06 17:48:09 tactiq-rock5a audit[740]: AVC avc:  denied  { relabelfrom } for  pid=740 comm="semodule" name="lang_ext" dev="mmcblk1p2" ino=10298 scontext=unconfined_u:unconfined_r:semanage_t:s0-s0:c0.c1023 tcontext=unconfined_u:object_r:semanage_store_t:s0 tclass=file permissive=0
Aug 06 17:48:09 tactiq-rock5a audit[740]: AVC avc:  denied  { relabelfrom } for  pid=740 comm="semodule" name="cil" dev="mmcblk1p2" ino=10299 scontext=unconfined_u:unconfined_r:semanage_t:s0-s0:c0.c1023 tcontext=unconfined_u:object_r:semanage_store_t:s0 tclass=file permissive=0
Aug 06 17:48:09 tactiq-rock5a audit[740]: AVC avc:  denied  { relabelfrom } for  pid=740 comm="semodule" name="hll" dev="mmcblk1p2" ino=10300 scontext=unconfined_u:unconfined_r:semanage_t:s0-s0:c0.c1023 tcontext=unconfined_u:object_r:semanage_store_t:s0 tclass=file permissive=0
Aug 06 17:48:09 tactiq-rock5a audit[740]: AVC avc:  denied  { relabelfrom } for  pid=740 comm="semodule" name="irc" dev="mmcblk1p2" ino=10297 scontext=unconfined_u:unconfined_r:semanage_t:s0-s0:c0.c1023 tcontext=unconfined_u:object_r:semanage_store_t:s0 tclass=dir permissive=0
Aug 06 17:48:09 tactiq-rock5a audit[740]: AVC avc:  denied  { relabelfrom } for  pid=740 comm="semodule" name="lang_ext" dev="mmcblk1p2" ino=10302 scontext=unconfined_u:unconfined_r:semanage_t:s0-s0:c0.c1023 tcontext=unconfined_u:object_r:semanage_store_t:s0 tclass=file permissive=0
Aug 06 17:48:09 tactiq-rock5a audit[740]: AVC avc:  denied  { relabelfrom } for  pid=740 comm="semodule" name="cil" dev="mmcblk1p2" ino=10303 scontext=unconfined_u:unconfined_r:semanage_t:s0-s0:c0.c1023 tcontext=unconfined_u:object_r:semanage_store_t:s0 tclass=file permissive=0
Aug 06 17:48:09 tactiq-rock5a audit[740]: AVC avc:  denied  { relabelfrom } for  pid=740 comm="semodule" name="hll" dev="mmcblk1p2" ino=10304 scontext=unconfined_u:unconfined_r:semanage_t:s0-s0:c0.c1023 tcontext=unconfined_u:object_r:semanage_store_t:s0 tclass=file permissive=0
Aug 06 17:48:09 tactiq-rock5a audit[740]: AVC avc:  denied  { relabelfrom } for  pid=740 comm="semodule" name="arpwatch" dev="mmcblk1p2" ino=10301 scontext=unconfined_u:unconfined_r:semanage_t:s0-s0:c0.c1023 tcontext=unconfined_u:object_r:semanage_store_t:s0 tclass=dir permissive=0
Aug 06 17:48:09 tactiq-rock5a audit[740]: AVC avc:  denied  { relabelfrom } for  pid=740 comm="semodule" name="lang_ext" dev="mmcblk1p2" ino=10306 scontext=unconfined_u:unconfined_r:semanage_t:s0-s0:c0.c1023 tcontext=unconfined_u:object_r:semanage_store_t:s0 tclass=file permissive=0
Aug 06 17:48:09 tactiq-rock5a audit[740]: AVC avc:  denied  { relabelfrom } for  pid=740 comm="semodule" name="cil" dev="mmcblk1p2" ino=10307 scontext=unconfined_u:unconfined_r:semanage_t:s0-s0:c0.c1023 tcontext=unconfined_u:object_r:semanage_store_t:s0 tclass=file permissive=0
Aug 06 17:48:09 tactiq-rock5a audit[740]: AVC avc:  denied  { relabelfrom } for  pid=740 comm="semodule" name="hll" dev="mmcblk1p2" ino=10308 scontext=unconfined_u:unconfined_r:semanage_t:s0-s0:c0.c1023 tcontext=unconfined_u:object_r:semanage_store_t:s0 tclass=file permissive=0
Aug 06 17:48:09 tactiq-rock5a audit[740]: AVC avc:  denied  { relabelfrom } for  pid=740 comm="semodule" name="guest" dev="mmcblk1p2" ino=10305 scontext=unconfined_u:unconfined_r:semanage_t:s0-s0:c0.c1023 tcontext=unconfined_u:object_r:semanage_store_t:s0 tclass=dir permissive=0
Aug 06 17:48:09 tactiq-rock5a audit[740]: AVC avc:  denied  { relabelfrom } for  pid=740 comm="semodule" name="lang_ext" dev="mmcblk1p2" ino=10310 scontext=unconfined_u:unconfined_r:semanage_t:s0-s0:c0.c1023 tcontext=unconfined_u:object_r:semanage_store_t:s0 tclass=file permissive=0
Aug 06 17:48:09 tactiq-rock5a audit[740]: AVC avc:  denied  { relabelfrom } for  pid=740 comm="semodule" name="cil" dev="mmcblk1p2" ino=10311 scontext=unconfined_u:unconfined_r:semanage_t:s0-s0:c0.c1023 tcontext=unconfined_u:object_r:semanage_store_t:s0 tclass=file permissive=0
Aug 06 17:48:09 tactiq-rock5a audit[740]: AVC avc:  denied  { relabelfrom } for  pid=740 comm="semodule" name="hll" dev="mmcblk1p2" ino=10312 scontext=unconfined_u:unconfined_r:semanage_t:s0-s0:c0.c1023 tcontext=unconfined_u:object_r:semanage_store_t:s0 tclass=file permissive=0
Aug 06 17:48:09 tactiq-rock5a audit[740]: AVC avc:  denied  { relabelfrom } for  pid=740 comm="semodule" name="unconfined" dev="mmcblk1p2" ino=10309 scontext=unconfined_u:unconfined_r:semanage_t:s0-s0:c0.c1023 tcontext=unconfined_u:object_r:semanage_store_t:s0 tclass=dir permissive=0
Aug 06 17:48:09 tactiq-rock5a audit[740]: AVC avc:  denied  { relabelfrom } for  pid=740 comm="semodule" name="lang_ext" dev="mmcblk1p2" ino=10314 scontext=unconfined_u:unconfined_r:semanage_t:s0-s0:c0.c1023 tcontext=unconfined_u:object_r:semanage_store_t:s0 tclass=file permissive=0
Aug 06 17:48:09 tactiq-rock5a audit[740]: AVC avc:  denied  { relabelfrom } for  pid=740 comm="semodule" name="cil" dev="mmcblk1p2" ino=10315 scontext=unconfined_u:unconfined_r:semanage_t:s0-s0:c0.c1023 tcontext=unconfined_u:object_r:semanage_store_t:s0 tclass=file permissive=0
Aug 06 17:48:09 tactiq-rock5a audit[740]: AVC avc:  denied  { relabelfrom } for  pid=740 comm="semodule" name="hll" dev="mmcblk1p2" ino=10316 scontext=unconfined_u:unconfined_r:semanage_t:s0-s0:c0.c1023 tcontext=unconfined_u:object_r:semanage_store_t:s0 tclass=file permissive=0
Aug 06 17:48:09 tactiq-rock5a audit[740]: AVC avc:  denied  { relabelfrom } for  pid=740 comm="semodule" name="ipsec" dev="mmcblk1p2" ino=10313 scontext=unconfined_u:unconfined_r:semanage_t:s0-s0:c0.c1023 tcontext=unconfined_u:object_r:semanage_store_t:s0 tclass=dir permissive=0
Aug 06 17:48:09 tactiq-rock5a audit[740]: AVC avc:  denied  { relabelfrom } for  pid=740 comm="semodule" name="lang_ext" dev="mmcblk1p2" ino=10318 scontext=unconfined_u:unconfined_r:semanage_t:s0-s0:c0.c1023 tcontext=unconfined_u:object_r:semanage_store_t:s0 tclass=file permissive=0
Aug 06 17:48:09 tactiq-rock5a audit[740]: AVC avc:  denied  { relabelfrom } for  pid=740 comm="semodule" name="cil" dev="mmcblk1p2" ino=10319 scontext=unconfined_u:unconfined_r:semanage_t:s0-s0:c0.c1023 tcontext=unconfined_u:object_r:semanage_store_t:s0 tclass=file permissive=0
Aug 06 17:48:09 tactiq-rock5a audit[740]: AVC avc:  denied  { relabelfrom } for  pid=740 comm="semodule" name="hll" dev="mmcblk1p2" ino=10320 scontext=unconfined_u:unconfined_r:semanage_t:s0-s0:c0.c1023 tcontext=unconfined_u:object_r:semanage_store_t:s0 tclass=file permissive=0
Aug 06 17:48:09 tactiq-rock5a audit[740]: AVC avc:  denied  { relabelfrom } for  pid=740 comm="semodule" name="prelude" dev="mmcblk1p2" ino=10317 scontext=unconfined_u:unconfined_r:semanage_t:s0-s0:c0.c1023 tcontext=unconfined_u:object_r:semanage_store_t:s0 tclass=dir permissive=0
Aug 06 17:48:09 tactiq-rock5a audit[740]: AVC avc:  denied  { relabelfrom } for  pid=740 comm="semodule" name="lang_ext" dev="mmcblk1p2" ino=10322 scontext=unconfined_u:unconfined_r:semanage_t:s0-s0:c0.c1023 tcontext=unconfined_u:object_r:semanage_store_t:s0 tclass=file permissive=0
Aug 06 17:48:09 tactiq-rock5a audit[740]: AVC avc:  denied  { relabelfrom } for  pid=740 comm="semodule" name="cil" dev="mmcblk1p2" ino=10323 scontext=unconfined_u:unconfined_r:semanage_t:s0-s0:c0.c1023 tcontext=unconfined_u:object_r:semanage_store_t:s0 tclass=file permissive=0
Aug 06 17:48:09 tactiq-rock5a audit[740]: AVC avc:  denied  { relabelfrom } for  pid=740 comm="semodule" name="hll" dev="mmcblk1p2" ino=10324 scontext=unconfined_u:unconfined_r:semanage_t:s0-s0:c0.c1023 tcontext=unconfined_u:object_r:semanage_store_t:s0 tclass=file permissive=0
Aug 06 17:48:09 tactiq-rock5a audit[740]: AVC avc:  denied  { relabelfrom } for  pid=740 comm="semodule" name="usbguard" dev="mmcblk1p2" ino=10321 scontext=unconfined_u:unconfined_r:semanage_t:s0-s0:c0.c1023 tcontext=unconfined_u:object_r:semanage_store_t:s0 tclass=dir permissive=0
Aug 06 17:48:09 tactiq-rock5a audit[740]: AVC avc:  denied  { relabelfrom } for  pid=740 comm="semodule" name="lang_ext" dev="mmcblk1p2" ino=10326 scontext=unconfined_u:unconfined_r:semanage_t:s0-s0:c0.c1023 tcontext=unconfined_u:object_r:semanage_store_t:s0 tclass=file permissive=0
Aug 06 17:48:09 tactiq-rock5a audit[740]: AVC avc:  denied  { relabelfrom } for  pid=740 comm="semodule" name="cil" dev="mmcblk1p2" ino=10327 scontext=unconfined_u:unconfined_r:semanage_t:s0-s0:c0.c1023 tcontext=unconfined_u:object_r:semanage_store_t:s0 tclass=file permissive=0
Aug 06 17:48:09 tactiq-rock5a audit[740]: AVC avc:  denied  { relabelfrom } for  pid=740 comm="semodule" name="hll" dev="mmcblk1p2" ino=10328 scontext=unconfined_u:unconfined_r:semanage_t:s0-s0:c0.c1023 tcontext=unconfined_u:object_r:semanage_store_t:s0 tclass=file permissive=0
Aug 06 17:48:09 tactiq-rock5a audit[740]: AVC avc:  denied  { relabelfrom } for  pid=740 comm="semodule" name="wireshark" dev="mmcblk1p2" ino=10325 scontext=unconfined_u:unconfined_r:semanage_t:s0-s0:c0.c1023 tcontext=unconfined_u:object_r:semanage_store_t:s0 tclass=dir permissive=0
Aug 06 17:48:09 tactiq-rock5a audit[740]: AVC avc:  denied  { relabelfrom } for  pid=740 comm="semodule" name="lang_ext" dev="mmcblk1p2" ino=10330 scontext=unconfined_u:unconfined_r:semanage_t:s0-s0:c0.c1023 tcontext=unconfined_u:object_r:semanage_store_t:s0 tclass=file permissive=0
Aug 06 17:48:09 tactiq-rock5a audit[740]: AVC avc:  denied  { relabelfrom } for  pid=740 comm="semodule" name="cil" dev="mmcblk1p2" ino=10331 scontext=unconfined_u:unconfined_r:semanage_t:s0-s0:c0.c1023 tcontext=unconfined_u:object_r:semanage_store_t:s0 tclass=file permissive=0
Aug 06 17:48:09 tactiq-rock5a audit[740]: AVC avc:  denied  { relabelfrom } for  pid=740 comm="semodule" name="hll" dev="mmcblk1p2" ino=10332 scontext=unconfined_u:unconfined_r:semanage_t:s0-s0:c0.c1023 tcontext=unconfined_u:object_r:semanage_store_t:s0 tclass=file permissive=0
Aug 06 17:48:09 tactiq-rock5a audit[740]: AVC avc:  denied  { relabelfrom } for  pid=740 comm="semodule" name="qemu" dev="mmcblk1p2" ino=10329 scontext=unconfined_u:unconfined_r:semanage_t:s0-s0:c0.c1023 tcontext=unconfined_u:object_r:semanage_store_t:s0 tclass=dir permissive=0
Aug 06 17:48:09 tactiq-rock5a audit[740]: AVC avc:  denied  { relabelfrom } for  pid=740 comm="semodule" name="lang_ext" dev="mmcblk1p2" ino=10334 scontext=unconfined_u:unconfined_r:semanage_t:s0-s0:c0.c1023 tcontext=unconfined_u:object_r:semanage_store_t:s0 tclass=file permissive=0
Aug 06 17:48:09 tactiq-rock5a audit[740]: AVC avc:  denied  { relabelfrom } for  pid=740 comm="semodule" name="cil" dev="mmcblk1p2" ino=10335 scontext=unconfined_u:unconfined_r:semanage_t:s0-s0:c0.c1023 tcontext=unconfined_u:object_r:semanage_store_t:s0 tclass=file permissive=0
Aug 06 17:48:09 tactiq-rock5a audit[740]: AVC avc:  denied  { relabelfrom } for  pid=740 comm="semodule" name="hll" dev="mmcblk1p2" ino=10336 scontext=unconfined_u:unconfined_r:semanage_t:s0-s0:c0.c1023 tcontext=unconfined_u:object_r:semanage_store_t:s0 tclass=file permissive=0
Aug 06 17:48:09 tactiq-rock5a audit[740]: AVC avc:  denied  { relabelfrom } for  pid=740 comm="semodule" name="comsat" dev="mmcblk1p2" ino=10333 scontext=unconfined_u:unconfined_r:semanage_t:s0-s0:c0.c1023 tcontext=unconfined_u:object_r:semanage_store_t:s0 tclass=dir permissive=0
Aug 06 17:48:09 tactiq-rock5a audit[740]: AVC avc:  denied  { relabelfrom } for  pid=740 comm="semodule" name="100" dev="mmcblk1p2" ino=8624 scontext=unconfined_u:unconfined_r:semanage_t:s0-s0:c0.c1023 tcontext=unconfined_u:object_r:semanage_store_t:s0 tclass=dir permissive=0
Aug 06 17:48:09 tactiq-rock5a audit[740]: AVC avc:  denied  { relabelfrom } for  pid=740 comm="semodule" name="modules" dev="mmcblk1p2" ino=8623 scontext=unconfined_u:unconfined_r:semanage_t:s0-s0:c0.c1023 tcontext=unconfined_u:object_r:semanage_store_t:s0 tclass=dir permissive=0
Aug 06 17:48:09 tactiq-rock5a audit[740]: AVC avc:  denied  { relabelfrom } for  pid=740 comm="semodule" name="targeted" dev="mmcblk1p2" ino=10337 scontext=unconfined_u:unconfined_r:semanage_t:s0-s0:c0.c1023 tcontext=unconfined_u:object_r:semanage_store_t:s0 tclass=dir permissive=0
Aug 06 17:48:09 tactiq-rock5a audit[740]: AVC avc:  denied  { relabelfrom } for  pid=740 comm="semodule" name="contexts" dev="mmcblk1p2" ino=10339 scontext=unconfined_u:unconfined_r:semanage_t:s0-s0:c0.c1023 tcontext=unconfined_u:object_r:semanage_store_t:s0 tclass=dir permissive=0
Aug 06 17:48:09 tactiq-rock5a audit[740]: AVC avc:  denied  { relabelfrom } for  pid=740 comm="semodule" name="files" dev="mmcblk1p2" ino=10340 scontext=unconfined_u:unconfined_r:semanage_t:s0-s0:c0.c1023 tcontext=unconfined_u:object_r:semanage_store_t:s0 tclass=dir permissive=0
Aug 06 17:48:09 tactiq-rock5a audit[740]: AVC avc:  denied  { relabelfrom } for  pid=740 comm="semodule" name="policy" dev="mmcblk1p2" ino=10341 scontext=unconfined_u:unconfined_r:semanage_t:s0-s0:c0.c1023 tcontext=unconfined_u:object_r:semanage_store_t:s0 tclass=dir permissive=0
Aug 06 17:48:09 tactiq-rock5a audit[740]: AVC avc:  denied  { relabelfrom } for  pid=740 comm="semodule" name="400" dev="mmcblk1p2" ino=10342 scontext=unconfined_u:unconfined_r:semanage_t:s0-s0:c0.c1023 tcontext=unconfined_u:object_r:semanage_store_t:s0 tclass=dir permissive=0
Aug 06 17:48:09 tactiq-rock5a audit[740]: AVC avc:  denied  { relabelfrom } for  pid=740 comm="semodule" name="hookshell" dev="mmcblk1p2" ino=10343 scontext=unconfined_u:unconfined_r:semanage_t:s0-s0:c0.c1023 tcontext=unconfined_u:object_r:semanage_store_t:s0 tclass=dir permissive=0
Aug 06 17:48:09 tactiq-rock5a audit[740]: AVC avc:  denied  { relabelfrom } for  pid=740 comm="semodule" name="disabled" dev="mmcblk1p2" ino=10345 scontext=unconfined_u:unconfined_r:semanage_t:s0-s0:c0.c1023 tcontext=unconfined_u:object_r:semanage_store_t:s0 tclass=dir permissive=0
Aug 06 17:48:17 tactiq-rock5a audit[740]: AVC avc:  denied  { relabelfrom } for  pid=740 comm="semodule" name="policy.35" dev="mmcblk1p2" ino=10347 scontext=unconfined_u:unconfined_r:semanage_t:s0-s0:c0.c1023 tcontext=unconfined_u:object_r:semanage_store_t:s0 tclass=file permissive=0
Aug 06 17:48:17 tactiq-rock5a audit[740]: AVC avc:  denied  { relabelfrom } for  pid=740 comm="semodule" name="file_contexts" dev="mmcblk1p2" ino=10348 scontext=unconfined_u:unconfined_r:semanage_t:s0-s0:c0.c1023 tcontext=unconfined_u:object_r:semanage_store_t:s0 tclass=file permissive=0
Aug 06 17:48:17 tactiq-rock5a audit[740]: AVC avc:  denied  { relabelfrom } for  pid=740 comm="semodule" name="seusers" dev="mmcblk1p2" ino=10349 scontext=unconfined_u:unconfined_r:semanage_t:s0-s0:c0.c1023 tcontext=unconfined_u:object_r:semanage_store_t:s0 tclass=file permissive=0
Aug 06 17:48:17 tactiq-rock5a audit[740]: AVC avc:  denied  { relabelfrom } for  pid=740 comm="semodule" name="file_contexts.homedirs" dev="mmcblk1p2" ino=10350 scontext=unconfined_u:unconfined_r:semanage_t:s0-s0:c0.c1023 tcontext=unconfined_u:object_r:semanage_store_t:s0 tclass=file permissive=0
Aug 06 17:48:17 tactiq-rock5a audit[740]: AVC avc:  denied  { relabelfrom } for  pid=740 comm="semodule" name="file_contexts.bin" dev="mmcblk1p2" ino=10351 scontext=unconfined_u:unconfined_r:semanage_t:s0-s0:c0.c1023 tcontext=unconfined_u:object_r:semanage_store_t:s0 tclass=file permissive=0
Aug 06 17:48:17 tactiq-rock5a audit[740]: AVC avc:  denied  { relabelfrom } for  pid=740 comm="semodule" name="file_contexts.homedirs.bin" dev="mmcblk1p2" ino=10352 scontext=unconfined_u:unconfined_r:semanage_t:s0-s0:c0.c1023 tcontext=unconfined_u:object_r:semanage_store_t:s0 tclass=file permissive=0
Aug 06 17:48:18 tactiq-rock5a audit[740]: AVC avc:  denied  { relabelfrom } for  pid=740 comm="semodule" name="file_contexts" dev="mmcblk1p2" ino=10354 scontext=unconfined_u:unconfined_r:semanage_t:s0-s0:c0.c1023 tcontext=unconfined_u:object_r:file_context_t:s0 tclass=file permissive=0
Aug 06 17:48:18 tactiq-rock5a audit[740]: AVC avc:  denied  { relabelfrom } for  pid=740 comm="semodule" name="file_contexts.bin" dev="mmcblk1p2" ino=10355 scontext=unconfined_u:unconfined_r:semanage_t:s0-s0:c0.c1023 tcontext=unconfined_u:object_r:file_context_t:s0 tclass=file permissive=0
Aug 06 17:48:18 tactiq-rock5a audit[740]: AVC avc:  denied  { relabelfrom } for  pid=740 comm="semodule" name="file_contexts.homedirs" dev="mmcblk1p2" ino=10356 scontext=unconfined_u:unconfined_r:semanage_t:s0-s0:c0.c1023 tcontext=unconfined_u:object_r:file_context_t:s0 tclass=file permissive=0
Aug 06 17:48:18 tactiq-rock5a audit[740]: AVC avc:  denied  { relabelfrom } for  pid=740 comm="semodule" name="file_contexts.homedirs.bin" dev="mmcblk1p2" ino=159 scontext=unconfined_u:unconfined_r:semanage_t:s0-s0:c0.c1023 tcontext=unconfined_u:object_r:file_context_t:s0 tclass=file permissive=0
Aug 06 17:48:18 tactiq-rock5a audit[740]: AVC avc:  denied  { relabelfrom } for  pid=740 comm="semodule" name="policy.35" dev="mmcblk1p2" ino=10359 scontext=unconfined_u:unconfined_r:semanage_t:s0-s0:c0.c1023 tcontext=unconfined_u:object_r:policy_config_t:s0 tclass=file permissive=0
Aug 06 17:48:18 tactiq-rock5a audit[740]: AVC avc:  denied  { relabelfrom } for  pid=740 comm="semodule" name="seusers" dev="mmcblk1p2" ino=132 scontext=unconfined_u:unconfined_r:semanage_t:s0-s0:c0.c1023 tcontext=unconfined_u:object_r:selinux_config_t:s0 tclass=file permissive=0
Aug 06 17:48:18 tactiq-rock5a audit[740]: AVC avc:  denied  { relabelfrom } for  pid=740 comm="semodule" name="file_contexts" dev="mmcblk1p2" ino=10358 scontext=unconfined_u:unconfined_r:semanage_t:s0-s0:c0.c1023 tcontext=unconfined_u:object_r:file_context_t:s0 tclass=file permissive=0
Aug 06 17:48:18 tactiq-rock5a audit[740]: AVC avc:  denied  { relabelfrom } for  pid=740 comm="semodule" name="file_contexts.bin" dev="mmcblk1p2" ino=10354 scontext=unconfined_u:unconfined_r:semanage_t:s0-s0:c0.c1023 tcontext=unconfined_u:object_r:file_context_t:s0 tclass=file permissive=0
Aug 06 17:48:18 tactiq-rock5a audit[740]: AVC avc:  denied  { relabelfrom } for  pid=740 comm="semodule" name="file_contexts.homedirs" dev="mmcblk1p2" ino=10355 scontext=unconfined_u:unconfined_r:semanage_t:s0-s0:c0.c1023 tcontext=unconfined_u:object_r:file_context_t:s0 tclass=file permissive=0
Aug 06 17:48:18 tactiq-rock5a audit[740]: AVC avc:  denied  { relabelfrom } for  pid=740 comm="semodule" name="file_contexts.homedirs.bin" dev="mmcblk1p2" ino=10356 scontext=unconfined_u:unconfined_r:semanage_t:s0-s0:c0.c1023 tcontext=unconfined_u:object_r:file_context_t:s0 tclass=file permissive=0
Aug 06 17:48:18 tactiq-rock5a audit[740]: AVC avc:  denied  { relabelfrom } for  pid=740 comm="semodule" name="policy.35" dev="mmcblk1p2" ino=159 scontext=unconfined_u:unconfined_r:semanage_t:s0-s0:c0.c1023 tcontext=unconfined_u:object_r:policy_config_t:s0 tclass=file permissive=0
Aug 06 17:48:18 tactiq-rock5a audit[740]: AVC avc:  denied  { relabelfrom } for  pid=740 comm="semodule" name="seusers" dev="mmcblk1p2" ino=10359 scontext=unconfined_u:unconfined_r:semanage_t:s0-s0:c0.c1023 tcontext=unconfined_u:object_r:selinux_config_t:s0 tclass=file permissive=0
Aug 06 17:50:39 tactiq-rock5a audit[767]: AVC avc:  denied  { getattr } for  pid=767 comm="(udev-worker)" path="/var/lib/tactiq/rauc/bundles/hooktest.raucb" dev="mmcblk1p2" ino=8492 scontext=system_u:system_r:udev_t:s0 tcontext=system_u:object_r:tactiq_rauc_bundle_t:s0 tclass=file permissive=0
Aug 06 17:50:39 tactiq-rock5a audit[771]: AVC avc:  denied  { execute } for  pid=771 comm="installer" name="hook" dev="dm-0" ino=1 scontext=system_u:system_r:tactiq_rauc_t:s0 tcontext=system_u:object_r:tactiq_squashfs_t:s0 tclass=file permissive=0
Aug 06 17:50:39 tactiq-rock5a audit[772]: AVC avc:  denied  { getattr } for  pid=772 comm="(udev-worker)" path="/var/lib/tactiq/rauc/bundles/hooktest.raucb" dev="mmcblk1p2" ino=8492 scontext=system_u:system_r:udev_t:s0 tcontext=system_u:object_r:tactiq_rauc_bundle_t:s0 tclass=file permissive=0
Aug 06 17:50:39 tactiq-rock5a audit: EXECVE argc=3 a0="/usr/bin/busybox.nosuid" a1="/bin/grep" a2="AVC"
--- combined cil:
(allow tactiq_rauc_t tactiq_squashfs_t (file (execute execute_no_trans)))
(allow tactiq_rauc_t shell_exec_t (file (execute execute_no_trans open read getattr ioctl map)))
0+1 records in
0+1 records out
load rc=0
--- policy now:
allow tactiq_rauc_t tactiq_squashfs_t:file { execute execute_no_trans getattr ioctl lock open read };
allow tactiq_rauc_t shell_exec_t:file { execute execute_no_trans getattr ioctl map open read };
--- install with both rules:
installing
  0% Installing
  0% Determining slot states
 10% Determining slot states done.
 10% Checking bundle
 10% Verifying signature
 20% Verifying signature done.
 20% Checking bundle done.
 20% Checking manifest contents
 30% Checking manifest contents done.
 30% Determining target install group
 40% Determining target install group done.
100% Installing failed.
LastError: Bundle rejected: Hook returned: 'HOOK RAN: install-check'
Installing `/var/lib/tactiq/rauc/bundles/hooktest.raucb` failed
rc=1
--- avc from installer only:
Aug 06 17:50:39 tactiq-rock5a audit[771]: AVC avc:  denied  { execute } for  pid=771 comm="installer" name="hook" dev="dm-0" ino=1 scontext=system_u:system_r:tactiq_rauc_t:s0 tcontext=system_u:object_r:tactiq_squashfs_t:s0 tclass=file permissive=0
--- final policy state:
allow tactiq_rauc_t tactiq_squashfs_t:file { execute execute_no_trans getattr ioctl lock open read };
allow tactiq_rauc_t shell_exec_t:file { execute execute_no_trans getattr ioctl map open read };
--- rauc status:
=== System Info ===
Compatible:  TactiQ OS Rock5A
Variant:     
Booted from: rootfs.0 (A)

=== Bootloader ===
Activated: rootfs.0 (A)

=== Slot States ===
o [1m[rootfs.1][0m (/dev/disk/by-partlabel/rootfs_b, ext4, inactive[0m)
      bootname: [34mB[0m
      boot status: [32mgood[0m
    [1m[boot.1][0m (/dev/disk/by-partlabel/boot_b, ext4, inactive[0m)

[1mx[0m [32m[32m[1m[rootfs.0][0m (/dev/disk/by-partlabel/rootfs_a, ext4, [1mbooted[0m)
      bootname: [34mA[0m
      boot status: [32mgood[0m
    [32m[1m[boot.0][0m (/dev/disk/by-partlabel/boot_a, ext4, active[0m)
=== end 2026-08-06T17:53:36Z ===
