[    0.153535] /vop@fdd90000: Fixed dependency cycle(s) with /hdmi@fde80000
[    0.154219] /hdmi@fde80000: Fixed dependency cycle(s) with /vop@fdd90000
[    0.163764] /pcie@fe180000: Fixed dependency cycle(s) with /pcie@fe180000/legacy-interrupt-controller
[    0.165087] /pcie@fe190000: Fixed dependency cycle(s) with /pcie@fe190000/legacy-interrupt-controller
[    0.168434] /i2c@feac0000/usb-typec@22/connector: Fixed dependency cycle(s) with /usb@fc000000
[    0.172022] /i2c@fec90000/audio-codec@11: Fixed dependency cycle(s) with /i2s@fe470000
[    0.173743] /i2c@feac0000/usb-typec@22/connector: Fixed dependency cycle(s) with /phy@fed80000
[    0.174603] /usb@fc000000: Fixed dependency cycle(s) with /phy@fed80000
[    0.175250] /phy@fed80000: Fixed dependency cycle(s) with /i2c@feac0000/usb-typec@22/connector
[    0.179703] gpio gpiochip0: Static allocation of GPIO base is deprecated, use dynamic allocation.
[    0.181086] rockchip-gpio fd8a0000.gpio: probed /pinctrl/gpio@fd8a0000
[    0.181948] gpio gpiochip1: Static allocation of GPIO base is deprecated, use dynamic allocation.
[    0.182940] rockchip-gpio fec20000.gpio: probed /pinctrl/gpio@fec20000
[    0.183787] gpio gpiochip2: Static allocation of GPIO base is deprecated, use dynamic allocation.
[    0.184750] rockchip-gpio fec30000.gpio: probed /pinctrl/gpio@fec30000
[    0.185654] gpio gpiochip3: Static allocation of GPIO base is deprecated, use dynamic allocation.
[    0.186612] rockchip-gpio fec40000.gpio: probed /pinctrl/gpio@fec40000
[    0.187526] gpio gpiochip4: Static allocation of GPIO base is deprecated, use dynamic allocation.
[    0.188550] rockchip-gpio fec50000.gpio: probed /pinctrl/gpio@fec50000
[    0.192201] /vop@fdd90000: Fixed dependency cycle(s) with /hdmi@fdea0000
[    0.192894] /hdmi@fdea0000: Fixed dependency cycle(s) with /vop@fdd90000
[    0.194579] /pcie@fe150000: Fixed dependency cycle(s) with /pcie@fe150000/legacy-interrupt-controller
[    0.195958] /pcie@fe160000: Fixed dependency cycle(s) with /pcie@fe160000/legacy-interrupt-controller
[    0.197355] /pcie@fe170000: Fixed dependency cycle(s) with /pcie@fe170000/legacy-interrupt-controller
[    0.199563] /hdmi@fde80000: Fixed dependency cycle(s) with /hdmi0-con
[    0.200209] /hdmi0-con: Fixed dependency cycle(s) with /hdmi@fde80000
[    0.201022] /hdmi@fdea0000: Fixed dependency cycle(s) with /hdmi1-con
[    0.201659] /hdmi1-con: Fixed dependency cycle(s) with /hdmi@fdea0000
[    0.211462] HugeTLB: registered 1.00 GiB page size, pre-allocated 0 pages
[    0.212104] HugeTLB: 0 KiB vmemmap can be freed for a 1.00 GiB page
[    0.212694] HugeTLB: registered 32.0 MiB page size, pre-allocated 0 pages
[    0.213332] HugeTLB: 0 KiB vmemmap can be freed for a 32.0 MiB page
[    0.213921] HugeTLB: registered 2.00 MiB page size, pre-allocated 0 pages
[    0.214565] HugeTLB: 0 KiB vmemmap can be freed for a 2.00 MiB page
[    0.215154] HugeTLB: registered 64.0 KiB page size, pre-allocated 0 pages
[    0.215791] HugeTLB: 0 KiB vmemmap can be freed for a 64.0 KiB page
[    0.223636] ACPI: Interpreter disabled.
[    0.227836] iommu: Default domain type: Translated
[    0.228292] iommu: DMA domain TLB invalidation policy: strict mode
[    0.229338] SCSI subsystem initialized
[    0.229965] usbcore: registered new interface driver usbfs
[    0.230496] usbcore: registered new interface driver hub
[    0.231017] usbcore: registered new device driver usb
[    0.232821] mc: Linux media interface: v0.10
[    0.233244] videodev: Linux video capture interface: v2.00
[    0.233796] pps_core: LinuxPPS API ver. 1 registered
[    0.234263] pps_core: Software ver. 5.3.6 - Copyright 2005-2007 Rodolfo Giometti <giometti@linux.it>
[    0.235132] PTP clock support registered
[    0.235619] EDAC MC: Ver: 3.0.0
[    0.236348] scmi_core: SCMI protocol bus registered
[    0.237987] FPGA manager framework
[    0.239078] vgaarb: loaded
[    0.239733] clocksource: Switched to clocksource arch_sys_counter
[    0.241940] VFS: Disk quotas dquot_6.6.0
[    0.242463] VFS: Dquot-cache hash table entries: 512 (order 0, 4096 bytes)
[    0.243683] pnp: PnP ACPI: disabled
[    0.251437] NET: Registered PF_INET protocol family
[    0.252108] IP idents hash table entries: 131072 (order: 8, 1048576 bytes, linear)
[    0.258134] tcp_listen_portaddr_hash hash table entries: 4096 (order: 4, 65536 bytes, linear)
[    0.259052] Table-perturb hash table entries: 65536 (order: 6, 262144 bytes, linear)
[    0.259854] TCP established hash table entries: 65536 (order: 7, 524288 bytes, linear)
[    0.261310] TCP bind hash table entries: 65536 (order: 9, 2097152 bytes, linear)
[    0.263892] TCP: Hash tables configured (established 65536 bind 65536)
[    0.264604] UDP hash table entries: 4096 (order: 6, 262144 bytes, linear)
[    0.265571] UDP-Lite hash table entries: 4096 (order: 6, 262144 bytes, linear)
[    0.266843] NET: Registered PF_UNIX/PF_LOCAL protocol family
[    0.267402] PCI: CLS 0 bytes, default 64
[    0.269115] Initialise system trusted keyrings
[    0.269717] workingset: timestamp_bits=42 max_order=21 bucket_order=0
[    0.275144] squashfs: version 4.0 (2009/01/31) Phillip Lougher
[    0.276358] 9p: Installing v9fs 9p2000 file system support
[    0.315891] Key type asymmetric registered
[    0.316282] Asymmetric key parser 'x509' registered
[    0.316741] Asymmetric key parser 'pkcs8' registered
[    0.317388] Block layer SCSI generic (bsg) driver version 0.4 loaded (major 243)
[    0.318084] io scheduler mq-deadline registered
[    0.318511] io scheduler kyber registered
[    0.319023] io scheduler bfq registered
[    0.342746] ledtrig-cpu: registered to indicate activity on CPUs
[    0.371230] dma-pl330 fea10000.dma-controller: Loaded driver for PL330 DMAC-241330
[    0.371970] dma-pl330 fea10000.dma-controller:       DBUFF-128x8bytes Num_Chans-8 Num_Peri-32 Num_Events-16
[    0.373738] dma-pl330 fea30000.dma-controller: Loaded driver for PL330 DMAC-241330
[    0.374453] dma-pl330 fea30000.dma-controller:       DBUFF-128x8bytes Num_Chans-8 Num_Peri-32 Num_Events-16
[    0.376366] dma-pl330 fed10000.dma-controller: Loaded driver for PL330 DMAC-241330
[    0.377082] dma-pl330 fed10000.dma-controller:       DBUFF-128x8bytes Num_Chans-8 Num_Peri-32 Num_Events-16
[    0.393434] Serial: 8250/16550 driver, 4 ports, IRQ sharing enabled
[    0.395940] printk: legacy console [ttyS2] disabled
[    0.396589] feb50000.serial: ttyS2 at MMIO 0xfeb50000 (irq = 41, base_baud = 1500000) is a 16550A
[    0.397481] printk: legacy console [ttyS2] enabled
[    0.397481] printk: legacy console [ttyS2] enabled
[    0.398351] printk: legacy bootconsole [uart0] disabled
[    0.398351] printk: legacy bootconsole [uart0] disabled
[    0.405971] msm_serial: driver initialized
[    0.406845] SuperH (H)SCI(F) driver initialized
[    0.407598] STM32 USART driver initialized
[    0.411616] arm-smmu-v3 fc900000.iommu: ias 48-bit, oas 48-bit (features 0x001c1eaf)
[    0.412826] arm-smmu-v3 fc900000.iommu: allocated 65536 entries for cmdq
[    0.414029] arm-smmu-v3 fc900000.iommu: allocated 32768 entries for evtq
[    0.415071] arm-smmu-v3 fc900000.iommu: msi_domain absent - falling back to wired irqs
[    0.417106] rockchip-pm-domain fd8d8000.power-management:power-controller: Failed to enable supply: -517
[    0.417977] rockchip-pm-domain fd8d8000.power-management:power-controller: Failed to enable supply: -517
[    0.418836] rockchip-pm-domain fd8d8000.power-management:power-controller: Failed to enable supply: -517
[    0.420169] platform fdb50000.video-codec: Adding to iommu group 0
[    0.421525] platform fdba0000.video-codec: Adding to iommu group 1
[    0.422980] platform fdba4000.video-codec: Adding to iommu group 2
[    0.424445] platform fdba8000.video-codec: Adding to iommu group 3
[    0.425873] platform fdbac000.video-codec: Adding to iommu group 4
[    0.427215] platform fdd90000.vop: Adding to iommu group 5
[    0.433957] loop: module loaded
[    0.467579] megasas: 07.734.00.00-rc1
[    0.473925] /spi@feb20000/pmic@0: Fixed dependency cycle(s) with /spi@feb20000/pmic@0/regulators/dcdc-reg7
[    0.474830] /spi@feb20000/pmic@0: Fixed dependency cycle(s) with /spi@feb20000/pmic@0/dvs3-null-pins
[    0.475636] /spi@feb20000/pmic@0: Fixed dependency cycle(s) with /spi@feb20000/pmic@0/dvs2-null-pins
[    0.476455] /spi@feb20000/pmic@0: Fixed dependency cycle(s) with /spi@feb20000/pmic@0/dvs1-null-pins
[    0.480229] tun: Universal TUN/TAP device driver, 1.6
[    0.482119] thunder_xcv, ver 1.0
[    0.482437] thunder_bgx, ver 1.0
[    0.482749] nicpf, ver 1.0
[    0.484628] e1000: Intel(R) PRO/1000 Network Driver
[    0.485061] e1000: Copyright (c) 1999-2006 Intel Corporation.
[    0.485593] e1000e: Intel(R) PRO/1000 Network Driver
[    0.486029] e1000e: Copyright(c) 1999 - 2015 Intel Corporation.
[    0.486565] igb: Intel(R) Gigabit Ethernet Network Driver
[    0.487040] igb: Copyright (c) 2007-2014 Intel Corporation.
[    0.487559] igbvf: Intel(R) Gigabit Virtual Function Network Driver
[    0.488117] igbvf: Copyright (c) 2009 - 2012 Intel Corporation.
[    0.489043] sky2: driver version 1.30
[    0.491287] VFIO - User Level meta-driver version: 0.3
[    0.492242] dwc3 fc000000.usb: Configuration mismatch. dr_mode forced to host
[    0.530161] xhci-hcd xhci-hcd.0.auto: xHCI Host Controller
[    0.530667] xhci-hcd xhci-hcd.0.auto: new USB bus registered, assigned bus number 1
[    0.531450] xhci-hcd xhci-hcd.0.auto: hcc params 0x0220fe64 hci version 0x110 quirks 0x0000808002000010
[    0.531721] ehci-platform fc800000.usb: EHCI Host Controller
[    0.531755] ohci-platform fc840000.usb: Generic Platform OHCI controller
[    0.531781] ohci-platform fc840000.usb: new USB bus registered, assigned bus number 2
[    0.532060] ohci-platform fc840000.usb: irq 55, io mem 0xfc840000
[    0.532319] xhci-hcd xhci-hcd.0.auto: irq 52, io mem 0xfc000000
[    0.532789] ehci-platform fc800000.usb: new USB bus registered, assigned bus number 3
[    0.533460] xhci-hcd xhci-hcd.0.auto: xHCI Host Controller
[    0.534176] ehci-platform fc800000.usb: irq 54, io mem 0xfc800000
[    0.534566] xhci-hcd xhci-hcd.0.auto: new USB bus registered, assigned bus number 4
[    0.537484] xhci-hcd xhci-hcd.0.auto: Host supports USB 3.0 SuperSpeed
[    0.538572] hub 1-0:1.0: USB hub found
[    0.538924] hub 1-0:1.0: 1 port detected
[    0.539435] usb usb4: We don't know the algorithms for LPM for this host, disabling LPM.
[    0.540483] hub 4-0:1.0: USB hub found
[    0.540827] hub 4-0:1.0: 1 port detected
[    0.541387] xhci-hcd xhci-hcd.1.auto: xHCI Host Controller
[    0.541886] xhci-hcd xhci-hcd.1.auto: new USB bus registered, assigned bus number 5
[    0.542676] xhci-hcd xhci-hcd.1.auto: hcc params 0x0220fe64 hci version 0x110 quirks 0x0000808002000010
[    0.543518] xhci-hcd xhci-hcd.1.auto: irq 53, io mem 0xfc400000
[    0.543754] ehci-platform fc800000.usb: USB 2.0 started, EHCI 1.00
[    0.544161] xhci-hcd xhci-hcd.1.auto: xHCI Host Controller
[    0.545308] hub 3-0:1.0: USB hub found
[    0.545696] hub 3-0:1.0: 1 port detected
[    0.546449] xhci-hcd xhci-hcd.1.auto: new USB bus registered, assigned bus number 6
[    0.547125] xhci-hcd xhci-hcd.1.auto: Host supports USB 3.0 SuperSpeed
[    0.548055] hub 5-0:1.0: USB hub found
[    0.548399] hub 5-0:1.0: 1 port detected
[    0.548885] usb usb6: We don't know the algorithms for LPM for this host, disabling LPM.
[    0.549912] hub 6-0:1.0: USB hub found
[    0.550254] hub 6-0:1.0: 1 port detected
[    0.551412] usbcore: registered new interface driver usb-storage
[    0.555956] i2c_dev: i2c /dev entries driver
[    0.559293] rockchip-pm-domain fd8d8000.power-management:power-controller: Failed to create device link (0x180) with supplier 1-0042 for /power-management@fd8d8000/power-controller/power-domain@8
[    0.560177] fan53555-regulator 0-0043: FAN53555 Option[10] Rev[1] Detected!
[    0.561483] fan53555-regulator 0-0042: FAN53555 Option[10] Rev[1] Detected!
[    0.562299] fan53555-regulator 1-0042: FAN53555 Option[10] Rev[1] Detected!
[    0.562578] /i2s@fe470000: Fixed dependency cycle(s) with /i2c@fec90000/audio-codec@11
[    0.563646] /i2c@fec90000/audio-codec@11: Fixed dependency cycle(s) with /i2s@fe470000
[    0.565743] usbcore: registered new interface driver uvcvideo
[    0.566542] rockchip-pm-domain fd8d8000.power-management:power-controller: Failed to create device link (0x180) with supplier 1-0042 for /power-management@fd8d8000/power-controller/power-domain@8
[    0.572534] device-mapper: core: CONFIG_IMA_DISABLE_HTABLE is disabled. Duplicate IMA measurements will not be recorded in the IMA log.
[    0.573835] device-mapper: ioctl: 4.50.0-ioctl (2025-04-28) initialised: dm-devel@lists.linux.dev
[    0.576841] sdhci: Secure Digital Host Controller Interface driver
[    0.577387] sdhci: Copyright(c) Pierre Ossman
[    0.578975] Synopsys Designware Multimedia Card Interface Driver
[    0.580983] sdhci-pltfm: SDHCI platform and OF driver helper
[    0.585764] arm-scmi arm-scmi.2.auto: Using scmi_smc_transport
[    0.586292] arm-scmi arm-scmi.2.auto: SCMI max-rx-timeout: 30ms / max-msg-size: 104bytes / max-msg: 20
[    0.587196] scmi_protocol scmi_dev.1: Enabled polling mode TX channel - prot_id:16
[    0.588028] arm-scmi arm-scmi.2.auto: SCMI Notifications - Core Enabled.
[    0.588652] arm-scmi arm-scmi.2.auto: SCMI Protocol v2.0 'rockchip:' Firmware version 0x0
[    0.589411] arm-scmi arm-scmi.2.auto: Enabling SCMI Quirk [quirk_clock_rates_triplet_out_of_spec]
[    0.591542] SMCCC: SOC_ID: ARCH_SOC_ID not implemented, skipping ....
[    0.592876] hub 2-0:1.0: USB hub found
[    0.593268] hub 2-0:1.0: 1 port detected
[    0.593517] usbcore: registered new interface driver usbhid
[    0.594113] usbhid: USB HID core driver
[    0.600079] hw perfevents: enabled with armv8_cortex_a55 PMU driver, 7 (0,8000003f) counters available
[    0.601737] hw perfevents: enabled with armv8_cortex_a76 PMU driver, 7 (0,8000003f) counters available
[    0.609267] NET: Registered PF_PACKET protocol family
[    0.609847] 9pnet: Installing 9P2000 support
[    0.616525] mmc0: SDHCI controller on fe2e0000.mmc [fe2e0000.mmc] using ADMA
[    0.617239] registered taskstats version 1
[    0.617821] Loading compiled-in X.509 certificates
[    0.620634] Loaded X.509 cert 'TactiQ OS development module signing key: 50868375fd908030ab0768fa6cc988a3b2476903'
[    0.623280] Loaded X.509 cert 'TactiQ OS DEVELOPMENT CA - NOT FOR PRODUCTION: 612013e051c9a4b05866a3a911c7d1083081f63f'
[    0.624271] Loaded X.509 cert 'TactiQ OS DEVELOPMENT Signing CA - NOT FOR PRODUCTION: 9a9844185af9bc21b5eea5dcc252eb4ec6840639'
[    0.625306] Loaded X.509 cert 'TactiQ OS DEVELOPMENT IMA Signer - NOT FOR PRODUCTION: a6922267259c91b678d888e98a74f7a1cc67b774'
[    0.633487] Demotion targets for Node 0: null
[    0.633965] Key type encrypted registered
[    0.634331] ima: No TPM chip found, activating TPM-bypass!
[    0.634826] ima: Allocated hash algorithm: sha256
[    0.635260] ima: No architecture policies found
[    0.635691] evm: Initialising EVM extended attributes:
[    0.636161] evm: security.selinux
[    0.636455] evm: security.SMACK64 (disabled)
[    0.636830] evm: security.SMACK64EXEC (disabled)
[    0.637236] evm: security.SMACK64TRANSMUTE (disabled)
[    0.637680] evm: security.SMACK64MMAP (disabled)
[    0.638086] evm: security.apparmor (disabled)
[    0.638469] evm: security.ima
[    0.638731] evm: security.capability
[    0.639047] evm: HMAC attrs: 0x1
[    0.686320] sdhci-dwcmshc fe2e0000.mmc: Can't reduce the clock below 52MHz in HS200/HS400 mode
[    0.687319] mmc0: new HS400 Enhanced strobe MMC card at address 0001
[    0.688908] mmcblk0: mmc0:0001 C9A611 58.3 GiB
[    0.690907] rockchip-dw-pcie a40000000.pcie: host bridge /pcie@fe150000 ranges:
[    0.691605] rockchip-dw-pcie a40000000.pcie:       IO 0x00f0100000..0x00f01fffff -> 0x00f0100000
[    0.692458] rockchip-dw-pcie a40000000.pcie:      MEM 0x00f0200000..0x00f0ffffff -> 0x00f0200000
[    0.693258] rockchip-dw-pcie a40000000.pcie:      MEM 0x0900000000..0x093fffffff -> 0x0900000000
[    0.701844] rockchip-dw-pcie a40000000.pcie: iATU: unroll T, 8 ob, 8 ib, align 64K, limit 8G
[    0.704302] GPT:Primary header thinks Alt. header is not at the end of the disk.
[    0.704977] GPT:17850401 != 122224639
[    0.705313] GPT:Alternate GPT header not at the end of the disk.
[    0.705852] GPT:17850401 != 122224639
[    0.706188] GPT: Use GNU Parted to correct GPT errors.
[    0.706682]  mmcblk0: p1 p2 p3 p4 p5
[    0.708877] mmcblk0boot0: mmc0:0001 C9A611 4.00 MiB
[    0.711984] mmcblk0boot1: mmc0:0001 C9A611 4.00 MiB
[    0.714782] mmcblk0rpmb: mmc0:0001 C9A611 16.0 MiB, chardev (508:0)
[    0.795918] usb 3-1: new high-speed USB device number 2 using ehci-platform
[    0.799910] usb 5-1: new high-speed USB device number 2 using xhci-hcd
[    0.941926] hub 3-1:1.0: USB hub found
[    0.942447] hub 3-1:1.0: 4 ports detected
[    0.948385] hub 5-1:1.0: USB hub found
[    0.949078] hub 5-1:1.0: 4 ports detected
[    1.055954] usb 6-1: new SuperSpeed USB device number 2 using xhci-hcd
[    1.140311] hub 6-1:1.0: USB hub found
[    1.141032] hub 6-1:1.0: 4 ports detected
[    1.763909] rockchip-dw-pcie a40000000.pcie: Phy link never came up
[    1.764894] rockchip-dw-pcie a40000000.pcie: PCI host bridge to bus 0000:00
[    1.765537] pci_bus 0000:00: root bus resource [bus 00-0f]
[    1.766042] pci_bus 0000:00: root bus resource [io  0x0000-0xfffff] (bus address [0xf0100000-0xf01fffff])
[    1.766901] pci_bus 0000:00: root bus resource [mem 0xf0200000-0xf0ffffff]
[    1.767521] pci_bus 0000:00: root bus resource [mem 0x900000000-0x93fffffff]
[    1.768242] pci 0000:00:00.0: [1d87:3588] type 01 class 0x060400 PCIe Root Port
[    1.768927] pci 0000:00:00.0: ROM [mem 0x00000000-0x0000ffff pref]
[    1.769490] pci 0000:00:00.0: PCI bridge to [bus 01-ff]
[    1.769970] pci 0000:00:00.0:   bridge window [io  0x0000-0x0fff]
[    1.770523] pci 0000:00:00.0:   bridge window [mem 0x00000000-0x000fffff]
[    1.771143] pci 0000:00:00.0:   bridge window [mem 0x00000000-0x000fffff 64bit pref]
[    1.771929] pci 0000:00:00.0: supports D1 D2
[    1.772322] pci 0000:00:00.0: PME# supported from D0 D1 D3hot
[    1.773906] pci 0000:00:00.0: Adding to iommu group 6
[    1.781545] pci_bus 0000:01: busn_res: can not insert [bus 01-ff] under [bus 00-0f] (conflicts with (null) [bus 00-0f])
[    1.782776] pci 0000:00:00.0: ROM [mem 0xf0200000-0xf020ffff pref]: assigned
[    1.783427] pci 0000:00:00.0: PCI bridge to [bus 01-ff]
[    1.783937] pci_bus 0000:00: resource 4 [io  0x0000-0xfffff]
[    1.784455] pci_bus 0000:00: resource 5 [mem 0xf0200000-0xf0ffffff]
[    1.785023] pci_bus 0000:00: resource 6 [mem 0x900000000-0x93fffffff]
[    1.790114] pcieport 0000:00:00.0: PME: Signaling with IRQ 75
[    1.791245] pcieport 0000:00:00.0: AER: enabled with IRQ 76
[    1.794039] rockchip-dw-pcie a40400000.pcie: host bridge /pcie@fe160000 ranges:
[    1.794733] rockchip-dw-pcie a40400000.pcie:       IO 0x00f1100000..0x00f11fffff -> 0x00f1100000
[    1.795542] rockchip-dw-pcie a40400000.pcie:      MEM 0x00f1200000..0x00f1ffffff -> 0x00f1200000
[    1.796402] rockchip-dw-pcie a40400000.pcie:      MEM 0x0940000000..0x097fffffff -> 0x0940000000
[    1.804977] rockchip-dw-pcie a40400000.pcie: iATU: unroll T, 8 ob, 8 ib, align 64K, limit 8G
[    2.867853] rockchip-dw-pcie a40400000.pcie: Phy link never came up
[    2.868579] rockchip-dw-pcie a40400000.pcie: PCI host bridge to bus 0001:10
[    2.869218] pci_bus 0001:10: root bus resource [bus 10-1f]
[    2.869721] pci_bus 0001:10: root bus resource [io  0x100000-0x1fffff] (bus address [0xf1100000-0xf11fffff])
[    2.870603] pci_bus 0001:10: root bus resource [mem 0xf1200000-0xf1ffffff]
[    2.871224] pci_bus 0001:10: root bus resource [mem 0x940000000-0x97fffffff]
[    2.871953] pci 0001:10:00.0: [1d87:3588] type 01 class 0x060400 PCIe Root Port
[    2.872638] pci 0001:10:00.0: ROM [mem 0x00000000-0x0000ffff pref]
[    2.873201] pci 0001:10:00.0: PCI bridge to [bus 01-ff]
[    2.873681] pci 0001:10:00.0:   bridge window [io  0x0000-0x0fff]
[    2.874235] pci 0001:10:00.0:   bridge window [mem 0x00000000-0x000fffff]
[    2.874854] pci 0001:10:00.0:   bridge window [mem 0x00000000-0x000fffff 64bit pref]
[    2.875613] pci 0001:10:00.0: supports D1 D2
[    2.876025] pci 0001:10:00.0: PME# supported from D0 D1 D3hot
[    2.877234] pci 0001:10:00.0: Adding to iommu group 7
[    2.884717] pci 0001:10:00.0: Primary bus is hard wired to 0
[    2.885239] pci 0001:10:00.0: bridge configuration invalid ([bus 01-ff]), reconfiguring
[    2.886282] pci_bus 0001:11: busn_res: [bus 11-1f] end is updated to 11
[    2.886911] pci 0001:10:00.0: ROM [mem 0xf1200000-0xf120ffff pref]: assigned
[    2.887554] pci 0001:10:00.0: PCI bridge to [bus 11]
[    2.888040] pci_bus 0001:10: resource 4 [io  0x100000-0x1fffff]
[    2.888579] pci_bus 0001:10: resource 5 [mem 0xf1200000-0xf1ffffff]
[    2.889147] pci_bus 0001:10: resource 6 [mem 0x940000000-0x97fffffff]
[    2.894156] pcieport 0001:10:00.0: PME: Signaling with IRQ 87
[    2.895263] pcieport 0001:10:00.0: AER: enabled with IRQ 88
[    2.897864] rockchip-dw-pcie a40800000.pcie: host bridge /pcie@fe170000 ranges:
[    2.898555] rockchip-dw-pcie a40800000.pcie:       IO 0x00f2100000..0x00f21fffff -> 0x00f2100000
[    2.899362] rockchip-dw-pcie a40800000.pcie:      MEM 0x00f2200000..0x00f2ffffff -> 0x00f2200000
[    2.900199] rockchip-dw-pcie a40800000.pcie:      MEM 0x0980000000..0x09bfffffff -> 0x0980000000
[    2.901222] rockchip-dw-pcie a40800000.pcie: iATU: unroll T, 8 ob, 8 ib, align 64K, limit 8G
[    3.099850] rockchip-dw-pcie a40800000.pcie: PCIe Gen.1 x1 link up
[    3.100570] rockchip-dw-pcie a40800000.pcie: PCI host bridge to bus 0002:20
[    3.101208] pci_bus 0002:20: root bus resource [bus 20-2f]
[    3.101711] pci_bus 0002:20: root bus resource [io  0x200000-0x2fffff] (bus address [0xf2100000-0xf21fffff])
[    3.102594] pci_bus 0002:20: root bus resource [mem 0xf2200000-0xf2ffffff]
[    3.103214] pci_bus 0002:20: root bus resource [mem 0x980000000-0x9bfffffff]
[    3.103913] pci 0002:20:00.0: [1d87:3588] type 01 class 0x060400 PCIe Root Port
[    3.104596] pci 0002:20:00.0: ROM [mem 0x00000000-0x0000ffff pref]
[    3.105157] pci 0002:20:00.0: PCI bridge to [bus 01-ff]
[    3.105637] pci 0002:20:00.0:   bridge window [io  0x0000-0x0fff]
[    3.106191] pci 0002:20:00.0:   bridge window [mem 0x00000000-0x000fffff]
[    3.106809] pci 0002:20:00.0:   bridge window [mem 0x00000000-0x000fffff 64bit pref]
[    3.107568] pci 0002:20:00.0: supports D1 D2
[    3.107982] pci 0002:20:00.0: PME# supported from D0 D1 D3hot
[    3.109175] pci 0002:20:00.0: Adding to iommu group 8
[    3.116685] pci 0002:20:00.0: Primary bus is hard wired to 0
[    3.117209] pci 0002:20:00.0: bridge configuration invalid ([bus 01-ff]), reconfiguring
[    3.118156] pci 0002:21:00.0: [10ec:b852] type 00 class 0x028000 PCIe Endpoint
[    3.119058] pci 0002:21:00.0: BAR 0 [io  0x0000-0x00ff]
[    3.119557] pci 0002:21:00.0: BAR 2 [mem 0x00000000-0x000fffff 64bit]
[    3.120632] pci 0002:21:00.0: PME# supported from D0 D3hot D3cold
[    3.122112] pci 0002:21:00.0: Adding to iommu group 8
[    3.127874] pci 0002:21:00.0: ASPM: default states L0s L1
[    3.128483] pci_bus 0002:21: busn_res: [bus 21-2f] end is updated to 21
[    3.129109] pci 0002:20:00.0: bridge window [mem 0xf2200000-0xf22fffff]: assigned
[    3.129791] pci 0002:20:00.0: ROM [mem 0xf2300000-0xf230ffff pref]: assigned
[    3.130431] pci 0002:20:00.0: bridge window [io  0x200000-0x200fff]: assigned
[    3.131083] pci 0002:21:00.0: BAR 2 [mem 0xf2200000-0xf22fffff 64bit]: assigned
[    3.131827] pci 0002:21:00.0: BAR 0 [io  0x200000-0x2000ff]: assigned
[    3.132431] pci 0002:20:00.0: PCI bridge to [bus 21]
[    3.132885] pci 0002:20:00.0:   bridge window [io  0x200000-0x200fff]
[    3.133470] pci 0002:20:00.0:   bridge window [mem 0xf2200000-0xf22fffff]
[    3.134090] pci_bus 0002:20: resource 4 [io  0x200000-0x2fffff]
[    3.134627] pci_bus 0002:20: resource 5 [mem 0xf2200000-0xf2ffffff]
[    3.135194] pci_bus 0002:20: resource 6 [mem 0x980000000-0x9bfffffff]
[    3.135798] pci_bus 0002:21: resource 0 [io  0x200000-0x200fff]
[    3.136336] pci_bus 0002:21: resource 1 [mem 0xf2200000-0xf22fffff]
[    3.141129] pcieport 0002:20:00.0: PME: Signaling with IRQ 99
[    3.142338] pcieport 0002:20:00.0: AER: enabled with IRQ 100
[    3.146214] random: crng init done
[    3.149915] platform fdab0000.npu: Adding to iommu group 9
[    3.156607] platform fdac0000.npu: Adding to iommu group 10
[    3.163101] platform fdad0000.npu: Adding to iommu group 11
[    3.195915] rockchip-pm-domain fd8d8000.power-management:power-controller: Failed to create device link (0x180) with supplier spi2.0 for /power-management@fd8d8000/power-controller/power-domain@12
[    3.205260] ehci-platform fc880000.usb: EHCI Host Controller
[    3.205291] ohci-platform fc8c0000.usb: Generic Platform OHCI controller
[    3.205807] ehci-platform fc880000.usb: new USB bus registered, assigned bus number 7
[    3.206377] ohci-platform fc8c0000.usb: new USB bus registered, assigned bus number 8
[    3.207210] ehci-platform fc880000.usb: irq 121, io mem 0xfc880000
[    3.207894] ohci-platform fc8c0000.usb: irq 122, io mem 0xfc8c0000
[    3.209583] cpufreq: cpufreq_policy_online: CPU0: Running at unlisted initial frequency: 816000 kHz, changing to: 1008000 kHz
[    3.210806] cpu cpu0: EM: created perf domain
[    3.214782] cpufreq: cpufreq_policy_online: CPU4: Running at unlisted initial frequency: 816000 kHz, changing to: 1200000 kHz
[    3.215984] cpu cpu4: EM: created perf domain
[    3.220199] cpufreq: cpufreq_policy_online: CPU6: Running at unlisted initial frequency: 816000 kHz, changing to: 1200000 kHz
[    3.221339] cpu cpu6: EM: created perf domain
[    3.223745] ehci-platform fc880000.usb: USB 2.0 started, EHCI 1.00
[    3.224745] dwmmc_rockchip fe2c0000.mmc: IDMAC supports 32-bit address mode.
[    3.224798] hub 7-0:1.0: USB hub found
[    3.225383] dwmmc_rockchip fe2c0000.mmc: Using internal DMA controller.
[    3.225722] hub 7-0:1.0: 1 port detected
[    3.226271] dwmmc_rockchip fe2c0000.mmc: Version ID is 270a
[    3.226291] dwmmc_rockchip fe2c0000.mmc: DW MMC controller at irq 123,32 bit host data width,256 deep fifo
[    3.226413] device-mapper: init: waiting for all devices to be available before creating mapped devices
[    3.229846] dwmmc_rockchip fe2c0000.mmc: Got CD GPIO
[    3.232255] rockchip-dw-pcie a40c00000.pcie: host bridge /pcie@fe180000 ranges:
[    3.232916] rockchip-dw-pcie a40c00000.pcie:       IO 0x00f3100000..0x00f31fffff -> 0x00f3100000
[    3.233698] rockchip-dw-pcie a40c00000.pcie:      MEM 0x00f3200000..0x00f3ffffff -> 0x00f3200000
[    3.234475] rockchip-dw-pcie a40c00000.pcie:      MEM 0x09c0000000..0x09ffffffff -> 0x09c0000000
[    3.235382] rockchip-dw-pcie a40c00000.pcie: iATU: unroll T, 8 ob, 8 ib, align 64K, limit 8G
[    3.244845] mmc_host mmc1: Bus speed (slot 0) = 400000Hz (slot req 400000Hz, actual 400000HZ div = 0)
[    3.268288] hub 8-0:1.0: USB hub found
[    3.268631] hub 8-0:1.0: 1 port detected
[    3.435820] rockchip-dw-pcie a40c00000.pcie: PCIe Gen.2 x1 link up
[    3.436427] rockchip-dw-pcie a40c00000.pcie: PCI host bridge to bus 0003:30
[    3.437041] pci_bus 0003:30: root bus resource [bus 30-3f]
[    3.437524] pci_bus 0003:30: root bus resource [io  0x300000-0x3fffff] (bus address [0xf3100000-0xf31fffff])
[    3.438382] pci_bus 0003:30: root bus resource [mem 0xf3200000-0xf3ffffff]
[    3.438983] pci_bus 0003:30: root bus resource [mem 0x9c0000000-0x9ffffffff]
[    3.439616] pci 0003:30:00.0: [1d87:3588] type 01 class 0x060400 PCIe Root Port
[    3.440275] pci 0003:30:00.0: ROM [mem 0x00000000-0x0000ffff pref]
[    3.440817] pci 0003:30:00.0: PCI bridge to [bus 01-ff]
[    3.441277] pci 0003:30:00.0:   bridge window [io  0x0000-0x0fff]
[    3.441810] pci 0003:30:00.0:   bridge window [mem 0x00000000-0x000fffff]
[    3.442406] pci 0003:30:00.0:   bridge window [mem 0x00000000-0x000fffff 64bit pref]
[    3.443113] pci 0003:30:00.0: supports D1 D2
[    3.443488] pci 0003:30:00.0: PME# supported from D0 D1 D3hot
[    3.444403] pci 0003:30:00.0: Adding to iommu group 12
[    3.446947] pci 0003:30:00.0: Primary bus is hard wired to 0
[    3.447445] pci 0003:30:00.0: bridge configuration invalid ([bus 01-ff]), reconfiguring
[    3.448271] pci 0003:31:00.0: [10ec:8125] type 00 class 0x020000 PCIe Endpoint
[    3.449051] pci 0003:31:00.0: BAR 0 [io  0x0000-0x00ff]
[    3.449522] pci 0003:31:00.0: BAR 2 [mem 0x00000000-0x0000ffff 64bit]
[    3.450094] pci 0003:31:00.0: BAR 4 [mem 0x00000000-0x00003fff 64bit]
[    3.451008] pci 0003:31:00.0: supports D1 D2
[    3.451383] pci 0003:31:00.0: PME# supported from D0 D1 D2 D3hot D3cold
[    3.452581] pci 0003:31:00.0: Adding to iommu group 12
[    3.459832] pci 0003:31:00.0: ASPM: default states L0s L1
[    3.460363] pci_bus 0003:31: busn_res: [bus 31-3f] end is updated to 31
[    3.460953] pci 0003:30:00.0: bridge window [mem 0xf3200000-0xf32fffff]: assigned
[    3.461610] pci 0003:30:00.0: ROM [mem 0xf3300000-0xf330ffff pref]: assigned
[    3.462227] pci 0003:30:00.0: bridge window [io  0x300000-0x300fff]: assigned
[    3.462853] pci 0003:31:00.0: BAR 2 [mem 0xf3200000-0xf320ffff 64bit]: assigned
[    3.463522] pci 0003:31:00.0: BAR 4 [mem 0xf3210000-0xf3213fff 64bit]: assigned
[    3.464198] pci 0003:31:00.0: BAR 0 [io  0x300000-0x3000ff]: assigned
[    3.464771] pci 0003:30:00.0: PCI bridge to [bus 31]
[    3.465206] pci 0003:30:00.0:   bridge window [io  0x300000-0x300fff]
[    3.465771] pci 0003:30:00.0:   bridge window [mem 0xf3200000-0xf32fffff]
[    3.466367] pci_bus 0003:30: resource 4 [io  0x300000-0x3fffff]
[    3.466886] pci_bus 0003:30: resource 5 [mem 0xf3200000-0xf3ffffff]
[    3.467435] pci_bus 0003:30: resource 6 [mem 0x9c0000000-0x9ffffffff]
[    3.468002] pci_bus 0003:31: resource 0 [io  0x300000-0x300fff]
[    3.468520] pci_bus 0003:31: resource 1 [mem 0xf3200000-0xf32fffff]
[    3.470466] pcieport 0003:30:00.0: PME: Signaling with IRQ 135
[    3.471401] pcieport 0003:30:00.0: AER: enabled with IRQ 136
[    3.472815] device-mapper: verity: sha256 using "sha256-lib"
[    3.474166] device-mapper: ioctl: dm-0 (rootfs) is ready
[    3.474876] clk: Disabling unused clocks
[    3.475814] PM: genpd: Disabling unused power domains
[    3.476385] dw-apb-uart feb50000.serial: forbid DMA for kernel console
[    3.479482] rockchip-dw-pcie a41000000.pcie: host bridge /pcie@fe190000 ranges:
[    3.480161] rockchip-dw-pcie a41000000.pcie:       IO 0x00f4100000..0x00f41fffff -> 0x00f4100000
[    3.480936] rockchip-dw-pcie a41000000.pcie:      MEM 0x00f4200000..0x00f4ffffff -> 0x00f4200000
[    3.481704] rockchip-dw-pcie a41000000.pcie:      MEM 0x0a00000000..0x0a3fffffff -> 0x0a00000000
[    3.482590] rockchip-dw-pcie a41000000.pcie: iATU: unroll T, 8 ob, 8 ib, align 64K, limit 8G
[    3.679817] rockchip-dw-pcie a41000000.pcie: PCIe Gen.2 x1 link up
[    3.680423] rockchip-dw-pcie a41000000.pcie: PCI host bridge to bus 0004:40
[    3.681036] pci_bus 0004:40: root bus resource [bus 40-4f]
[    3.681519] pci_bus 0004:40: root bus resource [io  0x400000-0x4fffff] (bus address [0xf4100000-0xf41fffff])
[    3.682378] pci_bus 0004:40: root bus resource [mem 0xf4200000-0xf4ffffff]
[    3.682979] pci_bus 0004:40: root bus resource [mem 0xa00000000-0xa3fffffff]
[    3.683610] pci 0004:40:00.0: [1d87:3588] type 01 class 0x060400 PCIe Root Port
[    3.684270] pci 0004:40:00.0: ROM [mem 0x00000000-0x0000ffff pref]
[    3.684813] pci 0004:40:00.0: PCI bridge to [bus 01-ff]
[    3.685273] pci 0004:40:00.0:   bridge window [io  0x0000-0x0fff]
[    3.685807] pci 0004:40:00.0:   bridge window [mem 0x00000000-0x000fffff]
[    3.686403] pci 0004:40:00.0:   bridge window [mem 0x00000000-0x000fffff 64bit pref]
[    3.687108] pci 0004:40:00.0: supports D1 D2
[    3.687483] pci 0004:40:00.0: PME# supported from D0 D1 D3hot
[    3.688343] pci 0004:40:00.0: Adding to iommu group 13
[    3.690849] pci 0004:40:00.0: Primary bus is hard wired to 0
[    3.691347] pci 0004:40:00.0: bridge configuration invalid ([bus 01-ff]), reconfiguring
[    3.692169] pci 0004:41:00.0: [10ec:8125] type 00 class 0x020000 PCIe Endpoint
[    3.692948] pci 0004:41:00.0: BAR 0 [io  0x0000-0x00ff]
[    3.693420] pci 0004:41:00.0: BAR 2 [mem 0x00000000-0x0000ffff 64bit]
[    3.693991] pci 0004:41:00.0: BAR 4 [mem 0x00000000-0x00003fff 64bit]
[    3.694905] pci 0004:41:00.0: supports D1 D2
[    3.695280] pci 0004:41:00.0: PME# supported from D0 D1 D2 D3hot D3cold
[    3.696467] pci 0004:41:00.0: Adding to iommu group 13
[    3.703831] pci 0004:41:00.0: ASPM: default states L0s L1
[    3.704361] pci_bus 0004:41: busn_res: [bus 41-4f] end is updated to 41
[    3.704951] pci 0004:40:00.0: bridge window [mem 0xf4200000-0xf42fffff]: assigned
[    3.705608] pci 0004:40:00.0: ROM [mem 0xf4300000-0xf430ffff pref]: assigned
[    3.706226] pci 0004:40:00.0: bridge window [io  0x400000-0x400fff]: assigned
[    3.706853] pci 0004:41:00.0: BAR 2 [mem 0xf4200000-0xf420ffff 64bit]: assigned
[    3.707521] pci 0004:41:00.0: BAR 4 [mem 0xf4210000-0xf4213fff 64bit]: assigned
[    3.708198] pci 0004:41:00.0: BAR 0 [io  0x400000-0x4000ff]: assigned
[    3.708772] pci 0004:40:00.0: PCI bridge to [bus 41]
[    3.709206] pci 0004:40:00.0:   bridge window [io  0x400000-0x400fff]
[    3.709770] pci 0004:40:00.0:   bridge window [mem 0xf4200000-0xf42fffff]
[    3.710366] pci_bus 0004:40: resource 4 [io  0x400000-0x4fffff]
[    3.710884] pci_bus 0004:40: resource 5 [mem 0xf4200000-0xf4ffffff]
[    3.711432] pci_bus 0004:40: resource 6 [mem 0xa00000000-0xa3fffffff]
[    3.712000] pci_bus 0004:41: resource 0 [io  0x400000-0x400fff]
[    3.712518] pci_bus 0004:41: resource 1 [mem 0xf4200000-0xf42fffff]
[    3.714481] pcieport 0004:40:00.0: PME: Signaling with IRQ 147
[    3.715407] pcieport 0004:40:00.0: AER: enabled with IRQ 148
[    3.730218] EXT4-fs (dm-0): mounted filesystem 7e7ad5f6-4d4b-4268-92dd-e74598a44336 ro with ordered data mode. Quota mode: none.
[    3.731258] VFS: Mounted root (ext4 filesystem) readonly on device 253:0.
[    3.732046] devtmpfs: mounted
[    3.733930] integrity: Loading X.509 certificate: /etc/keys/x509_ima.der
[    3.735339] integrity: Loaded X.509 cert 'TactiQ OS DEVELOPMENT IMA Signer - NOT FOR PRODUCTION: a6922267259c91b678d888e98a74f7a1cc67b774'
[    3.737200] Freeing unused kernel memory: 3136K
[    3.737650] Run /sbin/init as init process
[    3.839645] audit: type=1404 audit(3.828:2): enforcing=1 old_enforcing=0 auid=4294967295 ses=4294967295 enabled=1 old-enabled=1 lsm=selinux res=1
[    3.914393] SELinux:  policy capability network_peer_controls=1
[    3.914926] SELinux:  policy capability open_perms=1
[    3.915361] SELinux:  policy capability extended_socket_class=1
[    3.915914] SELinux:  policy capability always_check_network=0
[    3.916424] SELinux:  policy capability cgroup_seclabel=1
[    3.916896] SELinux:  policy capability nnp_nosuid_transition=1
[    3.917412] SELinux:  policy capability genfs_seclabel_symlinks=0
[    3.917944] SELinux:  policy capability ioctl_skip_cloexec=0
[    3.918438] SELinux:  policy capability userspace_initial_context=0
[    3.918986] SELinux:  policy capability netlink_xperm=0
[    3.919442] SELinux:  policy capability netif_wildcard=0
[    3.919912] SELinux:  policy capability genfs_seclabel_wildcard=0
[    3.920441] SELinux:  policy capability functionfs_seclabel=0
[    3.980406] audit: type=1403 audit(3.972:3): auid=4294967295 ses=4294967295 lsm=selinux res=1
[    3.986183] systemd[1]: Successfully loaded SELinux policy in 146.955ms.
[    3.989109] audit: type=1807 audit(3.980:4): action=dont_appraise fsmagic=0x9fa0 res=1
[    3.989271] systemd[1]: Successfully loaded the IMA custom policy /etc/ima/ima-policy.
[    3.989804] audit: type=1807 audit(3.980:5): action=dont_appraise fsmagic=0x62656572 res=1
[    3.990491] ima: policy update completed
[    3.991206] audit: type=1807 audit(3.980:6): action=dont_appraise fsmagic=0x64626720 res=1
[    3.992292] audit: type=1807 audit(3.980:7): action=dont_appraise fsmagic=0x01021994 res=1
[    3.993013] audit: type=1807 audit(3.980:8): action=dont_appraise fsmagic=0x858458f6 res=1
[    3.993734] audit: type=1807 audit(3.980:9): action=dont_appraise fsmagic=0x1cd1 res=1
[    3.994424] audit: type=1807 audit(3.980:10): action=dont_appraise fsmagic=0x42494e4d res=1
[    4.044700] systemd[1]: System time advanced to built-in epoch: Mon 2026-09-28 00:00:00 UTC
+q6E616D65[    4.442248] NET: Registered PF_INET6 protocol family
[    4.443966] Segment Routing with IPv6
[    4.444305] In-situ OAM (IOAM) with IPv6
[    4.520462] systemd[1]: Relabeled /dev/, /dev/shm/, /run/ in 8.389ms.
[    4.539808] systemd[1]: systemd 259.5 running in system mode (+PAM +AUDIT +SELINUX -APPARMOR +IMA +IPE -SMACK +SECCOMP +GCRYPT -GNUTLS +OPENSSL +ACL +BLKID -CURL -ELFUTILS -FIDO2 -IDN2 -IDN +KMOD +LIBCRYPTSETUP +LIBCRYPTSETUP_PLUGINS +LIBFDISK -PCRE2 -PWQUALITY -P11KIT -QRENCODE +TPM2 -BZIP2 -LZ4 -XZ -ZLIB +ZSTD -BPF_FRAMEWORK -BTF -XKBCOMMON +UTMP -SYSVINIT -LIBARCHIVE)
[    4.542705] systemd[1]: Detected architecture arm64.

Welcome to TactiQ OS 2.1.0 (hardened-edge)!

[    4.557570] systemd[1]: Initializing machine ID from random generator.
[    4.558295] systemd[1]: Installed transient '/etc/machine-id' file.
[    4.560096] systemd[1]: Hostname set to <tactiq-rock5t>.
[    4.600386] systemd[1]: Using hardware watchdog /dev/watchdog0: 'Synopsys DesignWare Watchdog', version 0.
[    4.601248] systemd[1]: Watchdog running with a hardware timeout of 1min 29s.
[    4.835523] systemd[1]: Queued start job for default target Multi-User System.
[    4.858865] systemd[1]: Created slice Slice /system/getty.
[  OK  ] Created slice Slice /system/getty.
[    4.861238] systemd[1]: Created slice Slice /system/modprobe.
[  OK  ] Created slice Slice /system/modprobe.
[    4.868707] systemd[1]: Created slice Slice /system/serial-getty.
[  OK  ] Created slice Slice /system/serial-getty.
[    4.876534] systemd[1]: Created slice User and Session Slice.
[  OK  ] Created slice User and Session Slice.
[    4.877984] systemd[1]: Started Dispatch Password Requests to Console Directory Watch.
[  OK  ] Started Dispatch Password Requests to Console Directory Watch.
[    4.883998] systemd[1]: Started Forward Password Requests to Wall Directory Watch.
[  OK  ] Started Forward Password Requests to Wall Directory Watch.
[    4.891897] systemd[1]: Expecting device /dev/disk/by-partlabel/data...
         Expecting device /dev/disk/by-partlabel/data...
[    4.893252] systemd[1]: Expecting device /dev/ttyS2...
         Expecting device /dev/ttyS2...
[    4.899880] systemd[1]: Reached target Local Encrypted Volumes.
[  OK  ] Reached target Local Encrypted Volumes.
[    4.901203] systemd[1]: Reached target Local Integrity Protected Volumes.
[  OK  ] Reached target Local Integrity Protected Volumes.
[    4.907907] systemd[1]: Reached target Path Units.
[  OK  ] Reached target Path Units.
[    4.915890] systemd[1]: Reached target Remote Encrypted Volumes.
[  OK  ] Reached target Remote Encrypted Volumes.
[    4.923887] systemd[1]: Reached target Remote File Systems.
[  OK  ] Reached target Remote File Systems.
[    4.925173] systemd[1]: Reached target Remote Integrity Protected Volumes.
[  OK  ] Reached target Remote Integrity Protected Volumes.
[    4.931880] systemd[1]: Reached target Remote Verity Protected Volumes.
[  OK  ] Reached target Remote Verity Protected Volumes.
[    4.939880] systemd[1]: Reached target Slice Units.
[  OK  ] Reached target Slice Units.
[    4.947894] systemd[1]: Reached target Swaps.
[  OK  ] Reached target Swaps.
[    4.955892] systemd[1]: Reached target System Time Set.
[  OK  ] Reached target System Time Set.
[    4.957151] systemd[1]: Reached target Local Verity Protected Volumes.
[  OK  ] Reached target Local Verity Protected Volumes.
[    4.968290] systemd[1]: Listening on Syslog Socket.
[  OK  ] Listening on Syslog Socket.
[    4.978406] systemd[1]: Listening on Query the User Interactively for a Password.
[  OK  ] Listening on Query the User Interactively for a Password.
[    4.985675] systemd[1]: Listening on Credential Encryption/Decryption.
[  OK  ] Listening on Credential Encryption/Decryption.
[    4.994961] systemd[1]: Listening on Factory Reset Management.
[  OK  ] Listening on Factory Reset Management.
[    5.003044] systemd[1]: Listening on Journal Audit Socket.
[  OK  ] Listening on Journal Audit Socket.
[    5.012111] systemd[1]: Listening on Journal Socket (/dev/log).
[  OK  ] Listening on Journal Socket (/dev/log).
[    5.020382] systemd[1]: Listening on Journal Sockets.
[  OK  ] Listening on Journal Sockets.
[    5.024567] systemd[1]: Listening on Console Output Muting Service Socket.
[  OK  ] Listening on Console Output Muting Service Socket.
[    5.032693] systemd[1]: Listening on Network Management Resolve Hook Socket.
[  OK  ] Listening on Network Management Resolve Hook Socket.
[    5.040664] systemd[1]: Listening on Network Management Varlink Socket.
[  OK  ] Listening on Network Management Varlink Socket.
[    5.048349] systemd[1]: Listening on Network Management Netlink Socket.
[  OK  ] Listening on Network Management Netlink Socket.
[    5.055922] systemd[1]: TPM PCR Measurements skipped, unmet condition check ConditionSecurity=tpm2
[    5.056751] systemd[1]: Make TPM PCR Policy skipped, unmet condition check ConditionSecurity=tpm2
[    5.060451] systemd[1]: Listening on Disk Repartitioning Service Socket.
[  OK  ] Listening on Disk Repartitioning Service Socket.
[    5.068595] systemd[1]: Listening on Resolve Monitor Varlink Socket.
[  OK  ] Listening on Resolve Monitor Varlink Socket.
[    5.076147] systemd[1]: Listening on Resolve Service Varlink Socket.
[  OK  ] Listening on Resolve Service Varlink Socket.
[    5.085305] systemd[1]: Listening on udev Control Socket.
[  OK  ] Listening on udev Control Socket.
[    5.092334] systemd[1]: Listening on udev Kernel Socket.
[  OK  ] Listening on udev Kernel Socket.
[    5.093959] systemd[1]: Listening on udev Varlink Socket.
[  OK  ] Listening on udev Varlink Socket.
[    5.100428] systemd[1]: Listening on User Database Manager Socket.
[  OK  ] Listening on User Database Manager Socket.
[    5.113439] systemd[1]: Mounting Huge Pages File System...
         Mounting Huge Pages File System...
[    5.122407] systemd[1]: Mounting POSIX Message Queue File System...
         Mounting POSIX Message Queue File System...
[    5.152779] systemd[1]: Mounting Kernel Debug File System...
         Mounting Kernel Debug File System...
[    5.160077] systemd[1]: Kernel Trace File System skipped, unmet condition check ConditionPathExists=/sys/kernel/tracing
[    5.162335] systemd[1]: tmp.mount: x-systemd.graceful-option=usrquota specified, but option is not available, suppressing.
[    5.165495] systemd[1]: Mounting Temporary Directory /tmp...
         Mounting Temporary Directory /tmp...
[    5.172026] systemd[1]: Create List of Static Device Nodes skipped, unmet condition check ConditionFileNotEmpty=/lib/modules/6.18.52-yocto-standard-00161-ga7cab2016d65/modules.devname
[    5.173579] systemd[1]: Load Kernel Module configfs skipped, unmet condition check ConditionKernelModuleLoaded=!configfs
[    5.176628] systemd[1]: Mounting Kernel Configuration File System...
         Mounting Kernel Configuration File System...
[    5.186022] systemd[1]: Starting Load Kernel Module drm...
         Starting Load Kernel Module drm...
[    5.194080] systemd[1]: Starting Load Kernel Module fuse...
         Starting Load Kernel Module fuse...
[    5.200015] systemd[1]: Clear SysFail Entry If The Boot Is Successful skipped, unmet condition check ConditionPathExists=/sys/firmware/efi/efivars/LoaderEntrySysFail-4a67b082-0a4c-41cf-b6c7-440b29bb8c4f
[    5.201667] systemd[1]: Clear Stale Hibernate Storage Info skipped, unmet condition check ConditionPathExists=/sys/firmware/efi/efivars/HibernateLocation-8cf2644b-4b0b-428f-9387-6d876050dc67
[    5.207249] systemd[1]: Starting Journal Service...
         Starting Journal Service...
[    5.217112] systemd[1]: Load Kernel Modules skipped, no trigger condition checks were met.
[    5.220051] systemd[1]: Starting Generate Network Units from Kernel Command Line...
         Starting Generate Network Units from Kernel Command Line...
[    5.227962] systemd[1]: TPM PCR Machine ID Measurement skipped, unmet condition check ConditionSecurity=tpm2
[    5.228912] systemd[1]: TPM NvPCR Product ID Measurement skipped, unmet condition check ConditionSecurity=tpm2
[    5.252171] systemd[1]: Starting Remount Root and Kernel File Systems...
         Starting Remount Root and Kernel File Systems...
[    5.262008] systemd[1]: Starting Apply Kernel Variables...
         Starting Apply Kernel Variables...
[    5.270025] systemd[1]: Starting Create Static Device Nodes in /dev gracefully...
         Starting Create Static Device Nodes in /dev gracefully...
[    5.275986] systemd[1]: Early TPM SRK Setup skipped, unmet condition check ConditionSecurity=tpm2
[    5.278856] systemd[1]: Starting Load udev Rules from Credentials...
         Starting Load udev Rules from Credentials...
[    5.282389] systemd[1]: Starting Coldplug All udev Devices...
         Starting Coldplug All udev Devices...
[    5.291333] systemd-journald[188]: Collecting audit messages is enabled.
[    5.295474] systemd[1]: Mounted Huge Pages File System.
[  OK  ] Mounted Huge Pages File System.
[    5.297513] systemd[1]: Mounted POSIX Message Queue File System.
[  OK  ] Mounted POSIX Message Queue File System.
[  OK  ] Mounted Kernel Debug File System.
[  OK  ] Mounted Temporary Directory /tmp.
[  OK  ] Mounted Kernel Configuration File System.
[  OK  ] Finished Load Kernel Module drm.
[  OK  ] Finished Load Kernel Module fuse.
[  OK  ] Finished Generate Network Units from Kernel Command Line.
[  OK  ] Finished Remount Root and Kernel File Systems.
[  OK  ] Finished Apply Kernel Variables.
[  OK  ] Finished Create Static Device Nodes in /dev gracefully.
[  OK  ] Finished Load udev Rules from Credentials.
[  OK  ] Started Journal Service.
         Starting Network Name Resolution...
         Starting Create Static Device Nodes in /dev...
         Starting User Database Manager...
[  OK  ] Finished Create Static Device Nodes in /dev.
[  OK  ] Reached target Preparation for Local File Systems.
         Starting Rule-based Manager for Device Events and Files...
[  OK  ] Started User Database Manager.
[  OK  ] Started Network Name Resolution.
[  OK  ] Reached target Host and Network Name Lookups.
[  OK  ] Started Rule-based Manager for Device Events and Files.
[  OK  ] Finished Coldplug All udev Devices.
[  OK  ] Found device /dev/ttyS2.
[  OK  ] Found device /dev/disk/by-partlabel/data.
         Starting Virtual Console Setup...
         Mounting TactiQ data partition (vault, p5)...
         Mounting /var/volatile...
[  OK  ] Mounted /var/volatile.
         Starting Bind mount volatile /var/cache...
         Starting Bind mount volatile /var/lib...
         Starting Bind mount volatile /var/spool...
         Starting Bind mount volatile /srv...
[  OK  ] Finished Virtual Console Setup.
[  OK  ] Mounted TactiQ data partition (vault, p5).
         Starting TactiQ Level 0 logging (data layout, crash-record recovery)...
mkdir: can't create directory '/data/': Permission denied
mkdir: can't create directory '/data/': Permission denied
tactiq-log-setup: FAILED (0): create journal and pstore directories: mkdir -p /data/log/journal /data/log/pstore
chmod: /data/log/journal: Permission denied
tactiq-log-setup: FAILED (0): set mode on journal directory: chmod 2755 /data/log/journal
restorecon: lstat(/data/log) failed: No such file or directory
tactiq-log-setup: FAILED (0): relabel /data/log: restorecon -R /data/log
[  OK  ] Finished Bind mount volatile /srv.
[  OK  ] Finished Bind mount volatile /var/spool.
tactiq-log-setup: completed with errors
[  OK  ] Finished Bind mount volatile /var/cache.
[  OK  ] Finished TactiQ Level 0 logging (data layout, crash-record recovery).
[  OK  ] Finished Bind mount volatile /var/lib.
[  OK  ] Reached target Local File Systems.
[  OK  ] Listening on Boot Entries Service Socket.
         Starting Automatic Boot Loader Update...
         Starting Load/Save OS Random Seed...
         Starting Load JSON user/group Records from Credentials...
         Starting Generate fw_env.config for the boot medium in use...
[  OK  ] Finished Automatic Boot Loader Update.
[  OK  ] Finished Load JSON user/group Records from Credentials.
[  OK  ] Finished Load/Save OS Random Seed.
[  OK  ] Finished Generate fw_env.config for the boot medium in use.
         Mounting Persistent journal on the TactiQ data partition...
[  OK  ] Mounted Persistent journal on the TactiQ data partition.
         Starting Flush Journal to Persistent Storage...
[  OK  ] Finished Flush Journal to Persistent Storage.
         Starting Create System Files and Directories...
[  OK  ] Finished Create System Files and Directories.
         Starting Record System Boot/Shutdown in UTMP...
[  OK  ] Finished Record System Boot/Shutdown in UTMP.
[  OK  ] Reached target System Initialization.
[  OK  ] Started Daily Cleanup of Temporary Directories.
[  OK  ] Reached target Boot Completion Check.
[  OK  ] Reached target Timer Units.
[  OK  ] Listening on D-Bus System Message Bus Socket.
[  OK  ] Listening on OpenSSH Server Socket (systemd-ssh-generator, AF_UNIX Local).
         Starting sshd.socket...
[  OK  ] Listening on Hostname Service Socket.
[  OK  ] Listening on User Login Management Varlink Socket.
         Starting RAUC Good-marking Service...
[  OK  ] Listening on sshd.socket.
[  OK  ] Reached target Socket Units.
[  OK  ] Reached target Basic System.
[  OK  ] Started Kernel Logging Service.
[  OK  ] Started System Logging Service.
         Starting NTP client/server...
         Starting Prepare TactiQ data partition layout...
         Starting D-Bus System Message Bus...
         Starting IPv6 Packet Filtering Framework...
         Starting IPv4 Packet Filtering Framework...
         Starting User Login Management...
         Starting OpenSSH Key Generation...
[  OK  ] Finished IPv6 Packet Filtering Framework.
[  OK  ] Finished IPv4 Packet Filtering Framework.
[  OK  ] Started NTP client/server.
[  OK  ] Reached target Preparation for Network.
         Starting Network Management...
[  OK  ] Finished Prepare TactiQ data partition layout.
         Starting TactiQ: apply site network permission to tactiq-agent...
[  OK  ] Started User Login Management.
[  OK  ] Finished OpenSSH Key Generation.
[  OK  ] Started Network Management.
[  OK  ] Started D-Bus System Message Bus.
[  OK  ] Finished TactiQ: apply site network permission to tactiq-agent.
[  OK  ] Reached target Network.
         Starting RAUC Update Service...
         Starting Enable Persistent Storage in systemd-networkd...
         Starting Permit User Sessions...
         Starting TactiQ Attestation Agent...
[  OK  ] Started RAUC Update Service.
[  OK  ] Finished Enable Persistent Storage in systemd-networkd.
[  OK  ] Finished Permit User Sessions.
[FAILED] Failed to start TactiQ Attestation Agent.
See 'systemctl status tactiq-agent.service' for details.
[  OK  ] Started Getty on tty1.
[  OK  ] Started Serial Getty on ttyS2.
[  OK  ] Reached target Login Prompts.
[  OK  ] Reached target Multi-User System.
[  OK  ] Finished RAUC Good-marking Service.
+q6E616D65
TactiQ OS 2.1.0 tactiq-rock5t ttyS2

Type 'root' to login with superuser privileges (no password will be asked).

tactiq-rock5t login: root
root@tactiq-rock5t:~# systemctl status tactiq-agent --no-pager -l | head -n 25
x tactiq-agent.service - TactiQ Attestation Agent
     Loaded: loaded (/usr/lib/systemd/system/tactiq-agent.service; enabled; preset: enabled)
    Drop-In: /run/systemd/system.control/tactiq-agent.service.d
             `-50-IPAddressAllow.conf
     Active: failed (Result: exit-code) since Mon 2026-09-28 00:00:34 UTC; 33s ago
 Invocation: fe41b04e02634c259e5441ff03811865
       Docs: file:///usr/share/doc/tactiq-os/ATTESTATION.md
    Process: 485 ExecStart=/opt/tactiq/bin/tactiq-agent run (code=exited, status=226/NAMESPACE)
   Main PID: 485 (code=exited, status=226/NAMESPACE)
   Mem peak: 11.7M
        CPU: 45ms

Sep 28 00:00:34 tactiq-rock5t systemd[1]: tactiq-agent.service: Scheduled restart job, restart counter is at 3.
Sep 28 00:00:34 tactiq-rock5t systemd[1]: tactiq-agent.service: Start request repeated too quickly.
Sep 28 00:00:34 tactiq-rock5t systemd[1]: tactiq-agent.service: Failed with result 'exit-code'.
Sep 28 00:00:34 tactiq-rock5t systemd[1]: Failed to start TactiQ Attestation Agent.
root@tactiq-rock5t:~# ls -laZ /data
drwxr-xr-x    5 root     root     system_u:object_r:tactiq_vault_data_t:s0      4096 Sep 28 00:00 .
drwxr-xr-x   19 root     root     system_u:object_r:root_t:s0           4096 Apr  5  2011 ..
drwxr-xr-x    3 root     root     system_u:object_r:tactiq_vault_data_t:s0      4096 Sep 28 00:00 log
drwx------    2 root     root     system_u:object_r:tactiq_vault_data_t:s0     16384 Apr  5  2011 lost+found
drwxr-xr-x    6 tactiq-agent tactiq-agent system_u:object_r:tactiq_vault_data_t:s0      4096 Sep 28 00:00 tactiq
root@tactiq-rock5t:~# dmesg | grep -i avc | head -n 10
root@tactiq-rock5t:~# ^C
root@tactiq-rock5t:~# journalctl -b -u tactiq-agent --no-pager | grep -i -E 'namespace|no such|path' | head -n 10
Sep 28 00:00:04 tactiq-rock5t (tactiq-agent)[433]: tactiq-agent.service: Failed to set up mount namespacing: /dev/tpm0: No such file or directory
Sep 28 00:00:04 tactiq-rock5t (tactiq-agent)[433]: tactiq-agent.service: Failed at step NAMESPACE spawning /opt/tactiq/bin/tactiq-agent: No such file or directory
Sep 28 00:00:04 tactiq-rock5t systemd[1]: tactiq-agent.service: Main process exited, code=exited, status=226/NAMESPACE
Sep 28 00:00:14 tactiq-rock5t (tactiq-agent)[456]: tactiq-agent.service: Failed to set up mount namespacing: /dev/tpm0: No such file or directory
Sep 28 00:00:14 tactiq-rock5t (tactiq-agent)[456]: tactiq-agent.service: Failed at step NAMESPACE spawning /opt/tactiq/bin/tactiq-agent: No such file or directory
Sep 28 00:00:14 tactiq-rock5t systemd[1]: tactiq-agent.service: Main process exited, code=exited, status=226/NAMESPACE
Sep 28 00:00:24 tactiq-rock5t (tactiq-agent)[485]: tactiq-agent.service: Failed to set up mount namespacing: /dev/tpm0: No such file or directory
Sep 28 00:00:24 tactiq-rock5t (tactiq-agent)[485]: tactiq-agent.service: Failed at step NAMESPACE spawning /opt/tactiq/bin/tactiq-agent: No such file or directory
Sep 28 00:00:24 tactiq-rock5t systemd[1]: tactiq-agent.service: Main process exited, code=exited, status=226/NAMESPACE
root@tactiq-rock5t:~# systemctl cat tactiq-agent | grep -E 'Paths|Bind|Device|Requires|After'
After=data-tactiq-dirs.service
Requires=data-tactiq-dirs.service
RequiresMountsFor=/data
# ships udev rules that give the TPM device nodes to that group, so DeviceAllow
ReadWritePaths=/data/tactiq
ReadOnlyPaths=/etc/tactiq
# Device access — TPM only
PrivateDevices=yes
DeviceAllow=/dev/tpmrm0 rw
DeviceAllow=/dev/tpm0 rw
BindPaths=/dev/tpmrm0
BindPaths=/dev/tpm0
root@tactiq-rock5t:~# grep -rl "Level 0 logging" /usr/lib/systemd/system/ /etc/systemd/system/
/usr/lib/systemd/system/tactiq-log-setup.service
grep: /etc/systemd/system/sysinit.target.wants/run-postinsts.service: No such file or directory
/etc/systemd/system/sysinit.target.wants/tactiq-log-setup.service
root@tactiq-rock5t:~# ^C
root@tactiq-rock5t:~# systemctl cat tactiq-log-setup | grep -v '^#' | grep .
[Unit]
Description=TactiQ Level 0 logging (data layout, crash-record recovery)
DefaultDependencies=no
RequiresMountsFor=/data
After=data.mount
Before=sysinit.target
Conflicts=shutdown.target
Before=shutdown.target
[Service]
Type=oneshot
RemainAfterExit=yes
ExecStart=/usr/sbin/tactiq-log-setup
TimeoutStartSec=60
[Install]
WantedBy=sysinit.target
root@tactiq-rock5t:~# journalctl -b -u tactiq-log-setup --no-pager | tail -n 15
Sep 28 00:00:02 tactiq-rock5t systemd[1]: Starting TactiQ Level 0 logging (data layout, crash-record recovery)...
Sep 28 00:00:02 tactiq-rock5t systemd[1]: Finished TactiQ Level 0 logging (data layout, crash-record recovery).
root@tactiq-rock5t:~# ^C
root@tactiq-rock5t:~# reboot
         Stopping Session c1 of User root...
[  OK  ] Removed slice Slice /system/modprobe.
[  OK  ] Stopped target Multi-User System.
[  OK  ] Stopped target Login Prompts.
[  OK  ] Stopped target Host and Network Name Lookups.
[  OK  ] Stopped target Remote Encrypted Volumes.
[  OK  ] Stopped target Remote Integrity Protected Volumes.
[  OK  ] Stopped target Remote Verity Protected Volumes.
[  OK  ] Stopped target System Time Set.
[  OK  ] Stopped target Timer Units.
[  OK  ] Stopped Daily Cleanup of Temporary Directories.
         Unmounting Persistent journal on the TactiQ data partition...
         Stopping Kernel Logging Service...
         Stopping System Logging Service...
         Stopping NTP client/server...
         Stopping Getty on tty1...
[  OK  ] Stopped RAUC Good-marking Service.
[  OK  ] Stopped target Boot Completion Check.
         Stopping RAUC Update Service...
         Stopping Serial Getty on ttyS2...
         Stopping Enable Persistent Storage in systemd-networkd...
         Stopping Load/Save OS Random Seed...
[  OK  ] Stopped Load udev Rules from Credentials.
[  OK  ] Stopped TactiQ: apply site network permission to tactiq-agent.
[  OK  ] Stopped Prepare TactiQ data partition layout.
[  OK  ] Stopped OpenSSH Key Generation.
[  OK  ] Stopped Kernel Logging Service.
[  OK  ] Stopped System Logging Service.
[  OK  ] Stopped NTP client/server.
[  OK  ] Stopped RAUC Update Service.
[  OK  ] Stopped Getty on tty1.
[  OK  ] Stopped Serial Getty on ttyS2.
                                                                                                                                                                                            [FAILED] Failed unmounting Persistent journal on the TactiQ data partition.
[  OK  ] Stopped Session c1 of User root.
[  OK  ] Removed slice Slice /system/getty.
[  OK  ] Removed slice Slice /system/serial-getty.
         Stopping Permit User Sessions...
[  OK  ] Stopped Generate fw_env.config for the boot medium in use.
         Stopping User Manager for UID 0...
[  OK  ] Stopped Enable Persistent Storage in systemd-networkd.
[  OK  ] Stopped Load/Save OS Random Seed.
[  OK  ] Stopped Permit User Sessions.
[  OK  ] Stopped target Network.
[  OK  ] Stopped target Remote File Systems.
         Stopping Network Management...
[  OK  ] Stopped Load JSON user/group Records from Credentials.
[  OK  ] Stopped Network Management.
[  OK  ] Stopped User Manager for UID 0.
[  OK  ] Stopped target Preparation for Network.
[  OK  ] Stopped IPv6 Packet Filtering Framework.
[  OK  ] Stopped IPv4 Packet Filtering Framework.
[  OK  ] Stopped Generate Network Units from Kernel Command Line.
         Stopping User Runtime Directory /run/user/0...
[  OK  ] Unmounted /run/user/0.
[  OK  ] Stopped User Runtime Directory /run/user/0.
[  OK  ] Removed slice User Slice of UID 0.
         Stopping D-Bus System Message Bus...
         Stopping User Login Management...
[  OK  ] Stopped D-Bus System Message Bus.
[  OK  ] Stopped User Login Management.
[  OK  ] Stopped target Basic System.
[  OK  ] Stopped target Path Units.
[  OK  ] Stopped target Slice Units.
[  OK  ] Removed slice User and Session Slice.
[  OK  ] Stopped target Socket Units.
[  OK  ] Closed D-Bus System Message Bus Socket.
[  OK  ] Closed OpenSSH Server Socket (systemd-ssh-generator, AF_UNIX Local).
[  OK  ] Closed sshd.socket.
[  OK  ] Closed Syslog Socket.
[  OK  ] Closed Hostname Service Socket.
[  OK  ] Closed User Login Management Varlink Socket.
[  OK  ] Stopped target System Initialization.
[  OK  ] Stopped target Local Encrypted Volumes.
[  OK  ] Stopped Dispatch Password Requests to Console Directory Watch.
[  OK  ] Stopped Forward Password Requests to Wall Directory Watch.
[  OK  ] Stopped target Local Integrity Protected Volumes.
[  OK  ] Stopped target Local Verity Protected Volumes.
[  OK  ] Closed Console Output Muting Service Socket.
[  OK  ] Closed Network Management Resolve Hook Socket.
[  OK  ] Closed Network Management Varlink Socket.
[  OK  ] Closed Network Management Netlink Socket.
[  OK  ] Closed Disk Repartitioning Service Socket.
[  OK  ] Stopped Automatic Boot Loader Update.
         Stopping Network Name Resolution...
         Stopping Record System Boot/Shutdown in UTMP...
[  OK  ] Stopped TactiQ Level 0 logging (data layout, crash-record recovery).
[  OK  ] Stopped Network Name Resolution.
[  OK  ] Closed Resolve Monitor Varlink Socket.
[  OK  ] Closed Resolve Service Varlink Socket.
[  OK  ] Stopped Apply Kernel Variables.
[  OK  ] Stopped Record System Boot/Shutdown in UTMP.
[  OK  ] Stopped Create System Files and Directories.
[  OK  ] Stopped target Local File Systems.
         Unmounting TactiQ data partition (vault, p5)...
         Unmounting /etc/machine-id...
         Unmounting /srv...
         Unmounting Temporary Directory /tmp...
         Unmounting /var/cache...
         Unmounting /var/lib...
         Unmounting /var/spool...
         Stopping Bind mount volatile /var/cache...
         Stopping Bind mount volatile /var/lib...
         Stopping Bind mount volatile /var/spool...
         Stopping Bind mount volatile /srv...
[  OK  ] Unmounted TactiQ data partition (vault, p5).
[  OK  ] Unmounted /etc/machine-id.
[  OK  ] Unmounted /srv.
[  OK  ] Unmounted Temporary Directory /tmp.
[  OK  ] Unmounted /var/cache.
[  OK  ] Unmounted /var/lib.
[  OK  ] Unmounted /var/spool.
[  OK  ] Stopped Bind mount volatile /var/cache.
[  OK  ] Stopped Bind mount volatile /var/lib.
[  OK  ] Stopped Bind mount volatile /var/spool.
[  OK  ] Stopped Bind mount volatile /srv.
         Unmounting /var/volatile...
[FAILED] Failed unmounting /var/volatile.
[  OK  ] Stopped target Preparation for Local File Systems.
[  OK  ] Stopped target Swaps.
[  OK  ] Reached target Unmount All Filesystems.
[  OK  ] Stopped Remount Root and Kernel File Systems.
[  OK  ] Stopped Create Static Device Nodes in /dev.
[  OK  ] Stopped Create Static Device Nodes in /dev gracefully.
[  OK  ] Reached target System Shutdown.
[  OK  ] Reached target Late Shutdown Services.
[  OK  ] Finished System Reboot.
[  OK  ] Reached target System Reboot.
[  224.635815] watchdog: watchdog0: watchdog did not stop!
[  224.639170] systemd-shutdown[1]: Unable to finalize remaining DM devices, ignoring.
[  224.790897] reboot: Restarting system
DDR 9fa84341ce typ 24/09/06-09:51:11,fwver: v1.18
ch0 ttot6
ch1 ttot6
ch2 ttot6
ch3 ttot6
ch0 ttot7
LPDDR5, 2400MHz
channel[0] BW=16 Col=10 Bk=16 CS0 Row=15 CS1 Row=15 CS=2 Die BW=16 Size=2048MB
ch1 ttot7
channel[1] BW=16 Col=10 Bk=16 CS0 Row=15 CS1 Row=15 CS=2 Die BW=16 Size=2048MB
ch2 ttot7
channel[2] BW=16 Col=10 Bk=16 CS0 Row=15 CS1 Row=15 CS=2 Die BW=16 Size=2048MB
ch3 ttot7
channel[3] BW=16 Col=10 Bk=16 CS0 Row=15 CS1 Row=15 CS=2 Die BW=16 Size=2048MB
Manufacturer ID:0x6
DQS rds:h2,h1
CH0 RX Vref:27.5%, TX Vref:19.0%,21.0%
DQ rds:h1 l1 l0 h3 h1 l0 h1 h2, h1 l1 h3 l0 h1 l0 h1 h4

DQS rds:h1,l0
CH1 RX Vref:27.5%, TX Vref:22.0%,23.0%
DQ rds:h3 h2 h1 h2 h2 h1 h2 h1, h2 h1 h2 h5 h3 l2 h1 h7

DQS rds:l0,l0
CH2 RX Vref:29.3%, TX Vref:19.0%,20.0%
DQ rds:h4 l0 h2 h2 l0 l0 l0 h2, h1 h1 h1 h3 h3 l0 l0 h2

DQS rds:h1,l0
CH3 RX Vref:27.1%, TX Vref:21.0%,20.0%
DQ rds:l0 l1 l2 l0 h4 l0 l0 h4, h2 h2 l0 h2 h2 l0 h2 h2

stride=0x2, ddr_config=0x6
hash ch_mask0-1 0x20 0x40, bank_mask0-3 0x0 0x2400 0x44800 0x89000, rank_mask0 0x2000
change to F1: 534MHz
ch0 ttot6
ch1 ttot6
ch2 ttot6
ch3 ttot6
change to F2: 1320MHz
ch0 ttot8
ch1 ttot8
ch2 ttot8
ch3 ttot8
change to F3: 1968MHz
ch0 ttot6
ch1 ttot6
ch2 ttot6
ch3 ttot6
change to F0: 2400MHz
ch0 ttot7
ch1 ttot7
ch2 ttot7
ch3 ttot7
out

U-Boot SPL 2026.10 (Oct 05 2026 - 21:35:33 +0000)
Trying to boot from MMC1
## Checking hash(es) for config config-1 ... OK
## Checking hash(es) for Image atf-1 ... sha256+ OK
## Checking hash(es) for Image u-boot ... sha256+ OK
## Checking hash(es) for Image fdt-1 ... sha256+ OK
## Checking hash(es) for Image atf-2 ... sha256+ OK
## Checking hash(es) for Image atf-3 ... sha256+ OK
INFO:    Preloader serial: 2
NOTICE:  BL31: v2.3():v2.3-831-g92b1674a5:derrick.huang, fwver: v1.47
NOTICE:  BL31: Built : 16:18:39, Sep  4 2024
INFO:    spec: 0x1
INFO:    code: 0x88
INFO:    ext 32k is not valid
INFO:    ddr: stride-en 4CH
INFO:    GICv3 without legacy support detected.
INFO:    ARM GICv3 driver initialized in EL3
INFO:    valid_cpu_msk=0xff bcore0_rst = 0x0, bcore1_rst = 0x0
INFO:    l3 cache partition cfg-0
INFO:    system boots from cpu-hwid-0
INFO:    bypass memory repair
INFO:    idle_st=0x21fff, pd_st=0x11fff9, repair_st=0xfff70001
INFO:    dfs DDR fsp_params[0].freq_mhz= 2400MHz
INFO:    dfs DDR fsp_params[1].freq_mhz= 534MHz
INFO:    dfs DDR fsp_params[2].freq_mhz= 1320MHz
INFO:    dfs DDR fsp_params[3].freq_mhz= 1968MHz
INFO:    BL31: Initialising Exception Handling Framework
INFO:    BL31: Initializing runtime services
WARNING: No OPTEE provided by BL2 boot loader, Booting device without OPTEE initialization. SMC`s destined for OPTEE will return SMC_UNK
ERROR:   Error initializing runtime service opteed_fast
INFO:    BL31: Preparing for EL3 exit to normal world
INFO:    Entry point address = 0x800000
INFO:    SPSR = 0x3c9


U-Boot 2026.10 (Oct 05 2026 - 21:35:33 +0000)

Model: Radxa ROCK 5T
SoC:   RK3588
DRAM:  8 GiB
Core:  817 devices, 34 uclasses, devicetree: separate
MMC:   mmc@fe2c0000: 1, mmc@fe2e0000: 0
Reading from MMC(0)... Loading Environment from MMC... OK
In:    serial@feb50000
Out:   serial@feb50000
Err:   serial@feb50000
Model: Radxa ROCK 5T
SoC:   RK3588
Saving Environment to MMC... Writing to MMC(0)... OK
TactiQ: booting slot A (BOOT_A_LEFT now 2)
41149777 bytes read in 721 ms (54.4 MiB/s)
## Loading kernel (any) from FIT Image at 02000000 ...
   Using 'conf-rk3588-rock-5t.dtb' configuration
   Verifying Hash Integrity ... sha256,rsa2048:dev-fit+ OK
   Trying 'kernel-1' kernel subimage
     Description:  Linux kernel
     Type:         Kernel Image
     Compression:  uncompressed
     Data Start:   0x02000108
     Data Size:    40942080 Bytes = 39 MiB
     Architecture: AArch64
     OS:           Linux
     Load Address: 0x08000000
     Entry Point:  0x08000000
     Hash algo:    sha256
     Hash value:   d0a2858fbd8152bdf25e9f15e72b6f38fe965a07b2294ad789e3f3c2cdeb8993
   Verifying Hash Integrity ... sha256+ OK
## Loading fdt (any) from FIT Image at 02000000 ...
   Using 'conf-rk3588-rock-5t.dtb' configuration
   Verifying Hash Integrity ... sha256,rsa2048:dev-fit+ OK
   Trying 'fdt-rk3588-rock-5t.dtb' fdt subimage
     Description:  Flattened Device Tree blob
     Type:         Flat Device Tree
     Compression:  uncompressed
     Data Start:   0x04724a9c
     Data Size:    101787 Bytes = 99.4 KiB
     Architecture: AArch64
     Hash algo:    sha256
     Hash value:   86ab98299025e00e04a75c26a5d11a6b4c79afbb1a84918502f8183869cd603f
   Verifying Hash Integrity ... sha256+ OK
   Booting using the fdt blob at 0xedf88a80
Working FDT set to edf88a80
   Loading Kernel Image to 8000000
   Loading Device Tree to 00000000ece9f000, end 00000000ecebad9a ... OK
Working FDT set to ece9f000

Starting kernel ...

[    0.000000] Booting Linux on physical CPU 0x0000000000 [0x412fd050]
[    0.000000] Linux version 6.18.52-yocto-standard-00161-ga7cab2016d65 (oe-user@oe-host) (aarch64-oe-linux-gcc (GCC) 15.3.0, GNU ld (GNU Binutils) 2.46.1.20260718) #1 SMP PREEMPT Wed Sep 23 03:10:06 UTC 2026
[    0.000000] KASLR enabled
[    0.000000] Machine model: Radxa ROCK 5T
[    0.000000] efi: UEFI not found.
[    0.000000] Reserved memory: created DMA memory pool at 0x00000000e2e80000, size 160 MiB
[    0.000000] OF: reserved mem: initialized node hdmi-receiver-cma, compatible id shared-dma-pool
[    0.000000] OF: reserved mem: 0x00000000e2e80000..0x00000000ece7ffff (163840 KiB) nomap non-reusable hdmi-receiver-cma
[    0.000000] earlycon: uart0 at MMIO32 0x00000000feb50000 (options '1500000n8')
[    0.000000] printk: legacy bootconsole [uart0] enabled
[    0.000000] OF: reserved mem: 0x000000000010f000..0x000000000010f0ff (0 KiB) nomap non-reusable shmem@10f000
[    0.000000] NUMA: Faking a node at [mem 0x0000000000200000-0x00000002ffffffff]
[    0.000000] NODE_DATA(0) allocated [mem 0x2fefb3d40-0x2fefb63bf]
[    0.000000] Zone ranges:
[    0.000000]   DMA      [mem 0x0000000000200000-0x00000000ffffffff]
[    0.000000]   DMA32    empty
[    0.000000]   Normal   [mem 0x0000000100000000-0x00000002ffffffff]
[    0.000000] Movable zone start for each node
[    0.000000] Early memory node ranges
[    0.000000]   node   0: [mem 0x0000000000200000-0x00000000e2e7ffff]
[    0.000000]   node   0: [mem 0x00000000e2e80000-0x00000000ece7ffff]
[    0.000000]   node   0: [mem 0x00000000ece80000-0x00000000efffffff]
[    0.000000]   node   0: [mem 0x0000000100000000-0x00000001ffffffff]
[    0.000000]   node   0: [mem 0x00000002f0000000-0x00000002ffffffff]
[    0.000000] Initmem setup node 0 [mem 0x0000000000200000-0x00000002ffffffff]
[    0.000000] On node 0, zone DMA: 512 pages in unavailable ranges
[    0.000000] cma: Reserved 32 MiB at 0x00000000ee000000
[    0.000000] psci: probing for conduit method from DT.
[    0.000000] psci: PSCIv1.1 detected in firmware.
[    0.000000] psci: Using standard PSCI v0.2 function IDs
[    0.000000] psci: MIGRATE_INFO_TYPE not supported.
[    0.000000] psci: SMC Calling Convention v1.2
[    0.000000] percpu: Embedded 23 pages/cpu s53272 r8192 d32744 u94208
[    0.000000] Detected VIPT I-cache on CPU0
[    0.000000] CPU features: detected: GICv3 CPU interface
[    0.000000] CPU features: detected: Virtualization Host Extensions
[    0.000000] CPU features: kernel page table isolation forced ON by KASLR
[    0.000000] CPU features: detected: Kernel page table isolation (KPTI)
[    0.000000] CPU features: detected: ARM errata 1165522, 1319367, or 1530923
[    0.000000] alternatives: applying boot alternatives
[    0.000000] Kernel command line: dm-mod.create="rootfs,,,ro,0 889552 verity 1 /dev/mmcblk0p2 /dev/mmcblk0p2 4096 4096 111194 111194 sha256 38379fc7970e48aaac276685bdecd043bdf497866b76816874171269b7ca799c 8a7b98d830ac3bf9daa968b9c322bc1e6d9300c632f8f610be59dd67d2c4d797 1 ignore_zero_blocks" root=/dev/dm-0 ro rootwait rootfstype=ext4 earlycon panic=5 console=tty1 console=ttyS2,1500000n8 systemd.machine_id=firmware rauc.slot=A
[    0.000000] printk: log buffer data + meta data: 131072 + 458752 = 589824 bytes
[    0.000000] Dentry cache hash table entries: 1048576 (order: 11, 8388608 bytes, linear)
[    0.000000] Inode-cache hash table entries: 524288 (order: 10, 4194304 bytes, linear)
[    0.000000] software IO TLB: area num 8.
[    0.000000] software IO TLB: mapped [mem 0x00000000dee80000-0x00000000e2e80000] (64MB)
[    0.000000] Fallback order for Node 0: 0
[    0.000000] Built 1 zonelists, mobility grouping on.  Total pages: 2096640
[    0.000000] Policy zone: Normal
[    0.000000] mem auto-init: stack:all(zero), heap alloc:on, heap free:off
[    0.000000] SLUB: HWalign=64, Order=0-3, MinObjects=0, CPUs=8, Nodes=1
[    0.000000] rcu: Preemptible hierarchical RCU implementation.
[    0.000000] rcu:     RCU event tracing is enabled.
[    0.000000] rcu:     RCU restricting CPUs from NR_CPUS=512 to nr_cpu_ids=8.
[    0.000000]  Trampoline variant of Tasks RCU enabled.
[    0.000000]  Tracing variant of Tasks RCU enabled.
[    0.000000] rcu: RCU calculated value of scheduler-enlistment delay is 25 jiffies.
[    0.000000] rcu: Adjusting geometry for rcu_fanout_leaf=16, nr_cpu_ids=8
[    0.000000] RCU Tasks: Setting shift to 3 and lim to 1 rcu_task_cb_adjust=1 rcu_task_cpu_ids=8.
[    0.000000] RCU Tasks Trace: Setting shift to 3 and lim to 1 rcu_task_cb_adjust=1 rcu_task_cpu_ids=8.
[    0.000000] NR_IRQS: 64, nr_irqs: 64, preallocated irqs: 0
[    0.000000] GIC: enabling workaround for GICv3: non-coherent attribute
[    0.000000] GICv3: GIC: Using split EOI/Deactivate mode
[    0.000000] GICv3: 480 SPIs implemented
[    0.000000] GICv3: 0 Extended SPIs implemented
[    0.000000] GICv3: MBI range [424:479]
[    0.000000] GICv3: Using MBI frame 0x00000000fe610000
[    0.000000] Root IRQ handler: gic_handle_irq
[    0.000000] GICv3: GICv3 features: 16 PPIs
[    0.000000] GICv3: GICD_CTLR.DS=0, SCR_EL3.FIQ=1
[    0.000000] GICv3: CPU0: found redistributor 0 region 0:0x00000000fe680000
[    0.000000] ITS [mem 0xfe640000-0xfe65ffff]
[    0.000000] GIC: enabling workaround for ITS: Rockchip erratum RK3588001
[    0.000000] GIC: enabling workaround for ITS: non-coherent attribute
[    0.000000] ITS@0x00000000fe640000: allocated 8192 Devices @100080000 (indirect, esz 8, psz 64K, shr 0)
[    0.000000] ITS@0x00000000fe640000: allocated 32768 Interrupt Collections @100090000 (flat, esz 2, psz 64K, shr 0)
[    0.000000] ITS: using cache flushing for cmd queue
[    0.000000] ITS [mem 0xfe660000-0xfe67ffff]
[    0.000000] GIC: enabling workaround for ITS: Rockchip erratum RK3588001
[    0.000000] GIC: enabling workaround for ITS: non-coherent attribute
[    0.000000] ITS@0x00000000fe660000: allocated 8192 Devices @1000b0000 (indirect, esz 8, psz 64K, shr 0)
[    0.000000] ITS@0x00000000fe660000: allocated 32768 Interrupt Collections @1000c0000 (flat, esz 2, psz 64K, shr 0)
[    0.000000] ITS: using cache flushing for cmd queue
[    0.000000] GICv3: using LPI property table @0x00000001000d0000
[    0.000000] GIC: using cache flushing for LPI property table
[    0.000000] GICv3: CPU0: using allocated LPI pending table @0x00000001000e0000
[    0.000000] GICv3: GIC: PPI partition interrupt-partition-0[0] { /cpus/cpu@0[0] /cpus/cpu@100[1] /cpus/cpu@200[2] /cpus/cpu@300[3] }
[    0.000000] GICv3: GIC: PPI partition interrupt-partition-1[1] { /cpus/cpu@400[4] /cpus/cpu@500[5] /cpus/cpu@600[6] /cpus/cpu@700[7] }
[    0.000000] rcu: srcu_init: Setting srcu_struct sizes based on contention.
[    0.000000] clocksource: jiffies: mask: 0xffffffff max_cycles: 0xffffffff, max_idle_ns: 7645041785100000 ns
[    0.000000] arch_timer: cp15 timer running at 24.00MHz (phys).
[    0.000000] clocksource: arch_sys_counter: mask: 0xffffffffffffff max_cycles: 0x588fe9dc0, max_idle_ns: 440795202592 ns
[    0.000000] sched_clock: 56 bits at 24MHz, resolution 41ns, wraps every 4398046511097ns
[    0.005733] Console: colour dummy device 80x25
[    0.006164] printk: legacy console [tty1] enabled
[    0.008579] Calibrating delay loop (skipped), value calculated using timer frequency.. 48.00 BogoMIPS (lpj=96000)
[    0.009562] pid_max: default: 32768 minimum: 301
[    0.013447] LSM: initializing lsm=lockdown,capability,yama,selinux,ima,evm
[    0.021850] Yama: becoming mindful.
[    0.022220] SELinux:  Initializing.
[    0.030081] Mount-cache hash table entries: 16384 (order: 5, 131072 bytes, linear)
[    0.030850] Mountpoint-cache hash table entries: 16384 (order: 5, 131072 bytes, linear)
[    0.043326] rcu: Hierarchical SRCU implementation.
[    0.043793] rcu:     Max phase no-delay instances is 1000.
[    0.044652] Timer migration: 1 hierarchy levels; 8 children per group; 1 crossnode level
[    0.045730] fsl-mc MSI: msi-controller@fe640000 domain created
[    0.046314] fsl-mc MSI: msi-controller@fe660000 domain created
[    0.053912] EFI services will not be available.
[    0.054918] smp: Bringing up secondary CPUs ...
[    0.056137] Detected VIPT I-cache on CPU1
[    0.056440] GICv3: CPU1: found redistributor 100 region 0:0x00000000fe6a0000
[    0.056458] GICv3: CPU1: using allocated LPI pending table @0x00000001000f0000
[    0.056509] CPU1: Booted secondary processor 0x0000000100 [0x412fd050]
[    0.057439] Detected VIPT I-cache on CPU2
[    0.057740] GICv3: CPU2: found redistributor 200 region 0:0x00000000fe6c0000
[    0.057756] GICv3: CPU2: using allocated LPI pending table @0x0000000100100000
[    0.057804] CPU2: Booted secondary processor 0x0000000200 [0x412fd050]
[    0.058708] Detected VIPT I-cache on CPU3
[    0.059003] GICv3: CPU3: found redistributor 300 region 0:0x00000000fe6e0000
[    0.059019] GICv3: CPU3: using allocated LPI pending table @0x0000000100110000
[    0.059065] CPU3: Booted secondary processor 0x0000000300 [0x412fd050]
[    0.059997] CPU features: detected: Spectre-v4
[    0.060005] CPU features: detected: Spectre-BHB
[    0.060011] CPU features: detected: Broken broadcast TLBI completion
[    0.060014] CPU features: detected: SSBS not fully self-synchronizing
[    0.060017] Detected PIPT I-cache on CPU4
[    0.060151] GICv3: CPU4: found redistributor 400 region 0:0x00000000fe700000
[    0.060161] GICv3: CPU4: using allocated LPI pending table @0x0000000100120000
[    0.060189] CPU4: Booted secondary processor 0x0000000400 [0x414fd0b0]
[    0.061009] Detected PIPT I-cache on CPU5
[    0.061151] GICv3: CPU5: found redistributor 500 region 0:0x00000000fe720000
[    0.061161] GICv3: CPU5: using allocated LPI pending table @0x0000000100130000
[    0.061191] CPU5: Booted secondary processor 0x0000000500 [0x414fd0b0]
[    0.061936] Detected PIPT I-cache on CPU6
[    0.062076] GICv3: CPU6: found redistributor 600 region 0:0x00000000fe740000
[    0.062086] GICv3: CPU6: using allocated LPI pending table @0x0000000100140000
[    0.062115] CPU6: Booted secondary processor 0x0000000600 [0x414fd0b0]
[    0.062967] Detected PIPT I-cache on CPU7
[    0.063109] GICv3: CPU7: found redistributor 700 region 0:0x00000000fe760000
[    0.063119] GICv3: CPU7: using allocated LPI pending table @0x0000000100150000
[    0.063148] CPU7: Booted secondary processor 0x0000000700 [0x414fd0b0]
[    0.063282] smp: Brought up 1 node, 8 CPUs
[    0.082133] SMP: Total of 8 processors activated.
[    0.082586] CPU: All CPU(s) started at EL2
[    0.082981] CPU features: detected: 32-bit EL0 Support
[    0.083472] CPU features: detected: Data cache clean to the PoU not required for I/D coherence
[    0.084289] CPU features: detected: Common not Private translations
[    0.084884] CPU features: detected: CRC32 instructions
[    0.085397] CPU features: detected: RCpc load-acquire (LDAPR)
[    0.085945] CPU features: detected: LSE atomic instructions
[    0.086478] CPU features: detected: Privileged Access Never
[    0.087008] CPU features: detected: PMUv3
[    0.087394] CPU features: detected: RAS Extension Support
[    0.087915] CPU features: detected: Speculative Store Bypassing Safe (SSBS)
[    0.088649] alternatives: applying system-wide alternatives
[    0.092846] CPU features: detected: Hardware dirty bit management on CPU4-7
[    0.094211] Memory: 7913912K/8386560K available (18048K kernel code, 5422K rwdata, 13264K rodata, 3136K init, 730K bss, 431952K reserved, 32768K cma-reserved)
[    0.098771] devtmpfs: initialized
[    0.110925] posixtimers hash table entries: 4096 (order: 4, 65536 bytes, linear)
[    0.111672] futex hash table entries: 2048 (131072 bytes on 1 NUMA nodes, total 128 KiB, linear).
[    0.112742] 2G module region forced by RANDOMIZE_MODULE_REGION_FULL
[    0.113350] 0 pages in range for non-PLT usage
[    0.113353] 514080 pages in range for PLT usage
[    0.114470] pinctrl core: initialized pinctrl subsystem
[    0.117565] DMI not present or invalid.
[    0.120872] NET: Registered PF_NETLINK/PF_ROUTE protocol family
[    0.122416] DMA: preallocated 1024 KiB GFP_KERNEL pool for atomic allocations
[    0.123304] DMA: preallocated 1024 KiB GFP_KERNEL|GFP_DMA pool for atomic allocations
[    0.124445] DMA: preallocated 1024 KiB GFP_KERNEL|GFP_DMA32 pool for atomic allocations
[    0.125226] audit: initializing netlink subsys (disabled)
[    0.125905] audit: type=2000 audit(0.116:1): state=initialized audit_enabled=0 res=1
[    0.127786] thermal_sys: Registered thermal governor 'step_wise'
[    0.127792] thermal_sys: Registered thermal governor 'power_allocator'
[    0.128409] cpuidle: using governor menu
[    0.129619] hw-breakpoint: found 6 breakpoint and 4 watchpoint registers.
[    0.130395] ASID allocator initialised with 32768 entries
[    0.132842] Serial: AMBA PL011 UART driver
[    0.153173] /vop@fdd90000: Fixed dependency cycle(s) with /hdmi@fde80000
[    0.153840] /hdmi@fde80000: Fixed dependency cycle(s) with /vop@fdd90000
[    0.163359] /pcie@fe180000: Fixed dependency cycle(s) with /pcie@fe180000/legacy-interrupt-controller
[    0.164676] /pcie@fe190000: Fixed dependency cycle(s) with /pcie@fe190000/legacy-interrupt-controller
[    0.168024] /i2c@feac0000/usb-typec@22/connector: Fixed dependency cycle(s) with /usb@fc000000
[    0.171630] /i2c@fec90000/audio-codec@11: Fixed dependency cycle(s) with /i2s@fe470000
[    0.173349] /i2c@feac0000/usb-typec@22/connector: Fixed dependency cycle(s) with /phy@fed80000
[    0.174192] /usb@fc000000: Fixed dependency cycle(s) with /phy@fed80000
[    0.174864] /phy@fed80000: Fixed dependency cycle(s) with /i2c@feac0000/usb-typec@22/connector
[    0.179299] gpio gpiochip0: Static allocation of GPIO base is deprecated, use dynamic allocation.
[    0.180748] rockchip-gpio fd8a0000.gpio: probed /pinctrl/gpio@fd8a0000
[    0.181731] gpio gpiochip1: Static allocation of GPIO base is deprecated, use dynamic allocation.
[    0.182726] rockchip-gpio fec20000.gpio: probed /pinctrl/gpio@fec20000
[    0.183573] gpio gpiochip2: Static allocation of GPIO base is deprecated, use dynamic allocation.
[    0.184530] rockchip-gpio fec30000.gpio: probed /pinctrl/gpio@fec30000
[    0.185434] gpio gpiochip3: Static allocation of GPIO base is deprecated, use dynamic allocation.
[    0.186400] rockchip-gpio fec40000.gpio: probed /pinctrl/gpio@fec40000
[    0.187282] gpio gpiochip4: Static allocation of GPIO base is deprecated, use dynamic allocation.
[    0.188243] rockchip-gpio fec50000.gpio: probed /pinctrl/gpio@fec50000
[    0.191778] /vop@fdd90000: Fixed dependency cycle(s) with /hdmi@fdea0000
[    0.192444] /hdmi@fdea0000: Fixed dependency cycle(s) with /vop@fdd90000
[    0.194206] /pcie@fe150000: Fixed dependency cycle(s) with /pcie@fe150000/legacy-interrupt-controller
[    0.195591] /pcie@fe160000: Fixed dependency cycle(s) with /pcie@fe160000/legacy-interrupt-controller
[    0.197017] /pcie@fe170000: Fixed dependency cycle(s) with /pcie@fe170000/legacy-interrupt-controller
[    0.199237] /hdmi@fde80000: Fixed dependency cycle(s) with /hdmi0-con
[    0.199875] /hdmi0-con: Fixed dependency cycle(s) with /hdmi@fde80000
[    0.200687] /hdmi@fdea0000: Fixed dependency cycle(s) with /hdmi1-con
[    0.201323] /hdmi1-con: Fixed dependency cycle(s) with /hdmi@fdea0000
[    0.211166] HugeTLB: registered 1.00 GiB page size, pre-allocated 0 pages
[    0.211809] HugeTLB: 0 KiB vmemmap can be freed for a 1.00 GiB page
[    0.212400] HugeTLB: registered 32.0 MiB page size, pre-allocated 0 pages
[    0.213036] HugeTLB: 0 KiB vmemmap can be freed for a 32.0 MiB page
[    0.213625] HugeTLB: registered 2.00 MiB page size, pre-allocated 0 pages
[    0.214268] HugeTLB: 0 KiB vmemmap can be freed for a 2.00 MiB page
[    0.214857] HugeTLB: registered 64.0 KiB page size, pre-allocated 0 pages
[    0.215493] HugeTLB: 0 KiB vmemmap can be freed for a 64.0 KiB page
[    0.223179] ACPI: Interpreter disabled.
[    0.227387] iommu: Default domain type: Translated
[    0.227843] iommu: DMA domain TLB invalidation policy: strict mode
[    0.229071] SCSI subsystem initialized
[    0.229698] usbcore: registered new interface driver usbfs
[    0.230238] usbcore: registered new interface driver hub
[    0.230750] usbcore: registered new device driver usb
[    0.232628] mc: Linux media interface: v0.10
[    0.233064] videodev: Linux video capture interface: v2.00
[    0.233594] pps_core: LinuxPPS API ver. 1 registered
[    0.234061] pps_core: Software ver. 5.3.6 - Copyright 2005-2007 Rodolfo Giometti <giometti@linux.it>
[    0.234922] PTP clock support registered
[    0.235408] EDAC MC: Ver: 3.0.0
[    0.236174] scmi_core: SCMI protocol bus registered
[    0.237824] FPGA manager framework
[    0.238937] vgaarb: loaded
[    0.239604] clocksource: Switched to clocksource arch_sys_counter
[    0.241831] VFS: Disk quotas dquot_6.6.0
[    0.242353] VFS: Dquot-cache hash table entries: 512 (order 0, 4096 bytes)
[    0.243553] pnp: PnP ACPI: disabled
[    0.251444] NET: Registered PF_INET protocol family
[    0.252120] IP idents hash table entries: 131072 (order: 8, 1048576 bytes, linear)
[    0.258160] tcp_listen_portaddr_hash hash table entries: 4096 (order: 4, 65536 bytes, linear)
[    0.259076] Table-perturb hash table entries: 65536 (order: 6, 262144 bytes, linear)
[    0.259877] TCP established hash table entries: 65536 (order: 7, 524288 bytes, linear)
[    0.261331] TCP bind hash table entries: 65536 (order: 9, 2097152 bytes, linear)
[    0.263914] TCP: Hash tables configured (established 65536 bind 65536)
[    0.264625] UDP hash table entries: 4096 (order: 6, 262144 bytes, linear)
[    0.265591] UDP-Lite hash table entries: 4096 (order: 6, 262144 bytes, linear)
[    0.266873] NET: Registered PF_UNIX/PF_LOCAL protocol family
[    0.267430] PCI: CLS 0 bytes, default 64
[    0.269168] Initialise system trusted keyrings
[    0.269764] workingset: timestamp_bits=42 max_order=21 bucket_order=0
[    0.275212] squashfs: version 4.0 (2009/01/31) Phillip Lougher
[    0.276420] 9p: Installing v9fs 9p2000 file system support
[    0.316225] Key type asymmetric registered
[    0.316616] Asymmetric key parser 'x509' registered
[    0.317076] Asymmetric key parser 'pkcs8' registered
[    0.317723] Block layer SCSI generic (bsg) driver version 0.4 loaded (major 243)
[    0.318420] io scheduler mq-deadline registered
[    0.318847] io scheduler kyber registered
[    0.319371] io scheduler bfq registered
[    0.343137] ledtrig-cpu: registered to indicate activity on CPUs
[    0.371650] dma-pl330 fea10000.dma-controller: Loaded driver for PL330 DMAC-241330
[    0.372374] dma-pl330 fea10000.dma-controller:       DBUFF-128x8bytes Num_Chans-8 Num_Peri-32 Num_Events-16
[    0.374132] dma-pl330 fea30000.dma-controller: Loaded driver for PL330 DMAC-241330
[    0.374847] dma-pl330 fea30000.dma-controller:       DBUFF-128x8bytes Num_Chans-8 Num_Peri-32 Num_Events-16
[    0.376710] dma-pl330 fed10000.dma-controller: Loaded driver for PL330 DMAC-241330
[    0.377427] dma-pl330 fed10000.dma-controller:       DBUFF-128x8bytes Num_Chans-8 Num_Peri-32 Num_Events-16
[    0.393676] Serial: 8250/16550 driver, 4 ports, IRQ sharing enabled
[    0.396137] printk: legacy console [ttyS2] disabled
[    0.396773] feb50000.serial: ttyS2 at MMIO 0xfeb50000 (irq = 41, base_baud = 1500000) is a 16550A
[    0.397664] printk: legacy console [ttyS2] enabled
[    0.397664] printk: legacy console [ttyS2] enabled
[    0.398534] printk: legacy bootconsole [uart0] disabled
[    0.398534] printk: legacy bootconsole [uart0] disabled
[    0.413856] msm_serial: driver initialized
[    0.414742] SuperH (H)SCI(F) driver initialized
[    0.415494] STM32 USART driver initialized
[    0.419470] arm-smmu-v3 fc900000.iommu: ias 48-bit, oas 48-bit (features 0x001c1eaf)
[    0.420686] arm-smmu-v3 fc900000.iommu: allocated 65536 entries for cmdq
[    0.421888] arm-smmu-v3 fc900000.iommu: allocated 32768 entries for evtq
[    0.422929] arm-smmu-v3 fc900000.iommu: msi_domain absent - falling back to wired irqs
[    0.424955] rockchip-pm-domain fd8d8000.power-management:power-controller: Failed to enable supply: -517
[    0.425827] rockchip-pm-domain fd8d8000.power-management:power-controller: Failed to enable supply: -517
[    0.426686] rockchip-pm-domain fd8d8000.power-management:power-controller: Failed to enable supply: -517
[    0.428014] platform fdb50000.video-codec: Adding to iommu group 0
[    0.429494] platform fdba0000.video-codec: Adding to iommu group 1
[    0.430929] platform fdba4000.video-codec: Adding to iommu group 2
[    0.432189] platform fdba8000.video-codec: Adding to iommu group 3
[    0.433396] platform fdbac000.video-codec: Adding to iommu group 4
[    0.434622] platform fdd90000.vop: Adding to iommu group 5
[    0.441287] loop: module loaded
[    0.464195] megasas: 07.734.00.00-rc1
[    0.470453] /spi@feb20000/pmic@0: Fixed dependency cycle(s) with /spi@feb20000/pmic@0/regulators/dcdc-reg7
[    0.471342] /spi@feb20000/pmic@0: Fixed dependency cycle(s) with /spi@feb20000/pmic@0/dvs3-null-pins
[    0.472161] /spi@feb20000/pmic@0: Fixed dependency cycle(s) with /spi@feb20000/pmic@0/dvs2-null-pins
[    0.472966] /spi@feb20000/pmic@0: Fixed dependency cycle(s) with /spi@feb20000/pmic@0/dvs1-null-pins
[    0.476718] tun: Universal TUN/TAP device driver, 1.6
[    0.478604] thunder_xcv, ver 1.0
[    0.478928] thunder_bgx, ver 1.0
[    0.479232] nicpf, ver 1.0
[    0.481090] e1000: Intel(R) PRO/1000 Network Driver
[    0.481522] e1000: Copyright (c) 1999-2006 Intel Corporation.
[    0.482046] e1000e: Intel(R) PRO/1000 Network Driver
[    0.482482] e1000e: Copyright(c) 1999 - 2015 Intel Corporation.
[    0.483025] igb: Intel(R) Gigabit Ethernet Network Driver
[    0.483501] igb: Copyright (c) 2007-2014 Intel Corporation.
[    0.484016] igbvf: Intel(R) Gigabit Virtual Function Network Driver
[    0.484565] igbvf: Copyright (c) 2009 - 2012 Intel Corporation.
[    0.485505] sky2: driver version 1.30
[    0.487737] VFIO - User Level meta-driver version: 0.3
[    0.488681] dwc3 fc000000.usb: Configuration mismatch. dr_mode forced to host
[    0.526735] xhci-hcd xhci-hcd.0.auto: xHCI Host Controller
[    0.527241] xhci-hcd xhci-hcd.0.auto: new USB bus registered, assigned bus number 1
[    0.528043] xhci-hcd xhci-hcd.0.auto: hcc params 0x0220fe64 hci version 0x110 quirks 0x0000808002000010
[    0.528244] ehci-platform fc800000.usb: EHCI Host Controller
[    0.528263] ohci-platform fc840000.usb: Generic Platform OHCI controller
[    0.528290] ohci-platform fc840000.usb: new USB bus registered, assigned bus number 2
[    0.528573] ohci-platform fc840000.usb: irq 55, io mem 0xfc840000
[    0.528884] xhci-hcd xhci-hcd.0.auto: irq 52, io mem 0xfc000000
[    0.529382] ehci-platform fc800000.usb: new USB bus registered, assigned bus number 3
[    0.530047] xhci-hcd xhci-hcd.0.auto: xHCI Host Controller
[    0.530770] ehci-platform fc800000.usb: irq 54, io mem 0xfc800000
[    0.531161] xhci-hcd xhci-hcd.0.auto: new USB bus registered, assigned bus number 4
[    0.534080] xhci-hcd xhci-hcd.0.auto: Host supports USB 3.0 SuperSpeed
[    0.535155] hub 1-0:1.0: USB hub found
[    0.535506] hub 1-0:1.0: 1 port detected
[    0.536017] usb usb4: We don't know the algorithms for LPM for this host, disabling LPM.
[    0.537046] hub 4-0:1.0: USB hub found
[    0.537389] hub 4-0:1.0: 1 port detected
[    0.537944] xhci-hcd xhci-hcd.1.auto: xHCI Host Controller
[    0.538436] xhci-hcd xhci-hcd.1.auto: new USB bus registered, assigned bus number 5
[    0.539216] xhci-hcd xhci-hcd.1.auto: hcc params 0x0220fe64 hci version 0x110 quirks 0x0000808002000010
[    0.540082] xhci-hcd xhci-hcd.1.auto: irq 53, io mem 0xfc400000
[    0.540726] xhci-hcd xhci-hcd.1.auto: xHCI Host Controller
[    0.541213] xhci-hcd xhci-hcd.1.auto: new USB bus registered, assigned bus number 6
[    0.541897] xhci-hcd xhci-hcd.1.auto: Host supports USB 3.0 SuperSpeed
[    0.542813] hub 5-0:1.0: USB hub found
[    0.543158] hub 5-0:1.0: 1 port detected
[    0.543636] ehci-platform fc800000.usb: USB 2.0 started, EHCI 1.00
[    0.543676] usb usb6: We don't know the algorithms for LPM for this host, disabling LPM.
[    0.545281] hub 6-0:1.0: USB hub found
[    0.545633] hub 6-0:1.0: 1 port detected
[    0.546840] usbcore: registered new interface driver usb-storage
[    0.546887] hub 3-0:1.0: USB hub found
[    0.547783] hub 3-0:1.0: 1 port detected
[    0.551409] i2c_dev: i2c /dev entries driver
[    0.554743] rockchip-pm-domain fd8d8000.power-management:power-controller: Failed to create device link (0x180) with supplier 1-0042 for /power-management@fd8d8000/power-controller/power-domain@8
[    0.555666] fan53555-regulator 0-0042: FAN53555 Option[10] Rev[1] Detected!
[    0.556927] fan53555-regulator 0-0043: FAN53555 Option[10] Rev[1] Detected!
[    0.557765] fan53555-regulator 1-0042: FAN53555 Option[10] Rev[1] Detected!
[    0.558022] /i2s@fe470000: Fixed dependency cycle(s) with /i2c@fec90000/audio-codec@11
[    0.559122] /i2c@fec90000/audio-codec@11: Fixed dependency cycle(s) with /i2s@fe470000
[    0.561189] usbcore: registered new interface driver uvcvideo
[    0.562303] rockchip-pm-domain fd8d8000.power-management:power-controller: Failed to create device link (0x180) with supplier 1-0042 for /power-management@fd8d8000/power-controller/power-domain@8
[    0.568007] device-mapper: core: CONFIG_IMA_DISABLE_HTABLE is disabled. Duplicate IMA measurements will not be recorded in the IMA log.
[    0.569313] device-mapper: ioctl: 4.50.0-ioctl (2025-04-28) initialised: dm-devel@lists.linux.dev
[    0.572265] sdhci: Secure Digital Host Controller Interface driver
[    0.572811] sdhci: Copyright(c) Pierre Ossman
[    0.574384] Synopsys Designware Multimedia Card Interface Driver
[    0.576401] sdhci-pltfm: SDHCI platform and OF driver helper
[    0.581204] arm-scmi arm-scmi.2.auto: Using scmi_smc_transport
[    0.581732] arm-scmi arm-scmi.2.auto: SCMI max-rx-timeout: 30ms / max-msg-size: 104bytes / max-msg: 20
[    0.582635] scmi_protocol scmi_dev.1: Enabled polling mode TX channel - prot_id:16
[    0.583442] arm-scmi arm-scmi.2.auto: SCMI Notifications - Core Enabled.
[    0.584080] arm-scmi arm-scmi.2.auto: SCMI Protocol v2.0 'rockchip:' Firmware version 0x0
[    0.584829] arm-scmi arm-scmi.2.auto: Enabling SCMI Quirk [quirk_clock_rates_triplet_out_of_spec]
[    0.586971] SMCCC: SOC_ID: ARCH_SOC_ID not implemented, skipping ....
[    0.588733] hub 2-0:1.0: USB hub found
[    0.588964] usbcore: registered new interface driver usbhid
[    0.589110] hub 2-0:1.0: 1 port detected
[    0.589558] usbhid: USB HID core driver
[    0.595154] hw perfevents: enabled with armv8_cortex_a55 PMU driver, 7 (0,8000003f) counters available
[    0.596903] hw perfevents: enabled with armv8_cortex_a76 PMU driver, 7 (0,8000003f) counters available
[    0.604412] NET: Registered PF_PACKET protocol family
[    0.604993] 9pnet: Installing 9P2000 support
[    0.612384] registered taskstats version 1
[    0.612405] mmc0: SDHCI controller on fe2e0000.mmc [fe2e0000.mmc] using ADMA
[    0.612954] Loading compiled-in X.509 certificates
[    0.615958] Loaded X.509 cert 'TactiQ OS development module signing key: 50868375fd908030ab0768fa6cc988a3b2476903'
[    0.618604] Loaded X.509 cert 'TactiQ OS DEVELOPMENT CA - NOT FOR PRODUCTION: 612013e051c9a4b05866a3a911c7d1083081f63f'
[    0.619570] Loaded X.509 cert 'TactiQ OS DEVELOPMENT Signing CA - NOT FOR PRODUCTION: 9a9844185af9bc21b5eea5dcc252eb4ec6840639'
[    0.620615] Loaded X.509 cert 'TactiQ OS DEVELOPMENT IMA Signer - NOT FOR PRODUCTION: a6922267259c91b678d888e98a74f7a1cc67b774'
[    0.628888] Demotion targets for Node 0: null
[    0.629390] Key type encrypted registered
[    0.629758] ima: No TPM chip found, activating TPM-bypass!
[    0.630256] ima: Allocated hash algorithm: sha256
[    0.630690] ima: No architecture policies found
[    0.631119] evm: Initialising EVM extended attributes:
[    0.631571] evm: security.selinux
[    0.631883] evm: security.SMACK64 (disabled)
[    0.632259] evm: security.SMACK64EXEC (disabled)
[    0.632665] evm: security.SMACK64TRANSMUTE (disabled)
[    0.633109] evm: security.SMACK64MMAP (disabled)
[    0.633514] evm: security.apparmor (disabled)
[    0.633897] evm: security.ima
[    0.634160] evm: security.capability
[    0.634475] evm: HMAC attrs: 0x1
[    0.681617] sdhci-dwcmshc fe2e0000.mmc: Can't reduce the clock below 52MHz in HS200/HS400 mode
[    0.682602] mmc0: new HS400 Enhanced strobe MMC card at address 0001
[    0.684252] mmcblk0: mmc0:0001 C9A611 58.3 GiB
[    0.687776] rockchip-dw-pcie a40000000.pcie: host bridge /pcie@fe150000 ranges:
[    0.688473] rockchip-dw-pcie a40000000.pcie:       IO 0x00f0100000..0x00f01fffff -> 0x00f0100000
[    0.689178] GPT:Primary header thinks Alt. header is not at the end of the disk.
[    0.689263] rockchip-dw-pcie a40000000.pcie:      MEM 0x00f0200000..0x00f0ffffff -> 0x00f0200000
[    0.689899] GPT:17850401 != 122224639
[    0.690670] rockchip-dw-pcie a40000000.pcie:      MEM 0x0900000000..0x093fffffff -> 0x0900000000
[    0.690985] GPT:Alternate GPT header not at the end of the disk.
[    0.692386] GPT:17850401 != 122224639
[    0.692721] GPT: Use GNU Parted to correct GPT errors.
[    0.693216]  mmcblk0: p1 p2 p3 p4 p5
[    0.695089] mmcblk0boot0: mmc0:0001 C9A611 4.00 MiB
[    0.698125] mmcblk0boot1: mmc0:0001 C9A611 4.00 MiB
[    0.698691] rockchip-dw-pcie a40000000.pcie: iATU: unroll T, 8 ob, 8 ib, align 64K, limit 8G
[    0.701184] mmcblk0rpmb: mmc0:0001 C9A611 16.0 MiB, chardev (508:0)
[    0.787782] usb 5-1: new high-speed USB device number 2 using xhci-hcd
[    0.799784] usb 3-1: new high-speed USB device number 2 using ehci-platform
[    0.943087] hub 5-1:1.0: USB hub found
[    0.943843] hub 5-1:1.0: 4 ports detected
[    0.945967] hub 3-1:1.0: USB hub found
[    0.946567] hub 3-1:1.0: 4 ports detected
[    1.050823] usb 6-1: new SuperSpeed USB device number 2 using xhci-hcd
[    1.135079] hub 6-1:1.0: USB hub found
[    1.135784] hub 6-1:1.0: 4 ports detected
[    1.759767] rockchip-dw-pcie a40000000.pcie: Phy link never came up
[    1.760756] rockchip-dw-pcie a40000000.pcie: PCI host bridge to bus 0000:00
[    1.761398] pci_bus 0000:00: root bus resource [bus 00-0f]
[    1.761904] pci_bus 0000:00: root bus resource [io  0x0000-0xfffff] (bus address [0xf0100000-0xf01fffff])
[    1.762762] pci_bus 0000:00: root bus resource [mem 0xf0200000-0xf0ffffff]
[    1.763383] pci_bus 0000:00: root bus resource [mem 0x900000000-0x93fffffff]
[    1.764086] pci 0000:00:00.0: [1d87:3588] type 01 class 0x060400 PCIe Root Port
[    1.764771] pci 0000:00:00.0: ROM [mem 0x00000000-0x0000ffff pref]
[    1.765333] pci 0000:00:00.0: PCI bridge to [bus 01-ff]
[    1.765813] pci 0000:00:00.0:   bridge window [io  0x0000-0x0fff]
[    1.766367] pci 0000:00:00.0:   bridge window [mem 0x00000000-0x000fffff]
[    1.766986] pci 0000:00:00.0:   bridge window [mem 0x00000000-0x000fffff 64bit pref]
[    1.767770] pci 0000:00:00.0: supports D1 D2
[    1.768164] pci 0000:00:00.0: PME# supported from D0 D1 D3hot
[    1.769712] pci 0000:00:00.0: Adding to iommu group 6
[    1.777322] pci_bus 0000:01: busn_res: can not insert [bus 01-ff] under [bus 00-0f] (conflicts with (null) [bus 00-0f])
[    1.778546] pci 0000:00:00.0: ROM [mem 0xf0200000-0xf020ffff pref]: assigned
[    1.779196] pci 0000:00:00.0: PCI bridge to [bus 01-ff]
[    1.779707] pci_bus 0000:00: resource 4 [io  0x0000-0xfffff]
[    1.780224] pci_bus 0000:00: resource 5 [mem 0xf0200000-0xf0ffffff]
[    1.780793] pci_bus 0000:00: resource 6 [mem 0x900000000-0x93fffffff]
[    1.786031] pcieport 0000:00:00.0: PME: Signaling with IRQ 75
[    1.787118] pcieport 0000:00:00.0: AER: enabled with IRQ 76
[    1.789907] rockchip-dw-pcie a40400000.pcie: host bridge /pcie@fe160000 ranges:
[    1.790602] rockchip-dw-pcie a40400000.pcie:       IO 0x00f1100000..0x00f11fffff -> 0x00f1100000
[    1.791410] rockchip-dw-pcie a40400000.pcie:      MEM 0x00f1200000..0x00f1ffffff -> 0x00f1200000
[    1.792271] rockchip-dw-pcie a40400000.pcie:      MEM 0x0940000000..0x097fffffff -> 0x0940000000
[    1.800825] rockchip-dw-pcie a40400000.pcie: iATU: unroll T, 8 ob, 8 ib, align 64K, limit 8G
[    2.863724] rockchip-dw-pcie a40400000.pcie: Phy link never came up
[    2.864450] rockchip-dw-pcie a40400000.pcie: PCI host bridge to bus 0001:10
[    2.865089] pci_bus 0001:10: root bus resource [bus 10-1f]
[    2.865592] pci_bus 0001:10: root bus resource [io  0x100000-0x1fffff] (bus address [0xf1100000-0xf11fffff])
[    2.866474] pci_bus 0001:10: root bus resource [mem 0xf1200000-0xf1ffffff]
[    2.867095] pci_bus 0001:10: root bus resource [mem 0x940000000-0x97fffffff]
[    2.867826] pci 0001:10:00.0: [1d87:3588] type 01 class 0x060400 PCIe Root Port
[    2.868510] pci 0001:10:00.0: ROM [mem 0x00000000-0x0000ffff pref]
[    2.869074] pci 0001:10:00.0: PCI bridge to [bus 01-ff]
[    2.869554] pci 0001:10:00.0:   bridge window [io  0x0000-0x0fff]
[    2.870108] pci 0001:10:00.0:   bridge window [mem 0x00000000-0x000fffff]
[    2.870727] pci 0001:10:00.0:   bridge window [mem 0x00000000-0x000fffff 64bit pref]
[    2.871487] pci 0001:10:00.0: supports D1 D2
[    2.871903] pci 0001:10:00.0: PME# supported from D0 D1 D3hot
[    2.873119] pci 0001:10:00.0: Adding to iommu group 7
[    2.880572] pci 0001:10:00.0: Primary bus is hard wired to 0
[    2.881096] pci 0001:10:00.0: bridge configuration invalid ([bus 01-ff]), reconfiguring
[    2.882138] pci_bus 0001:11: busn_res: [bus 11-1f] end is updated to 11
[    2.882769] pci 0001:10:00.0: ROM [mem 0xf1200000-0xf120ffff pref]: assigned
[    2.883412] pci 0001:10:00.0: PCI bridge to [bus 11]
[    2.883898] pci_bus 0001:10: resource 4 [io  0x100000-0x1fffff]
[    2.884438] pci_bus 0001:10: resource 5 [mem 0xf1200000-0xf1ffffff]
[    2.885006] pci_bus 0001:10: resource 6 [mem 0x940000000-0x97fffffff]
[    2.889842] pcieport 0001:10:00.0: PME: Signaling with IRQ 87
[    2.890948] pcieport 0001:10:00.0: AER: enabled with IRQ 88
[    2.893622] rockchip-dw-pcie a40800000.pcie: host bridge /pcie@fe170000 ranges:
[    2.894314] rockchip-dw-pcie a40800000.pcie:       IO 0x00f2100000..0x00f21fffff -> 0x00f2100000
[    2.895139] rockchip-dw-pcie a40800000.pcie:      MEM 0x00f2200000..0x00f2ffffff -> 0x00f2200000
[    2.895977] rockchip-dw-pcie a40800000.pcie:      MEM 0x0980000000..0x09bfffffff -> 0x0980000000
[    2.896981] rockchip-dw-pcie a40800000.pcie: iATU: unroll T, 8 ob, 8 ib, align 64K, limit 8G
[    3.095717] rockchip-dw-pcie a40800000.pcie: PCIe Gen.1 x1 link up
[    3.096437] rockchip-dw-pcie a40800000.pcie: PCI host bridge to bus 0002:20
[    3.097075] pci_bus 0002:20: root bus resource [bus 20-2f]
[    3.097580] pci_bus 0002:20: root bus resource [io  0x200000-0x2fffff] (bus address [0xf2100000-0xf21fffff])
[    3.098462] pci_bus 0002:20: root bus resource [mem 0xf2200000-0xf2ffffff]
[    3.099083] pci_bus 0002:20: root bus resource [mem 0x980000000-0x9bfffffff]
[    3.099780] pci 0002:20:00.0: [1d87:3588] type 01 class 0x060400 PCIe Root Port
[    3.100462] pci 0002:20:00.0: ROM [mem 0x00000000-0x0000ffff pref]
[    3.101024] pci 0002:20:00.0: PCI bridge to [bus 01-ff]
[    3.101504] pci 0002:20:00.0:   bridge window [io  0x0000-0x0fff]
[    3.102058] pci 0002:20:00.0:   bridge window [mem 0x00000000-0x000fffff]
[    3.102677] pci 0002:20:00.0:   bridge window [mem 0x00000000-0x000fffff 64bit pref]
[    3.103435] pci 0002:20:00.0: supports D1 D2
[    3.103911] pci 0002:20:00.0: PME# supported from D0 D1 D3hot
[    3.105449] pci 0002:20:00.0: Adding to iommu group 8
[    3.112983] pci 0002:20:00.0: Primary bus is hard wired to 0
[    3.113507] pci 0002:20:00.0: bridge configuration invalid ([bus 01-ff]), reconfiguring
[    3.114459] pci 0002:21:00.0: [10ec:b852] type 00 class 0x028000 PCIe Endpoint
[    3.115359] pci 0002:21:00.0: BAR 0 [io  0x0000-0x00ff]
[    3.115883] pci 0002:21:00.0: BAR 2 [mem 0x00000000-0x000fffff 64bit]
[    3.116936] pci 0002:21:00.0: PME# supported from D0 D3hot D3cold
[    3.118359] pci 0002:21:00.0: Adding to iommu group 8
[    3.123731] pci 0002:21:00.0: ASPM: default states L0s L1
[    3.124339] pci_bus 0002:21: busn_res: [bus 21-2f] end is updated to 21
[    3.124967] pci 0002:20:00.0: bridge window [mem 0xf2200000-0xf22fffff]: assigned
[    3.125649] pci 0002:20:00.0: ROM [mem 0xf2300000-0xf230ffff pref]: assigned
[    3.126288] pci 0002:20:00.0: bridge window [io  0x200000-0x200fff]: assigned
[    3.126940] pci 0002:21:00.0: BAR 2 [mem 0xf2200000-0xf22fffff 64bit]: assigned
[    3.127689] pci 0002:21:00.0: BAR 0 [io  0x200000-0x2000ff]: assigned
[    3.128294] pci 0002:20:00.0: PCI bridge to [bus 21]
[    3.128749] pci 0002:20:00.0:   bridge window [io  0x200000-0x200fff]
[    3.129335] pci 0002:20:00.0:   bridge window [mem 0xf2200000-0xf22fffff]
[    3.129961] pci_bus 0002:20: resource 4 [io  0x200000-0x2fffff]
[    3.130500] pci_bus 0002:20: resource 5 [mem 0xf2200000-0xf2ffffff]
[    3.131068] pci_bus 0002:20: resource 6 [mem 0x980000000-0x9bfffffff]
[    3.131667] pci_bus 0002:21: resource 0 [io  0x200000-0x200fff]
[    3.132205] pci_bus 0002:21: resource 1 [mem 0xf2200000-0xf22fffff]
[    3.137043] pcieport 0002:20:00.0: PME: Signaling with IRQ 99
[    3.138261] pcieport 0002:20:00.0: AER: enabled with IRQ 100
[    3.142085] random: crng init done
[    3.145930] platform fdab0000.npu: Adding to iommu group 9
[    3.152415] platform fdac0000.npu: Adding to iommu group 10
[    3.158726] platform fdad0000.npu: Adding to iommu group 11
[    3.181518] rockchip-pm-domain fd8d8000.power-management:power-controller: Failed to create device link (0x180) with supplier spi2.0 for /power-management@fd8d8000/power-controller/power-domain@12
[    3.191038] ehci-platform fc880000.usb: EHCI Host Controller
[    3.191055] ohci-platform fc8c0000.usb: Generic Platform OHCI controller
[    3.191571] ehci-platform fc880000.usb: new USB bus registered, assigned bus number 7
[    3.192180] ohci-platform fc8c0000.usb: new USB bus registered, assigned bus number 8
[    3.193020] ehci-platform fc880000.usb: irq 121, io mem 0xfc880000
[    3.193695] ohci-platform fc8c0000.usb: irq 122, io mem 0xfc8c0000
[    3.195154] cpufreq: cpufreq_policy_online: CPU0: Running at unlisted initial frequency: 816000 kHz, changing to: 1008000 kHz
[    3.196408] cpu cpu0: EM: created perf domain
[    3.200440] cpufreq: cpufreq_policy_online: CPU4: Running at unlisted initial frequency: 816000 kHz, changing to: 1200000 kHz
[    3.201605] cpu cpu4: EM: created perf domain
[    3.203625] ehci-platform fc880000.usb: USB 2.0 started, EHCI 1.00
[    3.204777] hub 7-0:1.0: USB hub found
[    3.205137] hub 7-0:1.0: 1 port detected
[    3.206803] cpufreq: cpufreq_policy_online: CPU6: Running at unlisted initial frequency: 816000 kHz, changing to: 1200000 kHz
[    3.207919] cpu cpu6: EM: created perf domain
[    3.211757] dwmmc_rockchip fe2c0000.mmc: IDMAC supports 32-bit address mode.
[    3.212118] rockchip-dw-pcie a41000000.pcie: host bridge /pcie@fe190000 ranges:
[    3.212406] dwmmc_rockchip fe2c0000.mmc: Using internal DMA controller.
[    3.213028] rockchip-dw-pcie a41000000.pcie:       IO 0x00f4100000..0x00f41fffff -> 0x00f4100000
[    3.213601] dwmmc_rockchip fe2c0000.mmc: Version ID is 270a
[    3.214361] rockchip-dw-pcie a41000000.pcie:      MEM 0x00f4200000..0x00f4ffffff -> 0x00f4200000
[    3.214889] dwmmc_rockchip fe2c0000.mmc: DW MMC controller at irq 123,32 bit host data width,256 deep fifo
[    3.215618] rockchip-dw-pcie a41000000.pcie:      MEM 0x0a00000000..0x0a3fffffff -> 0x0a00000000
[    3.215730] rockchip-dw-pcie a41000000.pcie: iATU: unroll T, 8 ob, 8 ib, align 64K, limit 8G
[    3.217262] dwmmc_rockchip fe2c0000.mmc: Got CD GPIO
[    3.231142] mmc_host mmc1: Bus speed (slot 0) = 400000Hz (slot req 400000Hz, actual 400000HZ div = 0)
[    3.256150] hub 8-0:1.0: USB hub found
[    3.256495] hub 8-0:1.0: 1 port detected
[    3.415747] rockchip-dw-pcie a41000000.pcie: PCIe Gen.2 x1 link up
[    3.416358] rockchip-dw-pcie a41000000.pcie: PCI host bridge to bus 0004:40
[    3.416971] pci_bus 0004:40: root bus resource [bus 40-4f]
[    3.417455] pci_bus 0004:40: root bus resource [io  0x300000-0x3fffff] (bus address [0xf4100000-0xf41fffff])
[    3.418312] pci_bus 0004:40: root bus resource [mem 0xf4200000-0xf4ffffff]
[    3.418913] pci_bus 0004:40: root bus resource [mem 0xa00000000-0xa3fffffff]
[    3.419546] pci 0004:40:00.0: [1d87:3588] type 01 class 0x060400 PCIe Root Port
[    3.420211] pci 0004:40:00.0: ROM [mem 0x00000000-0x0000ffff pref]
[    3.420754] pci 0004:40:00.0: PCI bridge to [bus 01-ff]
[    3.421214] pci 0004:40:00.0:   bridge window [io  0x0000-0x0fff]
[    3.421747] pci 0004:40:00.0:   bridge window [mem 0x00000000-0x000fffff]
[    3.422344] pci 0004:40:00.0:   bridge window [mem 0x00000000-0x000fffff 64bit pref]
[    3.423050] pci 0004:40:00.0: supports D1 D2
[    3.423425] pci 0004:40:00.0: PME# supported from D0 D1 D3hot
[    3.424336] pci 0004:40:00.0: Adding to iommu group 12
[    3.426884] pci 0004:40:00.0: Primary bus is hard wired to 0
[    3.427383] pci 0004:40:00.0: bridge configuration invalid ([bus 01-ff]), reconfiguring
[    3.428209] pci 0004:41:00.0: [10ec:8125] type 00 class 0x020000 PCIe Endpoint
[    3.428988] pci 0004:41:00.0: BAR 0 [io  0x0000-0x00ff]
[    3.429460] pci 0004:41:00.0: BAR 2 [mem 0x00000000-0x0000ffff 64bit]
[    3.430031] pci 0004:41:00.0: BAR 4 [mem 0x00000000-0x00003fff 64bit]
[    3.430943] pci 0004:41:00.0: supports D1 D2
[    3.431317] pci 0004:41:00.0: PME# supported from D0 D1 D2 D3hot D3cold
[    3.432504] pci 0004:41:00.0: Adding to iommu group 12
[    3.439702] pci 0004:41:00.0: ASPM: default states L0s L1
[    3.440233] pci_bus 0004:41: busn_res: [bus 41-4f] end is updated to 41
[    3.440824] pci 0004:40:00.0: bridge window [mem 0xf4200000-0xf42fffff]: assigned
[    3.441479] pci 0004:40:00.0: ROM [mem 0xf4300000-0xf430ffff pref]: assigned
[    3.442096] pci 0004:40:00.0: bridge window [io  0x300000-0x300fff]: assigned
[    3.442723] pci 0004:41:00.0: BAR 2 [mem 0xf4200000-0xf420ffff 64bit]: assigned
[    3.443390] pci 0004:41:00.0: BAR 4 [mem 0xf4210000-0xf4213fff 64bit]: assigned
[    3.444067] pci 0004:41:00.0: BAR 0 [io  0x300000-0x3000ff]: assigned
[    3.444639] pci 0004:40:00.0: PCI bridge to [bus 41]
[    3.445075] pci 0004:40:00.0:   bridge window [io  0x300000-0x300fff]
[    3.445639] pci 0004:40:00.0:   bridge window [mem 0xf4200000-0xf42fffff]
[    3.446233] pci_bus 0004:40: resource 4 [io  0x300000-0x3fffff]
[    3.446752] pci_bus 0004:40: resource 5 [mem 0xf4200000-0xf4ffffff]
[    3.447300] pci_bus 0004:40: resource 6 [mem 0xa00000000-0xa3fffffff]
[    3.447868] pci_bus 0004:41: resource 0 [io  0x300000-0x300fff]
[    3.448386] pci_bus 0004:41: resource 1 [mem 0xf4200000-0xf42fffff]
[    3.450343] pcieport 0004:40:00.0: PME: Signaling with IRQ 135
[    3.451214] pcieport 0004:40:00.0: AER: enabled with IRQ 136
[    3.459429] rockchip-dw-pcie a40c00000.pcie: host bridge /pcie@fe180000 ranges:
[    3.460108] rockchip-dw-pcie a40c00000.pcie:       IO 0x00f3100000..0x00f31fffff -> 0x00f3100000
[    3.460882] rockchip-dw-pcie a40c00000.pcie:      MEM 0x00f3200000..0x00f3ffffff -> 0x00f3200000
[    3.461651] rockchip-dw-pcie a40c00000.pcie:      MEM 0x09c0000000..0x09ffffffff -> 0x09c0000000
[    3.462523] rockchip-dw-pcie a40c00000.pcie: iATU: unroll T, 8 ob, 8 ib, align 64K, limit 8G
[    3.659688] rockchip-dw-pcie a40c00000.pcie: PCIe Gen.2 x1 link up
[    3.660289] rockchip-dw-pcie a40c00000.pcie: PCI host bridge to bus 0003:30
[    3.660902] pci_bus 0003:30: root bus resource [bus 30-3f]
[    3.661385] pci_bus 0003:30: root bus resource [io  0x400000-0x4fffff] (bus address [0xf3100000-0xf31fffff])
[    3.662243] pci_bus 0003:30: root bus resource [mem 0xf3200000-0xf3ffffff]
[    3.662843] pci_bus 0003:30: root bus resource [mem 0x9c0000000-0x9ffffffff]
[    3.663471] pci 0003:30:00.0: [1d87:3588] type 01 class 0x060400 PCIe Root Port
[    3.664130] pci 0003:30:00.0: ROM [mem 0x00000000-0x0000ffff pref]
[    3.664671] pci 0003:30:00.0: PCI bridge to [bus 01-ff]
[    3.665131] pci 0003:30:00.0:   bridge window [io  0x0000-0x0fff]
[    3.665664] pci 0003:30:00.0:   bridge window [mem 0x00000000-0x000fffff]
[    3.666260] pci 0003:30:00.0:   bridge window [mem 0x00000000-0x000fffff 64bit pref]
[    3.666964] pci 0003:30:00.0: supports D1 D2
[    3.667338] pci 0003:30:00.0: PME# supported from D0 D1 D3hot
[    3.668172] pci 0003:30:00.0: Adding to iommu group 13
[    3.670688] pci 0003:30:00.0: Primary bus is hard wired to 0
[    3.671186] pci 0003:30:00.0: bridge configuration invalid ([bus 01-ff]), reconfiguring
[    3.672006] pci 0003:31:00.0: [10ec:8125] type 00 class 0x020000 PCIe Endpoint
[    3.672785] pci 0003:31:00.0: BAR 0 [io  0x0000-0x00ff]
[    3.673256] pci 0003:31:00.0: BAR 2 [mem 0x00000000-0x0000ffff 64bit]
[    3.673827] pci 0003:31:00.0: BAR 4 [mem 0x00000000-0x00003fff 64bit]
[    3.674738] pci 0003:31:00.0: supports D1 D2
[    3.675113] pci 0003:31:00.0: PME# supported from D0 D1 D2 D3hot D3cold
[    3.676288] pci 0003:31:00.0: Adding to iommu group 13
[    3.683702] pci 0003:31:00.0: ASPM: default states L0s L1
[    3.684232] pci_bus 0003:31: busn_res: [bus 31-3f] end is updated to 31
[    3.684824] pci 0003:30:00.0: bridge window [mem 0xf3200000-0xf32fffff]: assigned
[    3.685480] pci 0003:30:00.0: ROM [mem 0xf3300000-0xf330ffff pref]: assigned
[    3.686097] pci 0003:30:00.0: bridge window [io  0x400000-0x400fff]: assigned
[    3.686723] pci 0003:31:00.0: BAR 2 [mem 0xf3200000-0xf320ffff 64bit]: assigned
[    3.687392] pci 0003:31:00.0: BAR 4 [mem 0xf3210000-0xf3213fff 64bit]: assigned
[    3.688069] pci 0003:31:00.0: BAR 0 [io  0x400000-0x4000ff]: assigned
[    3.688642] pci 0003:30:00.0: PCI bridge to [bus 31]
[    3.689078] pci 0003:30:00.0:   bridge window [io  0x400000-0x400fff]
[    3.689642] pci 0003:30:00.0:   bridge window [mem 0xf3200000-0xf32fffff]
[    3.690237] pci_bus 0003:30: resource 4 [io  0x400000-0x4fffff]
[    3.690756] pci_bus 0003:30: resource 5 [mem 0xf3200000-0xf3ffffff]
[    3.691304] pci_bus 0003:30: resource 6 [mem 0x9c0000000-0x9ffffffff]
[    3.691871] pci_bus 0003:31: resource 0 [io  0x400000-0x400fff]
[    3.692389] pci_bus 0003:31: resource 1 [mem 0xf3200000-0xf32fffff]
[    3.694304] pcieport 0003:30:00.0: PME: Signaling with IRQ 147
[    3.695171] pcieport 0003:30:00.0: AER: enabled with IRQ 148
[    3.696293] device-mapper: init: waiting for all devices to be available before creating mapped devices
[    3.697475] device-mapper: verity: sha256 using "sha256-lib"
[    3.698695] device-mapper: ioctl: dm-0 (rootfs) is ready
[    3.699313] clk: Disabling unused clocks
[    3.700134] PM: genpd: Disabling unused power domains
[    3.700921] dw-apb-uart feb50000.serial: forbid DMA for kernel console
[    3.715041] EXT4-fs (dm-0): mounted filesystem 7e7ad5f6-4d4b-4268-92dd-e74598a44336 ro with ordered data mode. Quota mode: none.
[    3.716098] VFS: Mounted root (ext4 filesystem) readonly on device 253:0.
[    3.716928] devtmpfs: mounted
[    3.718978] integrity: Loading X.509 certificate: /etc/keys/x509_ima.der
[    3.720400] integrity: Loaded X.509 cert 'TactiQ OS DEVELOPMENT IMA Signer - NOT FOR PRODUCTION: a6922267259c91b678d888e98a74f7a1cc67b774'
[    3.722198] Freeing unused kernel memory: 3136K
[    3.722669] Run /sbin/init as init process
[    3.824520] audit: type=1404 audit(3.812:2): enforcing=1 old_enforcing=0 auid=4294967295 ses=4294967295 enabled=1 old-enabled=1 lsm=selinux res=1
[    3.902210] SELinux:  policy capability network_peer_controls=1
[    3.902745] SELinux:  policy capability open_perms=1
[    3.903180] SELinux:  policy capability extended_socket_class=1
[    3.903767] SELinux:  policy capability always_check_network=0
[    3.904277] SELinux:  policy capability cgroup_seclabel=1
[    3.904760] SELinux:  policy capability nnp_nosuid_transition=1
[    3.905276] SELinux:  policy capability genfs_seclabel_symlinks=0
[    3.905814] SELinux:  policy capability ioctl_skip_cloexec=0
[    3.906309] SELinux:  policy capability userspace_initial_context=0
[    3.906863] SELinux:  policy capability netlink_xperm=0
[    3.907320] SELinux:  policy capability netif_wildcard=0
[    3.907800] SELinux:  policy capability genfs_seclabel_wildcard=0
[    3.908340] SELinux:  policy capability functionfs_seclabel=0
[    3.967836] audit: type=1403 audit(3.956:3): auid=4294967295 ses=4294967295 lsm=selinux res=1
[    3.973549] systemd[1]: Successfully loaded SELinux policy in 149.594ms.
[    3.976179] audit: type=1807 audit(3.964:4): action=dont_appraise fsmagic=0x9fa0 res=1
[    3.976266] systemd[1]: Successfully loaded the IMA custom policy /etc/ima/ima-policy.
[    3.976875] audit: type=1807 audit(3.964:5): action=dont_appraise fsmagic=0x62656572 res=1
[    3.977571] ima: policy update completed
[    3.978277] audit: type=1807 audit(3.964:6): action=dont_appraise fsmagic=0x64626720 res=1
[    3.979355] audit: type=1807 audit(3.964:7): action=dont_appraise fsmagic=0x01021994 res=1
[    3.980091] audit: type=1807 audit(3.964:8): action=dont_appraise fsmagic=0x858458f6 res=1
[    3.980812] audit: type=1807 audit(3.964:9): action=dont_appraise fsmagic=0x1cd1 res=1
[    3.981502] audit: type=1807 audit(3.964:10): action=dont_appraise fsmagic=0x42494e4d res=1
[    4.041808] systemd[1]: System time advanced to built-in epoch: Mon 2026-09-28 00:00:00 UTC
+q6E616D65[    4.439950] NET: Registered PF_INET6 protocol family
[    4.441397] Segment Routing with IPv6
[    4.441734] In-situ OAM (IOAM) with IPv6
[    4.529064] systemd[1]: Relabeled /dev/, /dev/shm/, /run/ in 8.274ms.
[    4.547743] systemd[1]: systemd 259.5 running in system mode (+PAM +AUDIT +SELINUX -APPARMOR +IMA +IPE -SMACK +SECCOMP +GCRYPT -GNUTLS +OPENSSL +ACL +BLKID -CURL -ELFUTILS -FIDO2 -IDN2 -IDN +KMOD +LIBCRYPTSETUP +LIBCRYPTSETUP_PLUGINS +LIBFDISK -PCRE2 -PWQUALITY -P11KIT -QRENCODE +TPM2 -BZIP2 -LZ4 -XZ -ZLIB +ZSTD -BPF_FRAMEWORK -BTF -XKBCOMMON +UTMP -SYSVINIT -LIBARCHIVE)
[    4.550639] systemd[1]: Detected architecture arm64.

Welcome to TactiQ OS 2.1.0 (hardened-edge)!

[    4.565432] systemd[1]: Initializing machine ID from random generator.
[    4.566153] systemd[1]: Installed transient '/etc/machine-id' file.
[    4.567944] systemd[1]: Hostname set to <tactiq-rock5t>.
[    4.620249] systemd[1]: Using hardware watchdog /dev/watchdog0: 'Synopsys DesignWare Watchdog', version 0.
[    4.621110] systemd[1]: Watchdog running with a hardware timeout of 1min 29s.
[    4.876232] systemd[1]: Queued start job for default target Multi-User System.
[    4.894690] systemd[1]: Created slice Slice /system/getty.
[  OK  ] Created slice Slice /system/getty.
[    4.897236] systemd[1]: Created slice Slice /system/modprobe.
[  OK  ] Created slice Slice /system/modprobe.
[    4.899404] systemd[1]: Created slice Slice /system/serial-getty.
[  OK  ] Created slice Slice /system/serial-getty.
[    4.908472] systemd[1]: Created slice User and Session Slice.
[  OK  ] Created slice User and Session Slice.
[    4.909937] systemd[1]: Started Dispatch Password Requests to Console Directory Watch.
[  OK  ] Started Dispatch Password Requests to Console Directory Watch.
[    4.919877] systemd[1]: Started Forward Password Requests to Wall Directory Watch.
[  OK  ] Started Forward Password Requests to Wall Directory Watch.
[    4.927819] systemd[1]: Expecting device /dev/disk/by-partlabel/data...
         Expecting device /dev/disk/by-partlabel/data...
[    4.929172] systemd[1]: Expecting device /dev/ttyS2...
         Expecting device /dev/ttyS2...
[    4.939749] systemd[1]: Reached target Local Encrypted Volumes.
[  OK  ] Reached target Local Encrypted Volumes.
[    4.941066] systemd[1]: Reached target Local Integrity Protected Volumes.
[  OK  ] Reached target Local Integrity Protected Volumes.
[    4.951779] systemd[1]: Reached target Path Units.
[  OK  ] Reached target Path Units.
[    4.959826] systemd[1]: Reached target Remote Encrypted Volumes.
[  OK  ] Reached target Remote Encrypted Volumes.
[    4.967822] systemd[1]: Reached target Remote File Systems.
[  OK  ] Reached target Remote File Systems.
[    4.969105] systemd[1]: Reached target Remote Integrity Protected Volumes.
[  OK  ] Reached target Remote Integrity Protected Volumes.
[    4.975807] systemd[1]: Reached target Remote Verity Protected Volumes.
[  OK  ] Reached target Remote Verity Protected Volumes.
[    4.983811] systemd[1]: Reached target Slice Units.
[  OK  ] Reached target Slice Units.
[    4.991821] systemd[1]: Reached target Swaps.
[  OK  ] Reached target Swaps.
[    4.999762] systemd[1]: Reached target System Time Set.
[  OK  ] Reached target System Time Set.
[    5.001024] systemd[1]: Reached target Local Verity Protected Volumes.
[  OK  ] Reached target Local Verity Protected Volumes.
[    5.012060] systemd[1]: Listening on Syslog Socket.
[  OK  ] Listening on Syslog Socket.
[    5.022633] systemd[1]: Listening on Query the User Interactively for a Password.
[  OK  ] Listening on Query the User Interactively for a Password.
[    5.033761] systemd[1]: Listening on Credential Encryption/Decryption.
[  OK  ] Listening on Credential Encryption/Decryption.
[    5.043138] systemd[1]: Listening on Factory Reset Management.
[  OK  ] Listening on Factory Reset Management.
[    5.051297] systemd[1]: Listening on Journal Audit Socket.
[  OK  ] Listening on Journal Audit Socket.
[    5.059985] systemd[1]: Listening on Journal Socket (/dev/log).
[  OK  ] Listening on Journal Socket (/dev/log).
[    5.068264] systemd[1]: Listening on Journal Sockets.
[  OK  ] Listening on Journal Sockets.
[    5.072746] systemd[1]: Listening on Console Output Muting Service Socket.
[  OK  ] Listening on Console Output Muting Service Socket.
[    5.080592] systemd[1]: Listening on Network Management Resolve Hook Socket.
[  OK  ] Listening on Network Management Resolve Hook Socket.
[    5.088558] systemd[1]: Listening on Network Management Varlink Socket.
[  OK  ] Listening on Network Management Varlink Socket.
[    5.096248] systemd[1]: Listening on Network Management Netlink Socket.
[  OK  ] Listening on Network Management Netlink Socket.
[    5.103796] systemd[1]: TPM PCR Measurements skipped, unmet condition check ConditionSecurity=tpm2
[    5.104628] systemd[1]: Make TPM PCR Policy skipped, unmet condition check ConditionSecurity=tpm2
[    5.108690] systemd[1]: Listening on Disk Repartitioning Service Socket.
[  OK  ] Listening on Disk Repartitioning Service Socket.
[    5.116443] systemd[1]: Listening on Resolve Monitor Varlink Socket.
[  OK  ] Listening on Resolve Monitor Varlink Socket.
[    5.124015] systemd[1]: Listening on Resolve Service Varlink Socket.
[  OK  ] Listening on Resolve Service Varlink Socket.
[    5.133191] systemd[1]: Listening on udev Control Socket.
[  OK  ] Listening on udev Control Socket.
[    5.140225] systemd[1]: Listening on udev Kernel Socket.
[  OK  ] Listening on udev Kernel Socket.
[    5.141847] systemd[1]: Listening on udev Varlink Socket.
[  OK  ] Listening on udev Varlink Socket.
[    5.148290] systemd[1]: Listening on User Database Manager Socket.
[  OK  ] Listening on User Database Manager Socket.
[    5.161333] systemd[1]: Mounting Huge Pages File System...
         Mounting Huge Pages File System...
[    5.170315] systemd[1]: Mounting POSIX Message Queue File System...
         Mounting POSIX Message Queue File System...
[    5.196447] systemd[1]: Mounting Kernel Debug File System...
         Mounting Kernel Debug File System...
[    5.203963] systemd[1]: Kernel Trace File System skipped, unmet condition check ConditionPathExists=/sys/kernel/tracing
[    5.205825] systemd[1]: tmp.mount: x-systemd.graceful-option=usrquota specified, but option is not available, suppressing.
[    5.209013] systemd[1]: Mounting Temporary Directory /tmp...
         Mounting Temporary Directory /tmp...
[    5.215973] systemd[1]: Create List of Static Device Nodes skipped, unmet condition check ConditionFileNotEmpty=/lib/modules/6.18.52-yocto-standard-00161-ga7cab2016d65/modules.devname
[    5.217503] systemd[1]: Load Kernel Module configfs skipped, unmet condition check ConditionKernelModuleLoaded=!configfs
[    5.222444] systemd[1]: Mounting Kernel Configuration File System...
         Mounting Kernel Configuration File System...
[    5.230012] systemd[1]: Starting Load Kernel Module drm...
         Starting Load Kernel Module drm...
[    5.237887] systemd[1]: Starting Load Kernel Module fuse...
         Starting Load Kernel Module fuse...
[    5.243840] systemd[1]: Clear SysFail Entry If The Boot Is Successful skipped, unmet condition check ConditionPathExists=/sys/firmware/efi/efivars/LoaderEntrySysFail-4a67b082-0a4c-41cf-b6c7-440b29bb8c4f
[    5.245496] systemd[1]: Clear Stale Hibernate Storage Info skipped, unmet condition check ConditionPathExists=/sys/firmware/efi/efivars/HibernateLocation-8cf2644b-4b0b-428f-9387-6d876050dc67
[    5.251011] systemd[1]: Starting Journal Service...
         Starting Journal Service...
[    5.257007] systemd[1]: Load Kernel Modules skipped, no trigger condition checks were met.
[    5.260006] systemd[1]: Starting Generate Network Units from Kernel Command Line...
         Starting Generate Network Units from Kernel Command Line...
[    5.267816] systemd[1]: TPM PCR Machine ID Measurement skipped, unmet condition check ConditionSecurity=tpm2
[    5.268759] systemd[1]: TPM NvPCR Product ID Measurement skipped, unmet condition check ConditionSecurity=tpm2
[    5.271621] systemd[1]: Starting Remount Root and Kernel File Systems...
         Starting Remount Root and Kernel File Systems...
[    5.275463] systemd[1]: Starting Apply Kernel Variables...
         Starting Apply Kernel Variables...
[    5.286913] systemd[1]: Starting Create Static Device Nodes in /dev gracefully...
         Starting Create Static Device Nodes in /dev gracefully...
[    5.295945] systemd[1]: Early TPM SRK Setup skipped, unmet condition check ConditionSecurity=tpm2
[    5.300527] systemd[1]: Starting Load udev Rules from Credentials...
         Starting Load udev Rules from Credentials...
         Starting Coldplug All udev Devices...
[  OK  ] Mounted Huge Pages File System.
[  OK  ] Mounted POSIX Message Queue File System.
[  OK  ] Mounted Kernel Debug File System.
[  OK  ] Mounted Temporary Directory /tmp.
[  OK  ] Mounted Kernel Configuration File System.
[  OK  ] Finished Load Kernel Module drm.
[  OK  ] Finished Load Kernel Module fuse.
[  OK  ] Finished Generate Network Units from Kernel Command Line.
[  OK  ] Finished Remount Root and Kernel File Systems.
[  OK  ] Started Journal Service.
[  OK  ] Finished Apply Kernel Variables.
[  OK  ] Finished Create Static Device Nodes in /dev gracefully.
[  OK  ] Finished Load udev Rules from Credentials.
         Starting Network Name Resolution...
         Starting Create Static Device Nodes in /dev...
         Starting User Database Manager...
[  OK  ] Finished Create Static Device Nodes in /dev.
[  OK  ] Reached target Preparation for Local File Systems.
         Starting Rule-based Manager for Device Events and Files...
[  OK  ] Started User Database Manager.
[  OK  ] Started Network Name Resolution.
[  OK  ] Reached target Host and Network Name Lookups.
[  OK  ] Started Rule-based Manager for Device Events and Files.
[  OK  ] Finished Coldplug All udev Devices.
[  OK  ] Found device /dev/ttyS2.
[  OK  ] Found device /dev/disk/by-partlabel/data.
         Starting Virtual Console Setup...
         Mounting TactiQ data partition (vault, p5)...
         Mounting /var/volatile...
[  OK  ] Mounted /var/volatile.
         Starting Bind mount volatile /var/cache...
         Starting Bind mount volatile /var/lib...
         Starting Bind mount volatile /var/spool...
         Starting Bind mount volatile /srv...
[  OK  ] Finished Virtual Console Setup.
[  OK  ] Mounted TactiQ data partition (vault, p5).
         Starting TactiQ Level 0 logging (data layout, crash-record recovery)...
[  OK  ] Finished Bind mount volatile /var/cache.
[  OK  ] Finished Bind mount volatile /srv.
[  OK  ] Finished TactiQ Level 0 logging (data layout, crash-record recovery).
[  OK  ] Finished Bind mount volatile /var/spool.
[  OK  ] Finished Bind mount volatile /var/lib.
[  OK  ] Reached target Local File Systems.
[  OK  ] Listening on Boot Entries Service Socket.
         Starting Automatic Boot Loader Update...
         Starting Load/Save OS Random Seed...
         Starting Load JSON user/group Records from Credentials...
         Starting Generate fw_env.config for the boot medium in use...
[  OK  ] Finished Automatic Boot Loader Update.
[  OK  ] Finished Load JSON user/group Records from Credentials.
[  OK  ] Finished Load/Save OS Random Seed.
[  OK  ] Finished Generate fw_env.config for the boot medium in use.
         Mounting Persistent journal on the TactiQ data partition...
[  OK  ] Mounted Persistent journal on the TactiQ data partition.
         Starting Flush Journal to Persistent Storage...
[  OK  ] Finished Flush Journal to Persistent Storage.
         Starting Create System Files and Directories...
[  OK  ] Finished Create System Files and Directories.
         Starting Record System Boot/Shutdown in UTMP...
[  OK  ] Finished Record System Boot/Shutdown in UTMP.
[  OK  ] Reached target System Initialization.
[  OK  ] Started Daily Cleanup of Temporary Directories.
[  OK  ] Reached target Boot Completion Check.
[  OK  ] Reached target Timer Units.
[  OK  ] Listening on D-Bus System Message Bus Socket.
[  OK  ] Listening on OpenSSH Server Socket (systemd-ssh-generator, AF_UNIX Local).
         Starting sshd.socket...
[  OK  ] Listening on Hostname Service Socket.
[  OK  ] Listening on User Login Management Varlink Socket.
         Starting RAUC Good-marking Service...
[  OK  ] Listening on sshd.socket.
[  OK  ] Reached target Socket Units.
[  OK  ] Reached target Basic System.
[  OK  ] Started Kernel Logging Service.
[  OK  ] Started System Logging Service.
         Starting NTP client/server...
         Starting Prepare TactiQ data partition layout...
         Starting D-Bus System Message Bus...
         Starting IPv6 Packet Filtering Framework...
         Starting IPv4 Packet Filtering Framework...
         Starting User Login Management...
         Starting OpenSSH Key Generation...
[  OK  ] Started NTP client/server.
[  OK  ] Finished IPv6 Packet Filtering Framework.
[  OK  ] Finished IPv4 Packet Filtering Framework.
[  OK  ] Reached target Preparation for Network.
         Starting Network Management...
[  OK  ] Started User Login Management.
[  OK  ] Finished Prepare TactiQ data partition layout.
         Starting TactiQ: apply site network permission to tactiq-agent...
[  OK  ] Finished OpenSSH Key Generation.
[  OK  ] Started D-Bus System Message Bus.
[  OK  ] Started Network Management.
[  OK  ] Finished TactiQ: apply site network permission to tactiq-agent.
[  OK  ] Reached target Network.
         Starting RAUC Update Service...
         Starting Enable Persistent Storage in systemd-networkd...
         Starting Permit User Sessions...
         Starting TactiQ Attestation Agent...
[  OK  ] Finished Enable Persistent Storage in systemd-networkd.
[  OK  ] Finished Permit User Sessions.
[  OK  ] Started RAUC Update Service.
[FAILED] Failed to start TactiQ Attestation Agent.
See 'systemctl status tactiq-agent.service' for details.
[  OK  ] Started Getty on tty1.
[  OK  ] Started Serial Getty on ttyS2.
[  OK  ] Reached target Login Prompts.
[  OK  ] Reached target Multi-User System.
[  OK  ] Finished RAUC Good-marking Service.
+q6E616D65
TactiQ OS 2.1.0 tactiq-rock5t ttyS2

Type 'root' to login with superuser privileges (no password will be asked).

tactiq-rock5t login: root
root@tactiq-rock5t:~# dmesg | grep -i -E 'tactiq-log|avc' | head -n 10
root@tactiq-rock5t:~# ^C
root@tactiq-rock5t:~# ^C
root@tactiq-rock5t:~# CL=$(cat /proc/cmdline); se=$(getenforce 2>/dev/null || echo NO-SELINUX); P=/sys/kernel/security/ima/policy; if [ -r $P ]; then ima="appraise-rules=$(grep -c '^appraise ' $P) measure-rules=$(grep -c '^measure ' $P)"; else ima=NO-POLICY-READ; fi; ip=$(echo "$CL" | sed -n 's/.*ima_appraise=\([^ ]*\).*/\1/p'); [ -z "$ip" ] && ip=none; rt=$(echo "$CL" | sed -n 's/.*\(root=[^ ]*\).*/\1/p'); dm=$(cat /sys/block/dm-*/dm/name 2>/dev/null | tr '\n' ' '); [ -z "$dm" ] && dm=NONE; sl=$(echo "$CL" | sed -n 's/.*rauc\.slot=\([^ ]*\).*/\1/p'); printf 'SELINUX %s\nIMA     %s cmdline=%s\nROOT    %s\nDM      %s\nSLOT    %s\n' "$se" "$ima" "$ip" "$rt" "$dm" "$sl"
SELINUX Enforcing
IMA     appraise-rules=4 measure-rules=7 cmdline=none
ROOT    root=/dev/dm-0
DM      rootfs
SLOT    A
root@tactiq-rock5t:~# ^C
root@tactiq-rock5t:~# dmsetup table rootfs; dmsetup status rootfs
0 889552 verity 1 179:2 179:2 4096 4096 111194 111194 sha256 38379fc7970e48aaac276685bdecd043bdf497866b76816874171269b7ca799c 8a7b98d830ac3bf9daa968b9c322bc1e6d9300c632f8f610be59dd67d2c4d797 1 ignore_zero_blocks
0 889552 verity V
root@tactiq-rock5t:~# ^C
root@tactiq-rock5t:~#
